# Input,ChemicalName,ChemicalId,CasRN,GeneSymbol,GeneId,Organism,OrganismId,PubMedIds
quercetin,Quercetin,D011794,117-39-5,CYP11B1,1584,Homo sapiens,9606,22172629
apigenin,Apigenin,D047310,520-36-5,CYP11B1,1584,Homo sapiens,9606,22172629
apigenin,Apigenin,D047310,520-36-5,CYP17A1,1586,Homo sapiens,9606,23370353
quercetin,Quercetin,D011794,117-39-5,CYP19A1,1588,Homo sapiens,9606,10704911|15319488|16023337|16965912|21632981
apigenin,Apigenin,D047310,520-36-5,CYP19A1,1588,Homo sapiens,9606,10403137|15319488|16023337|16965912
ferulic acid,ferulic acid,C004999,1135-24-6,CYP1A1,1543,Homo sapiens,9606,15841493
quercetin,Quercetin,D011794,117-39-5,CYP1A1,1543,Homo sapiens,9606,10359656|10693172|14633740|15618000|15760569|16271822|17177569|17639512|18456490|19766177|19794518|21053930|21256954|21329749|21482471|21632981|21756928|22422552|22867086|29584932
linoleic acid,Linoleic Acid,D019787,2197-37-7,CYP1A1,1543,Homo sapiens,9606,18001219
kaempferol,kaempferol,C006552,520-18-3,CYP1A1,1543,Homo sapiens,9606,10359656|11454723|16271822|17012224|20846786|21053930|21256954|21329749|21482471|29584932
apigenin,Apigenin,D047310,520-36-5,CYP1A1,1543,Homo sapiens,9606,11454723|11752233|16271822|17012224|17090139|21053930|21482471|26657896|31621310
rutin,Rutin,D012431,153-18-4,CYP1A1,1543,Homo sapiens,9606,21756928
alpha-pinene,alpha-pinene,C005451,80-56-8,CYP1A1,1543,Homo sapiens,9606,32699268
beta-myrcene,beta-myrcene,C008574,123-35-3,CYP1A1,1543,Homo sapiens,9606,34181028
oleic acid,Oleic Acid,D019301,112-80-1,CYP1A1,1543,Homo sapiens,9606,31730885
p-coumaric acid,p-coumaric acid,C495469,,CYP1A1,1543,Homo sapiens,9606,15841493
vanillin,vanillin,C100058,121-33-5,CYP1A1,1543,Homo sapiens,9606,20491607
luteolin,Luteolin,D047311,491-70-3,CYP1A1,1543,Homo sapiens,9606,16263508|17090139|20403331|21482471|23994263|29584932|33727136
ferulic acid,ferulic acid,C004999,1135-24-6,CYP1A2,1544,Homo sapiens,9606,15841493
quercetin,Quercetin,D011794,117-39-5,CYP1A2,1544,Homo sapiens,9606,10620351|12949046|15916432|16544949|16970932|19034627|19215233|21053930|21256954|24120545|29753067
linoleic acid,Linoleic Acid,D019787,2197-37-7,CYP1A2,1544,Homo sapiens,9606,16978661
kaempferol,kaempferol,C006552,520-18-3,CYP1A2,1544,Homo sapiens,9606,19034627|20806393|21053930|21256954|29753067
apigenin,Apigenin,D047310,520-36-5,CYP1A2,1544,Homo sapiens,9606,20806393|21053930|29753067
oleic acid,Oleic Acid,D019301,112-80-1,CYP1A2,1544,Homo sapiens,9606,30611723
p-coumaric acid,p-coumaric acid,C495469,,CYP1A2,1544,Homo sapiens,9606,15841493
oleanolic acid,Oleanolic Acid,D009828,508-02-1,CYP1A2,1544,Homo sapiens,9606,15043991
luteolin,Luteolin,D047311,491-70-3,CYP1A2,1544,Homo sapiens,9606,29753067|33727136
quercetin,Quercetin,D011794,117-39-5,CYP1B1,1545,Homo sapiens,9606,16271822|17637178|19794518|21053930|21256954|21482471|21756928
kaempferol,kaempferol,C006552,520-18-3,CYP1B1,1545,Homo sapiens,9606,16271822|19794518|20846786|21053930|21482471
apigenin,Apigenin,D047310,520-36-5,CYP1B1,1545,Homo sapiens,9606,16271822|19666078|21053930|21482471|31621310
rutin,Rutin,D012431,153-18-4,CYP1B1,1545,Homo sapiens,9606,16271822
luteolin,Luteolin,D047311,491-70-3,CYP1B1,1545,Homo sapiens,9606,21482471|23994263
gallic acid,Gallic Acid,D005707,149-91-7,CYP20A1,57404,Homo sapiens,9606,34408198
apigenin,Apigenin,D047310,520-36-5,CYP21A2,1589,Homo sapiens,9606,23370353
palmitic acid,Palmitic Acid,D019308,57-10-3,CYP24A1,1591,Homo sapiens,9606,30547786
quercetin,Quercetin,D011794,117-39-5,CYP24A1,1591,Homo sapiens,9606,21632981|26366751
oleic acid,Oleic Acid,D019301,112-80-1,CYP24A1,1591,Homo sapiens,9606,30547786
palmitic acid,Palmitic Acid,D019308,57-10-3,CYP26A1,1592,Homo sapiens,9606,30547786
oleic acid,Oleic Acid,D019301,112-80-1,CYP26A1,1592,Homo sapiens,9606,30547786
palmitic acid,Palmitic Acid,D019308,57-10-3,CYP26B1,56603,Homo sapiens,9606,30547786
oleic acid,Oleic Acid,D019301,112-80-1,CYP26B1,56603,Homo sapiens,9606,30547786
quercetin,Quercetin,D011794,117-39-5,CYP27B1,1594,Homo sapiens,9606,21632981
quercetin,Quercetin,D011794,117-39-5,CYP2A6,1548,Homo sapiens,9606,19215233
linoleic acid,Linoleic Acid,D019787,2197-37-7,CYP2A6,1548,Homo sapiens,9606,28555106
stearic acid,stearic acid,C031183,57-11-4,CYP2A6,1548,Homo sapiens,9606,28555106
oleic acid,Oleic Acid,D019301,112-80-1,CYP2A6,1548,Homo sapiens,9606,28555106
benzaldehyde,benzaldehyde,C032175,100-52-7,CYP2A6,1548,Homo sapiens,9606,10616189|32496054
vanillin,vanillin,C100058,121-33-5,CYP2A6,1548,Homo sapiens,9606,32496054
oleic acid,Oleic Acid,D019301,112-80-1,CYP2B6,1555,Homo sapiens,9606,24534255|30611723
quercetin,Quercetin,D011794,117-39-5,CYP2B7P,1556,Homo sapiens,9606,17639512
quercetin,Quercetin,D011794,117-39-5,CYP2C19,1557,Homo sapiens,9606,24120545|29753067
linoleic acid,Linoleic Acid,D019787,2197-37-7,CYP2C19,1557,Homo sapiens,9606,16978661
luteolin,Luteolin,D047311,491-70-3,CYP2C19,1557,Homo sapiens,9606,29753067
ursolic acid,ursolic acid,C005466,77-52-1,CYP2C19,1557,Homo sapiens,9606,15043991
quercetin,Quercetin,D011794,117-39-5,CYP2C8,1558,Homo sapiens,9606,11502731|12967198|15155557|15601807|24120545|29689254|31515991
quercetin,Quercetin,D011794,117-39-5,CYP2C9,1559,Homo sapiens,9606,18420780|21053930|21632981|24120545|29753067
linoleic acid,Linoleic Acid,D019787,2197-37-7,CYP2C9,1559,Homo sapiens,9606,16978661
kaempferol,kaempferol,C006552,520-18-3,CYP2C9,1559,Homo sapiens,9606,21053930|29753067
apigenin,Apigenin,D047310,520-36-5,CYP2C9,1559,Homo sapiens,9606,21053930|29753067
luteolin,Luteolin,D047311,491-70-3,CYP2C9,1559,Homo sapiens,9606,29753067
quercetin,Quercetin,D011794,117-39-5,CYP2D6,1565,Homo sapiens,9606,18420780|24120545|29753067
quercetin,Quercetin,D011794,117-39-5,CYP2E1,1571,Homo sapiens,9606,16963249|19325051|28232125|29753067
linoleic acid,Linoleic Acid,D019787,2197-37-7,CYP2E1,1571,Homo sapiens,9606,16978661
stearic acid,stearic acid,C031183,57-11-4,CYP2E1,1571,Homo sapiens,9606,26739624
apigenin,Apigenin,D047310,520-36-5,CYP2E1,1571,Homo sapiens,9606,29753067
oleic acid,Oleic Acid,D019301,112-80-1,CYP2E1,1571,Homo sapiens,9606,30611723
quercetin,Quercetin,D011794,117-39-5,CYP2J2,1573,Homo sapiens,9606,21632981
quercetin,Quercetin,D011794,117-39-5,CYP2S1,29785,Homo sapiens,9606,21632981
quercetin,Quercetin,D011794,117-39-5,CYP3A4,1576,Homo sapiens,9606,11502731|12695340|15266218|16442130|18420780|19766177|21053930|24120545|26238175|26366751|28232125|29753067
linoleic acid,Linoleic Acid,D019787,2197-37-7,CYP3A4,1576,Homo sapiens,9606,16978661
stearic acid,stearic acid,C031183,57-11-4,CYP3A4,1576,Homo sapiens,9606,26739624
kaempferol,kaempferol,C006552,520-18-3,CYP3A4,1576,Homo sapiens,9606,15266218|16442130|21053930|25455453
apigenin,Apigenin,D047310,520-36-5,CYP3A4,1576,Homo sapiens,9606,21053930|29753067
oleic acid,Oleic Acid,D019301,112-80-1,CYP3A4,1576,Homo sapiens,9606,26739624|30611723
oleanolic acid,Oleanolic Acid,D009828,508-02-1,CYP3A4,1576,Homo sapiens,9606,15043991
luteolin,Luteolin,D047311,491-70-3,CYP3A4,1576,Homo sapiens,9606,18191104
quercetin,Quercetin,D011794,117-39-5,CYP3A5,1577,Homo sapiens,9606,21632981|26238175
luteolin,Luteolin,D047311,491-70-3,CYP3A5,1577,Homo sapiens,9606,18191104
oleic acid,Oleic Acid,D019301,112-80-1,CYP4A11,1579,Homo sapiens,9606,30611723
alpha-pinene,alpha-pinene,C005451,80-56-8,CYP4B1,1580,Homo sapiens,9606,32699268
quercetin,Quercetin,D011794,117-39-5,CYP4F11,57834,Homo sapiens,9606,21632981
beta-terpinene,gamma-terpinene,C018669,99-85-4,CYP4F8,11283,Homo sapiens,9606,31393563
myristic acid,Myristic Acid,D019814,544-63-8,CYP4Z1,199974,Homo sapiens,9606,22841774
quercetin,Quercetin,D011794,117-39-5,CYP51A1,1595,Homo sapiens,9606,21632981
quercetin,Quercetin,D011794,117-39-5,CYP8B1,1582,Homo sapiens,9606,21632981
quercetin,Quercetin,D011794,117-39-5,SULT1A1,6817,Homo sapiens,9606,12206822|15483196|17293380|21632981
gallic acid,Gallic Acid,D005707,149-91-7,SULT1A1,6817,Homo sapiens,9606,16308312
caffeic acid,caffeic acid,C040048,331-39-5,SULT1A1,6817,Homo sapiens,9606,17433394
apigenin,Apigenin,D047310,520-36-5,SULT1A1,6817,Homo sapiens,9606,17293380
p-coumaric acid,p-coumaric acid,C495469,,SULT1A1,6817,Homo sapiens,9606,16308312
p-hydroxybenzoic acid,4-hydroxybenzoic acid,C038193,99-96-7,SULT1A1,6817,Homo sapiens,9606,16308312
quercetin,Quercetin,D011794,117-39-5,SULT1A2,6799,Homo sapiens,9606,21632981
caffeic acid,caffeic acid,C040048,331-39-5,SULT1A2,6799,Homo sapiens,9606,17433394
quercetin,Quercetin,D011794,117-39-5,SULT1A3,6818,Homo sapiens,9606,15483196
caffeic acid,caffeic acid,C040048,331-39-5,SULT1A3,6818,Homo sapiens,9606,17433394
quercetin,Quercetin,D011794,117-39-5,SULT1C1,20888,Homo sapiens,9606,17639512
quercetin,Quercetin,D011794,117-39-5,SULT1C2,6819,Homo sapiens,9606,21632981
caffeic acid,caffeic acid,C040048,331-39-5,SULT1C2,6819,Homo sapiens,9606,17433394
quercetin,Quercetin,D011794,117-39-5,SULT1E1,6783,Homo sapiens,9606,15483196|17293380
apigenin,Apigenin,D047310,520-36-5,SULT1E1,6783,Homo sapiens,9606,22414680
quercetin,Quercetin,D011794,117-39-5,SULT2A1,6822,Homo sapiens,9606,17639512|21632981
quercetin,Quercetin,D011794,117-39-5,UGT1A1,54658,Homo sapiens,9606,11442279|12756216|14557274|29584932|35063619
kaempferol,kaempferol,C006552,520-18-3,UGT1A1,54658,Homo sapiens,9606,14557274|35063619
apigenin,Apigenin,D047310,520-36-5,UGT1A1,54658,Homo sapiens,9606,14557274|15090468|29584932|31621310
luteolin,Luteolin,D047311,491-70-3,UGT1A1,54658,Homo sapiens,9606,20403331|29584932
ferulic acid,ferulic acid,C004999,1135-24-6,UGT1A10,54575,Homo sapiens,9606,15117964
quercetin,Quercetin,D011794,117-39-5,UGT1A10,54575,Homo sapiens,9606,14557274|17639512|35063619
vanillic acid,Vanillic Acid,D014641,121-34-6,UGT1A10,54575,Homo sapiens,9606,15117964
chlorogenic acid,Chlorogenic Acid,D002726,327-97-9,UGT1A10,54575,Homo sapiens,9606,15117964
kaempferol,kaempferol,C006552,520-18-3,UGT1A10,54575,Homo sapiens,9606,14557274|35063619
caffeic acid,caffeic acid,C040048,331-39-5,UGT1A10,54575,Homo sapiens,9606,15117964
apigenin,Apigenin,D047310,520-36-5,UGT1A10,54575,Homo sapiens,9606,14557274
vanillin,vanillin,C100058,121-33-5,UGT1A10,54575,Homo sapiens,9606,15117964
ferulic acid,ferulic acid,C004999,1135-24-6,UGT1A3,54659,Homo sapiens,9606,15117964
quercetin,Quercetin,D011794,117-39-5,UGT1A3,54659,Homo sapiens,9606,15609409|16738032|35063619
vanillic acid,Vanillic Acid,D014641,121-34-6,UGT1A3,54659,Homo sapiens,9606,15117964
chlorogenic acid,Chlorogenic Acid,D002726,327-97-9,UGT1A3,54659,Homo sapiens,9606,15117964
kaempferol,kaempferol,C006552,520-18-3,UGT1A3,54659,Homo sapiens,9606,16738032|35063619
caffeic acid,caffeic acid,C040048,331-39-5,UGT1A3,54659,Homo sapiens,9606,15117964
vanillin,vanillin,C100058,121-33-5,UGT1A3,54659,Homo sapiens,9606,15117964
luteolin,Luteolin,D047311,491-70-3,UGT1A3,54659,Homo sapiens,9606,16738032
quercetin,Quercetin,D011794,117-39-5,UGT1A6,54578,Homo sapiens,9606,18094037|35063619
ferulic acid,ferulic acid,C004999,1135-24-6,UGT1A7,54577,Homo sapiens,9606,15117964
quercetin,Quercetin,D011794,117-39-5,UGT1A7,54577,Homo sapiens,9606,14557274|35063619
vanillic acid,Vanillic Acid,D014641,121-34-6,UGT1A7,54577,Homo sapiens,9606,15117964
chlorogenic acid,Chlorogenic Acid,D002726,327-97-9,UGT1A7,54577,Homo sapiens,9606,15117964
kaempferol,kaempferol,C006552,520-18-3,UGT1A7,54577,Homo sapiens,9606,14557274|35063619
caffeic acid,caffeic acid,C040048,331-39-5,UGT1A7,54577,Homo sapiens,9606,15117964
apigenin,Apigenin,D047310,520-36-5,UGT1A7,54577,Homo sapiens,9606,14557274
vanillin,vanillin,C100058,121-33-5,UGT1A7,54577,Homo sapiens,9606,15117964
ferulic acid,ferulic acid,C004999,1135-24-6,UGT1A8,54576,Homo sapiens,9606,15117964
quercetin,Quercetin,D011794,117-39-5,UGT1A8,54576,Homo sapiens,9606,14557274
vanillic acid,Vanillic Acid,D014641,121-34-6,UGT1A8,54576,Homo sapiens,9606,15117964
chlorogenic acid,Chlorogenic Acid,D002726,327-97-9,UGT1A8,54576,Homo sapiens,9606,15117964
kaempferol,kaempferol,C006552,520-18-3,UGT1A8,54576,Homo sapiens,9606,14557274
caffeic acid,caffeic acid,C040048,331-39-5,UGT1A8,54576,Homo sapiens,9606,15117964
apigenin,Apigenin,D047310,520-36-5,UGT1A8,54576,Homo sapiens,9606,14557274
vanillin,vanillin,C100058,121-33-5,UGT1A8,54576,Homo sapiens,9606,15117964
quercetin,Quercetin,D011794,117-39-5,UGT1A9,54600,Homo sapiens,9606,14557274|17639512|35063619
kaempferol,kaempferol,C006552,520-18-3,UGT1A9,54600,Homo sapiens,9606,14557274|35063619
apigenin,Apigenin,D047310,520-36-5,UGT1A9,54600,Homo sapiens,9606,14557274
quercetin,Quercetin,D011794,117-39-5,UGT2A3,79799,Homo sapiens,9606,21632981
quercetin,Quercetin,D011794,117-39-5,UGT2B15,7366,Homo sapiens,9606,17639512|7835232
apigenin,Apigenin,D047310,520-36-5,UGT2B15,7366,Homo sapiens,9606,7835232
quercetin,Quercetin,D011794,117-39-5,UGT2B4,7363,Homo sapiens,9606,21632981
quercetin,Quercetin,D011794,117-39-5,UGT2B7,7364,Homo sapiens,9606,35063619
kaempferol,kaempferol,C006552,520-18-3,UGT2B7,7364,Homo sapiens,9606,35063619
palmitic acid,Palmitic Acid,D019308,57-10-3,GSTA1,2938,Homo sapiens,9606,30547786
quercetin,Quercetin,D011794,117-39-5,GSTA1,2938,Homo sapiens,9606,12756216|17639512|21632981
linoleic acid,Linoleic Acid,D019787,2197-37-7,GSTA1,2938,Homo sapiens,9606,28555106
kaempferol,kaempferol,C006552,520-18-3,GSTA1,2938,Homo sapiens,9606,21256954
oleic acid,Oleic Acid,D019301,112-80-1,GSTA1,2938,Homo sapiens,9606,30547786
quercetin,Quercetin,D011794,117-39-5,GSTA4,2941,Homo sapiens,9606,21632981
quercetin,Quercetin,D011794,117-39-5,GSTK1,373156,Homo sapiens,9606,21632981
quercetin,Quercetin,D011794,117-39-5,GSTM2,2946,Homo sapiens,9606,25111660
kaempferol,kaempferol,C006552,520-18-3,GSTM2,2946,Homo sapiens,9606,25111660
quercetin,Quercetin,D011794,117-39-5,GSTM4,2948,Homo sapiens,9606,21632981
quercetin,Quercetin,D011794,117-39-5,GSTM5,2949,Homo sapiens,9606,14750173
quercetin,Quercetin,D011794,117-39-5,GSTO2,119391,Homo sapiens,9606,21632981
quercetin,Quercetin,D011794,117-39-5,GSTP1,2950,Homo sapiens,9606,15041478|21256954|22197970
kaempferol,kaempferol,C006552,520-18-3,GSTP1,2950,Homo sapiens,9606,15041478
quercetin,Quercetin,D011794,117-39-5,GSTT1,2952,Homo sapiens,9606,22830632
quercetin,Quercetin,D011794,117-39-5,GSTZ1,2954,Homo sapiens,9606,22996356
quercetin,Quercetin,D011794,117-39-5,ABCC4,10257,Homo sapiens,9606,16004972|16156793|18624906
quercetin,Quercetin,D011794,117-39-5,SLCO1A2,6579,Homo sapiens,9606,24947867
quercetin,Quercetin,D011794,117-39-5,SLCO1B1,10599,Homo sapiens,9606,22394605|24947867
kaempferol,kaempferol,C006552,520-18-3,SLCO1B1,10599,Homo sapiens,9606,22394605|32259555
apigenin,Apigenin,D047310,520-36-5,SLCO1B1,10599,Homo sapiens,9606,22394605
rutin,Rutin,D012431,153-18-4,SLCO1B1,10599,Homo sapiens,9606,22394605
luteolin,Luteolin,D047311,491-70-3,SLCO1B1,10599,Homo sapiens,9606,32259555
quercetin,Quercetin,D011794,117-39-5,SLCO1B3,28234,Homo sapiens,9606,22394605|24947867
kaempferol,kaempferol,C006552,520-18-3,SLCO1B3,28234,Homo sapiens,9606,22394605
apigenin,Apigenin,D047310,520-36-5,SLCO1B3,28234,Homo sapiens,9606,22394605
rutin,Rutin,D012431,153-18-4,SLCO1B3,28234,Homo sapiens,9606,22394605
quercetin,Quercetin,D011794,117-39-5,SLCO2A1,6578,Homo sapiens,9606,24947867
quercetin,Quercetin,D011794,117-39-5,SLCO2B1,11309,Homo sapiens,9606,24947867
rutin,Rutin,D012431,153-18-4,SLCO2B1,11309,Homo sapiens,9606,24285294
quercetin,Quercetin,D011794,117-39-5,SLCO4A1,28231,Homo sapiens,9606,21632981
quercetin,Quercetin,D011794,117-39-5,SLCO4C1,353189,Homo sapiens,9606,21632981
quercetin,Quercetin,D011794,117-39-5,SLCO5A1,81796,Homo sapiens,9606,24947867
