""
"","author","sciName","tsn"
"1","L.","Allium cepa var. cepa","182638"
"2","Alef.","Allium cepa var. solaninum","182639"
"3","(Metz) Mansf.","Allium cepa var. viviparum","182640"
"4","L.H. Bailey","Allium cepa var. multiplicans","185451"
"5","Regel","Allium cepa var. bulbiferum","185452"
"6","G. Don","Allium cepa var. aggregatum","532059"
"7","(Moench) Regel","Allium cepa var. proliferum","532060"
"8","(Moench) Schrad. ex Willd.","Allium X proliferum","810179"
""
"","author","sciName","tsn"
"1","Mill.","Aloe barbadensis","42773"
"2","L.","Aloe perfoliata var. vera","185466"
"3","Lam.","Aloe vulgaris","185467"
"4","L.","Aloe perfoliata var. vera","185468"
"","author","sciName","tsn"
"1","(Wendl.) K. Schum.","Alpinia speciosa","182555"
"2","(Wendl.) Holttum","Catimbium speciosum","510476"
"3","(J.C. Wendl.) Merr.","Languas speciosa","515600"
"4","(L.) Roscoe","Alpinia nutans","817994"
""
""
"","x"
"","x"
"","x"
"","author","sciName","tsn"
"1","Willd.","Artemisia procera","509168"
""
""
"","author","sciName","tsn"
"1","(L.) Adelb.","Antelaea azadirachta","508894"
"2","L.","Melia azadirachta","516966"
"","author","sciName","tsn"
"1","(A. Gray) Wiegand","Bidens comosa","35717"
"2","(Wiegand) Britton","Bidens acuta","509514"
"","author","sciName","tsn"
"1","Link","Camellia thea","510007"
"2","Griff.","Camellia theifera","510008"
"3","L.","Thea bohea","522478"
"4","L.","Thea sinensis","522479"
"5","L.","Thea viridis","522480"
"6","(L.) Kuntze","Camellia sinensis var. sinensis","530945"
"7","(J.W. Mast.) Kitam.","Camellia sinensis var. assamica","530946"
"","author","sciName","tsn"
"1","L.","Cathamus tinctorius","36949"
""
""
"","x"
"","author","sciName","tsn"
"1","Berhaut","Clitoria ternatea var. alba","533714"
"","x"
"","x"
"","x"
""
"","x"
"","x"
"","author","sciName","tsn"
"1","Valeton","Curcuma domestica","511861"
""
"","x"
"","author","sciName","tsn"
"1","(L.) Hassk.","Eclipta alba","35802"
"2","L.","Verbesina prostrata","196227"
"3","L.","Eclipta erecta","196228"
"4","L.","Eclipta punctata","196229"
"5","L.","Verbesina alba","523194"
"","x"
""
"","x"
""
"","author","sciName","tsn"
"1","Linnaeus","Lawsonia inenmis","27119"
"2","Lam.","Lawsonia alba","515725"
""
"","x"
""
""
""
""
"","author","sciName","tsn"
"1","L.","Morus tatarica","517330"
"2","(L.) Ser.","Morus alba var. tatarica","537686"
"3","(Perr.) Loudon","Morus alba var. multicaulis","823755"
""
""
"","author","sciName","tsn"
"1","Prain","Oryza sativa var. fatua","566528"
"2","(Desv.) Steud.","Oryza elongata","791711"
"3","(Desv.) Steud.","Oryza rubribarbis","791721"
"4","Desv.","Oryza sativa var. elongata","801263"
"5","Desv.","Oryza sativa var. rubribarbis","801268"
"","x"
"","author","sciName","tsn"
"1","Nees","Panax schinseng","518178"
"","author","sciName","tsn"
"1","L.","Thuja orientalis","183443"
"2","(L.) Endl.","Biota orientalis","183444"
"3","(Carri�re) Rehder","Thuja orientalis var. aurea","822719"
""
""
"","x"
"","x"
"","x"
"","x"
"","x"
"","x"
"","x"
"","author","sciName","tsn"
"1","(Michx.) H. Wendl.","Brahea serrulata","509682"
"2","Bartram","Corypha repens","511466"
"3","(Michx.) G. Nicholson","Serenoa serrulata","521381"
"","author","sciName","tsn"
"1","L.","Sesamum orientale","505186"
""
""
"","x"
""
""
"","author","sciName","tsn"
"1","L.","Thuja occidentslis","183442"
"2","Zederb.","Thuja occidentalis var. pyramidalis","822720"
"3","H. Jaeger","Thuja occidentalis var. fastigiata","822721"
"4","L.H. Bailey","Thuja occidentalis var. nigra","822722"
"5","C.K. Schneid.","Thuja occidentalis f. malonyana","822744"
""
"","author","sciName","tsn"
"1","auct. non Gaudin","Trifolium pratense var. frigidum","541448"
"2","(Schreb.) Cincovic","Trifolium pratense var. sativum","541449"
""
"","author","sciName","tsn"
"1","L.","Amomum zingiber","508731"
"2","(L.) H. Karst.","Zingiber zingiber","523646"
"","author","sciName","tsn"
"1","(L.) Karst.","Ziziphus zizyphus","28598"
