"","a"
"1","cellular organisms"
"2","Eukaryota"
"3","Viridiplantae"
"4","Streptophyta"
"5","Streptophytina"
"6","Embryophyta"
"7","Tracheophyta"
"8","Euphyllophyta"
"9","Spermatophyta"
"10","Magnoliopsida"
"11","Mesangiospermae"
"12","eudicotyledons"
"13","Gunneridae"
"14","Pentapetalae"
"15","asterids"
"16","campanulids"
"17","Apiales"
"18","Apiineae"
"19","Apiaceae"
"20","Apioideae"
"21","apioid superclade"
"22","Selineae"
"23","Angelica"
"24","LinkOut home page"
"25","here"
