"","a"
"1","cellular organisms"
"2","Eukaryota"
"3","Viridiplantae"
"4","Streptophyta"
"5","Streptophytina"
"6","Embryophyta"
"7","Tracheophyta"
"8","Euphyllophyta"
"9","Spermatophyta"
"10","Magnoliopsida"
"11","Mesangiospermae"
"12","eudicotyledons"
"13","Gunneridae"
"14","Pentapetalae"
"15","asterids"
"16","lamiids"
"17","Gentianales"
"18","Rubiaceae"
"19","Ixoroideae"
"20","Gardenieae complex"
"21","Bertiereae - Coffeeae clade"
"22","Coffeeae"
"23","Coffea"
"24","LinkOut home page"
"25","here"
