"","a"
"1","cellular organisms"
"2","Eukaryota"
"3","Viridiplantae"
"4","Streptophyta"
"5","Streptophytina"
"6","Embryophyta"
"7","Tracheophyta"
"8","Euphyllophyta"
"9","Spermatophyta"
"10","Magnoliopsida"
"11","Mesangiospermae"
"12","eudicotyledons"
"13","Gunneridae"
"14","Pentapetalae"
"15","asterids"
"16","campanulids"
"17","Asterales"
"18","Asteraceae"
"19","Asteroideae"
"20","Heliantheae alliance"
"21","Heliantheae"
"22","Eclipta"
"23","LinkOut home page"
"24","here"
