"","a"
"1","cellular organisms"
"2","Eukaryota"
"3","Viridiplantae"
"4","Streptophyta"
"5","Streptophytina"
"6","Embryophyta"
"7","Tracheophyta"
"8","Euphyllophyta"
"9","Spermatophyta"
"10","Magnoliopsida"
"11","Mesangiospermae"
"12","eudicotyledons"
"13","Gunneridae"
"14","Pentapetalae"
"15","rosids"
"16","fabids"
"17","Fabales"
"18","Fabaceae"
"19","Papilionoideae"
"20","50 kb inversion clade"
"21","genistoids sensu lato"
"22","core genistoids"
"23","Sophoreae"
"24","Sophora"
"25","LinkOut home page"
"26","here"
