"","PUBCHEM.SID","PUBCHEM.CID","PUBCHEM.ACTIVITY.OUTCOME","PUBCHEM.ACTIVITY.SCORE","PUBCHEM.ACTIVITY.URL","PUBCHEM.ASSAYDATA.COMMENT","PubChem Standard Value","Standard Type","Standard Relation","Standard Value","Standard Units","Activity Comment"
"5",103194727,57363,"Active",NA,NA,NA,"0.025","IC50","=","25","nM",""
"6",103194727,57363,"Active",NA,NA,NA,"0.025","IC50","=","25","nM","306147"
"7",103636892,5280933,"Active",NA,NA,NA,"14","IC50","=","14000","nM",""
"8",103636892,5280933,"Active",NA,NA,NA,"14","IC50","=","14000","nM","306148"
