"","PUBCHEM.SID","PUBCHEM.CID","PUBCHEM.ACTIVITY.OUTCOME","PUBCHEM.ACTIVITY.SCORE","PUBCHEM.ACTIVITY.URL","PUBCHEM.ASSAYDATA.COMMENT","PubChem Standard Value","Standard Type","Standard Relation","Standard Value","Standard Units"
"5",103168437,132981,"Active",NA,NA,NA,"0.04","IC50","=","40","nM"
"6",103537871,24180647,"Active",NA,NA,NA,"2e-05","IC50","=","0.02","nM"
"7",103551439,11738282,"Active",NA,NA,NA,"0.045","IC50","=","45","nM"
"8",103554886,11609033,"Active",NA,NA,NA,"0.012","IC50","=","12","nM"
"9",103645558,25093227,"Active",NA,NA,NA,"0.0201","IC50","=","20.1","nM"
"10",103645560,25093229,"Active",NA,NA,NA,"0.09","IC50","=","90","nM"
"11",103645675,25093231,"Active",NA,NA,NA,"0.043","IC50","=","43","nM"
