"","PUBCHEM.SID","PUBCHEM.CID","PUBCHEM.ACTIVITY.OUTCOME","PUBCHEM.ACTIVITY.SCORE","PUBCHEM.ACTIVITY.URL","PUBCHEM.ASSAYDATA.COMMENT","Standard Type","Standard Relation","Standard Value","Standard Units"
"3",103210632,4201,"Unspecified",NA,NA,NA,"Activity","=","2.5","%"
"4",103355800,9847869,"Unspecified",NA,NA,NA,"Activity","=","0.1","%"
"5",103721860,10276774,"Unspecified",NA,NA,NA,"Activity","=","0.1","%"
"6",103721863,9819350,"Unspecified",NA,NA,NA,"Activity","=","1","%"
"7",103721867,10279835,"Unspecified",NA,NA,NA,"Activity","=","0.1","%"
"8",103721883,10322653,"Unspecified",NA,NA,NA,"Activity","=","0.01","%"
"9",103721884,10274474,"Unspecified",NA,NA,NA,"Activity","=","0.003","%"
