"","PUBCHEM.SID","PUBCHEM.CID","PUBCHEM.ACTIVITY.OUTCOME","PUBCHEM.ACTIVITY.SCORE","PUBCHEM.ACTIVITY.URL","PUBCHEM.ASSAYDATA.COMMENT","PubChem Standard Value","Standard Type","Standard Relation","Standard Value","Standard Units"
"5",103355800,9847869,"Active",NA,NA,NA,"0.02","Ki","=","20","nM"
"6",103721860,10276774,"Active",NA,NA,NA,"0.0021","Ki","=","2.1","nM"
"7",103721863,9819350,"Active",NA,NA,NA,"0.0007","Ki","=","0.7","nM"
"8",103721867,10279835,"Active",NA,NA,NA,"0.126","Ki","=","126","nM"
"9",103721883,10322653,"Active",NA,NA,NA,"0.008","Ki","=","8","nM"
"10",103721884,10274474,"Active",NA,NA,NA,"0.003","Ki","=","3","nM"
