"","PUBCHEM.SID","PUBCHEM.CID","PUBCHEM.ACTIVITY.OUTCOME","PUBCHEM.ACTIVITY.SCORE","PUBCHEM.ACTIVITY.URL","PUBCHEM.ASSAYDATA.COMMENT","PubChem Standard Value","Standard Type","Standard Relation","Standard Value","Standard Units"
"5",103168437,132981,"Active",NA,NA,NA,"0.016","IC50","=","16","nM"
"6",103537871,24180647,"Active",NA,NA,NA,"0.0399","IC50","=","39.9","nM"
"7",103551439,11738282,"Active",NA,NA,NA,"0.02","IC50","=","20","nM"
"8",103554886,11609033,"Active",NA,NA,NA,"0.06","IC50","=","60","nM"
"9",103645558,25093227,"Active",NA,NA,NA,"0.037","IC50","=","37","nM"
"10",103645559,25093228,"Unspecified",NA,NA,NA,"3","IC50",">","3000","nM"
"11",103645560,25093229,"Active",NA,NA,NA,"0.026","IC50","=","26","nM"
"12",103645561,25093230,"Active",NA,NA,NA,"1.599","IC50","=","1599","nM"
"13",103645675,25093231,"Active",NA,NA,NA,"0.037","IC50","=","37","nM"
