"","PUBCHEM.SID","PUBCHEM.CID","PUBCHEM.ACTIVITY.OUTCOME","PUBCHEM.ACTIVITY.SCORE","PUBCHEM.ACTIVITY.URL","PUBCHEM.ASSAYDATA.COMMENT","PubChem Standard Value","Standard Type","Standard Relation","Standard Value","Standard Units"
"5",103355800,9847869,"Active",NA,NA,NA,"0.001","Ki","=","1","nM"
"6",103721860,10276774,"Active",NA,NA,NA,"0.0005","Ki","=","0.5","nM"
"7",103721863,9819350,"Active",NA,NA,NA,"0.0005","Ki","=","0.5","nM"
"8",103721867,10279835,"Active",NA,NA,NA,"0.002","Ki","=","2","nM"
"9",103721883,10322653,"Active",NA,NA,NA,"0.00051","Ki","=","0.51","nM"
"10",103721884,10274474,"Active",NA,NA,NA,"0.0004","Ki","=","0.4","nM"
