"","PUBCHEM.SID","PUBCHEM.CID","PUBCHEM.ACTIVITY.OUTCOME","PUBCHEM.ACTIVITY.SCORE","PUBCHEM.ACTIVITY.URL","PUBCHEM.ASSAYDATA.COMMENT","PubChem Standard Value","Standard Type","Standard Relation","Standard Value","Standard Units"
"5",103168437,132981,"Active",NA,NA,NA,"1","IC50","=","1000","nM"
"6",103537871,24180647,"Active",NA,NA,NA,"4.45","IC50","=","4450","nM"
"7",103551439,11738282,"Active",NA,NA,NA,"1.66","IC50","=","1660","nM"
"8",103554886,11609033,"Unspecified",NA,NA,NA,"10","IC50",">","10000","nM"
"9",103645558,25093227,"Active",NA,NA,NA,"3.25","IC50","=","3250","nM"
"10",103645560,25093229,"Unspecified",NA,NA,NA,"10","IC50",">","10000","nM"
"11",103645675,25093231,"Unspecified",NA,NA,NA,"10","IC50",">","10000","nM"
