"","V1","V2","V3","V4","V5","V6","V7","V8","V9","V10","V11","V12","V13","V14","V15","V16","V17","V18","V19","V20","V21","V22","V23","V24","V25","V26","V27","V28","V29","V30","V31","V32","V33","V34","V35"
"ENTRY2","1545","1545","1545","1545","1545","1545","1545","1545","1545","1545","1545","1545","1545","1545","1545","1545","1545","1545","1545","1545","1545","1545","1545","1545","1545","1545","1545","1545","1545","1545","1545","1545","1545","1545","1545"
"NAME2","CYP1B1, ASGD6, CP1B, CYPIB1, GLC3A, P4501B1","CYP1B1, ASGD6, CP1B, CYPIB1, GLC3A, P4501B1","CYP1B1, ASGD6, CP1B, CYPIB1, GLC3A, P4501B1","CYP1B1, ASGD6, CP1B, CYPIB1, GLC3A, P4501B1","CYP1B1, ASGD6, CP1B, CYPIB1, GLC3A, P4501B1","CYP1B1, ASGD6, CP1B, CYPIB1, GLC3A, P4501B1","CYP1B1, ASGD6, CP1B, CYPIB1, GLC3A, P4501B1","CYP1B1, ASGD6, CP1B, CYPIB1, GLC3A, P4501B1","CYP1B1, ASGD6, CP1B, CYPIB1, GLC3A, P4501B1","CYP1B1, ASGD6, CP1B, CYPIB1, GLC3A, P4501B1","CYP1B1, ASGD6, CP1B, CYPIB1, GLC3A, P4501B1","CYP1B1, ASGD6, CP1B, CYPIB1, GLC3A, P4501B1","CYP1B1, ASGD6, CP1B, CYPIB1, GLC3A, P4501B1","CYP1B1, ASGD6, CP1B, CYPIB1, GLC3A, P4501B1","CYP1B1, ASGD6, CP1B, CYPIB1, GLC3A, P4501B1","CYP1B1, ASGD6, CP1B, CYPIB1, GLC3A, P4501B1","CYP1B1, ASGD6, CP1B, CYPIB1, GLC3A, P4501B1","CYP1B1, ASGD6, CP1B, CYPIB1, GLC3A, P4501B1","CYP1B1, ASGD6, CP1B, CYPIB1, GLC3A, P4501B1","CYP1B1, ASGD6, CP1B, CYPIB1, GLC3A, P4501B1","CYP1B1, ASGD6, CP1B, CYPIB1, GLC3A, P4501B1","CYP1B1, ASGD6, CP1B, CYPIB1, GLC3A, P4501B1","CYP1B1, ASGD6, CP1B, CYPIB1, GLC3A, P4501B1","CYP1B1, ASGD6, CP1B, CYPIB1, GLC3A, P4501B1","CYP1B1, ASGD6, CP1B, CYPIB1, GLC3A, P4501B1","CYP1B1, ASGD6, CP1B, CYPIB1, GLC3A, P4501B1","CYP1B1, ASGD6, CP1B, CYPIB1, GLC3A, P4501B1","CYP1B1, ASGD6, CP1B, CYPIB1, GLC3A, P4501B1","CYP1B1, ASGD6, CP1B, CYPIB1, GLC3A, P4501B1","CYP1B1, ASGD6, CP1B, CYPIB1, GLC3A, P4501B1","CYP1B1, ASGD6, CP1B, CYPIB1, GLC3A, P4501B1","CYP1B1, ASGD6, CP1B, CYPIB1, GLC3A, P4501B1","CYP1B1, ASGD6, CP1B, CYPIB1, GLC3A, P4501B1","CYP1B1, ASGD6, CP1B, CYPIB1, GLC3A, P4501B1","CYP1B1, ASGD6, CP1B, CYPIB1, GLC3A, P4501B1"
"ORGANISM2","Homo sapiens (human)","Homo sapiens (human)","Homo sapiens (human)","Homo sapiens (human)","Homo sapiens (human)","Homo sapiens (human)","Homo sapiens (human)","Homo sapiens (human)","Homo sapiens (human)","Homo sapiens (human)","Homo sapiens (human)","Homo sapiens (human)","Homo sapiens (human)","Homo sapiens (human)","Homo sapiens (human)","Homo sapiens (human)","Homo sapiens (human)","Homo sapiens (human)","Homo sapiens (human)","Homo sapiens (human)","Homo sapiens (human)","Homo sapiens (human)","Homo sapiens (human)","Homo sapiens (human)","Homo sapiens (human)","Homo sapiens (human)","Homo sapiens (human)","Homo sapiens (human)","Homo sapiens (human)","Homo sapiens (human)","Homo sapiens (human)","Homo sapiens (human)","Homo sapiens (human)","Homo sapiens (human)","Homo sapiens (human)"
"PATHWAY2","Steroid hormone biosynthesis","Tryptophan metabolism","Metabolism of xenobiotics by cytochrome P450","Ovarian steroidogenesis","Chemical carcinogenesis","MicroRNAs in cancer","Steroid hormone biosynthesis","Tryptophan metabolism","Metabolism of xenobiotics by cytochrome P450","Ovarian steroidogenesis","Chemical carcinogenesis","MicroRNAs in cancer","Steroid hormone biosynthesis","Tryptophan metabolism","Metabolism of xenobiotics by cytochrome P450","Ovarian steroidogenesis","Chemical carcinogenesis","MicroRNAs in cancer","Steroid hormone biosynthesis","Tryptophan metabolism","Metabolism of xenobiotics by cytochrome P450","Ovarian steroidogenesis","Chemical carcinogenesis","MicroRNAs in cancer","Steroid hormone biosynthesis","Tryptophan metabolism","Metabolism of xenobiotics by cytochrome P450","Ovarian steroidogenesis","Chemical carcinogenesis","MicroRNAs in cancer","Steroid hormone biosynthesis","Tryptophan metabolism","Metabolism of xenobiotics by cytochrome P450","Ovarian steroidogenesis","Chemical carcinogenesis"
"BRITE2","KEGG Orthology (KO) [BR:hsa00001]"," 09100 Metabolism","  09103 Lipid metabolism","   00140 Steroid hormone biosynthesis","    1545 (CYP1B1)","  09105 Amino acid metabolism","   00380 Tryptophan metabolism","    1545 (CYP1B1)","  09111 Xenobiotics biodegradation and metabolism","   00980 Metabolism of xenobiotics by cytochrome P450","    1545 (CYP1B1)"," 09150 Organismal Systems","  09152 Endocrine system","   04913 Ovarian steroidogenesis","    1545 (CYP1B1)"," 09160 Human Diseases","  09161 Cancer: overview","   05206 MicroRNAs in cancer","    1545 (CYP1B1)","   05204 Chemical carcinogenesis","    1545 (CYP1B1)"," 09180 Brite Hierarchies","  09181 Protein families: metabolism","   00199 Cytochrome P450 [BR:hsa00199]","    1545 (CYP1B1)","Enzymes [BR:hsa01000]"," 1. Oxidoreductases","  1.14  Acting on paired donors, with incorporation or reduction of molecular oxygen","   1.14.14  With reduced flavin or flavoprotein as one donor, and incorporation of one atom of oxygen into the other donor","    1.14.14.1  unspecific monooxygenase","     1545 (CYP1B1)","Cytochrome P450 [BR:hsa00199]"," Cytochrome P450, animal type","  CYP1 family","   1545 (CYP1B1)"
"STRUCTURE2","PDB: 3PM0 6IQ5","PDB: 3PM0 6IQ5","PDB: 3PM0 6IQ5","PDB: 3PM0 6IQ5","PDB: 3PM0 6IQ5","PDB: 3PM0 6IQ5","PDB: 3PM0 6IQ5","PDB: 3PM0 6IQ5","PDB: 3PM0 6IQ5","PDB: 3PM0 6IQ5","PDB: 3PM0 6IQ5","PDB: 3PM0 6IQ5","PDB: 3PM0 6IQ5","PDB: 3PM0 6IQ5","PDB: 3PM0 6IQ5","PDB: 3PM0 6IQ5","PDB: 3PM0 6IQ5","PDB: 3PM0 6IQ5","PDB: 3PM0 6IQ5","PDB: 3PM0 6IQ5","PDB: 3PM0 6IQ5","PDB: 3PM0 6IQ5","PDB: 3PM0 6IQ5","PDB: 3PM0 6IQ5","PDB: 3PM0 6IQ5","PDB: 3PM0 6IQ5","PDB: 3PM0 6IQ5","PDB: 3PM0 6IQ5","PDB: 3PM0 6IQ5","PDB: 3PM0 6IQ5","PDB: 3PM0 6IQ5","PDB: 3PM0 6IQ5","PDB: 3PM0 6IQ5","PDB: 3PM0 6IQ5","PDB: 3PM0 6IQ5"
