"","V1","V2","V3","V4","V5","V6","V7","V8","V9","V10","V11","V12","V13","V14","V15"
"ENTRY2","135228","135228","135228","135228","135228","135228","135228","135228","135228","135228","135228","135228","135228","135228","135228"
"NAME2","CD109, CPAMD7, p180, r150","CD109, CPAMD7, p180, r150","CD109, CPAMD7, p180, r150","CD109, CPAMD7, p180, r150","CD109, CPAMD7, p180, r150","CD109, CPAMD7, p180, r150","CD109, CPAMD7, p180, r150","CD109, CPAMD7, p180, r150","CD109, CPAMD7, p180, r150","CD109, CPAMD7, p180, r150","CD109, CPAMD7, p180, r150","CD109, CPAMD7, p180, r150","CD109, CPAMD7, p180, r150","CD109, CPAMD7, p180, r150","CD109, CPAMD7, p180, r150"
"ORGANISM2","Homo sapiens (human)","Homo sapiens (human)","Homo sapiens (human)","Homo sapiens (human)","Homo sapiens (human)","Homo sapiens (human)","Homo sapiens (human)","Homo sapiens (human)","Homo sapiens (human)","Homo sapiens (human)","Homo sapiens (human)","Homo sapiens (human)","Homo sapiens (human)","Homo sapiens (human)","Homo sapiens (human)"
"BRITE2","KEGG Orthology (KO) [BR:hsa00001]"," 09180 Brite Hierarchies","  09181 Protein families: metabolism","   01002 Peptidases and inhibitors [BR:hsa01002]","    135228 (CD109)","  09183 Protein families: signaling and cellular processes","   04090 CD molecules [BR:hsa04090]","    135228 (CD109)","Peptidases and inhibitors [BR:hsa01002]"," Peptidase inhibitors","  Family I39: alpha2M family","   135228 (CD109)","CD molecules [BR:hsa04090]"," Proteins","  135228 (CD109)"
