"","V1","V2","V3","V4","V5","V6","V7","V8","V9","V10","V11","V12","V13","V14","V15","V16","V17","V18","V19","V20","V21","V22","V23"
"ENTRY2","1588","1588","1588","1588","1588","1588","1588","1588","1588","1588","1588","1588","1588","1588","1588","1588","1588","1588","1588","1588","1588","1588","1588"
"NAME2","CYP19A1, ARO, ARO1, CPV1, CYAR, CYP19, CYPXIX, P-450AROM","CYP19A1, ARO, ARO1, CPV1, CYAR, CYP19, CYPXIX, P-450AROM","CYP19A1, ARO, ARO1, CPV1, CYAR, CYP19, CYPXIX, P-450AROM","CYP19A1, ARO, ARO1, CPV1, CYAR, CYP19, CYPXIX, P-450AROM","CYP19A1, ARO, ARO1, CPV1, CYAR, CYP19, CYPXIX, P-450AROM","CYP19A1, ARO, ARO1, CPV1, CYAR, CYP19, CYPXIX, P-450AROM","CYP19A1, ARO, ARO1, CPV1, CYAR, CYP19, CYPXIX, P-450AROM","CYP19A1, ARO, ARO1, CPV1, CYAR, CYP19, CYPXIX, P-450AROM","CYP19A1, ARO, ARO1, CPV1, CYAR, CYP19, CYPXIX, P-450AROM","CYP19A1, ARO, ARO1, CPV1, CYAR, CYP19, CYPXIX, P-450AROM","CYP19A1, ARO, ARO1, CPV1, CYAR, CYP19, CYPXIX, P-450AROM","CYP19A1, ARO, ARO1, CPV1, CYAR, CYP19, CYPXIX, P-450AROM","CYP19A1, ARO, ARO1, CPV1, CYAR, CYP19, CYPXIX, P-450AROM","CYP19A1, ARO, ARO1, CPV1, CYAR, CYP19, CYPXIX, P-450AROM","CYP19A1, ARO, ARO1, CPV1, CYAR, CYP19, CYPXIX, P-450AROM","CYP19A1, ARO, ARO1, CPV1, CYAR, CYP19, CYPXIX, P-450AROM","CYP19A1, ARO, ARO1, CPV1, CYAR, CYP19, CYPXIX, P-450AROM","CYP19A1, ARO, ARO1, CPV1, CYAR, CYP19, CYPXIX, P-450AROM","CYP19A1, ARO, ARO1, CPV1, CYAR, CYP19, CYPXIX, P-450AROM","CYP19A1, ARO, ARO1, CPV1, CYAR, CYP19, CYPXIX, P-450AROM","CYP19A1, ARO, ARO1, CPV1, CYAR, CYP19, CYPXIX, P-450AROM","CYP19A1, ARO, ARO1, CPV1, CYAR, CYP19, CYPXIX, P-450AROM","CYP19A1, ARO, ARO1, CPV1, CYAR, CYP19, CYPXIX, P-450AROM"
"ORGANISM2","Homo sapiens (human)","Homo sapiens (human)","Homo sapiens (human)","Homo sapiens (human)","Homo sapiens (human)","Homo sapiens (human)","Homo sapiens (human)","Homo sapiens (human)","Homo sapiens (human)","Homo sapiens (human)","Homo sapiens (human)","Homo sapiens (human)","Homo sapiens (human)","Homo sapiens (human)","Homo sapiens (human)","Homo sapiens (human)","Homo sapiens (human)","Homo sapiens (human)","Homo sapiens (human)","Homo sapiens (human)","Homo sapiens (human)","Homo sapiens (human)","Homo sapiens (human)"
"PATHWAY2","Steroid hormone biosynthesis","Metabolic pathways","Ovarian steroidogenesis","Steroid hormone biosynthesis","Metabolic pathways","Ovarian steroidogenesis","Steroid hormone biosynthesis","Metabolic pathways","Ovarian steroidogenesis","Steroid hormone biosynthesis","Metabolic pathways","Ovarian steroidogenesis","Steroid hormone biosynthesis","Metabolic pathways","Ovarian steroidogenesis","Steroid hormone biosynthesis","Metabolic pathways","Ovarian steroidogenesis","Steroid hormone biosynthesis","Metabolic pathways","Ovarian steroidogenesis","Steroid hormone biosynthesis","Metabolic pathways"
"BRITE2","KEGG Orthology (KO) [BR:hsa00001]"," 09100 Metabolism","  09103 Lipid metabolism","   00140 Steroid hormone biosynthesis","    1588 (CYP19A1)"," 09150 Organismal Systems","  09152 Endocrine system","   04913 Ovarian steroidogenesis","    1588 (CYP19A1)"," 09180 Brite Hierarchies","  09181 Protein families: metabolism","   00199 Cytochrome P450 [BR:hsa00199]","    1588 (CYP19A1)","Enzymes [BR:hsa01000]"," 1. Oxidoreductases","  1.14  Acting on paired donors, with incorporation or reduction of molecular oxygen","   1.14.14  With reduced flavin or flavoprotein as one donor, and incorporation of one atom of oxygen into the other donor","    1.14.14.14  aromatase","     1588 (CYP19A1)","Cytochrome P450 [BR:hsa00199]"," Cytochrome P450, animal type","  CYP19 family","   1588 (CYP19A1)"
"STRUCTURE2","PDB: 5JKV 3S79 3EQM 5JKW 5JL6 5JL7 5JL9 3S7S 4KQ8 4GL5 4GL7","PDB: 5JKV 3S79 3EQM 5JKW 5JL6 5JL7 5JL9 3S7S 4KQ8 4GL5 4GL7","PDB: 5JKV 3S79 3EQM 5JKW 5JL6 5JL7 5JL9 3S7S 4KQ8 4GL5 4GL7","PDB: 5JKV 3S79 3EQM 5JKW 5JL6 5JL7 5JL9 3S7S 4KQ8 4GL5 4GL7","PDB: 5JKV 3S79 3EQM 5JKW 5JL6 5JL7 5JL9 3S7S 4KQ8 4GL5 4GL7","PDB: 5JKV 3S79 3EQM 5JKW 5JL6 5JL7 5JL9 3S7S 4KQ8 4GL5 4GL7","PDB: 5JKV 3S79 3EQM 5JKW 5JL6 5JL7 5JL9 3S7S 4KQ8 4GL5 4GL7","PDB: 5JKV 3S79 3EQM 5JKW 5JL6 5JL7 5JL9 3S7S 4KQ8 4GL5 4GL7","PDB: 5JKV 3S79 3EQM 5JKW 5JL6 5JL7 5JL9 3S7S 4KQ8 4GL5 4GL7","PDB: 5JKV 3S79 3EQM 5JKW 5JL6 5JL7 5JL9 3S7S 4KQ8 4GL5 4GL7","PDB: 5JKV 3S79 3EQM 5JKW 5JL6 5JL7 5JL9 3S7S 4KQ8 4GL5 4GL7","PDB: 5JKV 3S79 3EQM 5JKW 5JL6 5JL7 5JL9 3S7S 4KQ8 4GL5 4GL7","PDB: 5JKV 3S79 3EQM 5JKW 5JL6 5JL7 5JL9 3S7S 4KQ8 4GL5 4GL7","PDB: 5JKV 3S79 3EQM 5JKW 5JL6 5JL7 5JL9 3S7S 4KQ8 4GL5 4GL7","PDB: 5JKV 3S79 3EQM 5JKW 5JL6 5JL7 5JL9 3S7S 4KQ8 4GL5 4GL7","PDB: 5JKV 3S79 3EQM 5JKW 5JL6 5JL7 5JL9 3S7S 4KQ8 4GL5 4GL7","PDB: 5JKV 3S79 3EQM 5JKW 5JL6 5JL7 5JL9 3S7S 4KQ8 4GL5 4GL7","PDB: 5JKV 3S79 3EQM 5JKW 5JL6 5JL7 5JL9 3S7S 4KQ8 4GL5 4GL7","PDB: 5JKV 3S79 3EQM 5JKW 5JL6 5JL7 5JL9 3S7S 4KQ8 4GL5 4GL7","PDB: 5JKV 3S79 3EQM 5JKW 5JL6 5JL7 5JL9 3S7S 4KQ8 4GL5 4GL7","PDB: 5JKV 3S79 3EQM 5JKW 5JL6 5JL7 5JL9 3S7S 4KQ8 4GL5 4GL7","PDB: 5JKV 3S79 3EQM 5JKW 5JL6 5JL7 5JL9 3S7S 4KQ8 4GL5 4GL7","PDB: 5JKV 3S79 3EQM 5JKW 5JL6 5JL7 5JL9 3S7S 4KQ8 4GL5 4GL7"
