"","V1","V2","V3","V4","V5","V6","V7","V8","V9","V10","V11","V12","V13","V14","V15","V16","V17","V18","V19","V20","V21","V22","V23","V24","V25","V26","V27","V28","V29","V30","V31","V32","V33","V34","V35","V36","V37"
"ENTRY2","1571","1571","1571","1571","1571","1571","1571","1571","1571","1571","1571","1571","1571","1571","1571","1571","1571","1571","1571","1571","1571","1571","1571","1571","1571","1571","1571","1571","1571","1571","1571","1571","1571","1571","1571","1571","1571"
"NAME2","CYP2E1, CPE1, CYP2E, P450-J, P450C2E","CYP2E1, CPE1, CYP2E, P450-J, P450C2E","CYP2E1, CPE1, CYP2E, P450-J, P450C2E","CYP2E1, CPE1, CYP2E, P450-J, P450C2E","CYP2E1, CPE1, CYP2E, P450-J, P450C2E","CYP2E1, CPE1, CYP2E, P450-J, P450C2E","CYP2E1, CPE1, CYP2E, P450-J, P450C2E","CYP2E1, CPE1, CYP2E, P450-J, P450C2E","CYP2E1, CPE1, CYP2E, P450-J, P450C2E","CYP2E1, CPE1, CYP2E, P450-J, P450C2E","CYP2E1, CPE1, CYP2E, P450-J, P450C2E","CYP2E1, CPE1, CYP2E, P450-J, P450C2E","CYP2E1, CPE1, CYP2E, P450-J, P450C2E","CYP2E1, CPE1, CYP2E, P450-J, P450C2E","CYP2E1, CPE1, CYP2E, P450-J, P450C2E","CYP2E1, CPE1, CYP2E, P450-J, P450C2E","CYP2E1, CPE1, CYP2E, P450-J, P450C2E","CYP2E1, CPE1, CYP2E, P450-J, P450C2E","CYP2E1, CPE1, CYP2E, P450-J, P450C2E","CYP2E1, CPE1, CYP2E, P450-J, P450C2E","CYP2E1, CPE1, CYP2E, P450-J, P450C2E","CYP2E1, CPE1, CYP2E, P450-J, P450C2E","CYP2E1, CPE1, CYP2E, P450-J, P450C2E","CYP2E1, CPE1, CYP2E, P450-J, P450C2E","CYP2E1, CPE1, CYP2E, P450-J, P450C2E","CYP2E1, CPE1, CYP2E, P450-J, P450C2E","CYP2E1, CPE1, CYP2E, P450-J, P450C2E","CYP2E1, CPE1, CYP2E, P450-J, P450C2E","CYP2E1, CPE1, CYP2E, P450-J, P450C2E","CYP2E1, CPE1, CYP2E, P450-J, P450C2E","CYP2E1, CPE1, CYP2E, P450-J, P450C2E","CYP2E1, CPE1, CYP2E, P450-J, P450C2E","CYP2E1, CPE1, CYP2E, P450-J, P450C2E","CYP2E1, CPE1, CYP2E, P450-J, P450C2E","CYP2E1, CPE1, CYP2E, P450-J, P450C2E","CYP2E1, CPE1, CYP2E, P450-J, P450C2E","CYP2E1, CPE1, CYP2E, P450-J, P450C2E"
"ORGANISM2","Homo sapiens (human)","Homo sapiens (human)","Homo sapiens (human)","Homo sapiens (human)","Homo sapiens (human)","Homo sapiens (human)","Homo sapiens (human)","Homo sapiens (human)","Homo sapiens (human)","Homo sapiens (human)","Homo sapiens (human)","Homo sapiens (human)","Homo sapiens (human)","Homo sapiens (human)","Homo sapiens (human)","Homo sapiens (human)","Homo sapiens (human)","Homo sapiens (human)","Homo sapiens (human)","Homo sapiens (human)","Homo sapiens (human)","Homo sapiens (human)","Homo sapiens (human)","Homo sapiens (human)","Homo sapiens (human)","Homo sapiens (human)","Homo sapiens (human)","Homo sapiens (human)","Homo sapiens (human)","Homo sapiens (human)","Homo sapiens (human)","Homo sapiens (human)","Homo sapiens (human)","Homo sapiens (human)","Homo sapiens (human)","Homo sapiens (human)","Homo sapiens (human)"
"PATHWAY2","Steroid hormone biosynthesis","Arachidonic acid metabolism","Linoleic acid metabolism","Metabolism of xenobiotics by cytochrome P450","Drug metabolism - cytochrome P450","Drug metabolism - other enzymes","Metabolic pathways","Non-alcoholic fatty liver disease (NAFLD)","Chemical carcinogenesis","Steroid hormone biosynthesis","Arachidonic acid metabolism","Linoleic acid metabolism","Metabolism of xenobiotics by cytochrome P450","Drug metabolism - cytochrome P450","Drug metabolism - other enzymes","Metabolic pathways","Non-alcoholic fatty liver disease (NAFLD)","Chemical carcinogenesis","Steroid hormone biosynthesis","Arachidonic acid metabolism","Linoleic acid metabolism","Metabolism of xenobiotics by cytochrome P450","Drug metabolism - cytochrome P450","Drug metabolism - other enzymes","Metabolic pathways","Non-alcoholic fatty liver disease (NAFLD)","Chemical carcinogenesis","Steroid hormone biosynthesis","Arachidonic acid metabolism","Linoleic acid metabolism","Metabolism of xenobiotics by cytochrome P450","Drug metabolism - cytochrome P450","Drug metabolism - other enzymes","Metabolic pathways","Non-alcoholic fatty liver disease (NAFLD)","Chemical carcinogenesis","Steroid hormone biosynthesis"
"BRITE2","KEGG Orthology (KO) [BR:hsa00001]"," 09100 Metabolism","  09103 Lipid metabolism","   00140 Steroid hormone biosynthesis","    1571 (CYP2E1)","   00590 Arachidonic acid metabolism","    1571 (CYP2E1)","   00591 Linoleic acid metabolism","    1571 (CYP2E1)","  09111 Xenobiotics biodegradation and metabolism","   00980 Metabolism of xenobiotics by cytochrome P450","    1571 (CYP2E1)","   00982 Drug metabolism - cytochrome P450","    1571 (CYP2E1)","   00983 Drug metabolism - other enzymes","    1571 (CYP2E1)"," 09160 Human Diseases","  09161 Cancer: overview","   05204 Chemical carcinogenesis","    1571 (CYP2E1)","  09167 Endocrine and metabolic disease","   04932 Non-alcoholic fatty liver disease (NAFLD)","    1571 (CYP2E1)"," 09180 Brite Hierarchies","  09181 Protein families: metabolism","   00199 Cytochrome P450 [BR:hsa00199]","    1571 (CYP2E1)","Enzymes [BR:hsa01000]"," 1. Oxidoreductases","  1.14  Acting on paired donors, with incorporation or reduction of molecular oxygen","   1.14.13  With NADH or NADPH as one donor, and incorporation of one atom of oxygen into the other donor","    1.14.13.-","     1571 (CYP2E1)","Cytochrome P450 [BR:hsa00199]"," Cytochrome P450, animal type","  CYP2 family","   1571 (CYP2E1)"
"STRUCTURE2","PDB: 3E6I 3T3Z 3E4E 3GPH 3KOH 3LC4","PDB: 3E6I 3T3Z 3E4E 3GPH 3KOH 3LC4","PDB: 3E6I 3T3Z 3E4E 3GPH 3KOH 3LC4","PDB: 3E6I 3T3Z 3E4E 3GPH 3KOH 3LC4","PDB: 3E6I 3T3Z 3E4E 3GPH 3KOH 3LC4","PDB: 3E6I 3T3Z 3E4E 3GPH 3KOH 3LC4","PDB: 3E6I 3T3Z 3E4E 3GPH 3KOH 3LC4","PDB: 3E6I 3T3Z 3E4E 3GPH 3KOH 3LC4","PDB: 3E6I 3T3Z 3E4E 3GPH 3KOH 3LC4","PDB: 3E6I 3T3Z 3E4E 3GPH 3KOH 3LC4","PDB: 3E6I 3T3Z 3E4E 3GPH 3KOH 3LC4","PDB: 3E6I 3T3Z 3E4E 3GPH 3KOH 3LC4","PDB: 3E6I 3T3Z 3E4E 3GPH 3KOH 3LC4","PDB: 3E6I 3T3Z 3E4E 3GPH 3KOH 3LC4","PDB: 3E6I 3T3Z 3E4E 3GPH 3KOH 3LC4","PDB: 3E6I 3T3Z 3E4E 3GPH 3KOH 3LC4","PDB: 3E6I 3T3Z 3E4E 3GPH 3KOH 3LC4","PDB: 3E6I 3T3Z 3E4E 3GPH 3KOH 3LC4","PDB: 3E6I 3T3Z 3E4E 3GPH 3KOH 3LC4","PDB: 3E6I 3T3Z 3E4E 3GPH 3KOH 3LC4","PDB: 3E6I 3T3Z 3E4E 3GPH 3KOH 3LC4","PDB: 3E6I 3T3Z 3E4E 3GPH 3KOH 3LC4","PDB: 3E6I 3T3Z 3E4E 3GPH 3KOH 3LC4","PDB: 3E6I 3T3Z 3E4E 3GPH 3KOH 3LC4","PDB: 3E6I 3T3Z 3E4E 3GPH 3KOH 3LC4","PDB: 3E6I 3T3Z 3E4E 3GPH 3KOH 3LC4","PDB: 3E6I 3T3Z 3E4E 3GPH 3KOH 3LC4","PDB: 3E6I 3T3Z 3E4E 3GPH 3KOH 3LC4","PDB: 3E6I 3T3Z 3E4E 3GPH 3KOH 3LC4","PDB: 3E6I 3T3Z 3E4E 3GPH 3KOH 3LC4","PDB: 3E6I 3T3Z 3E4E 3GPH 3KOH 3LC4","PDB: 3E6I 3T3Z 3E4E 3GPH 3KOH 3LC4","PDB: 3E6I 3T3Z 3E4E 3GPH 3KOH 3LC4","PDB: 3E6I 3T3Z 3E4E 3GPH 3KOH 3LC4","PDB: 3E6I 3T3Z 3E4E 3GPH 3KOH 3LC4","PDB: 3E6I 3T3Z 3E4E 3GPH 3KOH 3LC4","PDB: 3E6I 3T3Z 3E4E 3GPH 3KOH 3LC4"
