"","V1","V2","V3","V4","V5","V6","V7","V8","V9","V10","V11","V12","V13","V14","V15","V16","V17","V18","V19","V20","V21","V22","V23"
"ENTRY2","10855","10855","10855","10855","10855","10855","10855","10855","10855","10855","10855","10855","10855","10855","10855","10855","10855","10855","10855","10855","10855","10855","10855"
"NAME2","HPSE, HPA, HPA1, HPR1, HPSE1, HSE1","HPSE, HPA, HPA1, HPR1, HPSE1, HSE1","HPSE, HPA, HPA1, HPR1, HPSE1, HSE1","HPSE, HPA, HPA1, HPR1, HPSE1, HSE1","HPSE, HPA, HPA1, HPR1, HPSE1, HSE1","HPSE, HPA, HPA1, HPR1, HPSE1, HSE1","HPSE, HPA, HPA1, HPR1, HPSE1, HSE1","HPSE, HPA, HPA1, HPR1, HPSE1, HSE1","HPSE, HPA, HPA1, HPR1, HPSE1, HSE1","HPSE, HPA, HPA1, HPR1, HPSE1, HSE1","HPSE, HPA, HPA1, HPR1, HPSE1, HSE1","HPSE, HPA, HPA1, HPR1, HPSE1, HSE1","HPSE, HPA, HPA1, HPR1, HPSE1, HSE1","HPSE, HPA, HPA1, HPR1, HPSE1, HSE1","HPSE, HPA, HPA1, HPR1, HPSE1, HSE1","HPSE, HPA, HPA1, HPR1, HPSE1, HSE1","HPSE, HPA, HPA1, HPR1, HPSE1, HSE1","HPSE, HPA, HPA1, HPR1, HPSE1, HSE1","HPSE, HPA, HPA1, HPR1, HPSE1, HSE1","HPSE, HPA, HPA1, HPR1, HPSE1, HSE1","HPSE, HPA, HPA1, HPR1, HPSE1, HSE1","HPSE, HPA, HPA1, HPR1, HPSE1, HSE1","HPSE, HPA, HPA1, HPR1, HPSE1, HSE1"
"ORGANISM2","Homo sapiens (human)","Homo sapiens (human)","Homo sapiens (human)","Homo sapiens (human)","Homo sapiens (human)","Homo sapiens (human)","Homo sapiens (human)","Homo sapiens (human)","Homo sapiens (human)","Homo sapiens (human)","Homo sapiens (human)","Homo sapiens (human)","Homo sapiens (human)","Homo sapiens (human)","Homo sapiens (human)","Homo sapiens (human)","Homo sapiens (human)","Homo sapiens (human)","Homo sapiens (human)","Homo sapiens (human)","Homo sapiens (human)","Homo sapiens (human)","Homo sapiens (human)"
"PATHWAY2","Glycosaminoglycan degradation","Metabolic pathways","Proteoglycans in cancer","Glycosaminoglycan degradation","Metabolic pathways","Proteoglycans in cancer","Glycosaminoglycan degradation","Metabolic pathways","Proteoglycans in cancer","Glycosaminoglycan degradation","Metabolic pathways","Proteoglycans in cancer","Glycosaminoglycan degradation","Metabolic pathways","Proteoglycans in cancer","Glycosaminoglycan degradation","Metabolic pathways","Proteoglycans in cancer","Glycosaminoglycan degradation","Metabolic pathways","Proteoglycans in cancer","Glycosaminoglycan degradation","Metabolic pathways"
"BRITE2","KEGG Orthology (KO) [BR:hsa00001]"," 09100 Metabolism","  09107 Glycan biosynthesis and metabolism","   00531 Glycosaminoglycan degradation","    10855 (HPSE)"," 09160 Human Diseases","  09161 Cancer: overview","   05205 Proteoglycans in cancer","    10855 (HPSE)"," 09180 Brite Hierarchies","  09183 Protein families: signaling and cellular processes","   00536 Glycosaminoglycan binding proteins [BR:hsa00536]","    10855 (HPSE)","Enzymes [BR:hsa01000]"," 3. Hydrolases","  3.2  Glycosylases","   3.2.1  Glycosidases, i.e. enzymes that hydrolyse O- and S-glycosyl compounds","    3.2.1.166  heparanase","     10855 (HPSE)","Glycosaminoglycan binding proteins [BR:hsa00536]"," Heparan sulfate / Haparin","  Enzymes","   10855 (HPSE)"
"STRUCTURE2","PDB: 5L9Z 5E97 5E98 5E9C 5E8M 5L9Y 5E9B 5LA4 5LA7","PDB: 5L9Z 5E97 5E98 5E9C 5E8M 5L9Y 5E9B 5LA4 5LA7","PDB: 5L9Z 5E97 5E98 5E9C 5E8M 5L9Y 5E9B 5LA4 5LA7","PDB: 5L9Z 5E97 5E98 5E9C 5E8M 5L9Y 5E9B 5LA4 5LA7","PDB: 5L9Z 5E97 5E98 5E9C 5E8M 5L9Y 5E9B 5LA4 5LA7","PDB: 5L9Z 5E97 5E98 5E9C 5E8M 5L9Y 5E9B 5LA4 5LA7","PDB: 5L9Z 5E97 5E98 5E9C 5E8M 5L9Y 5E9B 5LA4 5LA7","PDB: 5L9Z 5E97 5E98 5E9C 5E8M 5L9Y 5E9B 5LA4 5LA7","PDB: 5L9Z 5E97 5E98 5E9C 5E8M 5L9Y 5E9B 5LA4 5LA7","PDB: 5L9Z 5E97 5E98 5E9C 5E8M 5L9Y 5E9B 5LA4 5LA7","PDB: 5L9Z 5E97 5E98 5E9C 5E8M 5L9Y 5E9B 5LA4 5LA7","PDB: 5L9Z 5E97 5E98 5E9C 5E8M 5L9Y 5E9B 5LA4 5LA7","PDB: 5L9Z 5E97 5E98 5E9C 5E8M 5L9Y 5E9B 5LA4 5LA7","PDB: 5L9Z 5E97 5E98 5E9C 5E8M 5L9Y 5E9B 5LA4 5LA7","PDB: 5L9Z 5E97 5E98 5E9C 5E8M 5L9Y 5E9B 5LA4 5LA7","PDB: 5L9Z 5E97 5E98 5E9C 5E8M 5L9Y 5E9B 5LA4 5LA7","PDB: 5L9Z 5E97 5E98 5E9C 5E8M 5L9Y 5E9B 5LA4 5LA7","PDB: 5L9Z 5E97 5E98 5E9C 5E8M 5L9Y 5E9B 5LA4 5LA7","PDB: 5L9Z 5E97 5E98 5E9C 5E8M 5L9Y 5E9B 5LA4 5LA7","PDB: 5L9Z 5E97 5E98 5E9C 5E8M 5L9Y 5E9B 5LA4 5LA7","PDB: 5L9Z 5E97 5E98 5E9C 5E8M 5L9Y 5E9B 5LA4 5LA7","PDB: 5L9Z 5E97 5E98 5E9C 5E8M 5L9Y 5E9B 5LA4 5LA7","PDB: 5L9Z 5E97 5E98 5E9C 5E8M 5L9Y 5E9B 5LA4 5LA7"
