"","V1","V2","V3","V4","V5","V6","V7","V8","V9","V10","V11","V12","V13","V14","V15","V16","V17"
"ENTRY2","1646","1646","1646","1646","1646","1646","1646","1646","1646","1646","1646","1646","1646","1646","1646","1646","1646"
"NAME2","AKR1C2, AKR1C-pseudo, BABP, DD, DD-2, DD/BABP, DD2, DDH2, HAKRD, HBAB, MCDR2, SRXY8, TDD","AKR1C2, AKR1C-pseudo, BABP, DD, DD-2, DD/BABP, DD2, DDH2, HAKRD, HBAB, MCDR2, SRXY8, TDD","AKR1C2, AKR1C-pseudo, BABP, DD, DD-2, DD/BABP, DD2, DDH2, HAKRD, HBAB, MCDR2, SRXY8, TDD","AKR1C2, AKR1C-pseudo, BABP, DD, DD-2, DD/BABP, DD2, DDH2, HAKRD, HBAB, MCDR2, SRXY8, TDD","AKR1C2, AKR1C-pseudo, BABP, DD, DD-2, DD/BABP, DD2, DDH2, HAKRD, HBAB, MCDR2, SRXY8, TDD","AKR1C2, AKR1C-pseudo, BABP, DD, DD-2, DD/BABP, DD2, DDH2, HAKRD, HBAB, MCDR2, SRXY8, TDD","AKR1C2, AKR1C-pseudo, BABP, DD, DD-2, DD/BABP, DD2, DDH2, HAKRD, HBAB, MCDR2, SRXY8, TDD","AKR1C2, AKR1C-pseudo, BABP, DD, DD-2, DD/BABP, DD2, DDH2, HAKRD, HBAB, MCDR2, SRXY8, TDD","AKR1C2, AKR1C-pseudo, BABP, DD, DD-2, DD/BABP, DD2, DDH2, HAKRD, HBAB, MCDR2, SRXY8, TDD","AKR1C2, AKR1C-pseudo, BABP, DD, DD-2, DD/BABP, DD2, DDH2, HAKRD, HBAB, MCDR2, SRXY8, TDD","AKR1C2, AKR1C-pseudo, BABP, DD, DD-2, DD/BABP, DD2, DDH2, HAKRD, HBAB, MCDR2, SRXY8, TDD","AKR1C2, AKR1C-pseudo, BABP, DD, DD-2, DD/BABP, DD2, DDH2, HAKRD, HBAB, MCDR2, SRXY8, TDD","AKR1C2, AKR1C-pseudo, BABP, DD, DD-2, DD/BABP, DD2, DDH2, HAKRD, HBAB, MCDR2, SRXY8, TDD","AKR1C2, AKR1C-pseudo, BABP, DD, DD-2, DD/BABP, DD2, DDH2, HAKRD, HBAB, MCDR2, SRXY8, TDD","AKR1C2, AKR1C-pseudo, BABP, DD, DD-2, DD/BABP, DD2, DDH2, HAKRD, HBAB, MCDR2, SRXY8, TDD","AKR1C2, AKR1C-pseudo, BABP, DD, DD-2, DD/BABP, DD2, DDH2, HAKRD, HBAB, MCDR2, SRXY8, TDD","AKR1C2, AKR1C-pseudo, BABP, DD, DD-2, DD/BABP, DD2, DDH2, HAKRD, HBAB, MCDR2, SRXY8, TDD"
"ORGANISM2","Homo sapiens (human)","Homo sapiens (human)","Homo sapiens (human)","Homo sapiens (human)","Homo sapiens (human)","Homo sapiens (human)","Homo sapiens (human)","Homo sapiens (human)","Homo sapiens (human)","Homo sapiens (human)","Homo sapiens (human)","Homo sapiens (human)","Homo sapiens (human)","Homo sapiens (human)","Homo sapiens (human)","Homo sapiens (human)","Homo sapiens (human)"
"PATHWAY2","Steroid hormone biosynthesis","Chemical carcinogenesis","Steroid hormone biosynthesis","Chemical carcinogenesis","Steroid hormone biosynthesis","Chemical carcinogenesis","Steroid hormone biosynthesis","Chemical carcinogenesis","Steroid hormone biosynthesis","Chemical carcinogenesis","Steroid hormone biosynthesis","Chemical carcinogenesis","Steroid hormone biosynthesis","Chemical carcinogenesis","Steroid hormone biosynthesis","Chemical carcinogenesis","Steroid hormone biosynthesis"
"BRITE2","KEGG Orthology (KO) [BR:hsa00001]"," 09100 Metabolism","  09103 Lipid metabolism","   00140 Steroid hormone biosynthesis","    1646 (AKR1C2)"," 09160 Human Diseases","  09161 Cancer: overview","   05204 Chemical carcinogenesis","    1646 (AKR1C2)","Enzymes [BR:hsa01000]"," 1. Oxidoreductases","  1.1  Acting on the CH-OH group of donors","   1.1.1  With NAD+ or NADP+ as acceptor","    1.1.1.213  3alpha-hydroxysteroid 3-dehydrogenase (Re-specific)","     1646 (AKR1C2)","    1.1.1.357  3alpha-hydroxysteroid 3-dehydrogenase","     1646 (AKR1C2)"
"STRUCTURE2","PDB: 4XO6 1J96 4JTR 4JQA 4JQ4 4JTQ 4JQ1 4XO7 4JQ2 4JQ3 2IPJ","     1XJB 4L1X 2HDJ 4L1W 1IHI","PDB: 4XO6 1J96 4JTR 4JQA 4JQ4 4JTQ 4JQ1 4XO7 4JQ2 4JQ3 2IPJ","     1XJB 4L1X 2HDJ 4L1W 1IHI","PDB: 4XO6 1J96 4JTR 4JQA 4JQ4 4JTQ 4JQ1 4XO7 4JQ2 4JQ3 2IPJ","     1XJB 4L1X 2HDJ 4L1W 1IHI","PDB: 4XO6 1J96 4JTR 4JQA 4JQ4 4JTQ 4JQ1 4XO7 4JQ2 4JQ3 2IPJ","     1XJB 4L1X 2HDJ 4L1W 1IHI","PDB: 4XO6 1J96 4JTR 4JQA 4JQ4 4JTQ 4JQ1 4XO7 4JQ2 4JQ3 2IPJ","     1XJB 4L1X 2HDJ 4L1W 1IHI","PDB: 4XO6 1J96 4JTR 4JQA 4JQ4 4JTQ 4JQ1 4XO7 4JQ2 4JQ3 2IPJ","     1XJB 4L1X 2HDJ 4L1W 1IHI","PDB: 4XO6 1J96 4JTR 4JQA 4JQ4 4JTQ 4JQ1 4XO7 4JQ2 4JQ3 2IPJ","     1XJB 4L1X 2HDJ 4L1W 1IHI","PDB: 4XO6 1J96 4JTR 4JQA 4JQ4 4JTQ 4JQ1 4XO7 4JQ2 4JQ3 2IPJ","     1XJB 4L1X 2HDJ 4L1W 1IHI","PDB: 4XO6 1J96 4JTR 4JQA 4JQ4 4JTQ 4JQ1 4XO7 4JQ2 4JQ3 2IPJ"
