"","V1","V2","V3","V4","V5","V6","V7","V8","V9","V10","V11","V12","V13","V14","V15","V16","V17","V18","V19","V20","V21","V22","V23","V24","V25","V26"
"ENTRY2","10269","10269","10269","10269","10269","10269","10269","10269","10269","10269","10269","10269","10269","10269","10269","10269","10269","10269","10269","10269","10269","10269","10269","10269","10269","10269"
"NAME2","ZMPSTE24, FACE-1, FACE1, HGPS, PRO1, STE24, Ste24p","ZMPSTE24, FACE-1, FACE1, HGPS, PRO1, STE24, Ste24p","ZMPSTE24, FACE-1, FACE1, HGPS, PRO1, STE24, Ste24p","ZMPSTE24, FACE-1, FACE1, HGPS, PRO1, STE24, Ste24p","ZMPSTE24, FACE-1, FACE1, HGPS, PRO1, STE24, Ste24p","ZMPSTE24, FACE-1, FACE1, HGPS, PRO1, STE24, Ste24p","ZMPSTE24, FACE-1, FACE1, HGPS, PRO1, STE24, Ste24p","ZMPSTE24, FACE-1, FACE1, HGPS, PRO1, STE24, Ste24p","ZMPSTE24, FACE-1, FACE1, HGPS, PRO1, STE24, Ste24p","ZMPSTE24, FACE-1, FACE1, HGPS, PRO1, STE24, Ste24p","ZMPSTE24, FACE-1, FACE1, HGPS, PRO1, STE24, Ste24p","ZMPSTE24, FACE-1, FACE1, HGPS, PRO1, STE24, Ste24p","ZMPSTE24, FACE-1, FACE1, HGPS, PRO1, STE24, Ste24p","ZMPSTE24, FACE-1, FACE1, HGPS, PRO1, STE24, Ste24p","ZMPSTE24, FACE-1, FACE1, HGPS, PRO1, STE24, Ste24p","ZMPSTE24, FACE-1, FACE1, HGPS, PRO1, STE24, Ste24p","ZMPSTE24, FACE-1, FACE1, HGPS, PRO1, STE24, Ste24p","ZMPSTE24, FACE-1, FACE1, HGPS, PRO1, STE24, Ste24p","ZMPSTE24, FACE-1, FACE1, HGPS, PRO1, STE24, Ste24p","ZMPSTE24, FACE-1, FACE1, HGPS, PRO1, STE24, Ste24p","ZMPSTE24, FACE-1, FACE1, HGPS, PRO1, STE24, Ste24p","ZMPSTE24, FACE-1, FACE1, HGPS, PRO1, STE24, Ste24p","ZMPSTE24, FACE-1, FACE1, HGPS, PRO1, STE24, Ste24p","ZMPSTE24, FACE-1, FACE1, HGPS, PRO1, STE24, Ste24p","ZMPSTE24, FACE-1, FACE1, HGPS, PRO1, STE24, Ste24p","ZMPSTE24, FACE-1, FACE1, HGPS, PRO1, STE24, Ste24p"
"ORGANISM2","Homo sapiens (human)","Homo sapiens (human)","Homo sapiens (human)","Homo sapiens (human)","Homo sapiens (human)","Homo sapiens (human)","Homo sapiens (human)","Homo sapiens (human)","Homo sapiens (human)","Homo sapiens (human)","Homo sapiens (human)","Homo sapiens (human)","Homo sapiens (human)","Homo sapiens (human)","Homo sapiens (human)","Homo sapiens (human)","Homo sapiens (human)","Homo sapiens (human)","Homo sapiens (human)","Homo sapiens (human)","Homo sapiens (human)","Homo sapiens (human)","Homo sapiens (human)","Homo sapiens (human)","Homo sapiens (human)","Homo sapiens (human)"
"PATHWAY2","Terpenoid backbone biosynthesis","Terpenoid backbone biosynthesis","Terpenoid backbone biosynthesis","Terpenoid backbone biosynthesis","Terpenoid backbone biosynthesis","Terpenoid backbone biosynthesis","Terpenoid backbone biosynthesis","Terpenoid backbone biosynthesis","Terpenoid backbone biosynthesis","Terpenoid backbone biosynthesis","Terpenoid backbone biosynthesis","Terpenoid backbone biosynthesis","Terpenoid backbone biosynthesis","Terpenoid backbone biosynthesis","Terpenoid backbone biosynthesis","Terpenoid backbone biosynthesis","Terpenoid backbone biosynthesis","Terpenoid backbone biosynthesis","Terpenoid backbone biosynthesis","Terpenoid backbone biosynthesis","Terpenoid backbone biosynthesis","Terpenoid backbone biosynthesis","Terpenoid backbone biosynthesis","Terpenoid backbone biosynthesis","Terpenoid backbone biosynthesis","Terpenoid backbone biosynthesis"
"BRITE2","KEGG Orthology (KO) [BR:hsa00001]"," 09100 Metabolism","  09109 Metabolism of terpenoids and polyketides","   00900 Terpenoid backbone biosynthesis","    10269 (ZMPSTE24)"," 09180 Brite Hierarchies","  09181 Protein families: metabolism","   01002 Peptidases and inhibitors [BR:hsa01002]","    10269 (ZMPSTE24)","  09183 Protein families: signaling and cellular processes","   04147 Exosome [BR:hsa04147]","    10269 (ZMPSTE24)","Enzymes [BR:hsa01000]"," 3. Hydrolases","  3.4  Acting on peptide bonds (peptidases)","   3.4.24  Metalloendopeptidases","    3.4.24.84  Ste24 endopeptidase","     10269 (ZMPSTE24)","Peptidases and inhibitors [BR:hsa01002]"," Metallo peptidases","  Family M48: Ste24 endopeptidase family","   10269 (ZMPSTE24)","Exosome [BR:hsa04147]"," Exosomal proteins","  Exosomal proteins of other body fluids (saliva and urine)","   10269 (ZMPSTE24)"
"STRUCTURE2","PDB: 5SYT 4AW6 2YPT 6BH8","PDB: 5SYT 4AW6 2YPT 6BH8","PDB: 5SYT 4AW6 2YPT 6BH8","PDB: 5SYT 4AW6 2YPT 6BH8","PDB: 5SYT 4AW6 2YPT 6BH8","PDB: 5SYT 4AW6 2YPT 6BH8","PDB: 5SYT 4AW6 2YPT 6BH8","PDB: 5SYT 4AW6 2YPT 6BH8","PDB: 5SYT 4AW6 2YPT 6BH8","PDB: 5SYT 4AW6 2YPT 6BH8","PDB: 5SYT 4AW6 2YPT 6BH8","PDB: 5SYT 4AW6 2YPT 6BH8","PDB: 5SYT 4AW6 2YPT 6BH8","PDB: 5SYT 4AW6 2YPT 6BH8","PDB: 5SYT 4AW6 2YPT 6BH8","PDB: 5SYT 4AW6 2YPT 6BH8","PDB: 5SYT 4AW6 2YPT 6BH8","PDB: 5SYT 4AW6 2YPT 6BH8","PDB: 5SYT 4AW6 2YPT 6BH8","PDB: 5SYT 4AW6 2YPT 6BH8","PDB: 5SYT 4AW6 2YPT 6BH8","PDB: 5SYT 4AW6 2YPT 6BH8","PDB: 5SYT 4AW6 2YPT 6BH8","PDB: 5SYT 4AW6 2YPT 6BH8","PDB: 5SYT 4AW6 2YPT 6BH8","PDB: 5SYT 4AW6 2YPT 6BH8"
