"","V1","V2","V3","V4","V5","V6","V7","V8","V9","V10","V11","V12","V13"
"ENTRY2","162514","162514","162514","162514","162514","162514","162514","162514","162514","162514","162514","162514","162514"
"NAME2","TRPV3, FNEPPK2, OLMS, VRL3","TRPV3, FNEPPK2, OLMS, VRL3","TRPV3, FNEPPK2, OLMS, VRL3","TRPV3, FNEPPK2, OLMS, VRL3","TRPV3, FNEPPK2, OLMS, VRL3","TRPV3, FNEPPK2, OLMS, VRL3","TRPV3, FNEPPK2, OLMS, VRL3","TRPV3, FNEPPK2, OLMS, VRL3","TRPV3, FNEPPK2, OLMS, VRL3","TRPV3, FNEPPK2, OLMS, VRL3","TRPV3, FNEPPK2, OLMS, VRL3","TRPV3, FNEPPK2, OLMS, VRL3","TRPV3, FNEPPK2, OLMS, VRL3"
"ORGANISM2","Homo sapiens (human)","Homo sapiens (human)","Homo sapiens (human)","Homo sapiens (human)","Homo sapiens (human)","Homo sapiens (human)","Homo sapiens (human)","Homo sapiens (human)","Homo sapiens (human)","Homo sapiens (human)","Homo sapiens (human)","Homo sapiens (human)","Homo sapiens (human)"
"PATHWAY2","Inflammatory mediator regulation of TRP channels","Inflammatory mediator regulation of TRP channels","Inflammatory mediator regulation of TRP channels","Inflammatory mediator regulation of TRP channels","Inflammatory mediator regulation of TRP channels","Inflammatory mediator regulation of TRP channels","Inflammatory mediator regulation of TRP channels","Inflammatory mediator regulation of TRP channels","Inflammatory mediator regulation of TRP channels","Inflammatory mediator regulation of TRP channels","Inflammatory mediator regulation of TRP channels","Inflammatory mediator regulation of TRP channels","Inflammatory mediator regulation of TRP channels"
"BRITE2","KEGG Orthology (KO) [BR:hsa00001]"," 09150 Organismal Systems","  09157 Sensory system","   04750 Inflammatory mediator regulation of TRP channels","    162514 (TRPV3)"," 09180 Brite Hierarchies","  09183 Protein families: signaling and cellular processes","   04040 Ion channels [BR:hsa04040]","    162514 (TRPV3)","Ion channels [BR:hsa04040]"," Voltage-gated cation channels","  Transient receptor potential channel (TRP)","   162514 (TRPV3)"
"STRUCTURE2","PDB: 6H9J 6HA6 6MHS 6MHO 6MHV 6OT5 6MHW 6MHX 6OT2","PDB: 6H9J 6HA6 6MHS 6MHO 6MHV 6OT5 6MHW 6MHX 6OT2","PDB: 6H9J 6HA6 6MHS 6MHO 6MHV 6OT5 6MHW 6MHX 6OT2","PDB: 6H9J 6HA6 6MHS 6MHO 6MHV 6OT5 6MHW 6MHX 6OT2","PDB: 6H9J 6HA6 6MHS 6MHO 6MHV 6OT5 6MHW 6MHX 6OT2","PDB: 6H9J 6HA6 6MHS 6MHO 6MHV 6OT5 6MHW 6MHX 6OT2","PDB: 6H9J 6HA6 6MHS 6MHO 6MHV 6OT5 6MHW 6MHX 6OT2","PDB: 6H9J 6HA6 6MHS 6MHO 6MHV 6OT5 6MHW 6MHX 6OT2","PDB: 6H9J 6HA6 6MHS 6MHO 6MHV 6OT5 6MHW 6MHX 6OT2","PDB: 6H9J 6HA6 6MHS 6MHO 6MHV 6OT5 6MHW 6MHX 6OT2","PDB: 6H9J 6HA6 6MHS 6MHO 6MHV 6OT5 6MHW 6MHX 6OT2","PDB: 6H9J 6HA6 6MHS 6MHO 6MHV 6OT5 6MHW 6MHX 6OT2","PDB: 6H9J 6HA6 6MHS 6MHO 6MHV 6OT5 6MHW 6MHX 6OT2"
