"","V1","V2","V3","V4","V5"
"ENTRY2","27121","27121","27121","27121","27121"
"NAME2","DKK4, DKK-4","DKK4, DKK-4","DKK4, DKK-4","DKK4, DKK-4","DKK4, DKK-4"
"ORGANISM2","Homo sapiens (human)","Homo sapiens (human)","Homo sapiens (human)","Homo sapiens (human)","Homo sapiens (human)"
"PATHWAY2","Wnt signaling pathway","Wnt signaling pathway","Wnt signaling pathway","Wnt signaling pathway","Wnt signaling pathway"
"BRITE2","KEGG Orthology (KO) [BR:hsa00001]"," 09130 Environmental Information Processing","  09132 Signal transduction","   04310 Wnt signaling pathway","    27121 (DKK4)"
"STRUCTURE2","PDB: 5O57","PDB: 5O57","PDB: 5O57","PDB: 5O57","PDB: 5O57"
