"","V1","V2","V3","V4","V5"
"ENTRY2","22943","22943","22943","22943","22943"
"NAME2","DKK1, DKK-1, SK","DKK1, DKK-1, SK","DKK1, DKK-1, SK","DKK1, DKK-1, SK","DKK1, DKK-1, SK"
"ORGANISM2","Homo sapiens (human)","Homo sapiens (human)","Homo sapiens (human)","Homo sapiens (human)","Homo sapiens (human)"
"PATHWAY2","Wnt signaling pathway","Wnt signaling pathway","Wnt signaling pathway","Wnt signaling pathway","Wnt signaling pathway"
"BRITE2","KEGG Orthology (KO) [BR:hsa00001]"," 09130 Environmental Information Processing","  09132 Signal transduction","   04310 Wnt signaling pathway","    22943 (DKK1)"
"STRUCTURE2","PDB: 3S2K 3S8V 5FWW 5GJE","PDB: 3S2K 3S8V 5FWW 5GJE","PDB: 3S2K 3S8V 5FWW 5GJE","PDB: 3S2K 3S8V 5FWW 5GJE","PDB: 3S2K 3S8V 5FWW 5GJE"
