"","V1","V2","V3","V4","V5","V6","V7","V8","V9","V10","V11","V12","V13","V14","V15","V16","V17","V18","V19","V20","V21","V22","V23","V24","V25","V26","V27","V28","V29","V30","V31","V32","V33","V34","V35","V36","V37","V38","V39","V40"
"ENTRY2","2252","2252","2252","2252","2252","2252","2252","2252","2252","2252","2252","2252","2252","2252","2252","2252","2252","2252","2252","2252","2252","2252","2252","2252","2252","2252","2252","2252","2252","2252","2252","2252","2252","2252","2252","2252","2252","2252","2252","2252"
"NAME2","FGF7, HBGF-7, KGF","FGF7, HBGF-7, KGF","FGF7, HBGF-7, KGF","FGF7, HBGF-7, KGF","FGF7, HBGF-7, KGF","FGF7, HBGF-7, KGF","FGF7, HBGF-7, KGF","FGF7, HBGF-7, KGF","FGF7, HBGF-7, KGF","FGF7, HBGF-7, KGF","FGF7, HBGF-7, KGF","FGF7, HBGF-7, KGF","FGF7, HBGF-7, KGF","FGF7, HBGF-7, KGF","FGF7, HBGF-7, KGF","FGF7, HBGF-7, KGF","FGF7, HBGF-7, KGF","FGF7, HBGF-7, KGF","FGF7, HBGF-7, KGF","FGF7, HBGF-7, KGF","FGF7, HBGF-7, KGF","FGF7, HBGF-7, KGF","FGF7, HBGF-7, KGF","FGF7, HBGF-7, KGF","FGF7, HBGF-7, KGF","FGF7, HBGF-7, KGF","FGF7, HBGF-7, KGF","FGF7, HBGF-7, KGF","FGF7, HBGF-7, KGF","FGF7, HBGF-7, KGF","FGF7, HBGF-7, KGF","FGF7, HBGF-7, KGF","FGF7, HBGF-7, KGF","FGF7, HBGF-7, KGF","FGF7, HBGF-7, KGF","FGF7, HBGF-7, KGF","FGF7, HBGF-7, KGF","FGF7, HBGF-7, KGF","FGF7, HBGF-7, KGF","FGF7, HBGF-7, KGF"
"ORGANISM2","Homo sapiens (human)","Homo sapiens (human)","Homo sapiens (human)","Homo sapiens (human)","Homo sapiens (human)","Homo sapiens (human)","Homo sapiens (human)","Homo sapiens (human)","Homo sapiens (human)","Homo sapiens (human)","Homo sapiens (human)","Homo sapiens (human)","Homo sapiens (human)","Homo sapiens (human)","Homo sapiens (human)","Homo sapiens (human)","Homo sapiens (human)","Homo sapiens (human)","Homo sapiens (human)","Homo sapiens (human)","Homo sapiens (human)","Homo sapiens (human)","Homo sapiens (human)","Homo sapiens (human)","Homo sapiens (human)","Homo sapiens (human)","Homo sapiens (human)","Homo sapiens (human)","Homo sapiens (human)","Homo sapiens (human)","Homo sapiens (human)","Homo sapiens (human)","Homo sapiens (human)","Homo sapiens (human)","Homo sapiens (human)","Homo sapiens (human)","Homo sapiens (human)","Homo sapiens (human)","Homo sapiens (human)","Homo sapiens (human)"
"PATHWAY2","MAPK signaling pathway","Ras signaling pathway","Rap1 signaling pathway","PI3K-Akt signaling pathway","Regulation of actin cytoskeleton","Pathways in cancer","Melanoma","Breast cancer","Gastric cancer","MAPK signaling pathway","Ras signaling pathway","Rap1 signaling pathway","PI3K-Akt signaling pathway","Regulation of actin cytoskeleton","Pathways in cancer","Melanoma","Breast cancer","Gastric cancer","MAPK signaling pathway","Ras signaling pathway","Rap1 signaling pathway","PI3K-Akt signaling pathway","Regulation of actin cytoskeleton","Pathways in cancer","Melanoma","Breast cancer","Gastric cancer","MAPK signaling pathway","Ras signaling pathway","Rap1 signaling pathway","PI3K-Akt signaling pathway","Regulation of actin cytoskeleton","Pathways in cancer","Melanoma","Breast cancer","Gastric cancer","MAPK signaling pathway","Ras signaling pathway","Rap1 signaling pathway","PI3K-Akt signaling pathway"
"BRITE2","KEGG Orthology (KO) [BR:hsa00001]"," 09130 Environmental Information Processing","  09132 Signal transduction","   04014 Ras signaling pathway","    2252 (FGF7)","   04015 Rap1 signaling pathway","    2252 (FGF7)","   04010 MAPK signaling pathway","    2252 (FGF7)","   04151 PI3K-Akt signaling pathway","    2252 (FGF7)"," 09140 Cellular Processes","  09142 Cell motility","   04810 Regulation of actin cytoskeleton","    2252 (FGF7)"," 09160 Human Diseases","  09161 Cancer: overview","   05200 Pathways in cancer","    2252 (FGF7)","  09162 Cancer: specific types","   05226 Gastric cancer","    2252 (FGF7)","   05218 Melanoma","    2252 (FGF7)","   05224 Breast cancer","    2252 (FGF7)"," 09180 Brite Hierarchies","  09183 Protein families: signaling and cellular processes","   04052 Cytokines and growth factors [BR:hsa04052]","    2252 (FGF7)","   00536 Glycosaminoglycan binding proteins [BR:hsa00536]","    2252 (FGF7)","Cytokines and growth factors [BR:hsa04052]"," Growth factors","  Growth factors (RTK binding)","   2252 (FGF7)","Glycosaminoglycan binding proteins [BR:hsa00536]"," Heparan sulfate / Haparin","  Growth factors/receptors","   2252 (FGF7)"
