"","V1","V2","V3","V4","V5","V6","V7","V8","V9","V10"
"ENTRY2","27152","27152","27152","27152","27152","27152","27152","27152","27152","27152"
"NAME2","INTU, CPLANE4, INT, OFD17, PDZD6, PDZK6, SRTD20","INTU, CPLANE4, INT, OFD17, PDZD6, PDZK6, SRTD20","INTU, CPLANE4, INT, OFD17, PDZD6, PDZK6, SRTD20","INTU, CPLANE4, INT, OFD17, PDZD6, PDZK6, SRTD20","INTU, CPLANE4, INT, OFD17, PDZD6, PDZK6, SRTD20","INTU, CPLANE4, INT, OFD17, PDZD6, PDZK6, SRTD20","INTU, CPLANE4, INT, OFD17, PDZD6, PDZK6, SRTD20","INTU, CPLANE4, INT, OFD17, PDZD6, PDZK6, SRTD20","INTU, CPLANE4, INT, OFD17, PDZD6, PDZK6, SRTD20","INTU, CPLANE4, INT, OFD17, PDZD6, PDZK6, SRTD20"
"ORGANISM2","Homo sapiens (human)","Homo sapiens (human)","Homo sapiens (human)","Homo sapiens (human)","Homo sapiens (human)","Homo sapiens (human)","Homo sapiens (human)","Homo sapiens (human)","Homo sapiens (human)","Homo sapiens (human)"
"BRITE2","KEGG Orthology (KO) [BR:hsa00001]"," 09180 Brite Hierarchies","  09182 Protein families: genetic information processing","   03036 Chromosome and associated proteins [BR:hsa03036]","    27152 (INTU)","Chromosome and associated proteins [BR:hsa03036]"," Eukaryotic type","  Centrosome formation and ciliogenesis proteins","   CPLANE complex","    27152 (INTU)"
