"","V1","V2","V3","V4","V5","V6","V7","V8","V9","V10","V11"
"ENTRY2","340481","340481","340481","340481","340481","340481","340481","340481","340481","340481","340481"
"NAME2","ZDHHC21, DHHC-21, DHHC21, DNZ1, HSPC097","ZDHHC21, DHHC-21, DHHC21, DNZ1, HSPC097","ZDHHC21, DHHC-21, DHHC21, DNZ1, HSPC097","ZDHHC21, DHHC-21, DHHC21, DNZ1, HSPC097","ZDHHC21, DHHC-21, DHHC21, DNZ1, HSPC097","ZDHHC21, DHHC-21, DHHC21, DNZ1, HSPC097","ZDHHC21, DHHC-21, DHHC21, DNZ1, HSPC097","ZDHHC21, DHHC-21, DHHC21, DNZ1, HSPC097","ZDHHC21, DHHC-21, DHHC21, DNZ1, HSPC097","ZDHHC21, DHHC-21, DHHC21, DNZ1, HSPC097","ZDHHC21, DHHC-21, DHHC21, DNZ1, HSPC097"
"ORGANISM2","Homo sapiens (human)","Homo sapiens (human)","Homo sapiens (human)","Homo sapiens (human)","Homo sapiens (human)","Homo sapiens (human)","Homo sapiens (human)","Homo sapiens (human)","Homo sapiens (human)","Homo sapiens (human)","Homo sapiens (human)"
"BRITE2","KEGG Orthology (KO) [BR:hsa00001]"," 09190 Not Included in Pathway or Brite","  09191 Unclassified: metabolism","   99980 Enzymes with EC numbers","    340481 (ZDHHC21)","Enzymes [BR:hsa01000]"," 2. Transferases","  2.3  Acyltransferases","   2.3.1  Transferring groups other than aminoacyl groups","    2.3.1.225  protein S-acyltransferase","     340481 (ZDHHC21)"
