"","V1","V2","V3","V4","V5","V6","V7","V8","V9","V10","V11","V12","V13","V14","V15","V16","V17","V18","V19","V20","V21","V22","V23","V24"
"ENTRY2","3039","3039","3039","3039","3039","3039","3039","3039","3039","3039","3039","3039","3039","3039","3039","3039","3039","3039","3039","3039","3039","3039","3039","3039"
"NAME2","HBA1, ECYT7, HBA-T3, HBH, METHBA","HBA1, ECYT7, HBA-T3, HBH, METHBA","HBA1, ECYT7, HBA-T3, HBH, METHBA","HBA1, ECYT7, HBA-T3, HBH, METHBA","HBA1, ECYT7, HBA-T3, HBH, METHBA","HBA1, ECYT7, HBA-T3, HBH, METHBA","HBA1, ECYT7, HBA-T3, HBH, METHBA","HBA1, ECYT7, HBA-T3, HBH, METHBA","HBA1, ECYT7, HBA-T3, HBH, METHBA","HBA1, ECYT7, HBA-T3, HBH, METHBA","HBA1, ECYT7, HBA-T3, HBH, METHBA","HBA1, ECYT7, HBA-T3, HBH, METHBA","HBA1, ECYT7, HBA-T3, HBH, METHBA","HBA1, ECYT7, HBA-T3, HBH, METHBA","HBA1, ECYT7, HBA-T3, HBH, METHBA","HBA1, ECYT7, HBA-T3, HBH, METHBA","HBA1, ECYT7, HBA-T3, HBH, METHBA","HBA1, ECYT7, HBA-T3, HBH, METHBA","HBA1, ECYT7, HBA-T3, HBH, METHBA","HBA1, ECYT7, HBA-T3, HBH, METHBA","HBA1, ECYT7, HBA-T3, HBH, METHBA","HBA1, ECYT7, HBA-T3, HBH, METHBA","HBA1, ECYT7, HBA-T3, HBH, METHBA","HBA1, ECYT7, HBA-T3, HBH, METHBA"
"ORGANISM2","Homo sapiens (human)","Homo sapiens (human)","Homo sapiens (human)","Homo sapiens (human)","Homo sapiens (human)","Homo sapiens (human)","Homo sapiens (human)","Homo sapiens (human)","Homo sapiens (human)","Homo sapiens (human)","Homo sapiens (human)","Homo sapiens (human)","Homo sapiens (human)","Homo sapiens (human)","Homo sapiens (human)","Homo sapiens (human)","Homo sapiens (human)","Homo sapiens (human)","Homo sapiens (human)","Homo sapiens (human)","Homo sapiens (human)","Homo sapiens (human)","Homo sapiens (human)","Homo sapiens (human)"
"PATHWAY2","African trypanosomiasis","Malaria","African trypanosomiasis","Malaria","African trypanosomiasis","Malaria","African trypanosomiasis","Malaria","African trypanosomiasis","Malaria","African trypanosomiasis","Malaria","African trypanosomiasis","Malaria","African trypanosomiasis","Malaria","African trypanosomiasis","Malaria","African trypanosomiasis","Malaria","African trypanosomiasis","Malaria","African trypanosomiasis","Malaria"
"BRITE2","KEGG Orthology (KO) [BR:hsa00001]"," 09160 Human Diseases","  09174 Infectious disease: parasitic","   05144 Malaria","    3039 (HBA1)","   05143 African trypanosomiasis","    3039 (HBA1)"," 09180 Brite Hierarchies","  09183 Protein families: signaling and cellular processes","   04147 Exosome [BR:hsa04147]","    3039 (HBA1)","Exosome [BR:hsa04147]"," Exosomal proteins","  Exosomal proteins of hepatic cells","   3039 (HBA1)","KEGG Orthology (KO) [BR:hsa00001]"," 09160 Human Diseases","  09174 Infectious disease: parasitic","   05144 Malaria","    3039 (HBA1)","   05143 African trypanosomiasis","    3039 (HBA1)"," 09180 Brite Hierarchies","  09183 Protein families: signaling and cellular processes"
"STRUCTURE2","PDB: 2W72 2DN1 2DN2 2DN3 1IRD 3S66 2D5Z 1J40 1J41 1UIW 1BZ0","     1BAB 1THB 5WOG 6HK2 3DUT 1J3Y 3QJD 5WOH 1BZ1 1BZZ 3NMM","     1J3Z 4MQG 6BWP 4ROL 2D60 1J7Y 1QSH 1QSI 1DXT 1DXU 1DXV","     1BBB 1NQP 2HHB 3HHB 4HHB 5E6E 5UCU 5KSI 5E83 4MQJ 4L7Y","     3S65 3QJB 3QJE 3NL7 3IC0 2W6V 3D7O 1YVQ 1YVT 1YE2 1R1Y","     1O1L 1O1N 1O1O 1O1P 1C7B 1C7C 1C7D 1QI8 1A3N 1A3O 1A01","     1SDK 1SDL 1GBU 1Y4V 5URC 5SW7 5E29 3WHM 1QXE 1O1M 1G9V","     1KD2 1K0Y 1SHR 6DI4 4ROM 4NI1 4N8T 3OO4 1Y83 1Y7D 1XZ2","     1XZ7 1O1J 1BUW 1VWT 1CLS 1HBB 1Y4G 1XXT 1RQ3 4MQI 3WCP","     6BNR 5U3I 1Y7Z 1Y4P 1XY0 6BWU 4M4B 3QJC 3P5Q 3KMF 3HXN","     1YIH 1Y45 1Y4F 1XZ4 1O1K 1K1K 1J7W 6HBW 1A00 1A0Z 1ABW","     1GBV 2HBE 1Y5J 5UFJ 4X0L 4M4A 2HBS 1YZI 1Y2Z 3ONZ 3OO5","     2DXM 1YHE 1Y7C 1Y7G 1Y4B 1Y0D 1NEJ 1M9P 1GZX 1DKE 2HBC","     1HBA 1HGA 1HGB 1HGC 1HHO 1YEV 1Y4Q 1XZV 1XZ5 1RQ4 1RQA","     1RPS 1YEU 1Y35 1Y85 1Y31 1XYE 1Y5F 1Y0T 1Y0W 1A0U 5KDQ","     4NI0 1R1X 1Y22 1XZU 1LJW 1MKO 6HAL 4MQC 3R5I 1YH9 1Y5K","     1SI4 1J7S 1AJ9 1HDB 2HHD 2HHE 2HBD 2HBF 1YEO 1Y4R 1Y46","     1Y0A 4MQK 1Y09 1QXD 4FC3 6BB5 5HY8 5EE4 3B75 2YRS 1Y0C","     1O1I 1BIJ 1HAB 5X2S 5KSJ 3IC2 1Z8U 1YIE 1YFF 1FN3 4N7O","     4MQH 1YE0 1B86 1RVW 1GLI 1FDH 5X2U 4XS0 1YHR 1LFQ 1LFT","     1ABY 1HAC 1NIH 5X2T 5X2R 1YG5 1YGF 1LFL 1HCO 2HCO 1YGD","     4N7N 1YEQ 6NBC 3D17 1YEN 1Y01 1LFV 4N7P 3OVU 5HU6 1Y8W","     1A9W 1COH 1CMY 1HBS 3SZK 3S48 4WJG 3ODQ 1LFZ 6NBD 5NI1","     5JDO 3IA3 1JY7 1YDZ 1LFY 5VMM 4IJ2 1YE1 2M6Z 2H35"
