"","V1","V2","V3","V4","V5","V6","V7","V8","V9","V10","V11","V12","V13","V14","V15","V16","V17","V18","V19","V20","V21","V22","V23","V24","V25","V26","V27","V28","V29","V30"
"ENTRY2","3516","3516","3516","3516","3516","3516","3516","3516","3516","3516","3516","3516","3516","3516","3516","3516","3516","3516","3516","3516","3516","3516","3516","3516","3516","3516","3516","3516","3516","3516"
"NAME2","RBPJ, AOS3, CBF1, IGKJRB, IGKJRB1, KBF2, RBP-J, RBPJK, RBPSUH, SUH, csl","RBPJ, AOS3, CBF1, IGKJRB, IGKJRB1, KBF2, RBP-J, RBPJK, RBPSUH, SUH, csl","RBPJ, AOS3, CBF1, IGKJRB, IGKJRB1, KBF2, RBP-J, RBPJK, RBPSUH, SUH, csl","RBPJ, AOS3, CBF1, IGKJRB, IGKJRB1, KBF2, RBP-J, RBPJK, RBPSUH, SUH, csl","RBPJ, AOS3, CBF1, IGKJRB, IGKJRB1, KBF2, RBP-J, RBPJK, RBPSUH, SUH, csl","RBPJ, AOS3, CBF1, IGKJRB, IGKJRB1, KBF2, RBP-J, RBPJK, RBPSUH, SUH, csl","RBPJ, AOS3, CBF1, IGKJRB, IGKJRB1, KBF2, RBP-J, RBPJK, RBPSUH, SUH, csl","RBPJ, AOS3, CBF1, IGKJRB, IGKJRB1, KBF2, RBP-J, RBPJK, RBPSUH, SUH, csl","RBPJ, AOS3, CBF1, IGKJRB, IGKJRB1, KBF2, RBP-J, RBPJK, RBPSUH, SUH, csl","RBPJ, AOS3, CBF1, IGKJRB, IGKJRB1, KBF2, RBP-J, RBPJK, RBPSUH, SUH, csl","RBPJ, AOS3, CBF1, IGKJRB, IGKJRB1, KBF2, RBP-J, RBPJK, RBPSUH, SUH, csl","RBPJ, AOS3, CBF1, IGKJRB, IGKJRB1, KBF2, RBP-J, RBPJK, RBPSUH, SUH, csl","RBPJ, AOS3, CBF1, IGKJRB, IGKJRB1, KBF2, RBP-J, RBPJK, RBPSUH, SUH, csl","RBPJ, AOS3, CBF1, IGKJRB, IGKJRB1, KBF2, RBP-J, RBPJK, RBPSUH, SUH, csl","RBPJ, AOS3, CBF1, IGKJRB, IGKJRB1, KBF2, RBP-J, RBPJK, RBPSUH, SUH, csl","RBPJ, AOS3, CBF1, IGKJRB, IGKJRB1, KBF2, RBP-J, RBPJK, RBPSUH, SUH, csl","RBPJ, AOS3, CBF1, IGKJRB, IGKJRB1, KBF2, RBP-J, RBPJK, RBPSUH, SUH, csl","RBPJ, AOS3, CBF1, IGKJRB, IGKJRB1, KBF2, RBP-J, RBPJK, RBPSUH, SUH, csl","RBPJ, AOS3, CBF1, IGKJRB, IGKJRB1, KBF2, RBP-J, RBPJK, RBPSUH, SUH, csl","RBPJ, AOS3, CBF1, IGKJRB, IGKJRB1, KBF2, RBP-J, RBPJK, RBPSUH, SUH, csl","RBPJ, AOS3, CBF1, IGKJRB, IGKJRB1, KBF2, RBP-J, RBPJK, RBPSUH, SUH, csl","RBPJ, AOS3, CBF1, IGKJRB, IGKJRB1, KBF2, RBP-J, RBPJK, RBPSUH, SUH, csl","RBPJ, AOS3, CBF1, IGKJRB, IGKJRB1, KBF2, RBP-J, RBPJK, RBPSUH, SUH, csl","RBPJ, AOS3, CBF1, IGKJRB, IGKJRB1, KBF2, RBP-J, RBPJK, RBPSUH, SUH, csl","RBPJ, AOS3, CBF1, IGKJRB, IGKJRB1, KBF2, RBP-J, RBPJK, RBPSUH, SUH, csl","RBPJ, AOS3, CBF1, IGKJRB, IGKJRB1, KBF2, RBP-J, RBPJK, RBPSUH, SUH, csl","RBPJ, AOS3, CBF1, IGKJRB, IGKJRB1, KBF2, RBP-J, RBPJK, RBPSUH, SUH, csl","RBPJ, AOS3, CBF1, IGKJRB, IGKJRB1, KBF2, RBP-J, RBPJK, RBPSUH, SUH, csl","RBPJ, AOS3, CBF1, IGKJRB, IGKJRB1, KBF2, RBP-J, RBPJK, RBPSUH, SUH, csl","RBPJ, AOS3, CBF1, IGKJRB, IGKJRB1, KBF2, RBP-J, RBPJK, RBPSUH, SUH, csl"
"ORGANISM2","Homo sapiens (human)","Homo sapiens (human)","Homo sapiens (human)","Homo sapiens (human)","Homo sapiens (human)","Homo sapiens (human)","Homo sapiens (human)","Homo sapiens (human)","Homo sapiens (human)","Homo sapiens (human)","Homo sapiens (human)","Homo sapiens (human)","Homo sapiens (human)","Homo sapiens (human)","Homo sapiens (human)","Homo sapiens (human)","Homo sapiens (human)","Homo sapiens (human)","Homo sapiens (human)","Homo sapiens (human)","Homo sapiens (human)","Homo sapiens (human)","Homo sapiens (human)","Homo sapiens (human)","Homo sapiens (human)","Homo sapiens (human)","Homo sapiens (human)","Homo sapiens (human)","Homo sapiens (human)","Homo sapiens (human)"
"PATHWAY2","Notch signaling pathway","Th1 and Th2 cell differentiation","Spinocerebellar ataxia","Human papillomavirus infection","Epstein-Barr virus infection","Viral carcinogenesis","Notch signaling pathway","Th1 and Th2 cell differentiation","Spinocerebellar ataxia","Human papillomavirus infection","Epstein-Barr virus infection","Viral carcinogenesis","Notch signaling pathway","Th1 and Th2 cell differentiation","Spinocerebellar ataxia","Human papillomavirus infection","Epstein-Barr virus infection","Viral carcinogenesis","Notch signaling pathway","Th1 and Th2 cell differentiation","Spinocerebellar ataxia","Human papillomavirus infection","Epstein-Barr virus infection","Viral carcinogenesis","Notch signaling pathway","Th1 and Th2 cell differentiation","Spinocerebellar ataxia","Human papillomavirus infection","Epstein-Barr virus infection","Viral carcinogenesis"
"BRITE2","KEGG Orthology (KO) [BR:hsa00001]"," 09130 Environmental Information Processing","  09132 Signal transduction","   04330 Notch signaling pathway","    3516 (RBPJ)"," 09150 Organismal Systems","  09151 Immune system","   04658 Th1 and Th2 cell differentiation","    3516 (RBPJ)"," 09160 Human Diseases","  09161 Cancer: overview","   05203 Viral carcinogenesis","    3516 (RBPJ)","  09164 Neurodegenerative disease","   05017 Spinocerebellar ataxia","    3516 (RBPJ)","  09172 Infectious disease: viral","   05169 Epstein-Barr virus infection","    3516 (RBPJ)","   05165 Human papillomavirus infection","    3516 (RBPJ)"," 09180 Brite Hierarchies","  09182 Protein families: genetic information processing","   03000 Transcription factors [BR:hsa03000]","    3516 (RBPJ)","Transcription factors [BR:hsa03000]"," Eukaryotic type","  Other transcription factors","   Others","    3516 (RBPJ)"
"STRUCTURE2","PDB: 2F8X 3NBN 6PY8 3V79","PDB: 2F8X 3NBN 6PY8 3V79","PDB: 2F8X 3NBN 6PY8 3V79","PDB: 2F8X 3NBN 6PY8 3V79","PDB: 2F8X 3NBN 6PY8 3V79","PDB: 2F8X 3NBN 6PY8 3V79","PDB: 2F8X 3NBN 6PY8 3V79","PDB: 2F8X 3NBN 6PY8 3V79","PDB: 2F8X 3NBN 6PY8 3V79","PDB: 2F8X 3NBN 6PY8 3V79","PDB: 2F8X 3NBN 6PY8 3V79","PDB: 2F8X 3NBN 6PY8 3V79","PDB: 2F8X 3NBN 6PY8 3V79","PDB: 2F8X 3NBN 6PY8 3V79","PDB: 2F8X 3NBN 6PY8 3V79","PDB: 2F8X 3NBN 6PY8 3V79","PDB: 2F8X 3NBN 6PY8 3V79","PDB: 2F8X 3NBN 6PY8 3V79","PDB: 2F8X 3NBN 6PY8 3V79","PDB: 2F8X 3NBN 6PY8 3V79","PDB: 2F8X 3NBN 6PY8 3V79","PDB: 2F8X 3NBN 6PY8 3V79","PDB: 2F8X 3NBN 6PY8 3V79","PDB: 2F8X 3NBN 6PY8 3V79","PDB: 2F8X 3NBN 6PY8 3V79","PDB: 2F8X 3NBN 6PY8 3V79","PDB: 2F8X 3NBN 6PY8 3V79","PDB: 2F8X 3NBN 6PY8 3V79","PDB: 2F8X 3NBN 6PY8 3V79","PDB: 2F8X 3NBN 6PY8 3V79"
