"","V1","V2","V3","V4","V5","V6","V7","V8","V9","V10","V11","V12","V13","V14","V15","V16","V17","V18","V19","V20","V21","V22"
"ENTRY2","354","354","354","354","354","354","354","354","354","354","354","354","354","354","354","354","354","354","354","354","354","354"
"NAME2","KLK3, APS, KLK2A1, PSA, hK3","KLK3, APS, KLK2A1, PSA, hK3","KLK3, APS, KLK2A1, PSA, hK3","KLK3, APS, KLK2A1, PSA, hK3","KLK3, APS, KLK2A1, PSA, hK3","KLK3, APS, KLK2A1, PSA, hK3","KLK3, APS, KLK2A1, PSA, hK3","KLK3, APS, KLK2A1, PSA, hK3","KLK3, APS, KLK2A1, PSA, hK3","KLK3, APS, KLK2A1, PSA, hK3","KLK3, APS, KLK2A1, PSA, hK3","KLK3, APS, KLK2A1, PSA, hK3","KLK3, APS, KLK2A1, PSA, hK3","KLK3, APS, KLK2A1, PSA, hK3","KLK3, APS, KLK2A1, PSA, hK3","KLK3, APS, KLK2A1, PSA, hK3","KLK3, APS, KLK2A1, PSA, hK3","KLK3, APS, KLK2A1, PSA, hK3","KLK3, APS, KLK2A1, PSA, hK3","KLK3, APS, KLK2A1, PSA, hK3","KLK3, APS, KLK2A1, PSA, hK3","KLK3, APS, KLK2A1, PSA, hK3"
"ORGANISM2","Homo sapiens (human)","Homo sapiens (human)","Homo sapiens (human)","Homo sapiens (human)","Homo sapiens (human)","Homo sapiens (human)","Homo sapiens (human)","Homo sapiens (human)","Homo sapiens (human)","Homo sapiens (human)","Homo sapiens (human)","Homo sapiens (human)","Homo sapiens (human)","Homo sapiens (human)","Homo sapiens (human)","Homo sapiens (human)","Homo sapiens (human)","Homo sapiens (human)","Homo sapiens (human)","Homo sapiens (human)","Homo sapiens (human)","Homo sapiens (human)"
"PATHWAY2","Pathways in cancer","Prostate cancer","Pathways in cancer","Prostate cancer","Pathways in cancer","Prostate cancer","Pathways in cancer","Prostate cancer","Pathways in cancer","Prostate cancer","Pathways in cancer","Prostate cancer","Pathways in cancer","Prostate cancer","Pathways in cancer","Prostate cancer","Pathways in cancer","Prostate cancer","Pathways in cancer","Prostate cancer","Pathways in cancer","Prostate cancer"
"BRITE2","KEGG Orthology (KO) [BR:hsa00001]"," 09160 Human Diseases","  09161 Cancer: overview","   05200 Pathways in cancer","    354 (KLK3)","  09162 Cancer: specific types","   05215 Prostate cancer","    354 (KLK3)"," 09180 Brite Hierarchies","  09181 Protein families: metabolism","   01002 Peptidases and inhibitors [BR:hsa01002]","    354 (KLK3)","Enzymes [BR:hsa01000]"," 3. Hydrolases","  3.4  Acting on peptide bonds (peptidases)","   3.4.21  Serine endopeptidases","    3.4.21.77  semenogelase","     354 (KLK3)","Peptidases and inhibitors [BR:hsa01002]"," Serine peptidases","  Family S1: chymotrypsin family","   354 (KLK3)"
"STRUCTURE2","PDB: 2ZCH 2ZCK 3QUM 2ZCL","PDB: 2ZCH 2ZCK 3QUM 2ZCL","PDB: 2ZCH 2ZCK 3QUM 2ZCL","PDB: 2ZCH 2ZCK 3QUM 2ZCL","PDB: 2ZCH 2ZCK 3QUM 2ZCL","PDB: 2ZCH 2ZCK 3QUM 2ZCL","PDB: 2ZCH 2ZCK 3QUM 2ZCL","PDB: 2ZCH 2ZCK 3QUM 2ZCL","PDB: 2ZCH 2ZCK 3QUM 2ZCL","PDB: 2ZCH 2ZCK 3QUM 2ZCL","PDB: 2ZCH 2ZCK 3QUM 2ZCL","PDB: 2ZCH 2ZCK 3QUM 2ZCL","PDB: 2ZCH 2ZCK 3QUM 2ZCL","PDB: 2ZCH 2ZCK 3QUM 2ZCL","PDB: 2ZCH 2ZCK 3QUM 2ZCL","PDB: 2ZCH 2ZCK 3QUM 2ZCL","PDB: 2ZCH 2ZCK 3QUM 2ZCL","PDB: 2ZCH 2ZCK 3QUM 2ZCL","PDB: 2ZCH 2ZCK 3QUM 2ZCL","PDB: 2ZCH 2ZCK 3QUM 2ZCL","PDB: 2ZCH 2ZCK 3QUM 2ZCL","PDB: 2ZCH 2ZCK 3QUM 2ZCL"
