"","V1","V2","V3","V4","V5","V6","V7","V8","V9","V10","V11","V12","V13","V14","V15","V16","V17","V18","V19","V20","V21","V22","V23","V24","V25","V26","V27","V28"
"ENTRY2","367","367","367","367","367","367","367","367","367","367","367","367","367","367","367","367","367","367","367","367","367","367","367","367","367","367","367","367"
"NAME2","AR, AIS, AR8, DHTR, HUMARA, HYSP1, KD, NR3C4, SBMA, SMAX1, TFM","AR, AIS, AR8, DHTR, HUMARA, HYSP1, KD, NR3C4, SBMA, SMAX1, TFM","AR, AIS, AR8, DHTR, HUMARA, HYSP1, KD, NR3C4, SBMA, SMAX1, TFM","AR, AIS, AR8, DHTR, HUMARA, HYSP1, KD, NR3C4, SBMA, SMAX1, TFM","AR, AIS, AR8, DHTR, HUMARA, HYSP1, KD, NR3C4, SBMA, SMAX1, TFM","AR, AIS, AR8, DHTR, HUMARA, HYSP1, KD, NR3C4, SBMA, SMAX1, TFM","AR, AIS, AR8, DHTR, HUMARA, HYSP1, KD, NR3C4, SBMA, SMAX1, TFM","AR, AIS, AR8, DHTR, HUMARA, HYSP1, KD, NR3C4, SBMA, SMAX1, TFM","AR, AIS, AR8, DHTR, HUMARA, HYSP1, KD, NR3C4, SBMA, SMAX1, TFM","AR, AIS, AR8, DHTR, HUMARA, HYSP1, KD, NR3C4, SBMA, SMAX1, TFM","AR, AIS, AR8, DHTR, HUMARA, HYSP1, KD, NR3C4, SBMA, SMAX1, TFM","AR, AIS, AR8, DHTR, HUMARA, HYSP1, KD, NR3C4, SBMA, SMAX1, TFM","AR, AIS, AR8, DHTR, HUMARA, HYSP1, KD, NR3C4, SBMA, SMAX1, TFM","AR, AIS, AR8, DHTR, HUMARA, HYSP1, KD, NR3C4, SBMA, SMAX1, TFM","AR, AIS, AR8, DHTR, HUMARA, HYSP1, KD, NR3C4, SBMA, SMAX1, TFM","AR, AIS, AR8, DHTR, HUMARA, HYSP1, KD, NR3C4, SBMA, SMAX1, TFM","AR, AIS, AR8, DHTR, HUMARA, HYSP1, KD, NR3C4, SBMA, SMAX1, TFM","AR, AIS, AR8, DHTR, HUMARA, HYSP1, KD, NR3C4, SBMA, SMAX1, TFM","AR, AIS, AR8, DHTR, HUMARA, HYSP1, KD, NR3C4, SBMA, SMAX1, TFM","AR, AIS, AR8, DHTR, HUMARA, HYSP1, KD, NR3C4, SBMA, SMAX1, TFM","AR, AIS, AR8, DHTR, HUMARA, HYSP1, KD, NR3C4, SBMA, SMAX1, TFM","AR, AIS, AR8, DHTR, HUMARA, HYSP1, KD, NR3C4, SBMA, SMAX1, TFM","AR, AIS, AR8, DHTR, HUMARA, HYSP1, KD, NR3C4, SBMA, SMAX1, TFM","AR, AIS, AR8, DHTR, HUMARA, HYSP1, KD, NR3C4, SBMA, SMAX1, TFM","AR, AIS, AR8, DHTR, HUMARA, HYSP1, KD, NR3C4, SBMA, SMAX1, TFM","AR, AIS, AR8, DHTR, HUMARA, HYSP1, KD, NR3C4, SBMA, SMAX1, TFM","AR, AIS, AR8, DHTR, HUMARA, HYSP1, KD, NR3C4, SBMA, SMAX1, TFM","AR, AIS, AR8, DHTR, HUMARA, HYSP1, KD, NR3C4, SBMA, SMAX1, TFM"
"ORGANISM2","Homo sapiens (human)","Homo sapiens (human)","Homo sapiens (human)","Homo sapiens (human)","Homo sapiens (human)","Homo sapiens (human)","Homo sapiens (human)","Homo sapiens (human)","Homo sapiens (human)","Homo sapiens (human)","Homo sapiens (human)","Homo sapiens (human)","Homo sapiens (human)","Homo sapiens (human)","Homo sapiens (human)","Homo sapiens (human)","Homo sapiens (human)","Homo sapiens (human)","Homo sapiens (human)","Homo sapiens (human)","Homo sapiens (human)","Homo sapiens (human)","Homo sapiens (human)","Homo sapiens (human)","Homo sapiens (human)","Homo sapiens (human)","Homo sapiens (human)","Homo sapiens (human)"
"PATHWAY2","Oocyte meiosis","Pathways in cancer","Prostate cancer","Oocyte meiosis","Pathways in cancer","Prostate cancer","Oocyte meiosis","Pathways in cancer","Prostate cancer","Oocyte meiosis","Pathways in cancer","Prostate cancer","Oocyte meiosis","Pathways in cancer","Prostate cancer","Oocyte meiosis","Pathways in cancer","Prostate cancer","Oocyte meiosis","Pathways in cancer","Prostate cancer","Oocyte meiosis","Pathways in cancer","Prostate cancer","Oocyte meiosis","Pathways in cancer","Prostate cancer","Oocyte meiosis"
"BRITE2","KEGG Orthology (KO) [BR:hsa00001]"," 09140 Cellular Processes","  09143 Cell growth and death","   04114 Oocyte meiosis","    367 (AR)"," 09160 Human Diseases","  09161 Cancer: overview","   05200 Pathways in cancer","    367 (AR)","  09162 Cancer: specific types","   05215 Prostate cancer","    367 (AR)"," 09180 Brite Hierarchies","  09182 Protein families: genetic information processing","   03000 Transcription factors [BR:hsa03000]","    367 (AR)","  09183 Protein families: signaling and cellular processes","   03310 Nuclear receptors [BR:hsa03310]","    367 (AR)","Transcription factors [BR:hsa03000]"," Eukaryotic type","  Zinc finger","   Cys4 estrogen-like","    367 (AR)","Nuclear receptors [BR:hsa03310]"," 3. Estrogen like","  3C. 3-Ketosteroid receptor","   367 (AR)"
"STRUCTURE2","PDB: 4OHA 5V8Q 2AX6 3L3X 2AM9 3B66 2PNU 2AX9 1T65 3V49 3RLL","     2AX8 2AMB 2PIT 4OEZ 3B65 3B5R 2Q7K 2PIP 2OZ7 2AXA 1Z95","     1XOW 4OEY 2Q7I 2AO6 3RLJ 3B67 3B68 2Q7J 2AX7 2AMA 2Q7L","     3V4A 2PIV 1GS4 4OKW 4OJB 4OH5 3L3Z 2PIO 5CJ6 1T63 4OK1","     4QL8 4OKX 2PIR 2HVC 4OFU 4OEA 2PIU 5JJM 2YHD 1XQ3 4OFR","     2YLP 1T5Z 5VO4 2YLQ 2PIQ 2PIX 1E3G 4K7A 2PKL 4OKT 4HLW","     2YLO 4OIL 2PIW 2Z4J 5T8J 1XJ7 5T8E 4OED 4OLM 4OKB 4OGH","     4OIU 4OJ9 4OH6","PDB: 4OHA 5V8Q 2AX6 3L3X 2AM9 3B66 2PNU 2AX9 1T65 3V49 3RLL","     2AX8 2AMB 2PIT 4OEZ 3B65 3B5R 2Q7K 2PIP 2OZ7 2AXA 1Z95","     1XOW 4OEY 2Q7I 2AO6 3RLJ 3B67 3B68 2Q7J 2AX7 2AMA 2Q7L","     3V4A 2PIV 1GS4 4OKW 4OJB 4OH5 3L3Z 2PIO 5CJ6 1T63 4OK1","     4QL8 4OKX 2PIR 2HVC 4OFU 4OEA 2PIU 5JJM 2YHD 1XQ3 4OFR","     2YLP 1T5Z 5VO4 2YLQ 2PIQ 2PIX 1E3G 4K7A 2PKL 4OKT 4HLW","     2YLO 4OIL 2PIW 2Z4J 5T8J 1XJ7 5T8E 4OED 4OLM 4OKB 4OGH","     4OIU 4OJ9 4OH6","PDB: 4OHA 5V8Q 2AX6 3L3X 2AM9 3B66 2PNU 2AX9 1T65 3V49 3RLL","     2AX8 2AMB 2PIT 4OEZ 3B65 3B5R 2Q7K 2PIP 2OZ7 2AXA 1Z95","     1XOW 4OEY 2Q7I 2AO6 3RLJ 3B67 3B68 2Q7J 2AX7 2AMA 2Q7L","     3V4A 2PIV 1GS4 4OKW 4OJB 4OH5 3L3Z 2PIO 5CJ6 1T63 4OK1","     4QL8 4OKX 2PIR 2HVC 4OFU 4OEA 2PIU 5JJM 2YHD 1XQ3 4OFR","     2YLP 1T5Z 5VO4 2YLQ 2PIQ 2PIX 1E3G 4K7A 2PKL 4OKT 4HLW","     2YLO 4OIL 2PIW 2Z4J 5T8J 1XJ7 5T8E 4OED 4OLM 4OKB 4OGH","     4OIU 4OJ9 4OH6","PDB: 4OHA 5V8Q 2AX6 3L3X 2AM9 3B66 2PNU 2AX9 1T65 3V49 3RLL","     2AX8 2AMB 2PIT 4OEZ 3B65 3B5R 2Q7K 2PIP 2OZ7 2AXA 1Z95","     1XOW 4OEY 2Q7I 2AO6 3RLJ 3B67 3B68 2Q7J 2AX7 2AMA 2Q7L","     3V4A 2PIV 1GS4 4OKW 4OJB 4OH5 3L3Z 2PIO 5CJ6 1T63 4OK1"
