"","V1","V2","V3","V4","V5","V6","V7","V8","V9","V10","V11","V12","V13","V14","V15","V16","V17"
"ENTRY2","406","406","406","406","406","406","406","406","406","406","406","406","406","406","406","406","406"
"NAME2","ARNTL, BMAL1, BMAL1c, JAP3, MOP3, PASD3, TIC, bHLHe5","ARNTL, BMAL1, BMAL1c, JAP3, MOP3, PASD3, TIC, bHLHe5","ARNTL, BMAL1, BMAL1c, JAP3, MOP3, PASD3, TIC, bHLHe5","ARNTL, BMAL1, BMAL1c, JAP3, MOP3, PASD3, TIC, bHLHe5","ARNTL, BMAL1, BMAL1c, JAP3, MOP3, PASD3, TIC, bHLHe5","ARNTL, BMAL1, BMAL1c, JAP3, MOP3, PASD3, TIC, bHLHe5","ARNTL, BMAL1, BMAL1c, JAP3, MOP3, PASD3, TIC, bHLHe5","ARNTL, BMAL1, BMAL1c, JAP3, MOP3, PASD3, TIC, bHLHe5","ARNTL, BMAL1, BMAL1c, JAP3, MOP3, PASD3, TIC, bHLHe5","ARNTL, BMAL1, BMAL1c, JAP3, MOP3, PASD3, TIC, bHLHe5","ARNTL, BMAL1, BMAL1c, JAP3, MOP3, PASD3, TIC, bHLHe5","ARNTL, BMAL1, BMAL1c, JAP3, MOP3, PASD3, TIC, bHLHe5","ARNTL, BMAL1, BMAL1c, JAP3, MOP3, PASD3, TIC, bHLHe5","ARNTL, BMAL1, BMAL1c, JAP3, MOP3, PASD3, TIC, bHLHe5","ARNTL, BMAL1, BMAL1c, JAP3, MOP3, PASD3, TIC, bHLHe5","ARNTL, BMAL1, BMAL1c, JAP3, MOP3, PASD3, TIC, bHLHe5","ARNTL, BMAL1, BMAL1c, JAP3, MOP3, PASD3, TIC, bHLHe5"
"ORGANISM2","Homo sapiens (human)","Homo sapiens (human)","Homo sapiens (human)","Homo sapiens (human)","Homo sapiens (human)","Homo sapiens (human)","Homo sapiens (human)","Homo sapiens (human)","Homo sapiens (human)","Homo sapiens (human)","Homo sapiens (human)","Homo sapiens (human)","Homo sapiens (human)","Homo sapiens (human)","Homo sapiens (human)","Homo sapiens (human)","Homo sapiens (human)"
"PATHWAY2","Circadian rhythm","Dopaminergic synapse","Circadian rhythm","Dopaminergic synapse","Circadian rhythm","Dopaminergic synapse","Circadian rhythm","Dopaminergic synapse","Circadian rhythm","Dopaminergic synapse","Circadian rhythm","Dopaminergic synapse","Circadian rhythm","Dopaminergic synapse","Circadian rhythm","Dopaminergic synapse","Circadian rhythm"
"BRITE2","KEGG Orthology (KO) [BR:hsa00001]"," 09150 Organismal Systems","  09156 Nervous system","   04728 Dopaminergic synapse","    406 (ARNTL)","  09159 Environmental adaptation","   04710 Circadian rhythm","    406 (ARNTL)"," 09180 Brite Hierarchies","  09182 Protein families: genetic information processing","   03000 Transcription factors [BR:hsa03000]","    406 (ARNTL)","Transcription factors [BR:hsa03000]"," Eukaryotic type","  Basic helix-loop-helix (bHLH)","   Factors with PAS domain","    406 (ARNTL)"
"STRUCTURE2","PDB: 4H10","PDB: 4H10","PDB: 4H10","PDB: 4H10","PDB: 4H10","PDB: 4H10","PDB: 4H10","PDB: 4H10","PDB: 4H10","PDB: 4H10","PDB: 4H10","PDB: 4H10","PDB: 4H10","PDB: 4H10","PDB: 4H10","PDB: 4H10","PDB: 4H10"
