"","V1","V2","V3","V4","V5","V6","V7","V8","V9","V10","V11","V12","V13","V14","V15","V16","V17","V18","V19","V20","V21"
"ENTRY2","4282","4282","4282","4282","4282","4282","4282","4282","4282","4282","4282","4282","4282","4282","4282","4282","4282","4282","4282","4282","4282"
"NAME2","MIF, GIF, GLIF, MMIF","MIF, GIF, GLIF, MMIF","MIF, GIF, GLIF, MMIF","MIF, GIF, GLIF, MMIF","MIF, GIF, GLIF, MMIF","MIF, GIF, GLIF, MMIF","MIF, GIF, GLIF, MMIF","MIF, GIF, GLIF, MMIF","MIF, GIF, GLIF, MMIF","MIF, GIF, GLIF, MMIF","MIF, GIF, GLIF, MMIF","MIF, GIF, GLIF, MMIF","MIF, GIF, GLIF, MMIF","MIF, GIF, GLIF, MMIF","MIF, GIF, GLIF, MMIF","MIF, GIF, GLIF, MMIF","MIF, GIF, GLIF, MMIF","MIF, GIF, GLIF, MMIF","MIF, GIF, GLIF, MMIF","MIF, GIF, GLIF, MMIF","MIF, GIF, GLIF, MMIF"
"ORGANISM2","Homo sapiens (human)","Homo sapiens (human)","Homo sapiens (human)","Homo sapiens (human)","Homo sapiens (human)","Homo sapiens (human)","Homo sapiens (human)","Homo sapiens (human)","Homo sapiens (human)","Homo sapiens (human)","Homo sapiens (human)","Homo sapiens (human)","Homo sapiens (human)","Homo sapiens (human)","Homo sapiens (human)","Homo sapiens (human)","Homo sapiens (human)","Homo sapiens (human)","Homo sapiens (human)","Homo sapiens (human)","Homo sapiens (human)"
"PATHWAY2","Tyrosine metabolism","Phenylalanine metabolism","Metabolic pathways","Tyrosine metabolism","Phenylalanine metabolism","Metabolic pathways","Tyrosine metabolism","Phenylalanine metabolism","Metabolic pathways","Tyrosine metabolism","Phenylalanine metabolism","Metabolic pathways","Tyrosine metabolism","Phenylalanine metabolism","Metabolic pathways","Tyrosine metabolism","Phenylalanine metabolism","Metabolic pathways","Tyrosine metabolism","Phenylalanine metabolism","Metabolic pathways"
"BRITE2","KEGG Orthology (KO) [BR:hsa00001]"," 09100 Metabolism","  09105 Amino acid metabolism","   00350 Tyrosine metabolism","    4282 (MIF)","   00360 Phenylalanine metabolism","    4282 (MIF)"," 09180 Brite Hierarchies","  09183 Protein families: signaling and cellular processes","   04147 Exosome [BR:hsa04147]","    4282 (MIF)","Enzymes [BR:hsa01000]"," 5. Isomerases","  5.3  Intramolecular oxidoreductases","   5.3.2  Interconverting keto- and enol-groups","    5.3.2.1  phenylpyruvate tautomerase","     4282 (MIF)","Exosome [BR:hsa04147]"," Exosomal proteins","  Exosomal proteins of breast milk","   4282 (MIF)"
"STRUCTURE2","PDB: 6B1K 4GRN 3IJJ 3DJH 4GRP 5B4O 6FVH 6FVE 4GRR 4Z1T 1GD0","     6BG6 4F2K 4K9G 3CE4 3JSG 4Z15 3SMB 5UMJ 4ETG 4OSF 4TRF","     4PLU 4GRQ 3WNS 5V73 4OYQ 4EVG 4EUI 3L5V 3IJG 5UZY 5UMK","     5HVS 5HVT 2OOW 4XX8 4XX7 6CB5 4PKK 3SMC 3L5P 3B9S 2OOZ","     4WRB 4TRU 5J7P 2OOH 3L5S 3L5T 3JTU 5BSC 5HVV 4PKZ 3U18","     3L5U 3HOF 1GCZ 1GIF 4GRU 4P0H 3JSF 5V70 3L5R 3DJI 5EIZ","     5BS9 6CBG 6CBH 6B2C 5BSI 5BSJ 4GRO 1LJT 1CGQ 3WNR 5J7Q","     4Z1U 4P01 3WNT 6B1C 6CBF 5XEJ 1P1G 1CA7 6BG7 4WR8 1MIF","PDB: 6B1K 4GRN 3IJJ 3DJH 4GRP 5B4O 6FVH 6FVE 4GRR 4Z1T 1GD0","     6BG6 4F2K 4K9G 3CE4 3JSG 4Z15 3SMB 5UMJ 4ETG 4OSF 4TRF","     4PLU 4GRQ 3WNS 5V73 4OYQ 4EVG 4EUI 3L5V 3IJG 5UZY 5UMK","     5HVS 5HVT 2OOW 4XX8 4XX7 6CB5 4PKK 3SMC 3L5P 3B9S 2OOZ","     4WRB 4TRU 5J7P 2OOH 3L5S 3L5T 3JTU 5BSC 5HVV 4PKZ 3U18","     3L5U 3HOF 1GCZ 1GIF 4GRU 4P0H 3JSF 5V70 3L5R 3DJI 5EIZ","     5BS9 6CBG 6CBH 6B2C 5BSI 5BSJ 4GRO 1LJT 1CGQ 3WNR 5J7Q","     4Z1U 4P01 3WNT 6B1C 6CBF 5XEJ 1P1G 1CA7 6BG7 4WR8 1MIF","PDB: 6B1K 4GRN 3IJJ 3DJH 4GRP 5B4O 6FVH 6FVE 4GRR 4Z1T 1GD0","     6BG6 4F2K 4K9G 3CE4 3JSG 4Z15 3SMB 5UMJ 4ETG 4OSF 4TRF","     4PLU 4GRQ 3WNS 5V73 4OYQ 4EVG 4EUI 3L5V 3IJG 5UZY 5UMK","     5HVS 5HVT 2OOW 4XX8 4XX7 6CB5 4PKK 3SMC 3L5P 3B9S 2OOZ","     4WRB 4TRU 5J7P 2OOH 3L5S 3L5T 3JTU 5BSC 5HVV 4PKZ 3U18"
