"","V1","V2","V3","V4","V5","V6","V7","V8","V9","V10","V11","V12","V13","V14","V15","V16","V17","V18","V19","V20","V21","V22","V23","V24","V25","V26","V27","V28","V29","V30","V31","V32","V33","V34","V35","V36","V37","V38","V39","V40","V41","V42","V43","V44","V45","V46","V47","V48","V49"
"ENTRY2","4089","4089","4089","4089","4089","4089","4089","4089","4089","4089","4089","4089","4089","4089","4089","4089","4089","4089","4089","4089","4089","4089","4089","4089","4089","4089","4089","4089","4089","4089","4089","4089","4089","4089","4089","4089","4089","4089","4089","4089","4089","4089","4089","4089","4089","4089","4089","4089","4089"
"NAME2","SMAD4, DPC4, JIP, MADH4, MYHRS","SMAD4, DPC4, JIP, MADH4, MYHRS","SMAD4, DPC4, JIP, MADH4, MYHRS","SMAD4, DPC4, JIP, MADH4, MYHRS","SMAD4, DPC4, JIP, MADH4, MYHRS","SMAD4, DPC4, JIP, MADH4, MYHRS","SMAD4, DPC4, JIP, MADH4, MYHRS","SMAD4, DPC4, JIP, MADH4, MYHRS","SMAD4, DPC4, JIP, MADH4, MYHRS","SMAD4, DPC4, JIP, MADH4, MYHRS","SMAD4, DPC4, JIP, MADH4, MYHRS","SMAD4, DPC4, JIP, MADH4, MYHRS","SMAD4, DPC4, JIP, MADH4, MYHRS","SMAD4, DPC4, JIP, MADH4, MYHRS","SMAD4, DPC4, JIP, MADH4, MYHRS","SMAD4, DPC4, JIP, MADH4, MYHRS","SMAD4, DPC4, JIP, MADH4, MYHRS","SMAD4, DPC4, JIP, MADH4, MYHRS","SMAD4, DPC4, JIP, MADH4, MYHRS","SMAD4, DPC4, JIP, MADH4, MYHRS","SMAD4, DPC4, JIP, MADH4, MYHRS","SMAD4, DPC4, JIP, MADH4, MYHRS","SMAD4, DPC4, JIP, MADH4, MYHRS","SMAD4, DPC4, JIP, MADH4, MYHRS","SMAD4, DPC4, JIP, MADH4, MYHRS","SMAD4, DPC4, JIP, MADH4, MYHRS","SMAD4, DPC4, JIP, MADH4, MYHRS","SMAD4, DPC4, JIP, MADH4, MYHRS","SMAD4, DPC4, JIP, MADH4, MYHRS","SMAD4, DPC4, JIP, MADH4, MYHRS","SMAD4, DPC4, JIP, MADH4, MYHRS","SMAD4, DPC4, JIP, MADH4, MYHRS","SMAD4, DPC4, JIP, MADH4, MYHRS","SMAD4, DPC4, JIP, MADH4, MYHRS","SMAD4, DPC4, JIP, MADH4, MYHRS","SMAD4, DPC4, JIP, MADH4, MYHRS","SMAD4, DPC4, JIP, MADH4, MYHRS","SMAD4, DPC4, JIP, MADH4, MYHRS","SMAD4, DPC4, JIP, MADH4, MYHRS","SMAD4, DPC4, JIP, MADH4, MYHRS","SMAD4, DPC4, JIP, MADH4, MYHRS","SMAD4, DPC4, JIP, MADH4, MYHRS","SMAD4, DPC4, JIP, MADH4, MYHRS","SMAD4, DPC4, JIP, MADH4, MYHRS","SMAD4, DPC4, JIP, MADH4, MYHRS","SMAD4, DPC4, JIP, MADH4, MYHRS","SMAD4, DPC4, JIP, MADH4, MYHRS","SMAD4, DPC4, JIP, MADH4, MYHRS","SMAD4, DPC4, JIP, MADH4, MYHRS"
"ORGANISM2","Homo sapiens (human)","Homo sapiens (human)","Homo sapiens (human)","Homo sapiens (human)","Homo sapiens (human)","Homo sapiens (human)","Homo sapiens (human)","Homo sapiens (human)","Homo sapiens (human)","Homo sapiens (human)","Homo sapiens (human)","Homo sapiens (human)","Homo sapiens (human)","Homo sapiens (human)","Homo sapiens (human)","Homo sapiens (human)","Homo sapiens (human)","Homo sapiens (human)","Homo sapiens (human)","Homo sapiens (human)","Homo sapiens (human)","Homo sapiens (human)","Homo sapiens (human)","Homo sapiens (human)","Homo sapiens (human)","Homo sapiens (human)","Homo sapiens (human)","Homo sapiens (human)","Homo sapiens (human)","Homo sapiens (human)","Homo sapiens (human)","Homo sapiens (human)","Homo sapiens (human)","Homo sapiens (human)","Homo sapiens (human)","Homo sapiens (human)","Homo sapiens (human)","Homo sapiens (human)","Homo sapiens (human)","Homo sapiens (human)","Homo sapiens (human)","Homo sapiens (human)","Homo sapiens (human)","Homo sapiens (human)","Homo sapiens (human)","Homo sapiens (human)","Homo sapiens (human)","Homo sapiens (human)","Homo sapiens (human)"
"PATHWAY2","FoxO signaling pathway","Cell cycle","Wnt signaling pathway","TGF-beta signaling pathway","Apelin signaling pathway","Hippo signaling pathway","Adherens junction","Signaling pathways regulating pluripotency of stem cells","Th17 cell differentiation","AGE-RAGE signaling pathway in diabetic complications","Hepatitis B","Human T-cell leukemia virus 1 infection","Pathways in cancer","Colorectal cancer","Pancreatic cancer","Chronic myeloid leukemia","Hepatocellular carcinoma","Gastric cancer","FoxO signaling pathway","Cell cycle","Wnt signaling pathway","TGF-beta signaling pathway","Apelin signaling pathway","Hippo signaling pathway","Adherens junction","Signaling pathways regulating pluripotency of stem cells","Th17 cell differentiation","AGE-RAGE signaling pathway in diabetic complications","Hepatitis B","Human T-cell leukemia virus 1 infection","Pathways in cancer","Colorectal cancer","Pancreatic cancer","Chronic myeloid leukemia","Hepatocellular carcinoma","Gastric cancer","FoxO signaling pathway","Cell cycle","Wnt signaling pathway","TGF-beta signaling pathway","Apelin signaling pathway","Hippo signaling pathway","Adherens junction","Signaling pathways regulating pluripotency of stem cells","Th17 cell differentiation","AGE-RAGE signaling pathway in diabetic complications","Hepatitis B","Human T-cell leukemia virus 1 infection","Pathways in cancer"
"BRITE2","KEGG Orthology (KO) [BR:hsa00001]"," 09130 Environmental Information Processing","  09132 Signal transduction","   04310 Wnt signaling pathway","    4089 (SMAD4)","   04350 TGF-beta signaling pathway","    4089 (SMAD4)","   04390 Hippo signaling pathway","    4089 (SMAD4)","   04371 Apelin signaling pathway","    4089 (SMAD4)","   04068 FoxO signaling pathway","    4089 (SMAD4)"," 09140 Cellular Processes","  09143 Cell growth and death","   04110 Cell cycle","    4089 (SMAD4)","  09144 Cellular community - eukaryotes","   04520 Adherens junction","    4089 (SMAD4)","   04550 Signaling pathways regulating pluripotency of stem cells","    4089 (SMAD4)"," 09150 Organismal Systems","  09151 Immune system","   04659 Th17 cell differentiation","    4089 (SMAD4)"," 09160 Human Diseases","  09161 Cancer: overview","   05200 Pathways in cancer","    4089 (SMAD4)","  09162 Cancer: specific types","   05210 Colorectal cancer","    4089 (SMAD4)","   05212 Pancreatic cancer","    4089 (SMAD4)","   05225 Hepatocellular carcinoma","    4089 (SMAD4)","   05226 Gastric cancer","    4089 (SMAD4)","   05220 Chronic myeloid leukemia","    4089 (SMAD4)","  09167 Endocrine and metabolic disease","   04933 AGE-RAGE signaling pathway in diabetic complications","    4089 (SMAD4)","  09172 Infectious disease: viral","   05166 Human T-cell leukemia virus 1 infection","    4089 (SMAD4)","   05161 Hepatitis B","    4089 (SMAD4)"
"STRUCTURE2","PDB: 5MEY 1YGS 5C4V 1U7F 1DD1 1U7V 1MR1 5MEZ 1G88 5MF0","PDB: 5MEY 1YGS 5C4V 1U7F 1DD1 1U7V 1MR1 5MEZ 1G88 5MF0","PDB: 5MEY 1YGS 5C4V 1U7F 1DD1 1U7V 1MR1 5MEZ 1G88 5MF0","PDB: 5MEY 1YGS 5C4V 1U7F 1DD1 1U7V 1MR1 5MEZ 1G88 5MF0","PDB: 5MEY 1YGS 5C4V 1U7F 1DD1 1U7V 1MR1 5MEZ 1G88 5MF0","PDB: 5MEY 1YGS 5C4V 1U7F 1DD1 1U7V 1MR1 5MEZ 1G88 5MF0","PDB: 5MEY 1YGS 5C4V 1U7F 1DD1 1U7V 1MR1 5MEZ 1G88 5MF0","PDB: 5MEY 1YGS 5C4V 1U7F 1DD1 1U7V 1MR1 5MEZ 1G88 5MF0","PDB: 5MEY 1YGS 5C4V 1U7F 1DD1 1U7V 1MR1 5MEZ 1G88 5MF0","PDB: 5MEY 1YGS 5C4V 1U7F 1DD1 1U7V 1MR1 5MEZ 1G88 5MF0","PDB: 5MEY 1YGS 5C4V 1U7F 1DD1 1U7V 1MR1 5MEZ 1G88 5MF0","PDB: 5MEY 1YGS 5C4V 1U7F 1DD1 1U7V 1MR1 5MEZ 1G88 5MF0","PDB: 5MEY 1YGS 5C4V 1U7F 1DD1 1U7V 1MR1 5MEZ 1G88 5MF0","PDB: 5MEY 1YGS 5C4V 1U7F 1DD1 1U7V 1MR1 5MEZ 1G88 5MF0","PDB: 5MEY 1YGS 5C4V 1U7F 1DD1 1U7V 1MR1 5MEZ 1G88 5MF0","PDB: 5MEY 1YGS 5C4V 1U7F 1DD1 1U7V 1MR1 5MEZ 1G88 5MF0","PDB: 5MEY 1YGS 5C4V 1U7F 1DD1 1U7V 1MR1 5MEZ 1G88 5MF0","PDB: 5MEY 1YGS 5C4V 1U7F 1DD1 1U7V 1MR1 5MEZ 1G88 5MF0","PDB: 5MEY 1YGS 5C4V 1U7F 1DD1 1U7V 1MR1 5MEZ 1G88 5MF0","PDB: 5MEY 1YGS 5C4V 1U7F 1DD1 1U7V 1MR1 5MEZ 1G88 5MF0","PDB: 5MEY 1YGS 5C4V 1U7F 1DD1 1U7V 1MR1 5MEZ 1G88 5MF0","PDB: 5MEY 1YGS 5C4V 1U7F 1DD1 1U7V 1MR1 5MEZ 1G88 5MF0","PDB: 5MEY 1YGS 5C4V 1U7F 1DD1 1U7V 1MR1 5MEZ 1G88 5MF0","PDB: 5MEY 1YGS 5C4V 1U7F 1DD1 1U7V 1MR1 5MEZ 1G88 5MF0","PDB: 5MEY 1YGS 5C4V 1U7F 1DD1 1U7V 1MR1 5MEZ 1G88 5MF0","PDB: 5MEY 1YGS 5C4V 1U7F 1DD1 1U7V 1MR1 5MEZ 1G88 5MF0","PDB: 5MEY 1YGS 5C4V 1U7F 1DD1 1U7V 1MR1 5MEZ 1G88 5MF0","PDB: 5MEY 1YGS 5C4V 1U7F 1DD1 1U7V 1MR1 5MEZ 1G88 5MF0","PDB: 5MEY 1YGS 5C4V 1U7F 1DD1 1U7V 1MR1 5MEZ 1G88 5MF0","PDB: 5MEY 1YGS 5C4V 1U7F 1DD1 1U7V 1MR1 5MEZ 1G88 5MF0","PDB: 5MEY 1YGS 5C4V 1U7F 1DD1 1U7V 1MR1 5MEZ 1G88 5MF0","PDB: 5MEY 1YGS 5C4V 1U7F 1DD1 1U7V 1MR1 5MEZ 1G88 5MF0","PDB: 5MEY 1YGS 5C4V 1U7F 1DD1 1U7V 1MR1 5MEZ 1G88 5MF0","PDB: 5MEY 1YGS 5C4V 1U7F 1DD1 1U7V 1MR1 5MEZ 1G88 5MF0","PDB: 5MEY 1YGS 5C4V 1U7F 1DD1 1U7V 1MR1 5MEZ 1G88 5MF0","PDB: 5MEY 1YGS 5C4V 1U7F 1DD1 1U7V 1MR1 5MEZ 1G88 5MF0","PDB: 5MEY 1YGS 5C4V 1U7F 1DD1 1U7V 1MR1 5MEZ 1G88 5MF0","PDB: 5MEY 1YGS 5C4V 1U7F 1DD1 1U7V 1MR1 5MEZ 1G88 5MF0","PDB: 5MEY 1YGS 5C4V 1U7F 1DD1 1U7V 1MR1 5MEZ 1G88 5MF0","PDB: 5MEY 1YGS 5C4V 1U7F 1DD1 1U7V 1MR1 5MEZ 1G88 5MF0","PDB: 5MEY 1YGS 5C4V 1U7F 1DD1 1U7V 1MR1 5MEZ 1G88 5MF0","PDB: 5MEY 1YGS 5C4V 1U7F 1DD1 1U7V 1MR1 5MEZ 1G88 5MF0","PDB: 5MEY 1YGS 5C4V 1U7F 1DD1 1U7V 1MR1 5MEZ 1G88 5MF0","PDB: 5MEY 1YGS 5C4V 1U7F 1DD1 1U7V 1MR1 5MEZ 1G88 5MF0","PDB: 5MEY 1YGS 5C4V 1U7F 1DD1 1U7V 1MR1 5MEZ 1G88 5MF0","PDB: 5MEY 1YGS 5C4V 1U7F 1DD1 1U7V 1MR1 5MEZ 1G88 5MF0","PDB: 5MEY 1YGS 5C4V 1U7F 1DD1 1U7V 1MR1 5MEZ 1G88 5MF0","PDB: 5MEY 1YGS 5C4V 1U7F 1DD1 1U7V 1MR1 5MEZ 1G88 5MF0","PDB: 5MEY 1YGS 5C4V 1U7F 1DD1 1U7V 1MR1 5MEZ 1G88 5MF0"
