"","V1","V2","V3","V4","V5","V6","V7","V8","V9","V10","V11","V12","V13","V14","V15","V16","V17","V18","V19","V20","V21","V22","V23","V24","V25","V26","V27","V28","V29","V30"
"ENTRY2","4851","4851","4851","4851","4851","4851","4851","4851","4851","4851","4851","4851","4851","4851","4851","4851","4851","4851","4851","4851","4851","4851","4851","4851","4851","4851","4851","4851","4851","4851"
"NAME2","NOTCH1, AOS5, AOVD1, TAN1, hN1","NOTCH1, AOS5, AOVD1, TAN1, hN1","NOTCH1, AOS5, AOVD1, TAN1, hN1","NOTCH1, AOS5, AOVD1, TAN1, hN1","NOTCH1, AOS5, AOVD1, TAN1, hN1","NOTCH1, AOS5, AOVD1, TAN1, hN1","NOTCH1, AOS5, AOVD1, TAN1, hN1","NOTCH1, AOS5, AOVD1, TAN1, hN1","NOTCH1, AOS5, AOVD1, TAN1, hN1","NOTCH1, AOS5, AOVD1, TAN1, hN1","NOTCH1, AOS5, AOVD1, TAN1, hN1","NOTCH1, AOS5, AOVD1, TAN1, hN1","NOTCH1, AOS5, AOVD1, TAN1, hN1","NOTCH1, AOS5, AOVD1, TAN1, hN1","NOTCH1, AOS5, AOVD1, TAN1, hN1","NOTCH1, AOS5, AOVD1, TAN1, hN1","NOTCH1, AOS5, AOVD1, TAN1, hN1","NOTCH1, AOS5, AOVD1, TAN1, hN1","NOTCH1, AOS5, AOVD1, TAN1, hN1","NOTCH1, AOS5, AOVD1, TAN1, hN1","NOTCH1, AOS5, AOVD1, TAN1, hN1","NOTCH1, AOS5, AOVD1, TAN1, hN1","NOTCH1, AOS5, AOVD1, TAN1, hN1","NOTCH1, AOS5, AOVD1, TAN1, hN1","NOTCH1, AOS5, AOVD1, TAN1, hN1","NOTCH1, AOS5, AOVD1, TAN1, hN1","NOTCH1, AOS5, AOVD1, TAN1, hN1","NOTCH1, AOS5, AOVD1, TAN1, hN1","NOTCH1, AOS5, AOVD1, TAN1, hN1","NOTCH1, AOS5, AOVD1, TAN1, hN1"
"ORGANISM2","Homo sapiens (human)","Homo sapiens (human)","Homo sapiens (human)","Homo sapiens (human)","Homo sapiens (human)","Homo sapiens (human)","Homo sapiens (human)","Homo sapiens (human)","Homo sapiens (human)","Homo sapiens (human)","Homo sapiens (human)","Homo sapiens (human)","Homo sapiens (human)","Homo sapiens (human)","Homo sapiens (human)","Homo sapiens (human)","Homo sapiens (human)","Homo sapiens (human)","Homo sapiens (human)","Homo sapiens (human)","Homo sapiens (human)","Homo sapiens (human)","Homo sapiens (human)","Homo sapiens (human)","Homo sapiens (human)","Homo sapiens (human)","Homo sapiens (human)","Homo sapiens (human)","Homo sapiens (human)","Homo sapiens (human)"
"PATHWAY2","Endocrine resistance","Notch signaling pathway","Th1 and Th2 cell differentiation","Thyroid hormone signaling pathway","Prion diseases","Human papillomavirus infection","Pathways in cancer","MicroRNAs in cancer","Breast cancer","Endocrine resistance","Notch signaling pathway","Th1 and Th2 cell differentiation","Thyroid hormone signaling pathway","Prion diseases","Human papillomavirus infection","Pathways in cancer","MicroRNAs in cancer","Breast cancer","Endocrine resistance","Notch signaling pathway","Th1 and Th2 cell differentiation","Thyroid hormone signaling pathway","Prion diseases","Human papillomavirus infection","Pathways in cancer","MicroRNAs in cancer","Breast cancer","Endocrine resistance","Notch signaling pathway","Th1 and Th2 cell differentiation"
"BRITE2","KEGG Orthology (KO) [BR:hsa00001]"," 09130 Environmental Information Processing","  09132 Signal transduction","   04330 Notch signaling pathway","    4851 (NOTCH1)"," 09150 Organismal Systems","  09151 Immune system","   04658 Th1 and Th2 cell differentiation","    4851 (NOTCH1)","  09152 Endocrine system","   04919 Thyroid hormone signaling pathway","    4851 (NOTCH1)"," 09160 Human Diseases","  09161 Cancer: overview","   05200 Pathways in cancer","    4851 (NOTCH1)","   05206 MicroRNAs in cancer","    4851 (NOTCH1)","  09162 Cancer: specific types","   05224 Breast cancer","    4851 (NOTCH1)","  09164 Neurodegenerative disease","   05020 Prion diseases","    4851 (NOTCH1)","  09172 Infectious disease: viral","   05165 Human papillomavirus infection","    4851 (NOTCH1)","  09176 Drug resistance: antineoplastic","   01522 Endocrine resistance","    4851 (NOTCH1)"
"STRUCTURE2","PDB: 5L0R 2F8Y 4D0E 4CUD 2HE0 1YYH 3ETO 5UB5 3L95 4CUF 5FMA","     2VJ3 6IDF 4D0F 5FM9 4CUE 3I08 2F8X 3NBN 6PY8 3V79 5KZO","     1TOZ 1PB5","PDB: 5L0R 2F8Y 4D0E 4CUD 2HE0 1YYH 3ETO 5UB5 3L95 4CUF 5FMA","     2VJ3 6IDF 4D0F 5FM9 4CUE 3I08 2F8X 3NBN 6PY8 3V79 5KZO","     1TOZ 1PB5","PDB: 5L0R 2F8Y 4D0E 4CUD 2HE0 1YYH 3ETO 5UB5 3L95 4CUF 5FMA","     2VJ3 6IDF 4D0F 5FM9 4CUE 3I08 2F8X 3NBN 6PY8 3V79 5KZO","     1TOZ 1PB5","PDB: 5L0R 2F8Y 4D0E 4CUD 2HE0 1YYH 3ETO 5UB5 3L95 4CUF 5FMA","     2VJ3 6IDF 4D0F 5FM9 4CUE 3I08 2F8X 3NBN 6PY8 3V79 5KZO","     1TOZ 1PB5","PDB: 5L0R 2F8Y 4D0E 4CUD 2HE0 1YYH 3ETO 5UB5 3L95 4CUF 5FMA","     2VJ3 6IDF 4D0F 5FM9 4CUE 3I08 2F8X 3NBN 6PY8 3V79 5KZO","     1TOZ 1PB5","PDB: 5L0R 2F8Y 4D0E 4CUD 2HE0 1YYH 3ETO 5UB5 3L95 4CUF 5FMA","     2VJ3 6IDF 4D0F 5FM9 4CUE 3I08 2F8X 3NBN 6PY8 3V79 5KZO","     1TOZ 1PB5","PDB: 5L0R 2F8Y 4D0E 4CUD 2HE0 1YYH 3ETO 5UB5 3L95 4CUF 5FMA","     2VJ3 6IDF 4D0F 5FM9 4CUE 3I08 2F8X 3NBN 6PY8 3V79 5KZO","     1TOZ 1PB5","PDB: 5L0R 2F8Y 4D0E 4CUD 2HE0 1YYH 3ETO 5UB5 3L95 4CUF 5FMA","     2VJ3 6IDF 4D0F 5FM9 4CUE 3I08 2F8X 3NBN 6PY8 3V79 5KZO","     1TOZ 1PB5","PDB: 5L0R 2F8Y 4D0E 4CUD 2HE0 1YYH 3ETO 5UB5 3L95 4CUF 5FMA","     2VJ3 6IDF 4D0F 5FM9 4CUE 3I08 2F8X 3NBN 6PY8 3V79 5KZO","     1TOZ 1PB5","PDB: 5L0R 2F8Y 4D0E 4CUD 2HE0 1YYH 3ETO 5UB5 3L95 4CUF 5FMA","     2VJ3 6IDF 4D0F 5FM9 4CUE 3I08 2F8X 3NBN 6PY8 3V79 5KZO","     1TOZ 1PB5"
