"","V1","V2","V3","V4","V5","V6","V7","V8","V9","V10","V11","V12","V13","V14","V15","V16","V17","V18","V19","V20","V21","V22","V23","V24","V25","V26","V27","V28","V29","V30","V31","V32","V33","V34","V35","V36","V37","V38","V39","V40","V41"
"ENTRY2","4644","4644","4644","4644","4644","4644","4644","4644","4644","4644","4644","4644","4644","4644","4644","4644","4644","4644","4644","4644","4644","4644","4644","4644","4644","4644","4644","4644","4644","4644","4644","4644","4644","4644","4644","4644","4644","4644","4644","4644","4644"
"NAME2","MYO5A, GS1, MYH12, MYO5, MYR12","MYO5A, GS1, MYH12, MYO5, MYR12","MYO5A, GS1, MYH12, MYO5, MYR12","MYO5A, GS1, MYH12, MYO5, MYR12","MYO5A, GS1, MYH12, MYO5, MYR12","MYO5A, GS1, MYH12, MYO5, MYR12","MYO5A, GS1, MYH12, MYO5, MYR12","MYO5A, GS1, MYH12, MYO5, MYR12","MYO5A, GS1, MYH12, MYO5, MYR12","MYO5A, GS1, MYH12, MYO5, MYR12","MYO5A, GS1, MYH12, MYO5, MYR12","MYO5A, GS1, MYH12, MYO5, MYR12","MYO5A, GS1, MYH12, MYO5, MYR12","MYO5A, GS1, MYH12, MYO5, MYR12","MYO5A, GS1, MYH12, MYO5, MYR12","MYO5A, GS1, MYH12, MYO5, MYR12","MYO5A, GS1, MYH12, MYO5, MYR12","MYO5A, GS1, MYH12, MYO5, MYR12","MYO5A, GS1, MYH12, MYO5, MYR12","MYO5A, GS1, MYH12, MYO5, MYR12","MYO5A, GS1, MYH12, MYO5, MYR12","MYO5A, GS1, MYH12, MYO5, MYR12","MYO5A, GS1, MYH12, MYO5, MYR12","MYO5A, GS1, MYH12, MYO5, MYR12","MYO5A, GS1, MYH12, MYO5, MYR12","MYO5A, GS1, MYH12, MYO5, MYR12","MYO5A, GS1, MYH12, MYO5, MYR12","MYO5A, GS1, MYH12, MYO5, MYR12","MYO5A, GS1, MYH12, MYO5, MYR12","MYO5A, GS1, MYH12, MYO5, MYR12","MYO5A, GS1, MYH12, MYO5, MYR12","MYO5A, GS1, MYH12, MYO5, MYR12","MYO5A, GS1, MYH12, MYO5, MYR12","MYO5A, GS1, MYH12, MYO5, MYR12","MYO5A, GS1, MYH12, MYO5, MYR12","MYO5A, GS1, MYH12, MYO5, MYR12","MYO5A, GS1, MYH12, MYO5, MYR12","MYO5A, GS1, MYH12, MYO5, MYR12","MYO5A, GS1, MYH12, MYO5, MYR12","MYO5A, GS1, MYH12, MYO5, MYR12","MYO5A, GS1, MYH12, MYO5, MYR12"
"ORGANISM2","Homo sapiens (human)","Homo sapiens (human)","Homo sapiens (human)","Homo sapiens (human)","Homo sapiens (human)","Homo sapiens (human)","Homo sapiens (human)","Homo sapiens (human)","Homo sapiens (human)","Homo sapiens (human)","Homo sapiens (human)","Homo sapiens (human)","Homo sapiens (human)","Homo sapiens (human)","Homo sapiens (human)","Homo sapiens (human)","Homo sapiens (human)","Homo sapiens (human)","Homo sapiens (human)","Homo sapiens (human)","Homo sapiens (human)","Homo sapiens (human)","Homo sapiens (human)","Homo sapiens (human)","Homo sapiens (human)","Homo sapiens (human)","Homo sapiens (human)","Homo sapiens (human)","Homo sapiens (human)","Homo sapiens (human)","Homo sapiens (human)","Homo sapiens (human)","Homo sapiens (human)","Homo sapiens (human)","Homo sapiens (human)","Homo sapiens (human)","Homo sapiens (human)","Homo sapiens (human)","Homo sapiens (human)","Homo sapiens (human)","Homo sapiens (human)"
"PATHWAY2","Pathogenic Escherichia coli infection","Pathogenic Escherichia coli infection","Pathogenic Escherichia coli infection","Pathogenic Escherichia coli infection","Pathogenic Escherichia coli infection","Pathogenic Escherichia coli infection","Pathogenic Escherichia coli infection","Pathogenic Escherichia coli infection","Pathogenic Escherichia coli infection","Pathogenic Escherichia coli infection","Pathogenic Escherichia coli infection","Pathogenic Escherichia coli infection","Pathogenic Escherichia coli infection","Pathogenic Escherichia coli infection","Pathogenic Escherichia coli infection","Pathogenic Escherichia coli infection","Pathogenic Escherichia coli infection","Pathogenic Escherichia coli infection","Pathogenic Escherichia coli infection","Pathogenic Escherichia coli infection","Pathogenic Escherichia coli infection","Pathogenic Escherichia coli infection","Pathogenic Escherichia coli infection","Pathogenic Escherichia coli infection","Pathogenic Escherichia coli infection","Pathogenic Escherichia coli infection","Pathogenic Escherichia coli infection","Pathogenic Escherichia coli infection","Pathogenic Escherichia coli infection","Pathogenic Escherichia coli infection","Pathogenic Escherichia coli infection","Pathogenic Escherichia coli infection","Pathogenic Escherichia coli infection","Pathogenic Escherichia coli infection","Pathogenic Escherichia coli infection","Pathogenic Escherichia coli infection","Pathogenic Escherichia coli infection","Pathogenic Escherichia coli infection","Pathogenic Escherichia coli infection","Pathogenic Escherichia coli infection","Pathogenic Escherichia coli infection"
"BRITE2","KEGG Orthology (KO) [BR:hsa00001]"," 09160 Human Diseases","  09171 Infectious disease: bacterial","   05130 Pathogenic Escherichia coli infection","    4644 (MYO5A)"," 09180 Brite Hierarchies","  09182 Protein families: genetic information processing","   03019 Messenger RNA biogenesis [BR:hsa03019]","    4644 (MYO5A)","   04131 Membrane trafficking [BR:hsa04131]","    4644 (MYO5A)","   03029 Mitochondrial biogenesis [BR:hsa03029]","    4644 (MYO5A)","  09183 Protein families: signaling and cellular processes","   04812 Cytoskeleton proteins [BR:hsa04812]","    4644 (MYO5A)","Messenger RNA biogenesis [BR:hsa03019]"," Eukaryotic type","  mRNA surveillance and transport factors","   Factors involved in mRNA localization","    Cargo complex","     4644 (MYO5A)","   mRNA cycle factors","    P-body specific factors","     4644 (MYO5A)","Membrane trafficking [BR:hsa04131]"," Others","  Actin-binding proteins","   Myosins","    4644 (MYO5A)","Mitochondrial biogenesis [BR:hsa03029]"," Mitochondrial quality control factors","  Mitochondrial dynamics","   Retention of mitochondria","    4644 (MYO5A)","Cytoskeleton proteins [BR:hsa04812]"," Eukaryotic cytoskeleton proteins","  Actin filaments / Microfilaments","   Actin-binding proteins","    Myosins","     4644 (MYO5A)"
"STRUCTURE2","PDB: 4LX2 5JCY 4D07 4LX1 5JCZ 4LLI 4J5L","PDB: 4LX2 5JCY 4D07 4LX1 5JCZ 4LLI 4J5L","PDB: 4LX2 5JCY 4D07 4LX1 5JCZ 4LLI 4J5L","PDB: 4LX2 5JCY 4D07 4LX1 5JCZ 4LLI 4J5L","PDB: 4LX2 5JCY 4D07 4LX1 5JCZ 4LLI 4J5L","PDB: 4LX2 5JCY 4D07 4LX1 5JCZ 4LLI 4J5L","PDB: 4LX2 5JCY 4D07 4LX1 5JCZ 4LLI 4J5L","PDB: 4LX2 5JCY 4D07 4LX1 5JCZ 4LLI 4J5L","PDB: 4LX2 5JCY 4D07 4LX1 5JCZ 4LLI 4J5L","PDB: 4LX2 5JCY 4D07 4LX1 5JCZ 4LLI 4J5L","PDB: 4LX2 5JCY 4D07 4LX1 5JCZ 4LLI 4J5L","PDB: 4LX2 5JCY 4D07 4LX1 5JCZ 4LLI 4J5L","PDB: 4LX2 5JCY 4D07 4LX1 5JCZ 4LLI 4J5L","PDB: 4LX2 5JCY 4D07 4LX1 5JCZ 4LLI 4J5L","PDB: 4LX2 5JCY 4D07 4LX1 5JCZ 4LLI 4J5L","PDB: 4LX2 5JCY 4D07 4LX1 5JCZ 4LLI 4J5L","PDB: 4LX2 5JCY 4D07 4LX1 5JCZ 4LLI 4J5L","PDB: 4LX2 5JCY 4D07 4LX1 5JCZ 4LLI 4J5L","PDB: 4LX2 5JCY 4D07 4LX1 5JCZ 4LLI 4J5L","PDB: 4LX2 5JCY 4D07 4LX1 5JCZ 4LLI 4J5L","PDB: 4LX2 5JCY 4D07 4LX1 5JCZ 4LLI 4J5L","PDB: 4LX2 5JCY 4D07 4LX1 5JCZ 4LLI 4J5L","PDB: 4LX2 5JCY 4D07 4LX1 5JCZ 4LLI 4J5L","PDB: 4LX2 5JCY 4D07 4LX1 5JCZ 4LLI 4J5L","PDB: 4LX2 5JCY 4D07 4LX1 5JCZ 4LLI 4J5L","PDB: 4LX2 5JCY 4D07 4LX1 5JCZ 4LLI 4J5L","PDB: 4LX2 5JCY 4D07 4LX1 5JCZ 4LLI 4J5L","PDB: 4LX2 5JCY 4D07 4LX1 5JCZ 4LLI 4J5L","PDB: 4LX2 5JCY 4D07 4LX1 5JCZ 4LLI 4J5L","PDB: 4LX2 5JCY 4D07 4LX1 5JCZ 4LLI 4J5L","PDB: 4LX2 5JCY 4D07 4LX1 5JCZ 4LLI 4J5L","PDB: 4LX2 5JCY 4D07 4LX1 5JCZ 4LLI 4J5L","PDB: 4LX2 5JCY 4D07 4LX1 5JCZ 4LLI 4J5L","PDB: 4LX2 5JCY 4D07 4LX1 5JCZ 4LLI 4J5L","PDB: 4LX2 5JCY 4D07 4LX1 5JCZ 4LLI 4J5L","PDB: 4LX2 5JCY 4D07 4LX1 5JCZ 4LLI 4J5L","PDB: 4LX2 5JCY 4D07 4LX1 5JCZ 4LLI 4J5L","PDB: 4LX2 5JCY 4D07 4LX1 5JCZ 4LLI 4J5L","PDB: 4LX2 5JCY 4D07 4LX1 5JCZ 4LLI 4J5L","PDB: 4LX2 5JCY 4D07 4LX1 5JCZ 4LLI 4J5L","PDB: 4LX2 5JCY 4D07 4LX1 5JCZ 4LLI 4J5L"
