"","V1","V2","V3","V4","V5","V6","V7","V8","V9","V10","V11"
"ENTRY2","4763","4763","4763","4763","4763","4763","4763","4763","4763","4763","4763"
"NAME2","NF1, NFNS, VRNF, WSS","NF1, NFNS, VRNF, WSS","NF1, NFNS, VRNF, WSS","NF1, NFNS, VRNF, WSS","NF1, NFNS, VRNF, WSS","NF1, NFNS, VRNF, WSS","NF1, NFNS, VRNF, WSS","NF1, NFNS, VRNF, WSS","NF1, NFNS, VRNF, WSS","NF1, NFNS, VRNF, WSS","NF1, NFNS, VRNF, WSS"
"ORGANISM2","Homo sapiens (human)","Homo sapiens (human)","Homo sapiens (human)","Homo sapiens (human)","Homo sapiens (human)","Homo sapiens (human)","Homo sapiens (human)","Homo sapiens (human)","Homo sapiens (human)","Homo sapiens (human)","Homo sapiens (human)"
"PATHWAY2","EGFR tyrosine kinase inhibitor resistance","MAPK signaling pathway","Ras signaling pathway","EGFR tyrosine kinase inhibitor resistance","MAPK signaling pathway","Ras signaling pathway","EGFR tyrosine kinase inhibitor resistance","MAPK signaling pathway","Ras signaling pathway","EGFR tyrosine kinase inhibitor resistance","MAPK signaling pathway"
"BRITE2","KEGG Orthology (KO) [BR:hsa00001]"," 09130 Environmental Information Processing","  09132 Signal transduction","   04014 Ras signaling pathway","    4763 (NF1)","   04010 MAPK signaling pathway","    4763 (NF1)"," 09160 Human Diseases","  09176 Drug resistance: antineoplastic","   01521 EGFR tyrosine kinase inhibitor resistance","    4763 (NF1)"
"STRUCTURE2","PDB: 6OB3 3PG7 2D4Q 2E2X 1NF1 3PEG 3P7Z 6OB2","PDB: 6OB3 3PG7 2D4Q 2E2X 1NF1 3PEG 3P7Z 6OB2","PDB: 6OB3 3PG7 2D4Q 2E2X 1NF1 3PEG 3P7Z 6OB2","PDB: 6OB3 3PG7 2D4Q 2E2X 1NF1 3PEG 3P7Z 6OB2","PDB: 6OB3 3PG7 2D4Q 2E2X 1NF1 3PEG 3P7Z 6OB2","PDB: 6OB3 3PG7 2D4Q 2E2X 1NF1 3PEG 3P7Z 6OB2","PDB: 6OB3 3PG7 2D4Q 2E2X 1NF1 3PEG 3P7Z 6OB2","PDB: 6OB3 3PG7 2D4Q 2E2X 1NF1 3PEG 3P7Z 6OB2","PDB: 6OB3 3PG7 2D4Q 2E2X 1NF1 3PEG 3P7Z 6OB2","PDB: 6OB3 3PG7 2D4Q 2E2X 1NF1 3PEG 3P7Z 6OB2","PDB: 6OB3 3PG7 2D4Q 2E2X 1NF1 3PEG 3P7Z 6OB2"
