"","V1","V2","V3","V4","V5","V6","V7","V8","V9","V10","V11","V12","V13"
"ENTRY2","55504","55504","55504","55504","55504","55504","55504","55504","55504","55504","55504","55504","55504"
"NAME2","TNFRSF19, TAJ, TAJ-alpha, TRADE, TROY","TNFRSF19, TAJ, TAJ-alpha, TRADE, TROY","TNFRSF19, TAJ, TAJ-alpha, TRADE, TROY","TNFRSF19, TAJ, TAJ-alpha, TRADE, TROY","TNFRSF19, TAJ, TAJ-alpha, TRADE, TROY","TNFRSF19, TAJ, TAJ-alpha, TRADE, TROY","TNFRSF19, TAJ, TAJ-alpha, TRADE, TROY","TNFRSF19, TAJ, TAJ-alpha, TRADE, TROY","TNFRSF19, TAJ, TAJ-alpha, TRADE, TROY","TNFRSF19, TAJ, TAJ-alpha, TRADE, TROY","TNFRSF19, TAJ, TAJ-alpha, TRADE, TROY","TNFRSF19, TAJ, TAJ-alpha, TRADE, TROY","TNFRSF19, TAJ, TAJ-alpha, TRADE, TROY"
"ORGANISM2","Homo sapiens (human)","Homo sapiens (human)","Homo sapiens (human)","Homo sapiens (human)","Homo sapiens (human)","Homo sapiens (human)","Homo sapiens (human)","Homo sapiens (human)","Homo sapiens (human)","Homo sapiens (human)","Homo sapiens (human)","Homo sapiens (human)","Homo sapiens (human)"
"PATHWAY2","Cytokine-cytokine receptor interaction","Cytokine-cytokine receptor interaction","Cytokine-cytokine receptor interaction","Cytokine-cytokine receptor interaction","Cytokine-cytokine receptor interaction","Cytokine-cytokine receptor interaction","Cytokine-cytokine receptor interaction","Cytokine-cytokine receptor interaction","Cytokine-cytokine receptor interaction","Cytokine-cytokine receptor interaction","Cytokine-cytokine receptor interaction","Cytokine-cytokine receptor interaction","Cytokine-cytokine receptor interaction"
"BRITE2","KEGG Orthology (KO) [BR:hsa00001]"," 09130 Environmental Information Processing","  09133 Signaling molecules and interaction","   04060 Cytokine-cytokine receptor interaction","    55504 (TNFRSF19)"," 09180 Brite Hierarchies","  09183 Protein families: signaling and cellular processes","   04050 Cytokine receptors [BR:hsa04050]","    55504 (TNFRSF19)","Cytokine receptors [BR:hsa04050]"," Tumor necrosis factor receptors","  TNF receptor superfamily","   55504 (TNFRSF19)"
