"","V1","V2","V3","V4","V5","V6","V7","V8","V9","V10","V11","V12","V13","V14"
"ENTRY2","55366","55366","55366","55366","55366","55366","55366","55366","55366","55366","55366","55366","55366","55366"
"NAME2","LGR4, BNMD17, GPR48","LGR4, BNMD17, GPR48","LGR4, BNMD17, GPR48","LGR4, BNMD17, GPR48","LGR4, BNMD17, GPR48","LGR4, BNMD17, GPR48","LGR4, BNMD17, GPR48","LGR4, BNMD17, GPR48","LGR4, BNMD17, GPR48","LGR4, BNMD17, GPR48","LGR4, BNMD17, GPR48","LGR4, BNMD17, GPR48","LGR4, BNMD17, GPR48","LGR4, BNMD17, GPR48"
"ORGANISM2","Homo sapiens (human)","Homo sapiens (human)","Homo sapiens (human)","Homo sapiens (human)","Homo sapiens (human)","Homo sapiens (human)","Homo sapiens (human)","Homo sapiens (human)","Homo sapiens (human)","Homo sapiens (human)","Homo sapiens (human)","Homo sapiens (human)","Homo sapiens (human)","Homo sapiens (human)"
"PATHWAY2","Wnt signaling pathway","Wnt signaling pathway","Wnt signaling pathway","Wnt signaling pathway","Wnt signaling pathway","Wnt signaling pathway","Wnt signaling pathway","Wnt signaling pathway","Wnt signaling pathway","Wnt signaling pathway","Wnt signaling pathway","Wnt signaling pathway","Wnt signaling pathway","Wnt signaling pathway"
"BRITE2","KEGG Orthology (KO) [BR:hsa00001]"," 09130 Environmental Information Processing","  09132 Signal transduction","   04310 Wnt signaling pathway","    55366 (LGR4)"," 09180 Brite Hierarchies","  09183 Protein families: signaling and cellular processes","   04030 G protein-coupled receptors [BR:hsa04030]","    55366 (LGR4)","G protein-coupled receptors [BR:hsa04030]"," Rhodopsin family","  Others","   R-spondin","    55366 (LGR4)"
"STRUCTURE2","PDB: 4KT1","PDB: 4KT1","PDB: 4KT1","PDB: 4KT1","PDB: 4KT1","PDB: 4KT1","PDB: 4KT1","PDB: 4KT1","PDB: 4KT1","PDB: 4KT1","PDB: 4KT1","PDB: 4KT1","PDB: 4KT1","PDB: 4KT1"
