"","V1","V2","V3","V4","V5","V6","V7","V8","V9","V10","V11","V12","V13","V14","V15","V16"
"ENTRY2","5187","5187","5187","5187","5187","5187","5187","5187","5187","5187","5187","5187","5187","5187","5187","5187"
"NAME2","PER1, PER, RIGUI, hPER","PER1, PER, RIGUI, hPER","PER1, PER, RIGUI, hPER","PER1, PER, RIGUI, hPER","PER1, PER, RIGUI, hPER","PER1, PER, RIGUI, hPER","PER1, PER, RIGUI, hPER","PER1, PER, RIGUI, hPER","PER1, PER, RIGUI, hPER","PER1, PER, RIGUI, hPER","PER1, PER, RIGUI, hPER","PER1, PER, RIGUI, hPER","PER1, PER, RIGUI, hPER","PER1, PER, RIGUI, hPER","PER1, PER, RIGUI, hPER","PER1, PER, RIGUI, hPER"
"ORGANISM2","Homo sapiens (human)","Homo sapiens (human)","Homo sapiens (human)","Homo sapiens (human)","Homo sapiens (human)","Homo sapiens (human)","Homo sapiens (human)","Homo sapiens (human)","Homo sapiens (human)","Homo sapiens (human)","Homo sapiens (human)","Homo sapiens (human)","Homo sapiens (human)","Homo sapiens (human)","Homo sapiens (human)","Homo sapiens (human)"
"PATHWAY2","Circadian rhythm","Circadian entrainment","Circadian rhythm","Circadian entrainment","Circadian rhythm","Circadian entrainment","Circadian rhythm","Circadian entrainment","Circadian rhythm","Circadian entrainment","Circadian rhythm","Circadian entrainment","Circadian rhythm","Circadian entrainment","Circadian rhythm","Circadian entrainment"
"BRITE2","KEGG Orthology (KO) [BR:hsa00001]"," 09150 Organismal Systems","  09159 Environmental adaptation","   04710 Circadian rhythm","    5187 (PER1)","   04713 Circadian entrainment","    5187 (PER1)"," 09180 Brite Hierarchies","  09182 Protein families: genetic information processing","   03400 DNA repair and recombination proteins [BR:hsa03400]","    5187 (PER1)","DNA repair and recombination proteins [BR:hsa03400]"," Eukaryotic type","  Check point factors","   Other check point factors","    5187 (PER1)"
