"","V1","V2","V3","V4","V5","V6","V7","V8","V9","V10"
"ENTRY2","55612","55612","55612","55612","55612","55612","55612","55612","55612","55612"
"NAME2","FERMT1, C20orf42, DTGCU2, KIND1, UNC112A, URP1","FERMT1, C20orf42, DTGCU2, KIND1, UNC112A, URP1","FERMT1, C20orf42, DTGCU2, KIND1, UNC112A, URP1","FERMT1, C20orf42, DTGCU2, KIND1, UNC112A, URP1","FERMT1, C20orf42, DTGCU2, KIND1, UNC112A, URP1","FERMT1, C20orf42, DTGCU2, KIND1, UNC112A, URP1","FERMT1, C20orf42, DTGCU2, KIND1, UNC112A, URP1","FERMT1, C20orf42, DTGCU2, KIND1, UNC112A, URP1","FERMT1, C20orf42, DTGCU2, KIND1, UNC112A, URP1","FERMT1, C20orf42, DTGCU2, KIND1, UNC112A, URP1"
"ORGANISM2","Homo sapiens (human)","Homo sapiens (human)","Homo sapiens (human)","Homo sapiens (human)","Homo sapiens (human)","Homo sapiens (human)","Homo sapiens (human)","Homo sapiens (human)","Homo sapiens (human)","Homo sapiens (human)"
"BRITE2","KEGG Orthology (KO) [BR:hsa00001]"," 09180 Brite Hierarchies","  09182 Protein families: genetic information processing","   03036 Chromosome and associated proteins [BR:hsa03036]","    55612 (FERMT1)","Chromosome and associated proteins [BR:hsa03036]"," Eukaryotic type","  Centrosome formation and ciliogenesis proteins","   Spindle formation proteins","    55612 (FERMT1)"
