"","V1","V2","V3","V4","V5","V6","V7","V8","V9","V10","V11","V12","V13","V14","V15","V16","V17","V18","V19","V20","V21","V22","V23","V24","V25","V26","V27","V28","V29","V30","V31","V32"
"ENTRY2","5467","5467","5467","5467","5467","5467","5467","5467","5467","5467","5467","5467","5467","5467","5467","5467","5467","5467","5467","5467","5467","5467","5467","5467","5467","5467","5467","5467","5467","5467","5467","5467"
"NAME2","PPARD, FAAR, NR1C2, NUC1, NUCI, NUCII, PPARB","PPARD, FAAR, NR1C2, NUC1, NUCI, NUCII, PPARB","PPARD, FAAR, NR1C2, NUC1, NUCI, NUCII, PPARB","PPARD, FAAR, NR1C2, NUC1, NUCI, NUCII, PPARB","PPARD, FAAR, NR1C2, NUC1, NUCI, NUCII, PPARB","PPARD, FAAR, NR1C2, NUC1, NUCI, NUCII, PPARB","PPARD, FAAR, NR1C2, NUC1, NUCI, NUCII, PPARB","PPARD, FAAR, NR1C2, NUC1, NUCI, NUCII, PPARB","PPARD, FAAR, NR1C2, NUC1, NUCI, NUCII, PPARB","PPARD, FAAR, NR1C2, NUC1, NUCI, NUCII, PPARB","PPARD, FAAR, NR1C2, NUC1, NUCI, NUCII, PPARB","PPARD, FAAR, NR1C2, NUC1, NUCI, NUCII, PPARB","PPARD, FAAR, NR1C2, NUC1, NUCI, NUCII, PPARB","PPARD, FAAR, NR1C2, NUC1, NUCI, NUCII, PPARB","PPARD, FAAR, NR1C2, NUC1, NUCI, NUCII, PPARB","PPARD, FAAR, NR1C2, NUC1, NUCI, NUCII, PPARB","PPARD, FAAR, NR1C2, NUC1, NUCI, NUCII, PPARB","PPARD, FAAR, NR1C2, NUC1, NUCI, NUCII, PPARB","PPARD, FAAR, NR1C2, NUC1, NUCI, NUCII, PPARB","PPARD, FAAR, NR1C2, NUC1, NUCI, NUCII, PPARB","PPARD, FAAR, NR1C2, NUC1, NUCI, NUCII, PPARB","PPARD, FAAR, NR1C2, NUC1, NUCI, NUCII, PPARB","PPARD, FAAR, NR1C2, NUC1, NUCI, NUCII, PPARB","PPARD, FAAR, NR1C2, NUC1, NUCI, NUCII, PPARB","PPARD, FAAR, NR1C2, NUC1, NUCI, NUCII, PPARB","PPARD, FAAR, NR1C2, NUC1, NUCI, NUCII, PPARB","PPARD, FAAR, NR1C2, NUC1, NUCI, NUCII, PPARB","PPARD, FAAR, NR1C2, NUC1, NUCI, NUCII, PPARB","PPARD, FAAR, NR1C2, NUC1, NUCI, NUCII, PPARB","PPARD, FAAR, NR1C2, NUC1, NUCI, NUCII, PPARB","PPARD, FAAR, NR1C2, NUC1, NUCI, NUCII, PPARB","PPARD, FAAR, NR1C2, NUC1, NUCI, NUCII, PPARB"
"ORGANISM2","Homo sapiens (human)","Homo sapiens (human)","Homo sapiens (human)","Homo sapiens (human)","Homo sapiens (human)","Homo sapiens (human)","Homo sapiens (human)","Homo sapiens (human)","Homo sapiens (human)","Homo sapiens (human)","Homo sapiens (human)","Homo sapiens (human)","Homo sapiens (human)","Homo sapiens (human)","Homo sapiens (human)","Homo sapiens (human)","Homo sapiens (human)","Homo sapiens (human)","Homo sapiens (human)","Homo sapiens (human)","Homo sapiens (human)","Homo sapiens (human)","Homo sapiens (human)","Homo sapiens (human)","Homo sapiens (human)","Homo sapiens (human)","Homo sapiens (human)","Homo sapiens (human)","Homo sapiens (human)","Homo sapiens (human)","Homo sapiens (human)","Homo sapiens (human)"
"PATHWAY2","PPAR signaling pathway","Wnt signaling pathway","Pathways in cancer","Acute myeloid leukemia","PPAR signaling pathway","Wnt signaling pathway","Pathways in cancer","Acute myeloid leukemia","PPAR signaling pathway","Wnt signaling pathway","Pathways in cancer","Acute myeloid leukemia","PPAR signaling pathway","Wnt signaling pathway","Pathways in cancer","Acute myeloid leukemia","PPAR signaling pathway","Wnt signaling pathway","Pathways in cancer","Acute myeloid leukemia","PPAR signaling pathway","Wnt signaling pathway","Pathways in cancer","Acute myeloid leukemia","PPAR signaling pathway","Wnt signaling pathway","Pathways in cancer","Acute myeloid leukemia","PPAR signaling pathway","Wnt signaling pathway","Pathways in cancer","Acute myeloid leukemia"
"BRITE2","KEGG Orthology (KO) [BR:hsa00001]"," 09130 Environmental Information Processing","  09132 Signal transduction","   04310 Wnt signaling pathway","    5467 (PPARD)"," 09150 Organismal Systems","  09152 Endocrine system","   03320 PPAR signaling pathway","    5467 (PPARD)"," 09160 Human Diseases","  09161 Cancer: overview","   05200 Pathways in cancer","    5467 (PPARD)","  09162 Cancer: specific types","   05221 Acute myeloid leukemia","    5467 (PPARD)"," 09180 Brite Hierarchies","  09182 Protein families: genetic information processing","   03000 Transcription factors [BR:hsa03000]","    5467 (PPARD)","  09183 Protein families: signaling and cellular processes","   03310 Nuclear receptors [BR:hsa03310]","    5467 (PPARD)","Transcription factors [BR:hsa03000]"," Eukaryotic type","  Zinc finger","   Cys4 thyroid hormone-like","    5467 (PPARD)","Nuclear receptors [BR:hsa03310]"," 1. Thyroid hormone like","  1C. Peroxisome proliferator-activated receptor (PPAR)","   5467 (PPARD)"
"STRUCTURE2","PDB: 5U3Q 5Y7X 5U3T 5U42 5U3Z 5U3W 5U3V 5U3Y 5U41 5U43 5U3R","     5U45 3TKM 5XMX 5U3S 5U40 5U46 3GZ9 2B50 2AWH 6A6P 5ZXI","     5U3U 5U3X 5U44 3D5F 3ET2 3SP9 2XYJ 2BAW 2GWX 3PEQ 3GWX","     1GWX 2ZNQ 1Y0S 2XYX 2Q5G 3DY6 3OZ0 2ZNP 2XYW 2ENV 2J14","PDB: 5U3Q 5Y7X 5U3T 5U42 5U3Z 5U3W 5U3V 5U3Y 5U41 5U43 5U3R","     5U45 3TKM 5XMX 5U3S 5U40 5U46 3GZ9 2B50 2AWH 6A6P 5ZXI","     5U3U 5U3X 5U44 3D5F 3ET2 3SP9 2XYJ 2BAW 2GWX 3PEQ 3GWX","     1GWX 2ZNQ 1Y0S 2XYX 2Q5G 3DY6 3OZ0 2ZNP 2XYW 2ENV 2J14","PDB: 5U3Q 5Y7X 5U3T 5U42 5U3Z 5U3W 5U3V 5U3Y 5U41 5U43 5U3R","     5U45 3TKM 5XMX 5U3S 5U40 5U46 3GZ9 2B50 2AWH 6A6P 5ZXI","     5U3U 5U3X 5U44 3D5F 3ET2 3SP9 2XYJ 2BAW 2GWX 3PEQ 3GWX","     1GWX 2ZNQ 1Y0S 2XYX 2Q5G 3DY6 3OZ0 2ZNP 2XYW 2ENV 2J14","PDB: 5U3Q 5Y7X 5U3T 5U42 5U3Z 5U3W 5U3V 5U3Y 5U41 5U43 5U3R","     5U45 3TKM 5XMX 5U3S 5U40 5U46 3GZ9 2B50 2AWH 6A6P 5ZXI","     5U3U 5U3X 5U44 3D5F 3ET2 3SP9 2XYJ 2BAW 2GWX 3PEQ 3GWX","     1GWX 2ZNQ 1Y0S 2XYX 2Q5G 3DY6 3OZ0 2ZNP 2XYW 2ENV 2J14","PDB: 5U3Q 5Y7X 5U3T 5U42 5U3Z 5U3W 5U3V 5U3Y 5U41 5U43 5U3R","     5U45 3TKM 5XMX 5U3S 5U40 5U46 3GZ9 2B50 2AWH 6A6P 5ZXI","     5U3U 5U3X 5U44 3D5F 3ET2 3SP9 2XYJ 2BAW 2GWX 3PEQ 3GWX","     1GWX 2ZNQ 1Y0S 2XYX 2Q5G 3DY6 3OZ0 2ZNP 2XYW 2ENV 2J14","PDB: 5U3Q 5Y7X 5U3T 5U42 5U3Z 5U3W 5U3V 5U3Y 5U41 5U43 5U3R","     5U45 3TKM 5XMX 5U3S 5U40 5U46 3GZ9 2B50 2AWH 6A6P 5ZXI","     5U3U 5U3X 5U44 3D5F 3ET2 3SP9 2XYJ 2BAW 2GWX 3PEQ 3GWX","     1GWX 2ZNQ 1Y0S 2XYX 2Q5G 3DY6 3OZ0 2ZNP 2XYW 2ENV 2J14","PDB: 5U3Q 5Y7X 5U3T 5U42 5U3Z 5U3W 5U3V 5U3Y 5U41 5U43 5U3R","     5U45 3TKM 5XMX 5U3S 5U40 5U46 3GZ9 2B50 2AWH 6A6P 5ZXI","     5U3U 5U3X 5U44 3D5F 3ET2 3SP9 2XYJ 2BAW 2GWX 3PEQ 3GWX","     1GWX 2ZNQ 1Y0S 2XYX 2Q5G 3DY6 3OZ0 2ZNP 2XYW 2ENV 2J14","PDB: 5U3Q 5Y7X 5U3T 5U42 5U3Z 5U3W 5U3V 5U3Y 5U41 5U43 5U3R","     5U45 3TKM 5XMX 5U3S 5U40 5U46 3GZ9 2B50 2AWH 6A6P 5ZXI","     5U3U 5U3X 5U44 3D5F 3ET2 3SP9 2XYJ 2BAW 2GWX 3PEQ 3GWX","     1GWX 2ZNQ 1Y0S 2XYX 2Q5G 3DY6 3OZ0 2ZNP 2XYW 2ENV 2J14"
