"","V1","V2","V3","V4","V5","V6","V7","V8","V9","V10","V11"
"ENTRY2","55840","55840","55840","55840","55840","55840","55840","55840","55840","55840","55840"
"NAME2","EAF2, BM040, TRAITS, U19","EAF2, BM040, TRAITS, U19","EAF2, BM040, TRAITS, U19","EAF2, BM040, TRAITS, U19","EAF2, BM040, TRAITS, U19","EAF2, BM040, TRAITS, U19","EAF2, BM040, TRAITS, U19","EAF2, BM040, TRAITS, U19","EAF2, BM040, TRAITS, U19","EAF2, BM040, TRAITS, U19","EAF2, BM040, TRAITS, U19"
"ORGANISM2","Homo sapiens (human)","Homo sapiens (human)","Homo sapiens (human)","Homo sapiens (human)","Homo sapiens (human)","Homo sapiens (human)","Homo sapiens (human)","Homo sapiens (human)","Homo sapiens (human)","Homo sapiens (human)","Homo sapiens (human)"
"BRITE2","KEGG Orthology (KO) [BR:hsa00001]"," 09180 Brite Hierarchies","  09182 Protein families: genetic information processing","   03021 Transcription machinery [BR:hsa03021]","    55840 (EAF2)","Transcription machinery [BR:hsa03021]"," Eukaryotic type","  RNA polymerase II system","   Other transcription-related factors","    Super elongation complex (SEC)","     55840 (EAF2)"
