"","V1","V2","V3","V4","V5"
"ENTRY2","51083","51083","51083","51083","51083"
"NAME2","GAL, ETL8, GAL-GMAP, GALN, GLNN, GMAP","GAL, ETL8, GAL-GMAP, GALN, GLNN, GMAP","GAL, ETL8, GAL-GMAP, GALN, GLNN, GMAP","GAL, ETL8, GAL-GMAP, GALN, GLNN, GMAP","GAL, ETL8, GAL-GMAP, GALN, GLNN, GMAP"
"ORGANISM2","Homo sapiens (human)","Homo sapiens (human)","Homo sapiens (human)","Homo sapiens (human)","Homo sapiens (human)"
"PATHWAY2","Neuroactive ligand-receptor interaction","Neuroactive ligand-receptor interaction","Neuroactive ligand-receptor interaction","Neuroactive ligand-receptor interaction","Neuroactive ligand-receptor interaction"
"BRITE2","KEGG Orthology (KO) [BR:hsa00001]"," 09130 Environmental Information Processing","  09133 Signaling molecules and interaction","   04080 Neuroactive ligand-receptor interaction","    51083 (GAL)"
