"","V1","V2","V3","V4","V5","V6","V7","V8","V9","V10","V11","V12","V13","V14","V15"
"ENTRY2","6716","6716","6716","6716","6716","6716","6716","6716","6716","6716","6716","6716","6716","6716","6716"
"NAME2","SRD5A2","SRD5A2","SRD5A2","SRD5A2","SRD5A2","SRD5A2","SRD5A2","SRD5A2","SRD5A2","SRD5A2","SRD5A2","SRD5A2","SRD5A2","SRD5A2","SRD5A2"
"ORGANISM2","Homo sapiens (human)","Homo sapiens (human)","Homo sapiens (human)","Homo sapiens (human)","Homo sapiens (human)","Homo sapiens (human)","Homo sapiens (human)","Homo sapiens (human)","Homo sapiens (human)","Homo sapiens (human)","Homo sapiens (human)","Homo sapiens (human)","Homo sapiens (human)","Homo sapiens (human)","Homo sapiens (human)"
"PATHWAY2","Steroid hormone biosynthesis","Prostate cancer","Steroid hormone biosynthesis","Prostate cancer","Steroid hormone biosynthesis","Prostate cancer","Steroid hormone biosynthesis","Prostate cancer","Steroid hormone biosynthesis","Prostate cancer","Steroid hormone biosynthesis","Prostate cancer","Steroid hormone biosynthesis","Prostate cancer","Steroid hormone biosynthesis"
"BRITE2","KEGG Orthology (KO) [BR:hsa00001]"," 09100 Metabolism","  09103 Lipid metabolism","   00140 Steroid hormone biosynthesis","    6716 (SRD5A2)"," 09160 Human Diseases","  09162 Cancer: specific types","   05215 Prostate cancer","    6716 (SRD5A2)","Enzymes [BR:hsa01000]"," 1. Oxidoreductases","  1.3  Acting on the CH-CH group of donors","   1.3.1  With NAD+ or NADP+ as acceptor","    1.3.1.22  3-oxo-5alpha-steroid 4-dehydrogenase (NADP+)","     6716 (SRD5A2)"
