"","V1","V2","V3","V4","V5","V6","V7","V8","V9","V10","V11"
"ENTRY2","6817","6817","6817","6817","6817","6817","6817","6817","6817","6817","6817"
"NAME2","SULT1A1, HAST1/HAST2, P-PST, PST, ST1A1, ST1A3, STP, STP1, TSPST1","SULT1A1, HAST1/HAST2, P-PST, PST, ST1A1, ST1A3, STP, STP1, TSPST1","SULT1A1, HAST1/HAST2, P-PST, PST, ST1A1, ST1A3, STP, STP1, TSPST1","SULT1A1, HAST1/HAST2, P-PST, PST, ST1A1, ST1A3, STP, STP1, TSPST1","SULT1A1, HAST1/HAST2, P-PST, PST, ST1A1, ST1A3, STP, STP1, TSPST1","SULT1A1, HAST1/HAST2, P-PST, PST, ST1A1, ST1A3, STP, STP1, TSPST1","SULT1A1, HAST1/HAST2, P-PST, PST, ST1A1, ST1A3, STP, STP1, TSPST1","SULT1A1, HAST1/HAST2, P-PST, PST, ST1A1, ST1A3, STP, STP1, TSPST1","SULT1A1, HAST1/HAST2, P-PST, PST, ST1A1, ST1A3, STP, STP1, TSPST1","SULT1A1, HAST1/HAST2, P-PST, PST, ST1A1, ST1A3, STP, STP1, TSPST1","SULT1A1, HAST1/HAST2, P-PST, PST, ST1A1, ST1A3, STP, STP1, TSPST1"
"ORGANISM2","Homo sapiens (human)","Homo sapiens (human)","Homo sapiens (human)","Homo sapiens (human)","Homo sapiens (human)","Homo sapiens (human)","Homo sapiens (human)","Homo sapiens (human)","Homo sapiens (human)","Homo sapiens (human)","Homo sapiens (human)"
"PATHWAY2","Chemical carcinogenesis","Chemical carcinogenesis","Chemical carcinogenesis","Chemical carcinogenesis","Chemical carcinogenesis","Chemical carcinogenesis","Chemical carcinogenesis","Chemical carcinogenesis","Chemical carcinogenesis","Chemical carcinogenesis","Chemical carcinogenesis"
"BRITE2","KEGG Orthology (KO) [BR:hsa00001]"," 09160 Human Diseases","  09161 Cancer: overview","   05204 Chemical carcinogenesis","    6817 (SULT1A1)","Enzymes [BR:hsa01000]"," 2. Transferases","  2.8  Transferring sulfur-containing groups","   2.8.2  Sulfotransferases","    2.8.2.1  aryl sulfotransferase","     6817 (SULT1A1)"
"STRUCTURE2","PDB: 1LS6 3U3O 3U3M 2D06 1Z28 3QVV 3U3K 3U3R 3QVU 4GRA 3U3J","PDB: 1LS6 3U3O 3U3M 2D06 1Z28 3QVV 3U3K 3U3R 3QVU 4GRA 3U3J","PDB: 1LS6 3U3O 3U3M 2D06 1Z28 3QVV 3U3K 3U3R 3QVU 4GRA 3U3J","PDB: 1LS6 3U3O 3U3M 2D06 1Z28 3QVV 3U3K 3U3R 3QVU 4GRA 3U3J","PDB: 1LS6 3U3O 3U3M 2D06 1Z28 3QVV 3U3K 3U3R 3QVU 4GRA 3U3J","PDB: 1LS6 3U3O 3U3M 2D06 1Z28 3QVV 3U3K 3U3R 3QVU 4GRA 3U3J","PDB: 1LS6 3U3O 3U3M 2D06 1Z28 3QVV 3U3K 3U3R 3QVU 4GRA 3U3J","PDB: 1LS6 3U3O 3U3M 2D06 1Z28 3QVV 3U3K 3U3R 3QVU 4GRA 3U3J","PDB: 1LS6 3U3O 3U3M 2D06 1Z28 3QVV 3U3K 3U3R 3QVU 4GRA 3U3J","PDB: 1LS6 3U3O 3U3M 2D06 1Z28 3QVV 3U3K 3U3R 3QVU 4GRA 3U3J","PDB: 1LS6 3U3O 3U3M 2D06 1Z28 3QVV 3U3K 3U3R 3QVU 4GRA 3U3J"
