"","V1","V2","V3","V4","V5","V6","V7","V8","V9","V10","V11","V12","V13","V14"
"ENTRY2","6662","6662","6662","6662","6662","6662","6662","6662","6662","6662","6662","6662","6662","6662"
"NAME2","SOX9, CMD1, CMPD1, SRA1, SRXX2, SRXY10","SOX9, CMD1, CMPD1, SRA1, SRXX2, SRXY10","SOX9, CMD1, CMPD1, SRA1, SRXX2, SRXY10","SOX9, CMD1, CMPD1, SRA1, SRXX2, SRXY10","SOX9, CMD1, CMPD1, SRA1, SRXX2, SRXY10","SOX9, CMD1, CMPD1, SRA1, SRXX2, SRXY10","SOX9, CMD1, CMPD1, SRA1, SRXX2, SRXY10","SOX9, CMD1, CMPD1, SRA1, SRXX2, SRXY10","SOX9, CMD1, CMPD1, SRA1, SRXX2, SRXY10","SOX9, CMD1, CMPD1, SRA1, SRXX2, SRXY10","SOX9, CMD1, CMPD1, SRA1, SRXX2, SRXY10","SOX9, CMD1, CMPD1, SRA1, SRXX2, SRXY10","SOX9, CMD1, CMPD1, SRA1, SRXX2, SRXY10","SOX9, CMD1, CMPD1, SRA1, SRXX2, SRXY10"
"ORGANISM2","Homo sapiens (human)","Homo sapiens (human)","Homo sapiens (human)","Homo sapiens (human)","Homo sapiens (human)","Homo sapiens (human)","Homo sapiens (human)","Homo sapiens (human)","Homo sapiens (human)","Homo sapiens (human)","Homo sapiens (human)","Homo sapiens (human)","Homo sapiens (human)","Homo sapiens (human)"
"PATHWAY2","cAMP signaling pathway","cAMP signaling pathway","cAMP signaling pathway","cAMP signaling pathway","cAMP signaling pathway","cAMP signaling pathway","cAMP signaling pathway","cAMP signaling pathway","cAMP signaling pathway","cAMP signaling pathway","cAMP signaling pathway","cAMP signaling pathway","cAMP signaling pathway","cAMP signaling pathway"
"BRITE2","KEGG Orthology (KO) [BR:hsa00001]"," 09130 Environmental Information Processing","  09132 Signal transduction","   04024 cAMP signaling pathway","    6662 (SOX9)"," 09180 Brite Hierarchies","  09182 Protein families: genetic information processing","   03000 Transcription factors [BR:hsa03000]","    6662 (SOX9)","Transcription factors [BR:hsa03000]"," Eukaryotic type","  beta-Scaffold factors with minor groove contacts","   HMG SOX","    6662 (SOX9)"
"STRUCTURE2","PDB: 4EUW","PDB: 4EUW","PDB: 4EUW","PDB: 4EUW","PDB: 4EUW","PDB: 4EUW","PDB: 4EUW","PDB: 4EUW","PDB: 4EUW","PDB: 4EUW","PDB: 4EUW","PDB: 4EUW","PDB: 4EUW","PDB: 4EUW"
