"","V1","V2","V3","V4","V5","V6","V7","V8","V9","V10","V11","V12","V13","V14"
"ENTRY2","6615","6615","6615","6615","6615","6615","6615","6615","6615","6615","6615","6615","6615","6615"
"NAME2","SNAI1, SLUGH2, SNA, SNAH, SNAIL, SNAIL1, dJ710H13.1","SNAI1, SLUGH2, SNA, SNAH, SNAIL, SNAIL1, dJ710H13.1","SNAI1, SLUGH2, SNA, SNAH, SNAIL, SNAIL1, dJ710H13.1","SNAI1, SLUGH2, SNA, SNAH, SNAIL, SNAIL1, dJ710H13.1","SNAI1, SLUGH2, SNA, SNAH, SNAIL, SNAIL1, dJ710H13.1","SNAI1, SLUGH2, SNA, SNAH, SNAIL, SNAIL1, dJ710H13.1","SNAI1, SLUGH2, SNA, SNAH, SNAIL, SNAIL1, dJ710H13.1","SNAI1, SLUGH2, SNA, SNAH, SNAIL, SNAIL1, dJ710H13.1","SNAI1, SLUGH2, SNA, SNAH, SNAIL, SNAIL1, dJ710H13.1","SNAI1, SLUGH2, SNA, SNAH, SNAIL, SNAIL1, dJ710H13.1","SNAI1, SLUGH2, SNA, SNAH, SNAIL, SNAIL1, dJ710H13.1","SNAI1, SLUGH2, SNA, SNAH, SNAIL, SNAIL1, dJ710H13.1","SNAI1, SLUGH2, SNA, SNAH, SNAIL, SNAIL1, dJ710H13.1","SNAI1, SLUGH2, SNA, SNAH, SNAIL, SNAIL1, dJ710H13.1"
"ORGANISM2","Homo sapiens (human)","Homo sapiens (human)","Homo sapiens (human)","Homo sapiens (human)","Homo sapiens (human)","Homo sapiens (human)","Homo sapiens (human)","Homo sapiens (human)","Homo sapiens (human)","Homo sapiens (human)","Homo sapiens (human)","Homo sapiens (human)","Homo sapiens (human)","Homo sapiens (human)"
"PATHWAY2","Adherens junction","Adherens junction","Adherens junction","Adherens junction","Adherens junction","Adherens junction","Adherens junction","Adherens junction","Adherens junction","Adherens junction","Adherens junction","Adherens junction","Adherens junction","Adherens junction"
"BRITE2","KEGG Orthology (KO) [BR:hsa00001]"," 09140 Cellular Processes","  09144 Cellular community - eukaryotes","   04520 Adherens junction","    6615 (SNAI1)"," 09180 Brite Hierarchies","  09182 Protein families: genetic information processing","   03000 Transcription factors [BR:hsa03000]","    6615 (SNAI1)","Transcription factors [BR:hsa03000]"," Eukaryotic type","  Zinc finger","   Cys2His2 developmental/cell cycle regulators, Krueppel-like","    6615 (SNAI1)"
"STRUCTURE2","PDB: 3W5K 2Y48","PDB: 3W5K 2Y48","PDB: 3W5K 2Y48","PDB: 3W5K 2Y48","PDB: 3W5K 2Y48","PDB: 3W5K 2Y48","PDB: 3W5K 2Y48","PDB: 3W5K 2Y48","PDB: 3W5K 2Y48","PDB: 3W5K 2Y48","PDB: 3W5K 2Y48","PDB: 3W5K 2Y48","PDB: 3W5K 2Y48","PDB: 3W5K 2Y48"
