"","V1","V2","V3","V4","V5","V6","V7","V8","V9","V10","V11"
"ENTRY2","6818","6818","6818","6818","6818","6818","6818","6818","6818","6818","6818"
"NAME2","SULT1A3, HAST, HAST3, M-PST, ST1A3, ST1A3/ST1A4, ST1A4, ST1A5, STM, TL-PST","SULT1A3, HAST, HAST3, M-PST, ST1A3, ST1A3/ST1A4, ST1A4, ST1A5, STM, TL-PST","SULT1A3, HAST, HAST3, M-PST, ST1A3, ST1A3/ST1A4, ST1A4, ST1A5, STM, TL-PST","SULT1A3, HAST, HAST3, M-PST, ST1A3, ST1A3/ST1A4, ST1A4, ST1A5, STM, TL-PST","SULT1A3, HAST, HAST3, M-PST, ST1A3, ST1A3/ST1A4, ST1A4, ST1A5, STM, TL-PST","SULT1A3, HAST, HAST3, M-PST, ST1A3, ST1A3/ST1A4, ST1A4, ST1A5, STM, TL-PST","SULT1A3, HAST, HAST3, M-PST, ST1A3, ST1A3/ST1A4, ST1A4, ST1A5, STM, TL-PST","SULT1A3, HAST, HAST3, M-PST, ST1A3, ST1A3/ST1A4, ST1A4, ST1A5, STM, TL-PST","SULT1A3, HAST, HAST3, M-PST, ST1A3, ST1A3/ST1A4, ST1A4, ST1A5, STM, TL-PST","SULT1A3, HAST, HAST3, M-PST, ST1A3, ST1A3/ST1A4, ST1A4, ST1A5, STM, TL-PST","SULT1A3, HAST, HAST3, M-PST, ST1A3, ST1A3/ST1A4, ST1A4, ST1A5, STM, TL-PST"
"ORGANISM2","Homo sapiens (human)","Homo sapiens (human)","Homo sapiens (human)","Homo sapiens (human)","Homo sapiens (human)","Homo sapiens (human)","Homo sapiens (human)","Homo sapiens (human)","Homo sapiens (human)","Homo sapiens (human)","Homo sapiens (human)"
"PATHWAY2","Chemical carcinogenesis","Chemical carcinogenesis","Chemical carcinogenesis","Chemical carcinogenesis","Chemical carcinogenesis","Chemical carcinogenesis","Chemical carcinogenesis","Chemical carcinogenesis","Chemical carcinogenesis","Chemical carcinogenesis","Chemical carcinogenesis"
"BRITE2","KEGG Orthology (KO) [BR:hsa00001]"," 09160 Human Diseases","  09161 Cancer: overview","   05204 Chemical carcinogenesis","    6818 (SULT1A3)","Enzymes [BR:hsa01000]"," 2. Transferases","  2.8  Transferring sulfur-containing groups","   2.8.2  Sulfotransferases","    2.8.2.1  aryl sulfotransferase","     6818 (SULT1A3)"
"STRUCTURE2","PDB: 1CJM 2A3R","PDB: 1CJM 2A3R","PDB: 1CJM 2A3R","PDB: 1CJM 2A3R","PDB: 1CJM 2A3R","PDB: 1CJM 2A3R","PDB: 1CJM 2A3R","PDB: 1CJM 2A3R","PDB: 1CJM 2A3R","PDB: 1CJM 2A3R","PDB: 1CJM 2A3R"
