"","V1","V2","V3","V4","V5","V6","V7","V8","V9","V10","V11","V12","V13","V14","V15","V16","V17","V18","V19","V20","V21","V22","V23","V24","V25","V26","V27","V28","V29","V30","V31","V32","V33","V34","V35","V36","V37","V38"
"ENTRY2","7412","7412","7412","7412","7412","7412","7412","7412","7412","7412","7412","7412","7412","7412","7412","7412","7412","7412","7412","7412","7412","7412","7412","7412","7412","7412","7412","7412","7412","7412","7412","7412","7412","7412","7412","7412","7412","7412"
"NAME2","VCAM1, CD106, INCAM-100","VCAM1, CD106, INCAM-100","VCAM1, CD106, INCAM-100","VCAM1, CD106, INCAM-100","VCAM1, CD106, INCAM-100","VCAM1, CD106, INCAM-100","VCAM1, CD106, INCAM-100","VCAM1, CD106, INCAM-100","VCAM1, CD106, INCAM-100","VCAM1, CD106, INCAM-100","VCAM1, CD106, INCAM-100","VCAM1, CD106, INCAM-100","VCAM1, CD106, INCAM-100","VCAM1, CD106, INCAM-100","VCAM1, CD106, INCAM-100","VCAM1, CD106, INCAM-100","VCAM1, CD106, INCAM-100","VCAM1, CD106, INCAM-100","VCAM1, CD106, INCAM-100","VCAM1, CD106, INCAM-100","VCAM1, CD106, INCAM-100","VCAM1, CD106, INCAM-100","VCAM1, CD106, INCAM-100","VCAM1, CD106, INCAM-100","VCAM1, CD106, INCAM-100","VCAM1, CD106, INCAM-100","VCAM1, CD106, INCAM-100","VCAM1, CD106, INCAM-100","VCAM1, CD106, INCAM-100","VCAM1, CD106, INCAM-100","VCAM1, CD106, INCAM-100","VCAM1, CD106, INCAM-100","VCAM1, CD106, INCAM-100","VCAM1, CD106, INCAM-100","VCAM1, CD106, INCAM-100","VCAM1, CD106, INCAM-100","VCAM1, CD106, INCAM-100","VCAM1, CD106, INCAM-100"
"ORGANISM2","Homo sapiens (human)","Homo sapiens (human)","Homo sapiens (human)","Homo sapiens (human)","Homo sapiens (human)","Homo sapiens (human)","Homo sapiens (human)","Homo sapiens (human)","Homo sapiens (human)","Homo sapiens (human)","Homo sapiens (human)","Homo sapiens (human)","Homo sapiens (human)","Homo sapiens (human)","Homo sapiens (human)","Homo sapiens (human)","Homo sapiens (human)","Homo sapiens (human)","Homo sapiens (human)","Homo sapiens (human)","Homo sapiens (human)","Homo sapiens (human)","Homo sapiens (human)","Homo sapiens (human)","Homo sapiens (human)","Homo sapiens (human)","Homo sapiens (human)","Homo sapiens (human)","Homo sapiens (human)","Homo sapiens (human)","Homo sapiens (human)","Homo sapiens (human)","Homo sapiens (human)","Homo sapiens (human)","Homo sapiens (human)","Homo sapiens (human)","Homo sapiens (human)","Homo sapiens (human)"
"PATHWAY2","NF-kappa B signaling pathway","Cell adhesion molecules (CAMs)","TNF signaling pathway","Leukocyte transendothelial migration","AGE-RAGE signaling pathway in diabetic complications","African trypanosomiasis","Malaria","Fluid shear stress and atherosclerosis","NF-kappa B signaling pathway","Cell adhesion molecules (CAMs)","TNF signaling pathway","Leukocyte transendothelial migration","AGE-RAGE signaling pathway in diabetic complications","African trypanosomiasis","Malaria","Fluid shear stress and atherosclerosis","NF-kappa B signaling pathway","Cell adhesion molecules (CAMs)","TNF signaling pathway","Leukocyte transendothelial migration","AGE-RAGE signaling pathway in diabetic complications","African trypanosomiasis","Malaria","Fluid shear stress and atherosclerosis","NF-kappa B signaling pathway","Cell adhesion molecules (CAMs)","TNF signaling pathway","Leukocyte transendothelial migration","AGE-RAGE signaling pathway in diabetic complications","African trypanosomiasis","Malaria","Fluid shear stress and atherosclerosis","NF-kappa B signaling pathway","Cell adhesion molecules (CAMs)","TNF signaling pathway","Leukocyte transendothelial migration","AGE-RAGE signaling pathway in diabetic complications","African trypanosomiasis"
"BRITE2","KEGG Orthology (KO) [BR:hsa00001]"," 09130 Environmental Information Processing","  09132 Signal transduction","   04064 NF-kappa B signaling pathway","    7412 (VCAM1)","   04668 TNF signaling pathway","    7412 (VCAM1)","  09133 Signaling molecules and interaction","   04514 Cell adhesion molecules (CAMs)","    7412 (VCAM1)"," 09150 Organismal Systems","  09151 Immune system","   04670 Leukocyte transendothelial migration","    7412 (VCAM1)"," 09160 Human Diseases","  09166 Cardiovascular disease","   05418 Fluid shear stress and atherosclerosis","    7412 (VCAM1)","  09167 Endocrine and metabolic disease","   04933 AGE-RAGE signaling pathway in diabetic complications","    7412 (VCAM1)","  09174 Infectious disease: parasitic","   05144 Malaria","    7412 (VCAM1)","   05143 African trypanosomiasis","    7412 (VCAM1)"," 09180 Brite Hierarchies","  09183 Protein families: signaling and cellular processes","   04090 CD molecules [BR:hsa04090]","    7412 (VCAM1)","   04091 Lectins [BR:hsa04091]","    7412 (VCAM1)","CD molecules [BR:hsa04090]"," Proteins","  7412 (VCAM1)","Lectins [BR:hsa04091]"," I-type lectins (Siglecs)","  7412 (VCAM1)"
"STRUCTURE2","PDB: 1VCA 1VSC 1IJ9","PDB: 1VCA 1VSC 1IJ9","PDB: 1VCA 1VSC 1IJ9","PDB: 1VCA 1VSC 1IJ9","PDB: 1VCA 1VSC 1IJ9","PDB: 1VCA 1VSC 1IJ9","PDB: 1VCA 1VSC 1IJ9","PDB: 1VCA 1VSC 1IJ9","PDB: 1VCA 1VSC 1IJ9","PDB: 1VCA 1VSC 1IJ9","PDB: 1VCA 1VSC 1IJ9","PDB: 1VCA 1VSC 1IJ9","PDB: 1VCA 1VSC 1IJ9","PDB: 1VCA 1VSC 1IJ9","PDB: 1VCA 1VSC 1IJ9","PDB: 1VCA 1VSC 1IJ9","PDB: 1VCA 1VSC 1IJ9","PDB: 1VCA 1VSC 1IJ9","PDB: 1VCA 1VSC 1IJ9","PDB: 1VCA 1VSC 1IJ9","PDB: 1VCA 1VSC 1IJ9","PDB: 1VCA 1VSC 1IJ9","PDB: 1VCA 1VSC 1IJ9","PDB: 1VCA 1VSC 1IJ9","PDB: 1VCA 1VSC 1IJ9","PDB: 1VCA 1VSC 1IJ9","PDB: 1VCA 1VSC 1IJ9","PDB: 1VCA 1VSC 1IJ9","PDB: 1VCA 1VSC 1IJ9","PDB: 1VCA 1VSC 1IJ9","PDB: 1VCA 1VSC 1IJ9","PDB: 1VCA 1VSC 1IJ9","PDB: 1VCA 1VSC 1IJ9","PDB: 1VCA 1VSC 1IJ9","PDB: 1VCA 1VSC 1IJ9","PDB: 1VCA 1VSC 1IJ9","PDB: 1VCA 1VSC 1IJ9","PDB: 1VCA 1VSC 1IJ9"
