"","V1","V2","V3","V4","V5","V6","V7","V8","V9","V10","V11","V12","V13","V14","V15","V16","V17","V18","V19","V20","V21","V22","V23","V24","V25","V26","V27","V28","V29","V30","V31","V32"
"ENTRY2","7015","7015","7015","7015","7015","7015","7015","7015","7015","7015","7015","7015","7015","7015","7015","7015","7015","7015","7015","7015","7015","7015","7015","7015","7015","7015","7015","7015","7015","7015","7015","7015"
"NAME2","TERT, CMM9, DKCA2, DKCB4, EST2, PFBMFT1, TCS1, TP2, TRT, hEST2, hTRT","TERT, CMM9, DKCA2, DKCB4, EST2, PFBMFT1, TCS1, TP2, TRT, hEST2, hTRT","TERT, CMM9, DKCA2, DKCB4, EST2, PFBMFT1, TCS1, TP2, TRT, hEST2, hTRT","TERT, CMM9, DKCA2, DKCB4, EST2, PFBMFT1, TCS1, TP2, TRT, hEST2, hTRT","TERT, CMM9, DKCA2, DKCB4, EST2, PFBMFT1, TCS1, TP2, TRT, hEST2, hTRT","TERT, CMM9, DKCA2, DKCB4, EST2, PFBMFT1, TCS1, TP2, TRT, hEST2, hTRT","TERT, CMM9, DKCA2, DKCB4, EST2, PFBMFT1, TCS1, TP2, TRT, hEST2, hTRT","TERT, CMM9, DKCA2, DKCB4, EST2, PFBMFT1, TCS1, TP2, TRT, hEST2, hTRT","TERT, CMM9, DKCA2, DKCB4, EST2, PFBMFT1, TCS1, TP2, TRT, hEST2, hTRT","TERT, CMM9, DKCA2, DKCB4, EST2, PFBMFT1, TCS1, TP2, TRT, hEST2, hTRT","TERT, CMM9, DKCA2, DKCB4, EST2, PFBMFT1, TCS1, TP2, TRT, hEST2, hTRT","TERT, CMM9, DKCA2, DKCB4, EST2, PFBMFT1, TCS1, TP2, TRT, hEST2, hTRT","TERT, CMM9, DKCA2, DKCB4, EST2, PFBMFT1, TCS1, TP2, TRT, hEST2, hTRT","TERT, CMM9, DKCA2, DKCB4, EST2, PFBMFT1, TCS1, TP2, TRT, hEST2, hTRT","TERT, CMM9, DKCA2, DKCB4, EST2, PFBMFT1, TCS1, TP2, TRT, hEST2, hTRT","TERT, CMM9, DKCA2, DKCB4, EST2, PFBMFT1, TCS1, TP2, TRT, hEST2, hTRT","TERT, CMM9, DKCA2, DKCB4, EST2, PFBMFT1, TCS1, TP2, TRT, hEST2, hTRT","TERT, CMM9, DKCA2, DKCB4, EST2, PFBMFT1, TCS1, TP2, TRT, hEST2, hTRT","TERT, CMM9, DKCA2, DKCB4, EST2, PFBMFT1, TCS1, TP2, TRT, hEST2, hTRT","TERT, CMM9, DKCA2, DKCB4, EST2, PFBMFT1, TCS1, TP2, TRT, hEST2, hTRT","TERT, CMM9, DKCA2, DKCB4, EST2, PFBMFT1, TCS1, TP2, TRT, hEST2, hTRT","TERT, CMM9, DKCA2, DKCB4, EST2, PFBMFT1, TCS1, TP2, TRT, hEST2, hTRT","TERT, CMM9, DKCA2, DKCB4, EST2, PFBMFT1, TCS1, TP2, TRT, hEST2, hTRT","TERT, CMM9, DKCA2, DKCB4, EST2, PFBMFT1, TCS1, TP2, TRT, hEST2, hTRT","TERT, CMM9, DKCA2, DKCB4, EST2, PFBMFT1, TCS1, TP2, TRT, hEST2, hTRT","TERT, CMM9, DKCA2, DKCB4, EST2, PFBMFT1, TCS1, TP2, TRT, hEST2, hTRT","TERT, CMM9, DKCA2, DKCB4, EST2, PFBMFT1, TCS1, TP2, TRT, hEST2, hTRT","TERT, CMM9, DKCA2, DKCB4, EST2, PFBMFT1, TCS1, TP2, TRT, hEST2, hTRT","TERT, CMM9, DKCA2, DKCB4, EST2, PFBMFT1, TCS1, TP2, TRT, hEST2, hTRT","TERT, CMM9, DKCA2, DKCB4, EST2, PFBMFT1, TCS1, TP2, TRT, hEST2, hTRT","TERT, CMM9, DKCA2, DKCB4, EST2, PFBMFT1, TCS1, TP2, TRT, hEST2, hTRT","TERT, CMM9, DKCA2, DKCB4, EST2, PFBMFT1, TCS1, TP2, TRT, hEST2, hTRT"
"ORGANISM2","Homo sapiens (human)","Homo sapiens (human)","Homo sapiens (human)","Homo sapiens (human)","Homo sapiens (human)","Homo sapiens (human)","Homo sapiens (human)","Homo sapiens (human)","Homo sapiens (human)","Homo sapiens (human)","Homo sapiens (human)","Homo sapiens (human)","Homo sapiens (human)","Homo sapiens (human)","Homo sapiens (human)","Homo sapiens (human)","Homo sapiens (human)","Homo sapiens (human)","Homo sapiens (human)","Homo sapiens (human)","Homo sapiens (human)","Homo sapiens (human)","Homo sapiens (human)","Homo sapiens (human)","Homo sapiens (human)","Homo sapiens (human)","Homo sapiens (human)","Homo sapiens (human)","Homo sapiens (human)","Homo sapiens (human)","Homo sapiens (human)","Homo sapiens (human)"
"PATHWAY2","Human papillomavirus infection","Human T-cell leukemia virus 1 infection","Pathways in cancer","Hepatocellular carcinoma","Gastric cancer","Human papillomavirus infection","Human T-cell leukemia virus 1 infection","Pathways in cancer","Hepatocellular carcinoma","Gastric cancer","Human papillomavirus infection","Human T-cell leukemia virus 1 infection","Pathways in cancer","Hepatocellular carcinoma","Gastric cancer","Human papillomavirus infection","Human T-cell leukemia virus 1 infection","Pathways in cancer","Hepatocellular carcinoma","Gastric cancer","Human papillomavirus infection","Human T-cell leukemia virus 1 infection","Pathways in cancer","Hepatocellular carcinoma","Gastric cancer","Human papillomavirus infection","Human T-cell leukemia virus 1 infection","Pathways in cancer","Hepatocellular carcinoma","Gastric cancer","Human papillomavirus infection","Human T-cell leukemia virus 1 infection"
"BRITE2","KEGG Orthology (KO) [BR:hsa00001]"," 09160 Human Diseases","  09161 Cancer: overview","   05200 Pathways in cancer","    7015 (TERT)","  09162 Cancer: specific types","   05225 Hepatocellular carcinoma","    7015 (TERT)","   05226 Gastric cancer","    7015 (TERT)","  09172 Infectious disease: viral","   05166 Human T-cell leukemia virus 1 infection","    7015 (TERT)","   05165 Human papillomavirus infection","    7015 (TERT)"," 09180 Brite Hierarchies","  09182 Protein families: genetic information processing","   03032 DNA replication proteins [BR:hsa03032]","    7015 (TERT)","Enzymes [BR:hsa01000]"," 2. Transferases","  2.7  Transferring phosphorus-containing groups","   2.7.7  Nucleotidyltransferases","    2.7.7.49  RNA-directed DNA polymerase","     7015 (TERT)","DNA replication proteins [BR:hsa03032]"," Eukaryotic type","  DNA Replication Termination Factors","   Telomerase complex (animals)","    7015 (TERT)","   Telomerase complex (fungi)","    7015 (TERT)"
"STRUCTURE2","PDB: 5UGW","PDB: 5UGW","PDB: 5UGW","PDB: 5UGW","PDB: 5UGW","PDB: 5UGW","PDB: 5UGW","PDB: 5UGW","PDB: 5UGW","PDB: 5UGW","PDB: 5UGW","PDB: 5UGW","PDB: 5UGW","PDB: 5UGW","PDB: 5UGW","PDB: 5UGW","PDB: 5UGW","PDB: 5UGW","PDB: 5UGW","PDB: 5UGW","PDB: 5UGW","PDB: 5UGW","PDB: 5UGW","PDB: 5UGW","PDB: 5UGW","PDB: 5UGW","PDB: 5UGW","PDB: 5UGW","PDB: 5UGW","PDB: 5UGW","PDB: 5UGW","PDB: 5UGW"
