"","V1","V2","V3","V4","V5","V6","V7","V8","V9","V10"
"ENTRY2","7022","7022","7022","7022","7022","7022","7022","7022","7022","7022"
"NAME2","TFAP2C, AP2-GAMMA, ERF1, TFAP2G, hAP-2g","TFAP2C, AP2-GAMMA, ERF1, TFAP2G, hAP-2g","TFAP2C, AP2-GAMMA, ERF1, TFAP2G, hAP-2g","TFAP2C, AP2-GAMMA, ERF1, TFAP2G, hAP-2g","TFAP2C, AP2-GAMMA, ERF1, TFAP2G, hAP-2g","TFAP2C, AP2-GAMMA, ERF1, TFAP2G, hAP-2g","TFAP2C, AP2-GAMMA, ERF1, TFAP2G, hAP-2g","TFAP2C, AP2-GAMMA, ERF1, TFAP2G, hAP-2g","TFAP2C, AP2-GAMMA, ERF1, TFAP2G, hAP-2g","TFAP2C, AP2-GAMMA, ERF1, TFAP2G, hAP-2g"
"ORGANISM2","Homo sapiens (human)","Homo sapiens (human)","Homo sapiens (human)","Homo sapiens (human)","Homo sapiens (human)","Homo sapiens (human)","Homo sapiens (human)","Homo sapiens (human)","Homo sapiens (human)","Homo sapiens (human)"
"BRITE2","KEGG Orthology (KO) [BR:hsa00001]"," 09180 Brite Hierarchies","  09182 Protein families: genetic information processing","   03000 Transcription factors [BR:hsa03000]","    7022 (TFAP2C)","Transcription factors [BR:hsa03000]"," Eukaryotic type","  Other basic domains","   AP-2 (bHSH)","    7022 (TFAP2C)"
