"","V1","V2","V3","V4","V5","V6","V7","V8","V9","V10","V11","V12","V13","V14","V15","V16","V17","V18","V19","V20","V21","V22","V23","V24","V25","V26","V27","V28","V29","V30","V31","V32","V33","V34","V35","V36","V37","V38","V39","V40","V41","V42","V43","V44","V45","V46"
"ENTRY2","7480","7480","7480","7480","7480","7480","7480","7480","7480","7480","7480","7480","7480","7480","7480","7480","7480","7480","7480","7480","7480","7480","7480","7480","7480","7480","7480","7480","7480","7480","7480","7480","7480","7480","7480","7480","7480","7480","7480","7480","7480","7480","7480","7480","7480","7480"
"NAME2","WNT10B, SHFM6, STHAG8, WNT-12","WNT10B, SHFM6, STHAG8, WNT-12","WNT10B, SHFM6, STHAG8, WNT-12","WNT10B, SHFM6, STHAG8, WNT-12","WNT10B, SHFM6, STHAG8, WNT-12","WNT10B, SHFM6, STHAG8, WNT-12","WNT10B, SHFM6, STHAG8, WNT-12","WNT10B, SHFM6, STHAG8, WNT-12","WNT10B, SHFM6, STHAG8, WNT-12","WNT10B, SHFM6, STHAG8, WNT-12","WNT10B, SHFM6, STHAG8, WNT-12","WNT10B, SHFM6, STHAG8, WNT-12","WNT10B, SHFM6, STHAG8, WNT-12","WNT10B, SHFM6, STHAG8, WNT-12","WNT10B, SHFM6, STHAG8, WNT-12","WNT10B, SHFM6, STHAG8, WNT-12","WNT10B, SHFM6, STHAG8, WNT-12","WNT10B, SHFM6, STHAG8, WNT-12","WNT10B, SHFM6, STHAG8, WNT-12","WNT10B, SHFM6, STHAG8, WNT-12","WNT10B, SHFM6, STHAG8, WNT-12","WNT10B, SHFM6, STHAG8, WNT-12","WNT10B, SHFM6, STHAG8, WNT-12","WNT10B, SHFM6, STHAG8, WNT-12","WNT10B, SHFM6, STHAG8, WNT-12","WNT10B, SHFM6, STHAG8, WNT-12","WNT10B, SHFM6, STHAG8, WNT-12","WNT10B, SHFM6, STHAG8, WNT-12","WNT10B, SHFM6, STHAG8, WNT-12","WNT10B, SHFM6, STHAG8, WNT-12","WNT10B, SHFM6, STHAG8, WNT-12","WNT10B, SHFM6, STHAG8, WNT-12","WNT10B, SHFM6, STHAG8, WNT-12","WNT10B, SHFM6, STHAG8, WNT-12","WNT10B, SHFM6, STHAG8, WNT-12","WNT10B, SHFM6, STHAG8, WNT-12","WNT10B, SHFM6, STHAG8, WNT-12","WNT10B, SHFM6, STHAG8, WNT-12","WNT10B, SHFM6, STHAG8, WNT-12","WNT10B, SHFM6, STHAG8, WNT-12","WNT10B, SHFM6, STHAG8, WNT-12","WNT10B, SHFM6, STHAG8, WNT-12","WNT10B, SHFM6, STHAG8, WNT-12","WNT10B, SHFM6, STHAG8, WNT-12","WNT10B, SHFM6, STHAG8, WNT-12","WNT10B, SHFM6, STHAG8, WNT-12"
"ORGANISM2","Homo sapiens (human)","Homo sapiens (human)","Homo sapiens (human)","Homo sapiens (human)","Homo sapiens (human)","Homo sapiens (human)","Homo sapiens (human)","Homo sapiens (human)","Homo sapiens (human)","Homo sapiens (human)","Homo sapiens (human)","Homo sapiens (human)","Homo sapiens (human)","Homo sapiens (human)","Homo sapiens (human)","Homo sapiens (human)","Homo sapiens (human)","Homo sapiens (human)","Homo sapiens (human)","Homo sapiens (human)","Homo sapiens (human)","Homo sapiens (human)","Homo sapiens (human)","Homo sapiens (human)","Homo sapiens (human)","Homo sapiens (human)","Homo sapiens (human)","Homo sapiens (human)","Homo sapiens (human)","Homo sapiens (human)","Homo sapiens (human)","Homo sapiens (human)","Homo sapiens (human)","Homo sapiens (human)","Homo sapiens (human)","Homo sapiens (human)","Homo sapiens (human)","Homo sapiens (human)","Homo sapiens (human)","Homo sapiens (human)","Homo sapiens (human)","Homo sapiens (human)","Homo sapiens (human)","Homo sapiens (human)","Homo sapiens (human)","Homo sapiens (human)"
"PATHWAY2","mTOR signaling pathway","Wnt signaling pathway","Hippo signaling pathway","Signaling pathways regulating pluripotency of stem cells","Melanogenesis","Cushing syndrome","Human papillomavirus infection","Pathways in cancer","Proteoglycans in cancer","Basal cell carcinoma","Breast cancer","Hepatocellular carcinoma","Gastric cancer","mTOR signaling pathway","Wnt signaling pathway","Hippo signaling pathway","Signaling pathways regulating pluripotency of stem cells","Melanogenesis","Cushing syndrome","Human papillomavirus infection","Pathways in cancer","Proteoglycans in cancer","Basal cell carcinoma","Breast cancer","Hepatocellular carcinoma","Gastric cancer","mTOR signaling pathway","Wnt signaling pathway","Hippo signaling pathway","Signaling pathways regulating pluripotency of stem cells","Melanogenesis","Cushing syndrome","Human papillomavirus infection","Pathways in cancer","Proteoglycans in cancer","Basal cell carcinoma","Breast cancer","Hepatocellular carcinoma","Gastric cancer","mTOR signaling pathway","Wnt signaling pathway","Hippo signaling pathway","Signaling pathways regulating pluripotency of stem cells","Melanogenesis","Cushing syndrome","Human papillomavirus infection"
"BRITE2","KEGG Orthology (KO) [BR:hsa00001]"," 09130 Environmental Information Processing","  09132 Signal transduction","   04310 Wnt signaling pathway","    7480 (WNT10B)","   04390 Hippo signaling pathway","    7480 (WNT10B)","   04150 mTOR signaling pathway","    7480 (WNT10B)"," 09140 Cellular Processes","  09144 Cellular community - eukaryotes","   04550 Signaling pathways regulating pluripotency of stem cells","    7480 (WNT10B)"," 09150 Organismal Systems","  09152 Endocrine system","   04916 Melanogenesis","    7480 (WNT10B)"," 09160 Human Diseases","  09161 Cancer: overview","   05200 Pathways in cancer","    7480 (WNT10B)","   05205 Proteoglycans in cancer","    7480 (WNT10B)","  09162 Cancer: specific types","   05225 Hepatocellular carcinoma","    7480 (WNT10B)","   05226 Gastric cancer","    7480 (WNT10B)","   05217 Basal cell carcinoma","    7480 (WNT10B)","   05224 Breast cancer","    7480 (WNT10B)","  09167 Endocrine and metabolic disease","   04934 Cushing syndrome","    7480 (WNT10B)","  09172 Infectious disease: viral","   05165 Human papillomavirus infection","    7480 (WNT10B)"," 09180 Brite Hierarchies","  09183 Protein families: signaling and cellular processes","   00536 Glycosaminoglycan binding proteins [BR:hsa00536]","    7480 (WNT10B)","Glycosaminoglycan binding proteins [BR:hsa00536]"," Heparan sulfate / Haparin","  Morphogens","   7480 (WNT10B)"
