"","V1","V2","V3","V4","V5","V6","V7","V8","V9","V10","V11","V12","V13","V14","V15","V16","V17"
"ENTRY2","7442","7442","7442","7442","7442","7442","7442","7442","7442","7442","7442","7442","7442","7442","7442","7442","7442"
"NAME2","TRPV1, VR1","TRPV1, VR1","TRPV1, VR1","TRPV1, VR1","TRPV1, VR1","TRPV1, VR1","TRPV1, VR1","TRPV1, VR1","TRPV1, VR1","TRPV1, VR1","TRPV1, VR1","TRPV1, VR1","TRPV1, VR1","TRPV1, VR1","TRPV1, VR1","TRPV1, VR1","TRPV1, VR1"
"ORGANISM2","Homo sapiens (human)","Homo sapiens (human)","Homo sapiens (human)","Homo sapiens (human)","Homo sapiens (human)","Homo sapiens (human)","Homo sapiens (human)","Homo sapiens (human)","Homo sapiens (human)","Homo sapiens (human)","Homo sapiens (human)","Homo sapiens (human)","Homo sapiens (human)","Homo sapiens (human)","Homo sapiens (human)","Homo sapiens (human)","Homo sapiens (human)"
"PATHWAY2","Neuroactive ligand-receptor interaction","Inflammatory mediator regulation of TRP channels","Neuroactive ligand-receptor interaction","Inflammatory mediator regulation of TRP channels","Neuroactive ligand-receptor interaction","Inflammatory mediator regulation of TRP channels","Neuroactive ligand-receptor interaction","Inflammatory mediator regulation of TRP channels","Neuroactive ligand-receptor interaction","Inflammatory mediator regulation of TRP channels","Neuroactive ligand-receptor interaction","Inflammatory mediator regulation of TRP channels","Neuroactive ligand-receptor interaction","Inflammatory mediator regulation of TRP channels","Neuroactive ligand-receptor interaction","Inflammatory mediator regulation of TRP channels","Neuroactive ligand-receptor interaction"
"BRITE2","KEGG Orthology (KO) [BR:hsa00001]"," 09130 Environmental Information Processing","  09133 Signaling molecules and interaction","   04080 Neuroactive ligand-receptor interaction","    7442 (TRPV1)"," 09150 Organismal Systems","  09157 Sensory system","   04750 Inflammatory mediator regulation of TRP channels","    7442 (TRPV1)"," 09180 Brite Hierarchies","  09183 Protein families: signaling and cellular processes","   04040 Ion channels [BR:hsa04040]","    7442 (TRPV1)","Ion channels [BR:hsa04040]"," Voltage-gated cation channels","  Transient receptor potential channel (TRP)","   7442 (TRPV1)"
