"","V1","V2","V3","V4","V5","V6","V7","V8","V9","V10","V11","V12","V13","V14"
"ENTRY2","8626","8626","8626","8626","8626","8626","8626","8626","8626","8626","8626","8626","8626","8626"
"NAME2","TP63, AIS, B(p51A), B(p51B), EEC3, KET, LMS, NBP, OFC8, RHS, SHFM4, TP53CP, TP53L, TP73L, p40, p51, p53CP, p63, p73H, p73L","TP63, AIS, B(p51A), B(p51B), EEC3, KET, LMS, NBP, OFC8, RHS, SHFM4, TP53CP, TP53L, TP73L, p40, p51, p53CP, p63, p73H, p73L","TP63, AIS, B(p51A), B(p51B), EEC3, KET, LMS, NBP, OFC8, RHS, SHFM4, TP53CP, TP53L, TP73L, p40, p51, p53CP, p63, p73H, p73L","TP63, AIS, B(p51A), B(p51B), EEC3, KET, LMS, NBP, OFC8, RHS, SHFM4, TP53CP, TP53L, TP73L, p40, p51, p53CP, p63, p73H, p73L","TP63, AIS, B(p51A), B(p51B), EEC3, KET, LMS, NBP, OFC8, RHS, SHFM4, TP53CP, TP53L, TP73L, p40, p51, p53CP, p63, p73H, p73L","TP63, AIS, B(p51A), B(p51B), EEC3, KET, LMS, NBP, OFC8, RHS, SHFM4, TP53CP, TP53L, TP73L, p40, p51, p53CP, p63, p73H, p73L","TP63, AIS, B(p51A), B(p51B), EEC3, KET, LMS, NBP, OFC8, RHS, SHFM4, TP53CP, TP53L, TP73L, p40, p51, p53CP, p63, p73H, p73L","TP63, AIS, B(p51A), B(p51B), EEC3, KET, LMS, NBP, OFC8, RHS, SHFM4, TP53CP, TP53L, TP73L, p40, p51, p53CP, p63, p73H, p73L","TP63, AIS, B(p51A), B(p51B), EEC3, KET, LMS, NBP, OFC8, RHS, SHFM4, TP53CP, TP53L, TP73L, p40, p51, p53CP, p63, p73H, p73L","TP63, AIS, B(p51A), B(p51B), EEC3, KET, LMS, NBP, OFC8, RHS, SHFM4, TP53CP, TP53L, TP73L, p40, p51, p53CP, p63, p73H, p73L","TP63, AIS, B(p51A), B(p51B), EEC3, KET, LMS, NBP, OFC8, RHS, SHFM4, TP53CP, TP53L, TP73L, p40, p51, p53CP, p63, p73H, p73L","TP63, AIS, B(p51A), B(p51B), EEC3, KET, LMS, NBP, OFC8, RHS, SHFM4, TP53CP, TP53L, TP73L, p40, p51, p53CP, p63, p73H, p73L","TP63, AIS, B(p51A), B(p51B), EEC3, KET, LMS, NBP, OFC8, RHS, SHFM4, TP53CP, TP53L, TP73L, p40, p51, p53CP, p63, p73H, p73L","TP63, AIS, B(p51A), B(p51B), EEC3, KET, LMS, NBP, OFC8, RHS, SHFM4, TP53CP, TP53L, TP73L, p40, p51, p53CP, p63, p73H, p73L"
"ORGANISM2","Homo sapiens (human)","Homo sapiens (human)","Homo sapiens (human)","Homo sapiens (human)","Homo sapiens (human)","Homo sapiens (human)","Homo sapiens (human)","Homo sapiens (human)","Homo sapiens (human)","Homo sapiens (human)","Homo sapiens (human)","Homo sapiens (human)","Homo sapiens (human)","Homo sapiens (human)"
"PATHWAY2","MicroRNAs in cancer","MicroRNAs in cancer","MicroRNAs in cancer","MicroRNAs in cancer","MicroRNAs in cancer","MicroRNAs in cancer","MicroRNAs in cancer","MicroRNAs in cancer","MicroRNAs in cancer","MicroRNAs in cancer","MicroRNAs in cancer","MicroRNAs in cancer","MicroRNAs in cancer","MicroRNAs in cancer"
"BRITE2","KEGG Orthology (KO) [BR:hsa00001]"," 09160 Human Diseases","  09161 Cancer: overview","   05206 MicroRNAs in cancer","    8626 (TP63)"," 09180 Brite Hierarchies","  09182 Protein families: genetic information processing","   03000 Transcription factors [BR:hsa03000]","    8626 (TP63)","Transcription factors [BR:hsa03000]"," Eukaryotic type","  beta-Scaffold factors with minor groove contacts","   p53","    8626 (TP63)"
"STRUCTURE2","PDB: 2Y9U 3ZY0 3ZY1 4A9Z 3US0 3QYN 3US1 3QYM 3US2 2NB1 2Y9T","     2RMN 1RG6","PDB: 2Y9U 3ZY0 3ZY1 4A9Z 3US0 3QYN 3US1 3QYM 3US2 2NB1 2Y9T","     2RMN 1RG6","PDB: 2Y9U 3ZY0 3ZY1 4A9Z 3US0 3QYN 3US1 3QYM 3US2 2NB1 2Y9T","     2RMN 1RG6","PDB: 2Y9U 3ZY0 3ZY1 4A9Z 3US0 3QYN 3US1 3QYM 3US2 2NB1 2Y9T","     2RMN 1RG6","PDB: 2Y9U 3ZY0 3ZY1 4A9Z 3US0 3QYN 3US1 3QYM 3US2 2NB1 2Y9T","     2RMN 1RG6","PDB: 2Y9U 3ZY0 3ZY1 4A9Z 3US0 3QYN 3US1 3QYM 3US2 2NB1 2Y9T","     2RMN 1RG6","PDB: 2Y9U 3ZY0 3ZY1 4A9Z 3US0 3QYN 3US1 3QYM 3US2 2NB1 2Y9T","     2RMN 1RG6"
