"","V1","V2","V3","V4","V5","V6","V7","V8","V9","V10","V11","V12","V13","V14"
"ENTRY2","8549","8549","8549","8549","8549","8549","8549","8549","8549","8549","8549","8549","8549","8549"
"NAME2","LGR5, FEX, GPR49, GPR67, GRP49, HG38","LGR5, FEX, GPR49, GPR67, GRP49, HG38","LGR5, FEX, GPR49, GPR67, GRP49, HG38","LGR5, FEX, GPR49, GPR67, GRP49, HG38","LGR5, FEX, GPR49, GPR67, GRP49, HG38","LGR5, FEX, GPR49, GPR67, GRP49, HG38","LGR5, FEX, GPR49, GPR67, GRP49, HG38","LGR5, FEX, GPR49, GPR67, GRP49, HG38","LGR5, FEX, GPR49, GPR67, GRP49, HG38","LGR5, FEX, GPR49, GPR67, GRP49, HG38","LGR5, FEX, GPR49, GPR67, GRP49, HG38","LGR5, FEX, GPR49, GPR67, GRP49, HG38","LGR5, FEX, GPR49, GPR67, GRP49, HG38","LGR5, FEX, GPR49, GPR67, GRP49, HG38"
"ORGANISM2","Homo sapiens (human)","Homo sapiens (human)","Homo sapiens (human)","Homo sapiens (human)","Homo sapiens (human)","Homo sapiens (human)","Homo sapiens (human)","Homo sapiens (human)","Homo sapiens (human)","Homo sapiens (human)","Homo sapiens (human)","Homo sapiens (human)","Homo sapiens (human)","Homo sapiens (human)"
"PATHWAY2","Wnt signaling pathway","Wnt signaling pathway","Wnt signaling pathway","Wnt signaling pathway","Wnt signaling pathway","Wnt signaling pathway","Wnt signaling pathway","Wnt signaling pathway","Wnt signaling pathway","Wnt signaling pathway","Wnt signaling pathway","Wnt signaling pathway","Wnt signaling pathway","Wnt signaling pathway"
"BRITE2","KEGG Orthology (KO) [BR:hsa00001]"," 09130 Environmental Information Processing","  09132 Signal transduction","   04310 Wnt signaling pathway","    8549 (LGR5)"," 09180 Brite Hierarchies","  09183 Protein families: signaling and cellular processes","   04030 G protein-coupled receptors [BR:hsa04030]","    8549 (LGR5)","G protein-coupled receptors [BR:hsa04030]"," Rhodopsin family","  Others","   R-spondin","    8549 (LGR5)"
"STRUCTURE2","PDB: 4UFR 4KNG 4BSR 4BSS 4BSU 4BST 4UFS","PDB: 4UFR 4KNG 4BSR 4BSS 4BSU 4BST 4UFS","PDB: 4UFR 4KNG 4BSR 4BSS 4BSU 4BST 4UFS","PDB: 4UFR 4KNG 4BSR 4BSS 4BSU 4BST 4UFS","PDB: 4UFR 4KNG 4BSR 4BSS 4BSU 4BST 4UFS","PDB: 4UFR 4KNG 4BSR 4BSS 4BSU 4BST 4UFS","PDB: 4UFR 4KNG 4BSR 4BSS 4BSU 4BST 4UFS","PDB: 4UFR 4KNG 4BSR 4BSS 4BSU 4BST 4UFS","PDB: 4UFR 4KNG 4BSR 4BSS 4BSU 4BST 4UFS","PDB: 4UFR 4KNG 4BSR 4BSS 4BSU 4BST 4UFS","PDB: 4UFR 4KNG 4BSR 4BSS 4BSU 4BST 4UFS","PDB: 4UFR 4KNG 4BSR 4BSS 4BSU 4BST 4UFS","PDB: 4UFR 4KNG 4BSR 4BSS 4BSU 4BST 4UFS","PDB: 4UFR 4KNG 4BSR 4BSS 4BSU 4BST 4UFS"
