"","V1","V2","V3","V4","V5","V6","V7","V8","V9","V10","V11","V12","V13","V14","V15","V16","V17","V18","V19","V20","V21","V22","V23","V24","V25","V26","V27","V28","V29"
"ENTRY2","861","861","861","861","861","861","861","861","861","861","861","861","861","861","861","861","861","861","861","861","861","861","861","861","861","861","861","861","861"
"NAME2","RUNX1, AML1, AML1-EVI-1, AMLCR1, CBF2alpha, CBFA2, EVI-1, PEBP2aB, PEBP2alpha","RUNX1, AML1, AML1-EVI-1, AMLCR1, CBF2alpha, CBFA2, EVI-1, PEBP2aB, PEBP2alpha","RUNX1, AML1, AML1-EVI-1, AMLCR1, CBF2alpha, CBFA2, EVI-1, PEBP2aB, PEBP2alpha","RUNX1, AML1, AML1-EVI-1, AMLCR1, CBF2alpha, CBFA2, EVI-1, PEBP2aB, PEBP2alpha","RUNX1, AML1, AML1-EVI-1, AMLCR1, CBF2alpha, CBFA2, EVI-1, PEBP2aB, PEBP2alpha","RUNX1, AML1, AML1-EVI-1, AMLCR1, CBF2alpha, CBFA2, EVI-1, PEBP2aB, PEBP2alpha","RUNX1, AML1, AML1-EVI-1, AMLCR1, CBF2alpha, CBFA2, EVI-1, PEBP2aB, PEBP2alpha","RUNX1, AML1, AML1-EVI-1, AMLCR1, CBF2alpha, CBFA2, EVI-1, PEBP2aB, PEBP2alpha","RUNX1, AML1, AML1-EVI-1, AMLCR1, CBF2alpha, CBFA2, EVI-1, PEBP2aB, PEBP2alpha","RUNX1, AML1, AML1-EVI-1, AMLCR1, CBF2alpha, CBFA2, EVI-1, PEBP2aB, PEBP2alpha","RUNX1, AML1, AML1-EVI-1, AMLCR1, CBF2alpha, CBFA2, EVI-1, PEBP2aB, PEBP2alpha","RUNX1, AML1, AML1-EVI-1, AMLCR1, CBF2alpha, CBFA2, EVI-1, PEBP2aB, PEBP2alpha","RUNX1, AML1, AML1-EVI-1, AMLCR1, CBF2alpha, CBFA2, EVI-1, PEBP2aB, PEBP2alpha","RUNX1, AML1, AML1-EVI-1, AMLCR1, CBF2alpha, CBFA2, EVI-1, PEBP2aB, PEBP2alpha","RUNX1, AML1, AML1-EVI-1, AMLCR1, CBF2alpha, CBFA2, EVI-1, PEBP2aB, PEBP2alpha","RUNX1, AML1, AML1-EVI-1, AMLCR1, CBF2alpha, CBFA2, EVI-1, PEBP2aB, PEBP2alpha","RUNX1, AML1, AML1-EVI-1, AMLCR1, CBF2alpha, CBFA2, EVI-1, PEBP2aB, PEBP2alpha","RUNX1, AML1, AML1-EVI-1, AMLCR1, CBF2alpha, CBFA2, EVI-1, PEBP2aB, PEBP2alpha","RUNX1, AML1, AML1-EVI-1, AMLCR1, CBF2alpha, CBFA2, EVI-1, PEBP2aB, PEBP2alpha","RUNX1, AML1, AML1-EVI-1, AMLCR1, CBF2alpha, CBFA2, EVI-1, PEBP2aB, PEBP2alpha","RUNX1, AML1, AML1-EVI-1, AMLCR1, CBF2alpha, CBFA2, EVI-1, PEBP2aB, PEBP2alpha","RUNX1, AML1, AML1-EVI-1, AMLCR1, CBF2alpha, CBFA2, EVI-1, PEBP2aB, PEBP2alpha","RUNX1, AML1, AML1-EVI-1, AMLCR1, CBF2alpha, CBFA2, EVI-1, PEBP2aB, PEBP2alpha","RUNX1, AML1, AML1-EVI-1, AMLCR1, CBF2alpha, CBFA2, EVI-1, PEBP2aB, PEBP2alpha","RUNX1, AML1, AML1-EVI-1, AMLCR1, CBF2alpha, CBFA2, EVI-1, PEBP2aB, PEBP2alpha","RUNX1, AML1, AML1-EVI-1, AMLCR1, CBF2alpha, CBFA2, EVI-1, PEBP2aB, PEBP2alpha","RUNX1, AML1, AML1-EVI-1, AMLCR1, CBF2alpha, CBFA2, EVI-1, PEBP2aB, PEBP2alpha","RUNX1, AML1, AML1-EVI-1, AMLCR1, CBF2alpha, CBFA2, EVI-1, PEBP2aB, PEBP2alpha","RUNX1, AML1, AML1-EVI-1, AMLCR1, CBF2alpha, CBFA2, EVI-1, PEBP2aB, PEBP2alpha"
"ORGANISM2","Homo sapiens (human)","Homo sapiens (human)","Homo sapiens (human)","Homo sapiens (human)","Homo sapiens (human)","Homo sapiens (human)","Homo sapiens (human)","Homo sapiens (human)","Homo sapiens (human)","Homo sapiens (human)","Homo sapiens (human)","Homo sapiens (human)","Homo sapiens (human)","Homo sapiens (human)","Homo sapiens (human)","Homo sapiens (human)","Homo sapiens (human)","Homo sapiens (human)","Homo sapiens (human)","Homo sapiens (human)","Homo sapiens (human)","Homo sapiens (human)","Homo sapiens (human)","Homo sapiens (human)","Homo sapiens (human)","Homo sapiens (human)","Homo sapiens (human)","Homo sapiens (human)","Homo sapiens (human)"
"PATHWAY2","Tight junction","Th17 cell differentiation","Pathways in cancer","Transcriptional misregulation in cancer","Chronic myeloid leukemia","Acute myeloid leukemia","Tight junction","Th17 cell differentiation","Pathways in cancer","Transcriptional misregulation in cancer","Chronic myeloid leukemia","Acute myeloid leukemia","Tight junction","Th17 cell differentiation","Pathways in cancer","Transcriptional misregulation in cancer","Chronic myeloid leukemia","Acute myeloid leukemia","Tight junction","Th17 cell differentiation","Pathways in cancer","Transcriptional misregulation in cancer","Chronic myeloid leukemia","Acute myeloid leukemia","Tight junction","Th17 cell differentiation","Pathways in cancer","Transcriptional misregulation in cancer","Chronic myeloid leukemia"
"BRITE2","KEGG Orthology (KO) [BR:hsa00001]"," 09140 Cellular Processes","  09144 Cellular community - eukaryotes","   04530 Tight junction","    861 (RUNX1)"," 09150 Organismal Systems","  09151 Immune system","   04659 Th17 cell differentiation","    861 (RUNX1)"," 09160 Human Diseases","  09161 Cancer: overview","   05200 Pathways in cancer","    861 (RUNX1)","   05202 Transcriptional misregulation in cancer","    861 (RUNX1)","  09162 Cancer: specific types","   05221 Acute myeloid leukemia","    861 (RUNX1)","   05220 Chronic myeloid leukemia","    861 (RUNX1)"," 09180 Brite Hierarchies","  09182 Protein families: genetic information processing","   03000 Transcription factors [BR:hsa03000]","    861 (RUNX1)","Transcription factors [BR:hsa03000]"," Eukaryotic type","  beta-Scaffold factors with minor groove contacts","   Runt","    861 (RUNX1)"
"STRUCTURE2","PDB: 1LJM 1H9D 1E50 1CO1 1CMO","PDB: 1LJM 1H9D 1E50 1CO1 1CMO","PDB: 1LJM 1H9D 1E50 1CO1 1CMO","PDB: 1LJM 1H9D 1E50 1CO1 1CMO","PDB: 1LJM 1H9D 1E50 1CO1 1CMO","PDB: 1LJM 1H9D 1E50 1CO1 1CMO","PDB: 1LJM 1H9D 1E50 1CO1 1CMO","PDB: 1LJM 1H9D 1E50 1CO1 1CMO","PDB: 1LJM 1H9D 1E50 1CO1 1CMO","PDB: 1LJM 1H9D 1E50 1CO1 1CMO","PDB: 1LJM 1H9D 1E50 1CO1 1CMO","PDB: 1LJM 1H9D 1E50 1CO1 1CMO","PDB: 1LJM 1H9D 1E50 1CO1 1CMO","PDB: 1LJM 1H9D 1E50 1CO1 1CMO","PDB: 1LJM 1H9D 1E50 1CO1 1CMO","PDB: 1LJM 1H9D 1E50 1CO1 1CMO","PDB: 1LJM 1H9D 1E50 1CO1 1CMO","PDB: 1LJM 1H9D 1E50 1CO1 1CMO","PDB: 1LJM 1H9D 1E50 1CO1 1CMO","PDB: 1LJM 1H9D 1E50 1CO1 1CMO","PDB: 1LJM 1H9D 1E50 1CO1 1CMO","PDB: 1LJM 1H9D 1E50 1CO1 1CMO","PDB: 1LJM 1H9D 1E50 1CO1 1CMO","PDB: 1LJM 1H9D 1E50 1CO1 1CMO","PDB: 1LJM 1H9D 1E50 1CO1 1CMO","PDB: 1LJM 1H9D 1E50 1CO1 1CMO","PDB: 1LJM 1H9D 1E50 1CO1 1CMO","PDB: 1LJM 1H9D 1E50 1CO1 1CMO","PDB: 1LJM 1H9D 1E50 1CO1 1CMO"
