"","V1","V2","V3","V4","V5","V6","V7","V8","V9","V10","V11","V12","V13","V14","V15","V16","V17"
"ENTRY2","8856","8856","8856","8856","8856","8856","8856","8856","8856","8856","8856","8856","8856","8856","8856","8856","8856"
"NAME2","NR1I2, BXR, ONR1, PAR, PAR1, PAR2, PARq, PRR, PXR, SAR, SXR","NR1I2, BXR, ONR1, PAR, PAR1, PAR2, PARq, PRR, PXR, SAR, SXR","NR1I2, BXR, ONR1, PAR, PAR1, PAR2, PARq, PRR, PXR, SAR, SXR","NR1I2, BXR, ONR1, PAR, PAR1, PAR2, PARq, PRR, PXR, SAR, SXR","NR1I2, BXR, ONR1, PAR, PAR1, PAR2, PARq, PRR, PXR, SAR, SXR","NR1I2, BXR, ONR1, PAR, PAR1, PAR2, PARq, PRR, PXR, SAR, SXR","NR1I2, BXR, ONR1, PAR, PAR1, PAR2, PARq, PRR, PXR, SAR, SXR","NR1I2, BXR, ONR1, PAR, PAR1, PAR2, PARq, PRR, PXR, SAR, SXR","NR1I2, BXR, ONR1, PAR, PAR1, PAR2, PARq, PRR, PXR, SAR, SXR","NR1I2, BXR, ONR1, PAR, PAR1, PAR2, PARq, PRR, PXR, SAR, SXR","NR1I2, BXR, ONR1, PAR, PAR1, PAR2, PARq, PRR, PXR, SAR, SXR","NR1I2, BXR, ONR1, PAR, PAR1, PAR2, PARq, PRR, PXR, SAR, SXR","NR1I2, BXR, ONR1, PAR, PAR1, PAR2, PARq, PRR, PXR, SAR, SXR","NR1I2, BXR, ONR1, PAR, PAR1, PAR2, PARq, PRR, PXR, SAR, SXR","NR1I2, BXR, ONR1, PAR, PAR1, PAR2, PARq, PRR, PXR, SAR, SXR","NR1I2, BXR, ONR1, PAR, PAR1, PAR2, PARq, PRR, PXR, SAR, SXR","NR1I2, BXR, ONR1, PAR, PAR1, PAR2, PARq, PRR, PXR, SAR, SXR"
"ORGANISM2","Homo sapiens (human)","Homo sapiens (human)","Homo sapiens (human)","Homo sapiens (human)","Homo sapiens (human)","Homo sapiens (human)","Homo sapiens (human)","Homo sapiens (human)","Homo sapiens (human)","Homo sapiens (human)","Homo sapiens (human)","Homo sapiens (human)","Homo sapiens (human)","Homo sapiens (human)","Homo sapiens (human)","Homo sapiens (human)","Homo sapiens (human)"
"BRITE2","KEGG Orthology (KO) [BR:hsa00001]"," 09180 Brite Hierarchies","  09182 Protein families: genetic information processing","   03000 Transcription factors [BR:hsa03000]","    8856 (NR1I2)","  09183 Protein families: signaling and cellular processes","   03310 Nuclear receptors [BR:hsa03310]","    8856 (NR1I2)","Transcription factors [BR:hsa03000]"," Eukaryotic type","  Zinc finger","   Cys4 thyroid hormone-like","    8856 (NR1I2)","Nuclear receptors [BR:hsa03310]"," 1. Thyroid hormone like","  1I. Vitamin D3 like receptor","   8856 (NR1I2)"
"STRUCTURE2","PDB: 4X1F 3CTB 1NRL 3HVL 1M13 5A86 4X1G 6DUP 4XHD 1ILG 6BNS","     4XAO 5X0R 6S41 1ILH 4S0S 4NY9 4J5W 4J5X 3R8D 2QNV 2O9I","     1SKX 4S0T","PDB: 4X1F 3CTB 1NRL 3HVL 1M13 5A86 4X1G 6DUP 4XHD 1ILG 6BNS","     4XAO 5X0R 6S41 1ILH 4S0S 4NY9 4J5W 4J5X 3R8D 2QNV 2O9I","     1SKX 4S0T","PDB: 4X1F 3CTB 1NRL 3HVL 1M13 5A86 4X1G 6DUP 4XHD 1ILG 6BNS","     4XAO 5X0R 6S41 1ILH 4S0S 4NY9 4J5W 4J5X 3R8D 2QNV 2O9I","     1SKX 4S0T","PDB: 4X1F 3CTB 1NRL 3HVL 1M13 5A86 4X1G 6DUP 4XHD 1ILG 6BNS","     4XAO 5X0R 6S41 1ILH 4S0S 4NY9 4J5W 4J5X 3R8D 2QNV 2O9I","     1SKX 4S0T","PDB: 4X1F 3CTB 1NRL 3HVL 1M13 5A86 4X1G 6DUP 4XHD 1ILG 6BNS","     4XAO 5X0R 6S41 1ILH 4S0S 4NY9 4J5W 4J5X 3R8D 2QNV 2O9I","     1SKX 4S0T","PDB: 4X1F 3CTB 1NRL 3HVL 1M13 5A86 4X1G 6DUP 4XHD 1ILG 6BNS","     4XAO 5X0R 6S41 1ILH 4S0S 4NY9 4J5W 4J5X 3R8D 2QNV 2O9I"
