"","V1","V2","V3","V4","V5","V6","V7","V8","V9","V10","V11","V12","V13","V14","V15","V16","V17","V18","V19","V20","V21","V22","V23","V24","V25","V26","V27","V28","V29","V30","V31","V32","V33","V34","V35","V36","V37","V38","V39","V40","V41","V42","V43","V44","V45","V46","V47","V48","V49","V50","V51","V52","V53","V54","V55","V56","V57","V58"
"ENTRY2","8717","8717","8717","8717","8717","8717","8717","8717","8717","8717","8717","8717","8717","8717","8717","8717","8717","8717","8717","8717","8717","8717","8717","8717","8717","8717","8717","8717","8717","8717","8717","8717","8717","8717","8717","8717","8717","8717","8717","8717","8717","8717","8717","8717","8717","8717","8717","8717","8717","8717","8717","8717","8717","8717","8717","8717","8717","8717"
"NAME2","TRADD, Hs.89862","TRADD, Hs.89862","TRADD, Hs.89862","TRADD, Hs.89862","TRADD, Hs.89862","TRADD, Hs.89862","TRADD, Hs.89862","TRADD, Hs.89862","TRADD, Hs.89862","TRADD, Hs.89862","TRADD, Hs.89862","TRADD, Hs.89862","TRADD, Hs.89862","TRADD, Hs.89862","TRADD, Hs.89862","TRADD, Hs.89862","TRADD, Hs.89862","TRADD, Hs.89862","TRADD, Hs.89862","TRADD, Hs.89862","TRADD, Hs.89862","TRADD, Hs.89862","TRADD, Hs.89862","TRADD, Hs.89862","TRADD, Hs.89862","TRADD, Hs.89862","TRADD, Hs.89862","TRADD, Hs.89862","TRADD, Hs.89862","TRADD, Hs.89862","TRADD, Hs.89862","TRADD, Hs.89862","TRADD, Hs.89862","TRADD, Hs.89862","TRADD, Hs.89862","TRADD, Hs.89862","TRADD, Hs.89862","TRADD, Hs.89862","TRADD, Hs.89862","TRADD, Hs.89862","TRADD, Hs.89862","TRADD, Hs.89862","TRADD, Hs.89862","TRADD, Hs.89862","TRADD, Hs.89862","TRADD, Hs.89862","TRADD, Hs.89862","TRADD, Hs.89862","TRADD, Hs.89862","TRADD, Hs.89862","TRADD, Hs.89862","TRADD, Hs.89862","TRADD, Hs.89862","TRADD, Hs.89862","TRADD, Hs.89862","TRADD, Hs.89862","TRADD, Hs.89862","TRADD, Hs.89862"
"ORGANISM2","Homo sapiens (human)","Homo sapiens (human)","Homo sapiens (human)","Homo sapiens (human)","Homo sapiens (human)","Homo sapiens (human)","Homo sapiens (human)","Homo sapiens (human)","Homo sapiens (human)","Homo sapiens (human)","Homo sapiens (human)","Homo sapiens (human)","Homo sapiens (human)","Homo sapiens (human)","Homo sapiens (human)","Homo sapiens (human)","Homo sapiens (human)","Homo sapiens (human)","Homo sapiens (human)","Homo sapiens (human)","Homo sapiens (human)","Homo sapiens (human)","Homo sapiens (human)","Homo sapiens (human)","Homo sapiens (human)","Homo sapiens (human)","Homo sapiens (human)","Homo sapiens (human)","Homo sapiens (human)","Homo sapiens (human)","Homo sapiens (human)","Homo sapiens (human)","Homo sapiens (human)","Homo sapiens (human)","Homo sapiens (human)","Homo sapiens (human)","Homo sapiens (human)","Homo sapiens (human)","Homo sapiens (human)","Homo sapiens (human)","Homo sapiens (human)","Homo sapiens (human)","Homo sapiens (human)","Homo sapiens (human)","Homo sapiens (human)","Homo sapiens (human)","Homo sapiens (human)","Homo sapiens (human)","Homo sapiens (human)","Homo sapiens (human)","Homo sapiens (human)","Homo sapiens (human)","Homo sapiens (human)","Homo sapiens (human)","Homo sapiens (human)","Homo sapiens (human)","Homo sapiens (human)","Homo sapiens (human)"
"PATHWAY2","MAPK signaling pathway","NF-kappa B signaling pathway","Sphingolipid signaling pathway","Apoptosis","Necroptosis","RIG-I-like receptor signaling pathway","IL-17 signaling pathway","TNF signaling pathway","Adipocytokine signaling pathway","Pathogenic Escherichia coli infection","Shigellosis","Salmonella infection","Tuberculosis","Hepatitis C","Measles","Human cytomegalovirus infection","Influenza A","Human papillomavirus infection","Kaposi sarcoma-associated herpesvirus infection","Herpes simplex virus 1 infection","Epstein-Barr virus infection","Human immunodeficiency virus 1 infection","Viral carcinogenesis","MAPK signaling pathway","NF-kappa B signaling pathway","Sphingolipid signaling pathway","Apoptosis","Necroptosis","RIG-I-like receptor signaling pathway","IL-17 signaling pathway","TNF signaling pathway","Adipocytokine signaling pathway","Pathogenic Escherichia coli infection","Shigellosis","Salmonella infection","Tuberculosis","Hepatitis C","Measles","Human cytomegalovirus infection","Influenza A","Human papillomavirus infection","Kaposi sarcoma-associated herpesvirus infection","Herpes simplex virus 1 infection","Epstein-Barr virus infection","Human immunodeficiency virus 1 infection","Viral carcinogenesis","MAPK signaling pathway","NF-kappa B signaling pathway","Sphingolipid signaling pathway","Apoptosis","Necroptosis","RIG-I-like receptor signaling pathway","IL-17 signaling pathway","TNF signaling pathway","Adipocytokine signaling pathway","Pathogenic Escherichia coli infection","Shigellosis","Salmonella infection"
"BRITE2","KEGG Orthology (KO) [BR:hsa00001]"," 09130 Environmental Information Processing","  09132 Signal transduction","   04010 MAPK signaling pathway","    8717 (TRADD)","   04064 NF-kappa B signaling pathway","    8717 (TRADD)","   04668 TNF signaling pathway","    8717 (TRADD)","   04071 Sphingolipid signaling pathway","    8717 (TRADD)"," 09140 Cellular Processes","  09143 Cell growth and death","   04210 Apoptosis","    8717 (TRADD)","   04217 Necroptosis","    8717 (TRADD)"," 09150 Organismal Systems","  09151 Immune system","   04622 RIG-I-like receptor signaling pathway","    8717 (TRADD)","   04657 IL-17 signaling pathway","    8717 (TRADD)","  09152 Endocrine system","   04920 Adipocytokine signaling pathway","    8717 (TRADD)"," 09160 Human Diseases","  09161 Cancer: overview","   05203 Viral carcinogenesis","    8717 (TRADD)","  09171 Infectious disease: bacterial","   05130 Pathogenic Escherichia coli infection","    8717 (TRADD)","   05132 Salmonella infection","    8717 (TRADD)","   05131 Shigellosis","    8717 (TRADD)","   05152 Tuberculosis","    8717 (TRADD)","  09172 Infectious disease: viral","   05170 Human immunodeficiency virus 1 infection","    8717 (TRADD)","   05162 Measles","    8717 (TRADD)","   05164 Influenza A","    8717 (TRADD)","   05160 Hepatitis C","    8717 (TRADD)","   05168 Herpes simplex virus 1 infection","    8717 (TRADD)","   05163 Human cytomegalovirus infection","    8717 (TRADD)","   05167 Kaposi sarcoma-associated herpesvirus infection","    8717 (TRADD)","   05169 Epstein-Barr virus infection","    8717 (TRADD)","   05165 Human papillomavirus infection","    8717 (TRADD)"
"STRUCTURE2","PDB: 6AC0 1F3V 5XME 1F2H","PDB: 6AC0 1F3V 5XME 1F2H","PDB: 6AC0 1F3V 5XME 1F2H","PDB: 6AC0 1F3V 5XME 1F2H","PDB: 6AC0 1F3V 5XME 1F2H","PDB: 6AC0 1F3V 5XME 1F2H","PDB: 6AC0 1F3V 5XME 1F2H","PDB: 6AC0 1F3V 5XME 1F2H","PDB: 6AC0 1F3V 5XME 1F2H","PDB: 6AC0 1F3V 5XME 1F2H","PDB: 6AC0 1F3V 5XME 1F2H","PDB: 6AC0 1F3V 5XME 1F2H","PDB: 6AC0 1F3V 5XME 1F2H","PDB: 6AC0 1F3V 5XME 1F2H","PDB: 6AC0 1F3V 5XME 1F2H","PDB: 6AC0 1F3V 5XME 1F2H","PDB: 6AC0 1F3V 5XME 1F2H","PDB: 6AC0 1F3V 5XME 1F2H","PDB: 6AC0 1F3V 5XME 1F2H","PDB: 6AC0 1F3V 5XME 1F2H","PDB: 6AC0 1F3V 5XME 1F2H","PDB: 6AC0 1F3V 5XME 1F2H","PDB: 6AC0 1F3V 5XME 1F2H","PDB: 6AC0 1F3V 5XME 1F2H","PDB: 6AC0 1F3V 5XME 1F2H","PDB: 6AC0 1F3V 5XME 1F2H","PDB: 6AC0 1F3V 5XME 1F2H","PDB: 6AC0 1F3V 5XME 1F2H","PDB: 6AC0 1F3V 5XME 1F2H","PDB: 6AC0 1F3V 5XME 1F2H","PDB: 6AC0 1F3V 5XME 1F2H","PDB: 6AC0 1F3V 5XME 1F2H","PDB: 6AC0 1F3V 5XME 1F2H","PDB: 6AC0 1F3V 5XME 1F2H","PDB: 6AC0 1F3V 5XME 1F2H","PDB: 6AC0 1F3V 5XME 1F2H","PDB: 6AC0 1F3V 5XME 1F2H","PDB: 6AC0 1F3V 5XME 1F2H","PDB: 6AC0 1F3V 5XME 1F2H","PDB: 6AC0 1F3V 5XME 1F2H","PDB: 6AC0 1F3V 5XME 1F2H","PDB: 6AC0 1F3V 5XME 1F2H","PDB: 6AC0 1F3V 5XME 1F2H","PDB: 6AC0 1F3V 5XME 1F2H","PDB: 6AC0 1F3V 5XME 1F2H","PDB: 6AC0 1F3V 5XME 1F2H","PDB: 6AC0 1F3V 5XME 1F2H","PDB: 6AC0 1F3V 5XME 1F2H","PDB: 6AC0 1F3V 5XME 1F2H","PDB: 6AC0 1F3V 5XME 1F2H","PDB: 6AC0 1F3V 5XME 1F2H","PDB: 6AC0 1F3V 5XME 1F2H","PDB: 6AC0 1F3V 5XME 1F2H","PDB: 6AC0 1F3V 5XME 1F2H","PDB: 6AC0 1F3V 5XME 1F2H","PDB: 6AC0 1F3V 5XME 1F2H","PDB: 6AC0 1F3V 5XME 1F2H","PDB: 6AC0 1F3V 5XME 1F2H"
