"","V1","V2","V3","V4","V5","V6","V7","V8","V9","V10","V11","V12","V13","V14","V15","V16","V17","V18","V19","V20","V21","V22","V23","V24","V25","V26","V27","V28","V29","V30"
"ENTRY2","9575","9575","9575","9575","9575","9575","9575","9575","9575","9575","9575","9575","9575","9575","9575","9575","9575","9575","9575","9575","9575","9575","9575","9575","9575","9575","9575","9575","9575","9575"
"NAME2","CLOCK, KAT13D, bHLHe8","CLOCK, KAT13D, bHLHe8","CLOCK, KAT13D, bHLHe8","CLOCK, KAT13D, bHLHe8","CLOCK, KAT13D, bHLHe8","CLOCK, KAT13D, bHLHe8","CLOCK, KAT13D, bHLHe8","CLOCK, KAT13D, bHLHe8","CLOCK, KAT13D, bHLHe8","CLOCK, KAT13D, bHLHe8","CLOCK, KAT13D, bHLHe8","CLOCK, KAT13D, bHLHe8","CLOCK, KAT13D, bHLHe8","CLOCK, KAT13D, bHLHe8","CLOCK, KAT13D, bHLHe8","CLOCK, KAT13D, bHLHe8","CLOCK, KAT13D, bHLHe8","CLOCK, KAT13D, bHLHe8","CLOCK, KAT13D, bHLHe8","CLOCK, KAT13D, bHLHe8","CLOCK, KAT13D, bHLHe8","CLOCK, KAT13D, bHLHe8","CLOCK, KAT13D, bHLHe8","CLOCK, KAT13D, bHLHe8","CLOCK, KAT13D, bHLHe8","CLOCK, KAT13D, bHLHe8","CLOCK, KAT13D, bHLHe8","CLOCK, KAT13D, bHLHe8","CLOCK, KAT13D, bHLHe8","CLOCK, KAT13D, bHLHe8"
"ORGANISM2","Homo sapiens (human)","Homo sapiens (human)","Homo sapiens (human)","Homo sapiens (human)","Homo sapiens (human)","Homo sapiens (human)","Homo sapiens (human)","Homo sapiens (human)","Homo sapiens (human)","Homo sapiens (human)","Homo sapiens (human)","Homo sapiens (human)","Homo sapiens (human)","Homo sapiens (human)","Homo sapiens (human)","Homo sapiens (human)","Homo sapiens (human)","Homo sapiens (human)","Homo sapiens (human)","Homo sapiens (human)","Homo sapiens (human)","Homo sapiens (human)","Homo sapiens (human)","Homo sapiens (human)","Homo sapiens (human)","Homo sapiens (human)","Homo sapiens (human)","Homo sapiens (human)","Homo sapiens (human)","Homo sapiens (human)"
"PATHWAY2","Circadian rhythm","Dopaminergic synapse","Circadian rhythm","Dopaminergic synapse","Circadian rhythm","Dopaminergic synapse","Circadian rhythm","Dopaminergic synapse","Circadian rhythm","Dopaminergic synapse","Circadian rhythm","Dopaminergic synapse","Circadian rhythm","Dopaminergic synapse","Circadian rhythm","Dopaminergic synapse","Circadian rhythm","Dopaminergic synapse","Circadian rhythm","Dopaminergic synapse","Circadian rhythm","Dopaminergic synapse","Circadian rhythm","Dopaminergic synapse","Circadian rhythm","Dopaminergic synapse","Circadian rhythm","Dopaminergic synapse","Circadian rhythm","Dopaminergic synapse"
"BRITE2","KEGG Orthology (KO) [BR:hsa00001]"," 09150 Organismal Systems","  09156 Nervous system","   04728 Dopaminergic synapse","    9575 (CLOCK)","  09159 Environmental adaptation","   04710 Circadian rhythm","    9575 (CLOCK)"," 09180 Brite Hierarchies","  09182 Protein families: genetic information processing","   03000 Transcription factors [BR:hsa03000]","    9575 (CLOCK)","   03036 Chromosome and associated proteins [BR:hsa03036]","    9575 (CLOCK)","Enzymes [BR:hsa01000]"," 2. Transferases","  2.3  Acyltransferases","   2.3.1  Transferring groups other than aminoacyl groups","    2.3.1.48  histone acetyltransferase","     9575 (CLOCK)","Transcription factors [BR:hsa03000]"," Eukaryotic type","  Basic helix-loop-helix (bHLH)","   Factors with PAS domain","    9575 (CLOCK)","Chromosome and associated proteins [BR:hsa03036]"," Eukaryotic type","  Histone modification proteins","   HATs (histone acetyltransferases)","    9575 (CLOCK)"
"STRUCTURE2","PDB: 6QPJ 4H10","PDB: 6QPJ 4H10","PDB: 6QPJ 4H10","PDB: 6QPJ 4H10","PDB: 6QPJ 4H10","PDB: 6QPJ 4H10","PDB: 6QPJ 4H10","PDB: 6QPJ 4H10","PDB: 6QPJ 4H10","PDB: 6QPJ 4H10","PDB: 6QPJ 4H10","PDB: 6QPJ 4H10","PDB: 6QPJ 4H10","PDB: 6QPJ 4H10","PDB: 6QPJ 4H10","PDB: 6QPJ 4H10","PDB: 6QPJ 4H10","PDB: 6QPJ 4H10","PDB: 6QPJ 4H10","PDB: 6QPJ 4H10","PDB: 6QPJ 4H10","PDB: 6QPJ 4H10","PDB: 6QPJ 4H10","PDB: 6QPJ 4H10","PDB: 6QPJ 4H10","PDB: 6QPJ 4H10","PDB: 6QPJ 4H10","PDB: 6QPJ 4H10","PDB: 6QPJ 4H10","PDB: 6QPJ 4H10"
