"","V1","V2","V3","V4","V5","V6","V7","V8","V9"
"ENTRY2","9855","9855","9855","9855","9855","9855","9855","9855","9855"
"NAME2","FARP2, FIR, FRG, PLEKHC3","FARP2, FIR, FRG, PLEKHC3","FARP2, FIR, FRG, PLEKHC3","FARP2, FIR, FRG, PLEKHC3","FARP2, FIR, FRG, PLEKHC3","FARP2, FIR, FRG, PLEKHC3","FARP2, FIR, FRG, PLEKHC3","FARP2, FIR, FRG, PLEKHC3","FARP2, FIR, FRG, PLEKHC3"
"ORGANISM2","Homo sapiens (human)","Homo sapiens (human)","Homo sapiens (human)","Homo sapiens (human)","Homo sapiens (human)","Homo sapiens (human)","Homo sapiens (human)","Homo sapiens (human)","Homo sapiens (human)"
"PATHWAY2","Rap1 signaling pathway","Adherens junction","Rap1 signaling pathway","Adherens junction","Rap1 signaling pathway","Adherens junction","Rap1 signaling pathway","Adherens junction","Rap1 signaling pathway"
"BRITE2","KEGG Orthology (KO) [BR:hsa00001]"," 09130 Environmental Information Processing","  09132 Signal transduction","   04015 Rap1 signaling pathway","    9855 (FARP2)"," 09140 Cellular Processes","  09144 Cellular community - eukaryotes","   04520 Adherens junction","    9855 (FARP2)"
