"","V1","V2","V3","V4","V5","V6","V7","V8","V9","V10","V11","V12","V13","V14"
"ENTRY2","22061","22061","22061","22061","22061","22061","22061","22061","22061","22061","22061","22061","22061","22061"
"NAME2","Trp63, AI462811, Ket, P51/P63, P63, P73l, Tp63, Trp53rp1","Trp63, AI462811, Ket, P51/P63, P63, P73l, Tp63, Trp53rp1","Trp63, AI462811, Ket, P51/P63, P63, P73l, Tp63, Trp53rp1","Trp63, AI462811, Ket, P51/P63, P63, P73l, Tp63, Trp53rp1","Trp63, AI462811, Ket, P51/P63, P63, P73l, Tp63, Trp53rp1","Trp63, AI462811, Ket, P51/P63, P63, P73l, Tp63, Trp53rp1","Trp63, AI462811, Ket, P51/P63, P63, P73l, Tp63, Trp53rp1","Trp63, AI462811, Ket, P51/P63, P63, P73l, Tp63, Trp53rp1","Trp63, AI462811, Ket, P51/P63, P63, P73l, Tp63, Trp53rp1","Trp63, AI462811, Ket, P51/P63, P63, P73l, Tp63, Trp53rp1","Trp63, AI462811, Ket, P51/P63, P63, P73l, Tp63, Trp53rp1","Trp63, AI462811, Ket, P51/P63, P63, P73l, Tp63, Trp53rp1","Trp63, AI462811, Ket, P51/P63, P63, P73l, Tp63, Trp53rp1","Trp63, AI462811, Ket, P51/P63, P63, P73l, Tp63, Trp53rp1"
"ORGANISM2","Mus musculus (mouse)","Mus musculus (mouse)","Mus musculus (mouse)","Mus musculus (mouse)","Mus musculus (mouse)","Mus musculus (mouse)","Mus musculus (mouse)","Mus musculus (mouse)","Mus musculus (mouse)","Mus musculus (mouse)","Mus musculus (mouse)","Mus musculus (mouse)","Mus musculus (mouse)","Mus musculus (mouse)"
"PATHWAY2","MicroRNAs in cancer","MicroRNAs in cancer","MicroRNAs in cancer","MicroRNAs in cancer","MicroRNAs in cancer","MicroRNAs in cancer","MicroRNAs in cancer","MicroRNAs in cancer","MicroRNAs in cancer","MicroRNAs in cancer","MicroRNAs in cancer","MicroRNAs in cancer","MicroRNAs in cancer","MicroRNAs in cancer"
"BRITE2","KEGG Orthology (KO) [BR:mmu00001]"," 09160 Human Diseases","  09161 Cancer: overview","   05206 MicroRNAs in cancer","    22061 (Trp63)"," 09180 Brite Hierarchies","  09182 Protein families: genetic information processing","   03000 Transcription factors [BR:mmu03000]","    22061 (Trp63)","Transcription factors [BR:mmu03000]"," Eukaryotic type","  beta-Scaffold factors with minor groove contacts","   p53","    22061 (Trp63)"
"STRUCTURE2","PDB: 5N2O","PDB: 5N2O","PDB: 5N2O","PDB: 5N2O","PDB: 5N2O","PDB: 5N2O","PDB: 5N2O","PDB: 5N2O","PDB: 5N2O","PDB: 5N2O","PDB: 5N2O","PDB: 5N2O","PDB: 5N2O","PDB: 5N2O"
