"","ETHNO","ACTIVITY","TAXON","FAMILY","COUNTRY","LONGREF"
"15903",15903,"Detergent","Acacia concinna","Fabaceae","Elsewhere","Woi.1"
"29718",29718,"Insecticide","Acacia concinna","Fabaceae","India","Altschul, Siri Von Reis. 1973. Drugs and foods from little-known plants. Harvard Univ. Press"
"36986",36986,"Piscicide","Acacia concinna","Fabaceae","India(Bengal)","Woi.1"
"44161",44161,"Soap","Acacia concinna","Fabaceae","India","Altschul, Siri Von Reis. 1973. Drugs and foods from little-known plants. Harvard Univ. Press"
"79316",79316,"Tumor","Acacia concinna","Fabaceae","India","Hartwell, J.L. 1967-71. Plants used against cancer. A survey. Lloydia 30-34."
