"","id","title","link","content"
"1",6774858,"Ravenelia acaciae-concinnae","https://eol.org/pages/6774858",""
"2",6782600,"Uredo acaciae-concinnae","https://eol.org/pages/6782600",""
"3",647774,"Acacia concinna","https://eol.org/pages/647774",""
"4",62505392,"Acacia concinna","https://eol.org/pages/62505392",""
"5",50502390,"Senegalia rugata","https://eol.org/pages/50502390",""
"6",58476450,"Acacia concinna","https://eol.org/pages/58476450",""
"7",5302490,"Senegalia","https://eol.org/pages/5302490",""
"8",37444,"Uredo","https://eol.org/pages/37444",""
"9",39940157,"Acacia","https://eol.org/pages/39940157",""
