"","Plant","Phytochemical","PubChemCID","PMID","Other.Ref"
"1","Acacia concinna","oxalic acid","971",NA,"https://www.thieme-connect.com/products/ejournals/abstract/10.1055/s-0028-1099805"
"2","Acacia concinna","nicotine","89594",NA,"https://www.thieme-connect.com/products/ejournals/abstract/10.1055/s-0028-1099805"
"3","Acacia concinna","kinmoonoside A","101088124",11141109,""
"4","Acacia concinna","kinmoonoside B","101088125",11141109,""
"5","Acacia concinna","kinmoonoside C","101088126",11141109,""
"6","Acacia concinna","tartaric acid","875",NA,"https://www.thieme-connect.com/products/ejournals/abstract/10.1055/s-0028-1099805"
"7","Acacia concinna","citric acid","311",NA,"https://www.thieme-connect.com/products/ejournals/abstract/10.1055/s-0028-1099805"
"8","Acacia concinna","succinic acid","1110",NA,"https://www.thieme-connect.com/products/ejournals/abstract/10.1055/s-0028-1099805"
"9","Acacia concinna","ascorbic acid","54670067",NA,"https://www.thieme-connect.com/products/ejournals/abstract/10.1055/s-0028-1099805"
"10","Acacia concinna","calycotomine","606033",NA,"https://www.thieme-connect.com/products/ejournals/abstract/10.1055/s-0028-1099805"
"11","Acacia concinna","rutin","5280805",NA,"https://www.thieme-connect.com/products/ejournals/abstract/10.1055/s-0028-1099805"
