"","Taxon","Genus","Hybrid.marker","Species","Abbrev","Infraspecific.rank","Infraspecific","Authority","ID","Plant.Name.Index","TPL.version","Taxonomic.status","Family","New.Genus","New.Hybrid.marker","New.Species","New.Infraspecific.rank","New.Infraspecific","New.Authority","New.ID","New.Taxonomic.status","Typo","WFormat","Higher.level","Date"
"1","Acacia concinna","Acacia","","concinna",NA,NA,"","","ild-32490",TRUE,"1.1","Accepted","Leguminosae","Acacia","","concinna","","","(Willd.) DC.","ild-32490","Accepted",FALSE,FALSE,FALSE,2023-02-01
"2","Albizia julibrissin","Albizia","","julibrissin",NA,NA,"","","ild-19968",TRUE,"1.1","Accepted","Leguminosae","Albizia","","julibrissin","","","Durazz.","ild-19968","Accepted",FALSE,FALSE,FALSE,2023-02-01
"3","Allium cepa","Allium","","cepa",NA,NA,"","","kew-295261",TRUE,"1.1","Accepted","Amaryllidaceae","Allium","","cepa","","","L.","kew-295261","Accepted",FALSE,FALSE,FALSE,2023-02-01
"4","Allium sativum","Allium","","sativum",NA,NA,"","","kew-296499",TRUE,"1.1","Accepted","Amaryllidaceae","Allium","","sativum","","","L.","kew-296499","Accepted",FALSE,FALSE,FALSE,2023-02-01
"5","Aloe vera","Aloe","","vera",NA,NA,"","","kew-298116",TRUE,"1.1","Accepted","Xanthorrhoeaceae","Aloe","","vera","","","(L.) Burm.f.","kew-298116","Accepted",FALSE,FALSE,FALSE,2023-02-01
"6","Alpinia zerumbet","Alpinia","","zerumbet",NA,NA,"","","kew-219119",TRUE,"1.1","Accepted","Zingiberaceae","Alpinia","","zerumbet","","","(Pers.) B.L.Burtt & R.M.Sm.","kew-219119","Accepted",FALSE,FALSE,FALSE,2023-02-01
"7","Ammi majus","Ammi","","majus",NA,NA,"","","kew-2633874",TRUE,"1.1","Accepted","Apiaceae","Ammi","","majus","","","L.","kew-2633874","Accepted",FALSE,FALSE,FALSE,2023-02-01
"8","Andrographis paniculata","Andrographis","","paniculata",NA,NA,"","","kew-2637069",TRUE,"1.1","Accepted","Acanthaceae","Andrographis","","paniculata","","","(Burm.f.) Nees","kew-2637069","Accepted",FALSE,FALSE,FALSE,2023-02-01
"9","Angelica dahurica","Angelica","","dahurica",NA,NA,"","","kew-2639044",TRUE,"1.1","Accepted","Apiaceae","Angelica","","dahurica","","","(Hoffm.) Benth. & Hook.f. ex Franch. & Sav.","kew-2639044","Accepted",FALSE,FALSE,FALSE,2023-02-01
"10","Angelica gigas","Angelica","","gigas",NA,NA,"","","kew-2639084",TRUE,"1.1","Accepted","Apiaceae","Angelica","","gigas","","","Nakai","kew-2639084","Accepted",FALSE,FALSE,FALSE,2023-02-01
"11","Angelica sinensis","Angelica","","sinensis",NA,NA,"","","kew-2639272",TRUE,"1.1","Accepted","Apiaceae","Angelica","","sinensis","","","(Oliv.) Diels","kew-2639272","Accepted",FALSE,FALSE,FALSE,2023-02-01
"12","Artemisia abrotanum","Artemisia","","abrotanum",NA,NA,"","","gcc-123521",TRUE,"1.1","Accepted","Compositae","Artemisia","","abrotanum","","","L.","gcc-123521","Accepted",FALSE,FALSE,FALSE,2023-02-01
"13","Averrhoa carambola","Averrhoa","","carambola",NA,NA,"","","kew-2666746",TRUE,"1.1","Accepted","Oxalidaceae","Averrhoa","","carambola","","","L.","kew-2666746","Accepted",FALSE,FALSE,FALSE,2023-02-01
"14","Avicennia marina","Avicennia","","marina",NA,NA,"","","kew-18454",TRUE,"1.1","Accepted","Acanthaceae","Avicennia","","marina","","","(Forssk.) Vierh.","kew-18454","Accepted",FALSE,FALSE,FALSE,2023-02-01
"15","Azadirachta indica","Azadirachta","","indica",NA,NA,"","","kew-2667002",TRUE,"1.1","Accepted","Meliaceae","Azadirachta","","indica","","","A.Juss.","kew-2667002","Accepted",FALSE,FALSE,FALSE,2023-02-01
"16","Bidens tripartita","Bidens","","tripartita",NA,NA,"","","gcc-2528",TRUE,"1.1","Accepted","Compositae","Bidens","","tripartita","","","L.","gcc-2528","Accepted",FALSE,FALSE,FALSE,2023-02-01
"17","Camellia sinensis","Camellia","","sinensis",NA,NA,"","","kew-2694880",TRUE,"1.1","Accepted","Theaceae","Camellia","","sinensis","","","(L.) Kuntze","kew-2694880","Accepted",FALSE,FALSE,FALSE,2023-02-01
"18","Carthamus tinctorius","Carthamus","","tinctorius",NA,NA,"","","gcc-123195",TRUE,"1.1","Accepted","Compositae","Carthamus","","tinctorius","","","L.","gcc-123195","Accepted",FALSE,FALSE,FALSE,2023-02-01
"19","Cedrus deodara","Cedrus","","deodara",NA,NA,"","","kew-2707322",TRUE,"1.1","Accepted","Pinaceae","Cedrus","","deodara","","","(Roxb. ex D.Don) G.Don","kew-2707322","Accepted",FALSE,FALSE,FALSE,2023-02-01
"20","Chrysanthemum morifolium","Chrysanthemum","","morifolium",NA,NA,"","","gcc-130137",TRUE,"1.1","Accepted","Compositae","Chrysanthemum","","morifolium","","","Ramat.","gcc-130137","Accepted",FALSE,FALSE,FALSE,2023-02-01
"21","Chrysanthemum zawadskii","Chrysanthemum","","zawadskii",NA,NA,"","","gcc-133631",TRUE,"1.1","Accepted","Compositae","Chrysanthemum","","zawadskii","","","Herbich","gcc-133631","Accepted",FALSE,FALSE,FALSE,2023-02-01
"22","Clitoria ternatea","Clitoria","","ternatea",NA,NA,"","","ild-2539",TRUE,"1.1","Accepted","Leguminosae","Clitoria","","ternatea","","","L.","ild-2539","Accepted",FALSE,FALSE,FALSE,2023-02-01
"23","Cnidium officinale ","Cnidium","","officinale",NA,NA,"","","kew-2728977",TRUE,"1.1","Synonym","Apiaceae","Ligusticum","","officinale","","","(Makino) Kitag.","kew-2344285","Unresolved",FALSE,FALSE,FALSE,2023-02-01
"24","Coffea arabica","Coffea","","arabica",NA,NA,"","","kew-45400",TRUE,"1.1","Accepted","Rubiaceae","Coffea","","arabica","","","L.","kew-45400","Accepted",FALSE,FALSE,FALSE,2023-02-01
"25","Corydalis turtschaninovii","Corydalis","","turtschaninovii",NA,NA,"","","kew-2739374",TRUE,"1.1","Accepted","Papaveraceae","Corydalis","","turtschaninovii","","","Besser","kew-2739374","Accepted",FALSE,FALSE,FALSE,2023-02-01
"26","Cullen corylifolium","Cullen","","corylifolium",NA,NA,"","","ild-32569",TRUE,"1.1","Accepted","Leguminosae","Cullen","","corylifolium","","","(L.) Medik.","ild-32569","Accepted",FALSE,FALSE,FALSE,2023-02-01
"27","Curcuma longa","Curcuma","","longa",NA,NA,"","","kew-235249",TRUE,"1.1","Accepted","Zingiberaceae","Curcuma","","longa","","","L.","kew-235249","Accepted",FALSE,FALSE,FALSE,2023-02-01
"28","Cuscuta reflexa","Cuscuta","","reflexa",NA,NA,"","","tro-8500037",TRUE,"1.1","Accepted","Convolvulaceae","Cuscuta","","reflexa","","","Roxb.","tro-8500037","Accepted",FALSE,FALSE,FALSE,2023-02-01
"29","Cynomorium songaricum","Cynomorium","","songaricum",NA,NA,"","","kew-53500",TRUE,"1.1","Synonym","Cynomoriaceae","Cynomorium","","coccineum","subsp.","songaricum","(Rupr.) J.Léonard","kew-53494","Accepted",FALSE,FALSE,FALSE,2023-02-01
"30","Eclipta prostrata","Eclipta","","prostrata",NA,NA,"","","gcc-6746",TRUE,"1.1","Accepted","Compositae","Eclipta","","prostrata","","","(L.) L.","gcc-6746","Accepted",FALSE,FALSE,FALSE,2023-02-01
"31","Illicium anisatum","Illicium","","anisatum",NA,NA,"","","kew-2861832",TRUE,"1.1","Unresolved","Schisandraceae","Illicium","","anisatum","","","Gaertn.","kew-2861832","Unresolved",FALSE,FALSE,FALSE,2023-02-01
"32","Impatiens balsamina ","Impatiens","","balsamina",NA,NA,"","","kew-2862179",TRUE,"1.1","Accepted","Balsaminaceae","Impatiens","","balsamina","","","L.","kew-2862179","Accepted",FALSE,FALSE,FALSE,2023-02-01
"33","Jatropha gossypiifolia","Jatropha","","gossypiifolia",NA,NA,"","","kew-104621",TRUE,"1.1","Accepted","Euphorbiaceae","Jatropha","","gossypiifolia","","","L.","kew-104621","Accepted",FALSE,FALSE,FALSE,2023-02-01
"34","Larrea divaricata","Larrea","","divaricata",NA,NA,"","","tro-34600002",TRUE,"1.1","Accepted","Zygophyllaceae","Larrea","","divaricata","","","Cav.","tro-34600002","Accepted",FALSE,FALSE,FALSE,2023-02-01
"35","Lawsonia inermis","Lawsonia","","inermis",NA,NA,"","","kew-2353863",TRUE,"1.1","Accepted","Lythraceae","Lawsonia","","inermis","","","L.","kew-2353863","Accepted",FALSE,FALSE,FALSE,2023-02-01
"36","Leonurus sibiricus","Leonurus","","sibiricus",NA,NA,"","","kew-109583",TRUE,"1.1","Accepted","Lamiaceae","Leonurus","","sibiricus","","","L.","kew-109583","Accepted",FALSE,FALSE,FALSE,2023-02-01
"37","Ligusticum sinense ","Ligusticum","","sinense",NA,NA,"","","kew-2343931",TRUE,"1.1","Accepted","Apiaceae","Ligusticum","","sinense","","","Oliv.","kew-2343931","Accepted",FALSE,FALSE,FALSE,2023-02-01
"38","Ligustrum lucidum ","Ligustrum","","lucidum",NA,NA,"","","kew-354188",TRUE,"1.1","Accepted","Oleaceae","Ligustrum","","lucidum","","","W.T.Aiton","kew-354188","Accepted",FALSE,FALSE,FALSE,2023-02-01
"39","Lycium chinense ","Lycium","","chinense",NA,NA,"","","kew-2496344",TRUE,"1.1","Accepted","Solanaceae","Lycium","","chinense","","","Mill.","kew-2496344","Accepted",FALSE,FALSE,FALSE,2023-02-01
"40","Lycopersicon esculentum","Lycopersicon","","esculentum",NA,NA,"","","tro-29602513",TRUE,"1.1","Accepted","Solanaceae","Lycopersicon","","esculentum","","","Mill.","tro-29602513","Accepted",FALSE,FALSE,FALSE,2023-02-01
"41","Mimosa pudica","Mimosa","","pudica",NA,NA,"","","ild-118",TRUE,"1.1","Accepted","Leguminosae","Mimosa","","pudica","","","L.","ild-118","Accepted",FALSE,FALSE,FALSE,2023-02-01
"42","Morus alba ","Morus","","alba",NA,NA,"","","kew-2501381",TRUE,"1.1","Accepted","Moraceae","Morus","","alba","","","L.","kew-2501381","Accepted",FALSE,FALSE,FALSE,2023-02-01
"43","Nerium oleander","Nerium","","oleander",NA,NA,"","","kew-135196",TRUE,"1.1","Accepted","Apocynaceae","Nerium","","oleander","","","L.","kew-135196","Accepted",FALSE,FALSE,FALSE,2023-02-01
"44","Ocimum sanctum","Ocimum","","sanctum",NA,NA,"","","kew-137068",TRUE,"1.1","Synonym","Lamiaceae","Ocimum","","tenuiflorum","","","L.","kew-137105","Accepted",FALSE,FALSE,FALSE,2023-02-01
"45","Oryza sativa","Oryza","","sativa",NA,NA,"","","kew-426698",TRUE,"1.1","Accepted","Poaceae","Oryza","","sativa","","","L.","kew-426698","Accepted",FALSE,FALSE,FALSE,2023-02-01
"46","Panax ginseng ","Panax","","ginseng",NA,NA,"","","kew-146697",TRUE,"1.1","Accepted","Araliaceae","Panax","","ginseng","","","C.A.Mey.","kew-146697","Accepted",FALSE,FALSE,FALSE,2023-02-01
"47","Platycladus orientalis ","Platycladus","","orientalis",NA,NA,"","","kew-2411523",TRUE,"1.1","Accepted","Cupressaceae","Platycladus","","orientalis","","","(L.) Franco","kew-2411523","Accepted",FALSE,FALSE,FALSE,2023-02-01
"48","Prunus persica ","Prunus","","persica",NA,NA,"","","rjp-376",TRUE,"1.1","Accepted","Rosaceae","Prunus","","persica","","","(L.) Batsch","rjp-376","Accepted",FALSE,FALSE,FALSE,2023-02-01
"49","Pueraria thomsonii ","Pueraria","","thomsonii",NA,NA,"","","ild-38948",TRUE,"1.1","Synonym","Leguminosae","Pueraria","","montana","var.","chinensis","(Ohwi) Sanjappa & Pradeep","ild-40433","Accepted",FALSE,FALSE,FALSE,2023-02-01
"50","Rehmannia glutinosa","Rehmannia","","glutinosa",NA,NA,"","","kew-2527243",TRUE,"1.1","Accepted","Plantaginaceae","Rehmannia","","glutinosa","","","(Gaertn.) DC.","kew-2527243","Accepted",FALSE,FALSE,FALSE,2023-02-01
"51","Rhinacanthus nasutus","Rhinacanthus","","nasutus",NA,NA,"","","kew-2421087",TRUE,"1.1","Accepted","Acanthaceae","Rhinacanthus","","nasutus","","","(L.) Kurz","kew-2421087","Accepted",FALSE,FALSE,FALSE,2023-02-01
"52","Rubus coreanus ","Rubus","","coreanus",NA,NA,"","","rjp-3253",TRUE,"1.1","Accepted","Rosaceae","Rubus","","coreanus","","","Miq.","rjp-3253","Accepted",FALSE,FALSE,FALSE,2023-02-01
"53","Salvia miltiorrhiza ","Salvia","","miltiorrhiza",NA,NA,"","","kew-183206",TRUE,"1.1","Accepted","Lamiaceae","Salvia","","miltiorrhiza","","","Bunge","kew-183206","Accepted",FALSE,FALSE,FALSE,2023-02-01
"54","Salvia rosmarinus","Salvia","","rosmarinus",NA,NA,"","","kew-183733",TRUE,"1.1","Synonym","Lamiaceae","Rosmarinus","","officinalis","","","L.","kew-179873","Accepted",FALSE,FALSE,FALSE,2023-02-01
"55","Sapindus rarak","Sapindus","","rarak",NA,NA,"","","tro-28601622",TRUE,"1.1","Accepted","Sapindaceae","Sapindus","","rarak","","","DC.","tro-28601622","Accepted",FALSE,FALSE,FALSE,2023-02-01
"56","Scutellaria baicalensis ","Scutellaria","","baicalensis",NA,NA,"","","kew-188938",TRUE,"1.1","Accepted","Lamiaceae","Scutellaria","","baicalensis","","","Georgi","kew-188938","Accepted",FALSE,FALSE,FALSE,2023-02-01
"57","Serenoa repens","Serenoa","","repens",NA,NA,"","","kew-190787",TRUE,"1.1","Accepted","Arecaceae","Serenoa","","repens","","","(W.Bartram) Small","kew-190787","Accepted",FALSE,FALSE,FALSE,2023-02-01
"58","Sesamum indicum","Sesamum","","indicum",NA,NA,"","","kew-2588550",TRUE,"1.1","Accepted","Pedaliaceae","Sesamum","","indicum","","","L.","kew-2588550","Accepted",FALSE,FALSE,FALSE,2023-02-01
"59","Solanum nigrum","Solanum","","nigrum",NA,NA,"","","tro-29600125",TRUE,"1.1","Synonym","Solanaceae","Solanum","","americanum","","","Mill.","tro-29600095","Accepted",FALSE,FALSE,FALSE,2023-02-01
"60","Sophora flavescens ","Sophora","","flavescens",NA,NA,"","","ild-31855",TRUE,"1.1","Accepted","Leguminosae","Sophora","","flavescens","","","Aiton","ild-31855","Accepted",FALSE,FALSE,FALSE,2023-02-01
"61","Tamus communis","Tamus","","communis",NA,NA,"","","kew-267905",TRUE,"1.1","Synonym","Dioscoreaceae","Dioscorea","","communis","","","(L.) Caddick & Wilkin","kew-239990","Accepted",FALSE,FALSE,FALSE,2023-02-01
"62","Terminalia bellirica ","Terminalia","","bellirica",NA,NA,"","","tro-8200807",TRUE,"1.1","Accepted","Combretaceae","Terminalia","","bellirica","","","(Gaertn.) Roxb.","tro-8200807","Accepted",FALSE,FALSE,FALSE,2023-02-01
"63","Terminalia chebula ","Terminalia","","chebula",NA,NA,"","","kew-2431324",TRUE,"1.1","Accepted","Combretaceae","Terminalia","","chebula","","","Retz.","kew-2431324","Accepted",FALSE,FALSE,FALSE,2023-02-01
"64","Thuja occidentalis","Thuja","","occidentalis",NA,NA,"","","kew-2432938",TRUE,"1.1","Accepted","Cupressaceae","Thuja","","occidentalis","","","L.","kew-2432938","Accepted",FALSE,FALSE,FALSE,2023-02-01
"65","Trichosanthes cucumerina","Trichosanthes","","cucumerina",NA,NA,"","","kew-2433288",TRUE,"1.1","Accepted","Cucurbitaceae","Trichosanthes","","cucumerina","","","L.","kew-2433288","Accepted",FALSE,FALSE,FALSE,2023-02-01
"66","Trifolium pratense","Trifolium","","pratense",NA,NA,"","","ild-8127",TRUE,"1.1","Accepted","Leguminosae","Trifolium","","pratense","","","L.","ild-8127","Accepted",FALSE,FALSE,FALSE,2023-02-01
"67","Viscum album ","Viscum","","album",NA,NA,"","","kew-2461327",TRUE,"1.1","Accepted","Santalaceae","Viscum","","album","","","L.","kew-2461327","Accepted",FALSE,FALSE,FALSE,2023-02-01
"68","Zingiber officinale ","Zingiber","","officinale",NA,NA,"","","kew-273361",TRUE,"1.1","Accepted","Zingiberaceae","Zingiber","","officinale","","","Roscoe","kew-273361","Accepted",FALSE,FALSE,FALSE,2023-02-01
"69","Ziziphus jujuba","Ziziphus","","jujuba",NA,NA,"","","kew-2470699",TRUE,"1.1","Accepted","Rhamnaceae","Ziziphus","","jujuba","","","Mill.","kew-2470699","Accepted",FALSE,FALSE,FALSE,2023-02-01
