"","V1","V2","V3","V4","V5","V6"
"1","ID","GO term","Evidence","SeqCount","Frequency","relative_fontsize"
"2","GO:0004672","protein kinase activity","IMP, TAS, ISS, NAS, ISO, ISM, IEA, IGI, IDA","1697","86.7","99.2"
"3","GO:0016772","transferase activity, transferring phosphorus-containing groups","IMP, TAS, ISS, NAS, ISO, ISM, IEA, IGI, IDA","1700","86.8","99.2"
"4","GO:0016301","kinase activity","IMP, TAS, ISS, NAS, ISO, ISM, IEA, IGI, IDA","1697","86.7","99.2"
"5","GO:0016740","transferase activity","IMP, TAS, ISS, NAS, ISO, ISM, IEA, IGI, IDA","1700","86.8","99.2"
"6","GO:0003824","catalytic activity","IMP, TAS, ISS, NAS, ISO, ISM, IEA, IGI, IDA","1701","86.9","99.2"
"7","GO:0016773","phosphotransferase activity, alcohol group as acceptor","IMP, TAS, ISS, NAS, ISO, ISM, IEA, IGI, IDA","1697","86.7","99.2"
"8","GO:0005488","binding","ISS, IPI, NAS, ISM, IEA, IC, IGI, IDA","1706","87.1","99.3"
"9","GO:1901363","heterocyclic compound binding","IEA, ISS, IC, ISM, IDA","1705","87.1","99.2"
"10","GO:0097159","organic cyclic compound binding","IEA, ISS, IC, ISM, IDA","1705","87.1","99.2"
"11","GO:0043167","ion binding","ISS, NAS, ISM, IEA, IC, IDA","1699","86.8","99.2"
"12","GO:0000166","nucleotide binding","IEA, ISS, IC, ISM, IDA","1698","86.7","99.2"
"13","GO:0043168","anion binding","ISS, NAS, ISM, IEA, IC, IDA","1699","86.8","99.2"
"14","GO:1901265","nucleoside phosphate binding","IEA, ISS, IC, ISM, IDA","1698","86.7","99.2"
"15","GO:0032549","ribonucleoside binding","IEA, ISS, IC, ISM, IDA","1698","86.7","99.2"
"16","GO:0017076","purine nucleotide binding","IEA, ISS, IC, ISM, IDA","1698","86.7","99.2"
"17","GO:0005524","ATP binding","IEA, ISS, IC, ISM, IDA","1698","86.7","99.2"
"18","GO:0032559","adenyl ribonucleotide binding","IEA, ISS, IC, ISM, IDA","1698","86.7","99.2"
"19","GO:0032555","purine ribonucleotide binding","IEA, ISS, IC, ISM, IDA","1698","86.7","99.2"
"20","GO:0032550","purine ribonucleoside binding","IEA, ISS, IC, ISM, IDA","1698","86.7","99.2"
"21","GO:0032553","ribonucleotide binding","IEA, ISS, IC, ISM, IDA","1698","86.7","99.2"
"22","GO:0035639","purine ribonucleoside triphosphate binding","IEA, ISS, IC, ISM, IDA","1698","86.7","99.2"
"23","GO:0030554","adenyl nucleotide binding","IEA, ISS, IC, ISM, IDA","1698","86.7","99.2"
"24","GO:0001883","purine nucleoside binding","IEA, ISS, IC, ISM, IDA","1698","86.7","99.2"
"25","GO:0001882","nucleoside binding","IEA, ISS, IC, ISM, IDA","1698","86.7","99.2"
"26","GO:0036094","small molecule binding","IEA, ISS, IC, ISM, IDA","1698","86.7","99.2"
"27","GO:0004674","protein serine/threonine kinase activity","IMP, TAS, ISS, NAS, ISM, IEA, IGI, IDA","1611","82.3","98.9"
"28","GO:0005543","phospholipid binding","IEA, NAS, IDA","322","16.4","90.2"
"29","GO:0008289","lipid binding","IEA, NAS, IDA","322","16.4","90.2"
"30","GO:0046872","metal ion binding","IEA","242","12.4","88.7"
"31","GO:0043169","cation binding","IEA","242","12.4","88.7"
"32","GO:0000287","magnesium ion binding","IEA","219","11.2","88.1"
"33","GO:0035091","phosphatidylinositol binding","IEA, NAS, IDA","98","5.01","83.7"
"34","GO:0009987","cellular process","NAS, TAS, ISS, IEP, IMP, ISO, ISM, IEA, IC, IGI, IDA","1699","86.8","99.2"
"35","GO:0006468","protein phosphorylation","TAS, ISS, IMP, NAS, ISM, IEA, ISO, IGI, IDA","1697","86.7","99.2"
"36","GO:0008152","metabolic process","TAS, ISS, IMP, NAS, ISM, IEA, ISO, IGI, IDA","1701","86.9","99.2"
"37","GO:0044237","cellular metabolic process","TAS, ISS, IMP, NAS, ISM, IEA, ISO, IGI, IDA","1698","86.7","99.2"
"38","GO:0071704","organic substance metabolic process","TAS, ISS, IMP, NAS, ISM, IEA, ISO, IGI, IDA","1698","86.7","99.2"
"39","GO:0044238","primary metabolic process","TAS, ISS, IMP, NAS, ISM, IEA, ISO, IGI, IDA","1698","86.7","99.2"
"40","GO:0044260","cellular macromolecule metabolic process","TAS, ISS, IMP, NAS, ISM, IEA, ISO, IGI, IDA","1698","86.7","99.2"
"41","GO:0043170","macromolecule metabolic process","TAS, ISS, IMP, NAS, ISM, IEA, ISO, IGI, IDA","1698","86.7","99.2"
"42","GO:0016310","phosphorylation","TAS, ISS, IMP, NAS, ISM, IEA, ISO, IGI, IDA","1697","86.7","99.2"
"43","GO:0019538","protein metabolic process","TAS, ISS, IMP, NAS, ISM, IEA, ISO, IGI, IDA","1697","86.7","99.2"
"44","GO:0044267","cellular protein metabolic process","TAS, ISS, IMP, NAS, ISM, IEA, ISO, IGI, IDA","1697","86.7","99.2"
"45","GO:0043412","macromolecule modification","TAS, ISS, IMP, NAS, ISM, IEA, ISO, IGI, IDA","1697","86.7","99.2"
"46","GO:0006464","cellular protein modification process","TAS, ISS, IMP, NAS, ISM, IEA, ISO, IGI, IDA","1697","86.7","99.2"
"47","GO:0036211","protein modification process","TAS, ISS, IMP, NAS, ISM, IEA, ISO, IGI, IDA","1697","86.7","99.2"
"48","GO:0006796","phosphate-containing compound metabolic process","TAS, ISS, IMP, NAS, ISM, IEA, ISO, IGI, IDA","1697","86.7","99.2"
"49","GO:0006793","phosphorus metabolic process","TAS, ISS, IMP, NAS, ISM, IEA, ISO, IGI, IDA","1697","86.7","99.2"
"50","GO:0044699","single-organism process","NAS, TAS, ISS, IEP, IMP, ISO, IEA, IC, IGI, IDA","474","24.2","92.3"
"51","GO:0044763","single-organism cellular process","NAS, TAS, ISS, IEP, IMP, ISO, IEA, IC, IGI, IDA","471","24.1","92.3"
"52","GO:0065007","biological regulation","NAS, TAS, ISS, IEP, IMP, ISO, IEA, IC, IGI, IDA","431","22","91.8"
"53","GO:0050789","regulation of biological process","TAS, ISS, IEP, IMP, NAS, IEA, IC, IGI, IDA","431","22","91.8"
"54","GO:0050794","regulation of cellular process","TAS, ISS, IMP, NAS, IEA, IC, IGI, IDA","429","21.9","91.8"
"55","GO:0007154","cell communication","TAS, ISS, IMP, NAS, IEA, IC, IGI, IDA","449","22.9","92"
"56","GO:0050896","response to stimulus","TAS, ISS, IEP, IMP, NAS, IEA, ISO, IC, IGI, IDA","401","20.5","91.4"
"57","GO:0051716","cellular response to stimulus","TAS, ISS, IEP, IMP, NAS, IEA, ISO, IC, IGI, IDA","388","19.8","91.2"
"58","GO:0007165","signal transduction","TAS, ISS, IMP, NAS, IEA, IC, IGI, IDA","368","18.8","90.9"
"59","GO:0044700","single organism signaling","TAS, ISS, IMP, NAS, IEA, IC, IGI, IDA","368","18.8","90.9"
"60","GO:0023052","signaling","TAS, ISS, IMP, NAS, IEA, IC, IGI, IDA","368","18.8","90.9"
"61","GO:0035556","intracellular signal transduction","TAS, ISS, IMP, IEA, IGI, IDA","282","14.4","89.5"
"62","GO:0007243","intracellular protein kinase cascade","TAS, ISS, IMP, IEA, IGI, IDA","272","13.9","89.3"
"63","GO:0048518","positive regulation of biological process","TAS, ISS, IMP, NAS, IEA, IGI, IDA","167","8.53","86.6"
"64","GO:0019222","regulation of metabolic process","TAS, ISS, IMP, IEA, IGI, IDA","166","8.48","86.6"
"65","GO:0048522","positive regulation of cellular process","TAS, ISS, IMP, NAS, IEA, IGI, IDA","159","8.12","86.4"
"66","GO:0080090","regulation of primary metabolic process","TAS, ISS, IMP, IEA, IGI, IDA","164","8.38","86.5"
"67","GO:0060255","regulation of macromolecule metabolic process","TAS, ISS, IMP, IEA, IGI, IDA","163","8.32","86.5"
"68","GO:0048519","negative regulation of biological process","TAS, ISS, IMP, IEA, IGI, IDA","152","7.76","86.1"
"69","GO:0048523","negative regulation of cellular process","TAS, ISS, IMP, IEA, IGI, IDA","151","7.71","86.1"
"70","GO:0031323","regulation of cellular metabolic process","TAS, ISS, IMP, IEA, IGI, IDA","151","7.71","86.1"
"71","GO:0009893","positive regulation of metabolic process","TAS, ISS, IMP, IEA, IGI, IDA","154","7.87","86.2"
"72","GO:0010468","regulation of gene expression","TAS, ISS, IMP, IEA, IGI, IDA","150","7.66","86.1"
"73","GO:2000112","regulation of cellular macromolecule biosynthetic process","TAS, ISS, IMP, IEA, IGI, IDA","147","7.51","85.9"
"74","GO:0009889","regulation of biosynthetic process","TAS, ISS, IMP, IEA, IGI, IDA","147","7.51","85.9"
"75","GO:0010556","regulation of macromolecule biosynthetic process","TAS, ISS, IMP, IEA, IGI, IDA","147","7.51","85.9"
"76","GO:0010604","positive regulation of macromolecule metabolic process","TAS, ISS, IMP, IEA, IGI, IDA","153","7.81","86.2"
"77","GO:0031326","regulation of cellular biosynthetic process","TAS, ISS, IMP, IEA, IGI, IDA","147","7.51","85.9"
"78","GO:0042221","response to chemical stimulus","TAS, ISS, IEP, IMP, NAS, IEA, ISO, IGI, IDA","127","6.49","85.1"
"79","GO:0031325","positive regulation of cellular metabolic process","TAS, ISS, IMP, IEA, IGI, IDA","139","7.1","85.6"
"80","GO:0010033","response to organic substance","TAS, ISS, IEP, IMP, NAS, IEA, ISO, IGI, IDA","123","6.28","85"
"81","GO:0009891","positive regulation of biosynthetic process","IEA, IMP, TAS, IGI, IDA","138","7.05","85.6"
"82","GO:0010557","positive regulation of macromolecule biosynthetic process","IEA, IMP, TAS, IGI, IDA","138","7.05","85.6"
"83","GO:0031328","positive regulation of cellular biosynthetic process","IEA, IMP, TAS, IGI, IDA","138","7.05","85.6"
"84","GO:0043067","regulation of programmed cell death","IEA, ISS, TAS, IMP, IDA","113","5.77","84.5"
"85","GO:0042981","regulation of apoptotic process","IEA, ISS, TAS, IMP, IDA","113","5.77","84.5"
"86","GO:0010941","regulation of cell death","IEA, ISS, TAS, IMP, IDA","113","5.77","84.5"
"87","GO:0070887","cellular response to chemical stimulus","TAS, ISS, IEP, IMP, NAS, IEA, ISO, IGI, IDA","106","5.41","84.2"
"88","GO:0071840","cellular component organization or biogenesis","TAS, NAS, ISS, IMP, ISO, IEA, IGI, IDA","106","5.41","84.2"
"89","GO:0071310","cellular response to organic substance","TAS, ISS, IEP, IMP, NAS, IEA, ISO, IGI, IDA","104","5.31","84.1"
"90","GO:0016043","cellular component organization","TAS, NAS, ISS, IMP, ISO, IEA, IGI, IDA","106","5.41","84.2"
"91","GO:0051171","regulation of nitrogen compound metabolic process","TAS, ISS, IMP, IEA, IGI, IDA","107","5.46","84.2"
"92","GO:0019219","regulation of nucleobase-containing compound metabolic process","TAS, ISS, IMP, IEA, IGI, IDA","107","5.46","84.2"
"93","GO:0051246","regulation of protein metabolic process","IEA, IMP, IDA, ISS, TAS","106","5.41","84.2"
"94","GO:0010628","positive regulation of gene expression","IEA, IMP, IGI, IDA","98","5.01","83.7"
"95","GO:0044464","cell part","CURATED, TAS, ISS, IPI, IMP, NAS, BY SIMILARITY, IEA, IDA","246","12.6","88.7"
"96","GO:0005623","cell","CURATED, TAS, ISS, IPI, IMP, NAS, BY SIMILARITY, IEA, IDA","246","12.6","88.7"
"97","GO:0005622","intracellular","CURATED, TAS, ISS, IPI, IMP, NAS, BY SIMILARITY, IEA, IDA","246","12.6","88.7"
"98","GO:0044424","intracellular part","CURATED, TAS, ISS, IPI, IMP, NAS, BY SIMILARITY, IEA, IDA","244","12.5","88.7"
"99","GO:0043229","intracellular organelle","CURATED, TAS, ISS, IPI, NAS, BY SIMILARITY, IEA, IDA","220","11.2","88.1"
"100","GO:0043226","organelle","CURATED, TAS, ISS, IPI, NAS, BY SIMILARITY, IEA, IDA","220","11.2","88.1"
"101","GO:0005737","cytoplasm","CURATED, TAS, ISS, IMP, NAS, BY SIMILARITY, IEA, IDA","203","10.4","87.7"
"102","GO:0043231","intracellular membrane-bounded organelle","CURATED, TAS, ISS, IPI, BY SIMILARITY, IEA, IDA","183","9.35","87.1"
"103","GO:0043227","membrane-bounded organelle","CURATED, TAS, ISS, IPI, BY SIMILARITY, IEA, IDA","183","9.35","87.1"
"104","GO:0005634","nucleus","CURATED, TAS, ISS, IPI, BY SIMILARITY, IEA, IDA","146","7.46","85.9"
"105","GO:0044444","cytoplasmic part","CURATED, TAS, ISS, IMP, NAS, BY SIMILARITY, IEA, IDA","119","6.08","84.8"
