"","V1","V2","V3","V4","V5","V6"
"1","ID","GO term","Evidence","SeqCount","Frequency","relative_fontsize"
"2","GO:0003700","sequence-specific DNA binding transcription factor activity","TAS, ISS, NAS, IGI, IEA, IMP, IDA","2983","85.6","99.2"
"3","GO:0001071","nucleic acid binding transcription factor activity","TAS, ISS, NAS, IGI, IEA, IMP, IDA","2983","85.6","99.2"
"4","GO:0003677","DNA binding","IMP, TAS, ISS, NAS, IEA, IC, IGI, IDA","2794","80.2","98.8"
"5","GO:0004872","receptor activity","TAS, ISS, IMP, NAS, IEA, IGI, IDA","2928","84","99.1"
"6","GO:0060089","molecular transducer activity","TAS, ISS, IMP, NAS, IEA, IGI, IDA","2928","84","99.1"
"7","GO:0038023","signaling receptor activity","TAS, ISS, IMP, NAS, IEA, IGI, IDA","2928","84","99.1"
"8","GO:0004871","signal transducer activity","TAS, ISS, IMP, NAS, IEA, IGI, IDA","2928","84","99.1"
"9","GO:0003707","steroid hormone receptor activity","IMP, TAS, ISS, NAS, IEA, IGI, IDA","2921","83.8","99"
"10","GO:0005488","binding","IMP, TAS, ISS, IPI, NAS, ISO, IEA, IC, IGI, IDA","2798","80.3","98.8"
"11","GO:0097159","organic cyclic compound binding","IMP, TAS, ISS, IPI, NAS, IEA, IC, IGI, IDA","2796","80.3","98.8"
"12","GO:1901363","heterocyclic compound binding","IMP, TAS, ISS, NAS, IEA, IC, IGI, IDA","2796","80.3","98.8"
"13","GO:0003676","nucleic acid binding","IMP, TAS, ISS, NAS, IEA, IC, IGI, IDA","2796","80.3","98.8"
"14","GO:0043565","sequence-specific DNA binding","IEA, ISS, IGI, IDA","2617","75.1","98.4"
"15","GO:0046872","metal ion binding","IEA, TAS","2610","74.9","98.4"
"16","GO:0043167","ion binding","IEA, ISS, TAS, IMP, IDA","2612","75","98.4"
"17","GO:0043169","cation binding","IEA, TAS","2610","74.9","98.4"
"18","GO:0008270","zinc ion binding","IEA, TAS","2592","74.4","98.4"
"19","GO:0046914","transition metal ion binding","IEA, TAS","2592","74.4","98.4"
"20","GO:0000981","sequence-specific DNA binding RNA polymerase II transcription factor activity","TAS, ISS, NAS, IGI, IEA, IMP, IDA","1025","29.4","93.4"
"21","GO:0004879","ligand-activated sequence-specific DNA binding RNA polymerase II transcription factor activity","TAS, ISS, IMP, NAS, IEA, IGI, IDA","1010","29","93.3"
"22","GO:0008289","lipid binding","TAS, ISS, IPI, NAS, IEA, IMP, IDA","482","13.8","89.3"
"23","GO:0005496","steroid binding","TAS, ISS, IPI, NAS, IEA, IMP, IDA","408","11.7","88.4"
"24","GO:0001067","regulatory region nucleic acid binding","IEA, ISS, IMP, IDA","242","6.95","85.5"
"25","GO:0044212","transcription regulatory region DNA binding","IEA, ISS, IMP, IDA","242","6.95","85.5"
"26","GO:0000975","regulatory region DNA binding","IEA, ISS, IMP, IDA","242","6.95","85.5"
"27","GO:0003708","retinoic acid receptor activity","NAS, ISS, TAS, IMP, IEA, IDA","218","6.26","85"
"28","GO:0004887","thyroid hormone receptor activity","IEA, TAS, IDA","190","5.45","84.2"
"29","GO:0006355","regulation of transcription, DNA-dependent","TAS, ISS, IEP, NAS, ISO, IGI, IEA, IC, IMP, IDA","2983","85.6","99.2"
"30","GO:0043401","steroid hormone mediated signaling pathway","IMP, TAS, ISS, NAS, IEA, IGI, IDA","2921","83.8","99"
"31","GO:0065007","biological regulation","TAS, ISS, IEP, IMP, NAS, IEA, ISO, IC, IGI, IDA","2986","85.7","99.2"
"32","GO:0050789","regulation of biological process","TAS, ISS, IEP, NAS, ISO, IGI, IEA, IC, IMP, IDA","2986","85.7","99.2"
"33","GO:0050794","regulation of cellular process","TAS, ISS, IEP, NAS, ISO, IGI, IEA, IC, IMP, IDA","2986","85.7","99.2"
"34","GO:0019222","regulation of metabolic process","TAS, ISS, IEP, NAS, ISO, IGI, IEA, IC, IMP, IDA","2983","85.6","99.2"
"35","GO:0080090","regulation of primary metabolic process","TAS, ISS, IEP, NAS, ISO, IGI, IEA, IC, IMP, IDA","2983","85.6","99.2"
"36","GO:0009987","cellular process","TAS, ISS, IEP, NAS, IGI, IEA, IC, IMP, IDA","2983","85.6","99.2"
"37","GO:0031323","regulation of cellular metabolic process","TAS, ISS, IEP, NAS, ISO, IGI, IEA, IC, IMP, IDA","2983","85.6","99.2"
"38","GO:0060255","regulation of macromolecule metabolic process","TAS, ISS, IEP, NAS, ISO, IGI, IEA, IC, IMP, IDA","2983","85.6","99.2"
"39","GO:0009889","regulation of biosynthetic process","TAS, ISS, IEP, NAS, ISO, IGI, IEA, IC, IMP, IDA","2983","85.6","99.2"
"40","GO:0031326","regulation of cellular biosynthetic process","TAS, ISS, IEP, NAS, ISO, IGI, IEA, IC, IMP, IDA","2983","85.6","99.2"
"41","GO:0044699","single-organism process","TAS, ISS, IEP, IMP, NAS, IEA, IC, IGI, IDA","2929","84.1","99.1"
"42","GO:0010556","regulation of macromolecule biosynthetic process","TAS, ISS, IEP, NAS, ISO, IGI, IEA, IC, IMP, IDA","2983","85.6","99.2"
"43","GO:0019219","regulation of nucleobase-containing compound metabolic process","TAS, ISS, IEP, NAS, ISO, IGI, IEA, IC, IMP, IDA","2983","85.6","99.2"
"44","GO:0051171","regulation of nitrogen compound metabolic process","TAS, ISS, IEP, NAS, ISO, IGI, IEA, IC, IMP, IDA","2983","85.6","99.2"
"45","GO:2001141","regulation of RNA biosynthetic process","TAS, ISS, IEP, NAS, ISO, IGI, IEA, IC, IMP, IDA","2983","85.6","99.2"
"46","GO:0051252","regulation of RNA metabolic process","TAS, ISS, IEP, NAS, ISO, IGI, IEA, IC, IMP, IDA","2983","85.6","99.2"
"47","GO:0010468","regulation of gene expression","TAS, ISS, IEP, NAS, ISO, IGI, IEA, IC, IMP, IDA","2983","85.6","99.2"
"48","GO:2000112","regulation of cellular macromolecule biosynthetic process","TAS, ISS, IEP, NAS, ISO, IGI, IEA, IC, IMP, IDA","2983","85.6","99.2"
"49","GO:0044763","single-organism cellular process","TAS, ISS, IEP, IMP, NAS, IEA, IC, IGI, IDA","2929","84.1","99.1"
"50","GO:0050896","response to stimulus","TAS, ISS, IEP, IMP, NAS, IEA, IC, IGI, IDA","2929","84.1","99.1"
"51","GO:0051716","cellular response to stimulus","TAS, ISS, IEP, IMP, NAS, IEA, IC, IGI, IDA","2929","84.1","99.1"
"52","GO:0007154","cell communication","TAS, ISS, IEP, IMP, NAS, IEA, IC, IGI, IDA","2929","84.1","99.1"
"53","GO:0044700","single organism signaling","TAS, ISS, IEP, IMP, NAS, IEA, IGI, IDA","2929","84.1","99.1"
"54","GO:0023052","signaling","TAS, ISS, IEP, IMP, NAS, IEA, IGI, IDA","2929","84.1","99.1"
"55","GO:0007165","signal transduction","IMP, TAS, ISS, IEP, NAS, IEA, IGI, IDA","2929","84.1","99.1"
"56","GO:0042221","response to chemical stimulus","TAS, ISS, IEP, IMP, NAS, IEA, IC, IGI, IDA","2922","83.9","99"
"57","GO:0006351","transcription, DNA-dependent","TAS, ISS, NAS, IGI, IEA, IMP, IDA","2747","78.8","98.7"
"58","GO:0010033","response to organic substance","IMP, ISS, IEP, TAS, NAS, IEA, IC, IGI, IDA","2922","83.9","99"
"59","GO:0033993","response to lipid","IMP, ISS, IEP, TAS, NAS, IEA, IGI, IDA","2922","83.9","99"
"60","GO:0009719","response to endogenous stimulus","IMP, ISS, IEP, TAS, NAS, IEA, IC, IGI, IDA","2921","83.8","99"
"61","GO:0070887","cellular response to chemical stimulus","TAS, ISS, IEP, IMP, NAS, IEA, IC, IGI, IDA","2921","83.8","99"
"62","GO:0014070","response to organic cyclic compound","IMP, ISS, IEP, TAS, NAS, IEA, IGI, IDA","2921","83.8","99"
"63","GO:0009725","response to hormone stimulus","IMP, ISS, IEP, TAS, NAS, IEA, IGI, IDA","2921","83.8","99"
"64","GO:0071310","cellular response to organic substance","IMP, ISS, IEP, TAS, NAS, IEA, IC, IGI, IDA","2921","83.8","99"
"65","GO:0048545","response to steroid hormone stimulus","IMP, ISS, IEP, TAS, NAS, IEA, IGI, IDA","2921","83.8","99"
"66","GO:0071396","cellular response to lipid","IMP, ISS, IEP, TAS, NAS, IEA, IGI, IDA","2921","83.8","99"
"67","GO:0071495","cellular response to endogenous stimulus","IMP, ISS, IEP, TAS, NAS, IEA, IC, IGI, IDA","2921","83.8","99"
"68","GO:0032870","cellular response to hormone stimulus","IMP, ISS, IEP, TAS, NAS, IEA, IGI, IDA","2921","83.8","99"
"69","GO:0071407","cellular response to organic cyclic compound","IMP, ISS, TAS, NAS, IEA, IGI, IDA","2921","83.8","99"
"70","GO:0009755","hormone-mediated signaling pathway","IMP, TAS, ISS, NAS, IEA, IGI, IDA","2921","83.8","99"
"71","GO:0071383","cellular response to steroid hormone stimulus","IMP, ISS, TAS, NAS, IEA, IGI, IDA","2921","83.8","99"
"72","GO:0008152","metabolic process","TAS, ISS, IEP, NAS, IGI, IEA, IMP, IDA","2747","78.8","98.7"
"73","GO:0071704","organic substance metabolic process","TAS, ISS, IEP, NAS, IGI, IEA, IMP, IDA","2747","78.8","98.7"
"74","GO:0044238","primary metabolic process","TAS, ISS, IEP, NAS, IGI, IEA, IMP, IDA","2747","78.8","98.7"
"75","GO:0044237","cellular metabolic process","TAS, ISS, IEP, NAS, IGI, IEA, IMP, IDA","2747","78.8","98.7"
"76","GO:1901360","organic cyclic compound metabolic process","TAS, ISS, IEP, NAS, IGI, IEA, IMP, IDA","2747","78.8","98.7"
"77","GO:1901576","organic substance biosynthetic process","TAS, ISS, NAS, IGI, IEA, IMP, IDA","2747","78.8","98.7"
"78","GO:0043170","macromolecule metabolic process","TAS, ISS, NAS, IGI, IEA, IMP, IDA","2747","78.8","98.7"
"79","GO:0009058","biosynthetic process","TAS, ISS, NAS, IGI, IEA, IMP, IDA","2747","78.8","98.7"
"80","GO:0044260","cellular macromolecule metabolic process","TAS, ISS, NAS, IGI, IEA, IMP, IDA","2747","78.8","98.7"
"81","GO:1901362","organic cyclic compound biosynthetic process","TAS, ISS, NAS, IGI, IEA, IMP, IDA","2747","78.8","98.7"
"82","GO:0044249","cellular biosynthetic process","TAS, ISS, NAS, IGI, IEA, IMP, IDA","2747","78.8","98.7"
"83","GO:0006139","nucleobase-containing compound metabolic process","TAS, ISS, NAS, IGI, IEA, IMP, IDA","2747","78.8","98.7"
"84","GO:0019438","aromatic compound biosynthetic process","TAS, ISS, NAS, IGI, IEA, IMP, IDA","2747","78.8","98.7"
"85","GO:0018130","heterocycle biosynthetic process","TAS, ISS, NAS, IGI, IEA, IMP, IDA","2747","78.8","98.7"
"86","GO:0090304","nucleic acid metabolic process","TAS, ISS, NAS, IGI, IEA, IMP, IDA","2747","78.8","98.7"
"87","GO:0010467","gene expression","TAS, ISS, NAS, IGI, IEA, IMP, IDA","2747","78.8","98.7"
"88","GO:0046483","heterocycle metabolic process","TAS, ISS, NAS, IGI, IEA, IMP, IDA","2747","78.8","98.7"
"89","GO:0034654","nucleobase-containing compound biosynthetic process","TAS, ISS, NAS, IGI, IEA, IMP, IDA","2747","78.8","98.7"
"90","GO:0006725","cellular aromatic compound metabolic process","TAS, ISS, NAS, IGI, IEA, IMP, IDA","2747","78.8","98.7"
"91","GO:0009059","macromolecule biosynthetic process","TAS, ISS, NAS, IGI, IEA, IMP, IDA","2747","78.8","98.7"
"92","GO:0034641","cellular nitrogen compound metabolic process","TAS, ISS, NAS, IGI, IEA, IMP, IDA","2747","78.8","98.7"
"93","GO:0034645","cellular macromolecule biosynthetic process","TAS, ISS, NAS, IGI, IEA, IMP, IDA","2747","78.8","98.7"
"94","GO:0016070","RNA metabolic process","TAS, ISS, NAS, IGI, IEA, IMP, IDA","2747","78.8","98.7"
"95","GO:0044271","cellular nitrogen compound biosynthetic process","TAS, ISS, NAS, IGI, IEA, IMP, IDA","2747","78.8","98.7"
"96","GO:0032774","RNA biosynthetic process","TAS, ISS, NAS, IGI, IEA, IMP, IDA","2747","78.8","98.7"
"97","GO:0006807","nitrogen compound metabolic process","TAS, ISS, NAS, IGI, IEA, IMP, IDA","2747","78.8","98.7"
"98","GO:0030522","intracellular receptor signaling pathway","TAS, ISS, IMP, NAS, IEA, IGI, IDA","1077","30.9","93.6"
"99","GO:0006357","regulation of transcription from RNA polymerase II promoter","TAS, ISS, NAS, IGI, IEA, IC, IMP, IDA","1143","32.8","93.9"
"100","GO:0006366","transcription from RNA polymerase II promoter","TAS, ISS, NAS, IGI, IEA, IMP, IDA","1030","29.6","93.4"
"101","GO:0048518","positive regulation of biological process","IMP, ISS, IEP, TAS, NAS, IEA, IC, IGI, IDA","563","16.2","90.1"
"102","GO:0048522","positive regulation of cellular process","IMP, ISS, IEP, TAS, NAS, IEA, IC, IGI, IDA","556","16","90"
"103","GO:0032501","multicellular organismal process","IMP, ISS, IEP, TAS, NAS, IEA, IGI, IDA","561","16.1","90.1"
"104","GO:0044707","single-multicellular organism process","IMP, TAS, ISS, IEP, NAS, IEA, IGI, IDA","544","15.6","89.9"
"105","GO:0048519","negative regulation of biological process","NAS, ISS, IEP, TAS, IMP, ISO, IEA, IC, IGI, IDA","532","15.3","89.8"
"106","GO:0032502","developmental process","IMP, ISS, IEP, TAS, NAS, IEA, IGI, IDA","519","14.9","89.7"
"107","GO:0007275","multicellular organismal development","IMP, TAS, ISS, IEP, NAS, IEA, IGI, IDA","518","14.9","89.7"
"108","GO:0048523","negative regulation of cellular process","IMP, ISS, IEP, TAS, NAS, ISO, IEA, IC, IGI, IDA","509","14.6","89.6"
"109","GO:0048856","anatomical structure development","TAS, ISS, IEP, IMP, NAS, IEA, IGI, IDA","509","14.6","89.6"
"110","GO:0044767","single-organism developmental process","TAS, ISS, IEP, IMP, NAS, IEA, IGI, IDA","504","14.5","89.5"
"111","GO:0010605","negative regulation of macromolecule metabolic process","TAS, ISS, IEP, IMP, ISO, IEA, IC, IGI, IDA","513","14.7","89.6"
"112","GO:0009892","negative regulation of metabolic process","TAS, ISS, IEP, IMP, ISO, IEA, IC, IGI, IDA","513","14.7","89.6"
"113","GO:0009893","positive regulation of metabolic process","TAS, ISS, IMP, IEA, IC, IGI, IDA","481","13.8","89.3"
"114","GO:0048731","system development","TAS, ISS, IEP, IMP, NAS, IEA, IGI, IDA","483","13.9","89.3"
"115","GO:0031325","positive regulation of cellular metabolic process","TAS, ISS, IMP, IEA, IC, IGI, IDA","481","13.8","89.3"
"116","GO:0009891","positive regulation of biosynthetic process","TAS, ISS, IMP, IEA, IC, IGI, IDA","481","13.8","89.3"
"117","GO:0031328","positive regulation of cellular biosynthetic process","TAS, ISS, IMP, IEA, IC, IGI, IDA","481","13.8","89.3"
"118","GO:0051173","positive regulation of nitrogen compound metabolic process","TAS, ISS, IMP, IEA, IC, IGI, IDA","481","13.8","89.3"
"119","GO:0010604","positive regulation of macromolecule metabolic process","TAS, ISS, IMP, IEA, IC, IGI, IDA","480","13.8","89.2"
"120","GO:0010628","positive regulation of gene expression","TAS, ISS, IMP, IEA, IC, IGI, IDA","480","13.8","89.2"
"121","GO:0010557","positive regulation of macromolecule biosynthetic process","TAS, ISS, IMP, IEA, IC, IGI, IDA","480","13.8","89.2"
"122","GO:0045935","positive regulation of nucleobase-containing compound metabolic process","TAS, ISS, IMP, IEA, IC, IGI, IDA","480","13.8","89.2"
"123","GO:0045893","positive regulation of transcription, DNA-dependent","TAS, ISS, IMP, IEA, IC, IGI, IDA","480","13.8","89.2"
"124","GO:0051254","positive regulation of RNA metabolic process","TAS, ISS, IMP, IEA, IC, IGI, IDA","480","13.8","89.2"
"125","GO:0010629","negative regulation of gene expression","TAS, ISS, IEP, IMP, ISO, IEA, IGI, IDA","489","14","89.3"
"126","GO:0048513","organ development","TAS, ISS, IEP, IMP, NAS, IEA, IGI, IDA","457","13.1","89"
"127","GO:0009890","negative regulation of biosynthetic process","TAS, ISS, IEP, IMP, ISO, IEA, IGI, IDA","469","13.5","89.1"
"128","GO:0010558","negative regulation of macromolecule biosynthetic process","TAS, ISS, IEP, IMP, ISO, IEA, IGI, IDA","469","13.5","89.1"
"129","GO:0031324","negative regulation of cellular metabolic process","TAS, ISS, IEP, IMP, ISO, IEA, IC, IGI, IDA","446","12.8","88.8"
"130","GO:2000113","negative regulation of cellular macromolecule biosynthetic process","TAS, ISS, IEP, IMP, ISO, IEA, IGI, IDA","445","12.8","88.8"
"131","GO:0031327","negative regulation of cellular biosynthetic process","TAS, ISS, IEP, IMP, ISO, IEA, IGI, IDA","445","12.8","88.8"
"132","GO:0045934","negative regulation of nucleobase-containing compound metabolic process","TAS, ISS, IEP, IMP, ISO, IEA, IGI, IDA","445","12.8","88.8"
"133","GO:0051172","negative regulation of nitrogen compound metabolic process","TAS, ISS, IEP, IMP, ISO, IEA, IGI, IDA","445","12.8","88.8"
"134","GO:0045892","negative regulation of transcription, DNA-dependent","TAS, ISS, IEP, IMP, ISO, IEA, IGI, IDA","445","12.8","88.8"
"135","GO:0051253","negative regulation of RNA metabolic process","TAS, ISS, IEP, IMP, ISO, IEA, IGI, IDA","445","12.8","88.8"
"136","GO:0045944","positive regulation of transcription from RNA polymerase II promoter","TAS, ISS, IMP, IEA, IC, IGI, IDA","400","11.5","88.2"
"137","GO:0000122","negative regulation of transcription from RNA polymerase II promoter","TAS, ISS, IMP, IEA, IGI, IDA","403","11.6","88.3"
"138","GO:0048869","cellular developmental process","TAS, ISS, IEP, IMP, NAS, IEA, IGI, IDA","381","10.9","88"
"139","GO:0030154","cell differentiation","TAS, ISS, IEP, IMP, NAS, IEA, IGI, IDA","363","10.4","87.7"
"140","GO:0009888","tissue development","NAS, ISS, IEP, TAS, IMP, IEA, IGI","337","9.67","87.3"
"141","GO:0009653","anatomical structure morphogenesis","NAS, ISS, IEP, TAS, IMP, IEA, IGI, IDA","338","9.7","87.3"
"142","GO:0000003","reproduction","IMP, ISS, IEP, TAS, NAS, IEA, IGI, IDA","296","8.5","86.6"
"143","GO:0022414","reproductive process","IMP, ISS, IEP, TAS, NAS, IEA, IGI, IDA","290","8.32","86.5"
"144","GO:0050793","regulation of developmental process","TAS, ISS, IEP, IMP, NAS, IEA, IC, IGI, IDA","286","8.21","86.4"
"145","GO:0051239","regulation of multicellular organismal process","IEA, IMP, IGI, ISS, IDA","279","8.01","86.3"
"146","GO:1901700","response to oxygen-containing compound","IMP, ISS, IEP, NAS, IEA, IGI, IDA","258","7.41","85.9"
"147","GO:0048609","multicellular organismal reproductive process","IMP, IEP, TAS, NAS, IEA, IGI","269","7.72","86.1"
"148","GO:0032504","multicellular organism reproduction","IMP, IEP, TAS, NAS, IEA, IGI","269","7.72","86.1"
"149","GO:0048583","regulation of response to stimulus","IEA, IMP, NAS, ISS, IDA","247","7.09","85.6"
"150","GO:0042127","regulation of cell proliferation","IEA, IMP, IGI, ISS, IDA","256","7.35","85.8"
"151","GO:0051179","localization","TAS, ISS, IEP, NAS, IEA, IMP, IDA","258","7.41","85.9"
"152","GO:0065008","regulation of biological quality","NAS, ISS, IEP, TAS, IMP, IEA, IGI, IDA","257","7.38","85.8"
"153","GO:0065009","regulation of molecular function","TAS, ISS, NAS, IEA, IC, IMP, IDA","226","6.49","85.2"
"154","GO:0010646","regulation of cell communication","IEA, ISS, NAS, IMP, IDA","223","6.4","85.1"
"155","GO:0023051","regulation of signaling","IEA, ISS, NAS, IMP, IDA","223","6.4","85.1"
"156","GO:0051704","multi-organism process","IMP, IEP, TAS, NAS, IEA, IGI, IDA","233","6.69","85.3"
"157","GO:0044702","single organism reproductive process","TAS, IEP, IMP, NAS, IEA, IGI","234","6.72","85.3"
"158","GO:0060429","epithelium development","IEA, IMP, IGI, ISS, TAS","236","6.77","85.4"
"159","GO:0048384","retinoic acid receptor signaling pathway","TAS, ISS, IMP, NAS, IEA, IDA","223","6.4","85.1"
"160","GO:0003006","developmental process involved in reproduction","IMP, ISS, IEP, TAS, NAS, IEA, IGI, IDA","215","6.17","84.9"
"161","GO:0045595","regulation of cell differentiation","TAS, ISS, IEP, IMP, NAS, IEA, IC, IDA","217","6.23","84.9"
"162","GO:0009887","organ morphogenesis","IEA, IMP, ISS, IGI, TAS","224","6.43","85.1"
"163","GO:0010941","regulation of cell death","NAS, ISS, IMP, IEA, IGI, IDA","210","6.03","84.8"
"164","GO:0030518","intracellular steroid hormone receptor signaling pathway","TAS, ISS, IMP, NAS, IEA, IGI, IDA","200","5.74","84.5"
"165","GO:0043067","regulation of programmed cell death","NAS, ISS, IMP, IEA, IGI, IDA","207","5.94","84.7"
"166","GO:0048732","gland development","NAS, ISS, IEP, IMP, IEA, IGI","208","5.97","84.7"
"167","GO:2000026","regulation of multicellular organismal development","IEA, IMP, IGI, IDA","206","5.91","84.6"
"168","GO:0042981","regulation of apoptotic process","IEA, ISS, IMP, IGI, IDA","205","5.88","84.6"
"169","GO:0009966","regulation of signal transduction","IEA, ISS, NAS, IMP, IDA","193","5.54","84.3"
"170","GO:0008285","negative regulation of cell proliferation","IEA, IMP, ISS, IGI, IDA","187","5.37","84.1"
"171","GO:0007399","nervous system development","TAS, ISS, IEP, IMP, NAS, IEA, IGI, IDA","180","5.17","83.9"
"172","GO:0048468","cell development","NAS, IEP, IMP, IEA, IGI, IDA","186","5.34","84.1"
"173","GO:0003008","system process","IEA, IMP, IGI, ISS, IEP","178","5.11","83.9"
"174","GO:0040007","growth","IEA, IMP, TAS, IGI, NAS","176","5.05","83.8"
"175","GO:0030855","epithelial cell differentiation","IEA, IMP, IGI, ISS","176","5.05","83.8"
"176","GO:0005634","nucleus","PROBABLE, TAS, ISS, IPI, NAS, POTENTIAL, BY SIMILARITY, IEA, IC, IDA, CURATED","2983","85.6","99.2"
"177","GO:0044464","cell part","PROBABLE, TAS, ISS, IPI, NAS, POTENTIAL, BY SIMILARITY, IEA, IC, IDA, IMP, CURATED","2983","85.6","99.2"
"178","GO:0005623","cell","PROBABLE, TAS, ISS, IPI, NAS, POTENTIAL, BY SIMILARITY, IEA, IC, IDA, IMP, CURATED","2983","85.6","99.2"
"179","GO:0044424","intracellular part","PROBABLE, TAS, ISS, IPI, NAS, POTENTIAL, BY SIMILARITY, IEA, IC, IDA, CURATED","2983","85.6","99.2"
"180","GO:0005622","intracellular","PROBABLE, TAS, ISS, IPI, NAS, POTENTIAL, BY SIMILARITY, IEA, IC, IDA, CURATED","2983","85.6","99.2"
"181","GO:0043229","intracellular organelle","PROBABLE, TAS, ISS, IPI, NAS, POTENTIAL, BY SIMILARITY, IEA, IC, IDA, CURATED","2983","85.6","99.2"
"182","GO:0043226","organelle","PROBABLE, TAS, ISS, IPI, NAS, POTENTIAL, BY SIMILARITY, IEA, IC, IDA, CURATED","2983","85.6","99.2"
"183","GO:0043231","intracellular membrane-bounded organelle","PROBABLE, TAS, ISS, IPI, NAS, POTENTIAL, BY SIMILARITY, IEA, IC, IDA, CURATED","2983","85.6","99.2"
"184","GO:0043227","membrane-bounded organelle","PROBABLE, TAS, ISS, IPI, NAS, POTENTIAL, BY SIMILARITY, IEA, IC, IDA, CURATED","2983","85.6","99.2"
"185","GO:0005737","cytoplasm","CURATED, TAS, ISS, BY SIMILARITY, IEA, IDA","257","7.38","85.8"
"186","GO:0044422","organelle part","CURATED, TAS, ISS, IPI, BY SIMILARITY, IEA, IDA","216","6.2","84.9"
"187","GO:0044446","intracellular organelle part","CURATED, TAS, ISS, IPI, BY SIMILARITY, IEA, IDA","216","6.2","84.9"
"188","GO:0044428","nuclear part","CURATED, TAS, ISS, IPI, BY SIMILARITY, IEA, IDA","211","6.06","84.8"
"189","GO:0031974","membrane-enclosed lumen","CURATED, TAS, ISS, IPI, BY SIMILARITY, IEA, IDA","210","6.03","84.8"
"190","GO:0031981","nuclear lumen","CURATED, TAS, ISS, IPI, BY SIMILARITY, IEA, IDA","210","6.03","84.8"
"191","GO:0043233","organelle lumen","CURATED, TAS, ISS, IPI, BY SIMILARITY, IEA, IDA","210","6.03","84.8"
"192","GO:0070013","intracellular organelle lumen","CURATED, TAS, ISS, IPI, BY SIMILARITY, IEA, IDA","210","6.03","84.8"
