"","V1","V2","V3","V4","V5","V6"
"1","ID","GO term","Evidence","SeqCount","Frequency","relative_fontsize"
"2","GO:0005488","binding","IEA, ISS, TAS, IPI, IDA","28","6.59","85.2"
"3","GO:1901363","heterocyclic compound binding","IEA, TAS, IDA","23","5.41","84.2"
"4","GO:0097159","organic cyclic compound binding","IEA, TAS, IDA","23","5.41","84.2"
"5","GO:0003676","nucleic acid binding","IEA, TAS, IDA","22","5.18","83.9"
"6","GO:0042981","regulation of apoptotic process","TAS, ISS, IMP, NAS, IEA, IC, IGI, IDA","345","81.2","98.9"
"7","GO:0065007","biological regulation","TAS, ISS, IMP, NAS, IEA, ISO, IC, IGI, IDA","345","81.2","98.9"
"8","GO:0050789","regulation of biological process","TAS, ISS, IMP, NAS, IEA, ISO, IC, IGI, IDA","345","81.2","98.9"
"9","GO:0050794","regulation of cellular process","TAS, ISS, IMP, NAS, IEA, ISO, IC, IGI, IDA","345","81.2","98.9"
"10","GO:0043067","regulation of programmed cell death","TAS, ISS, IMP, NAS, IEA, IC, IGI, IDA","345","81.2","98.9"
"11","GO:0010941","regulation of cell death","TAS, ISS, IMP, NAS, IEA, IC, IGI, IDA","345","81.2","98.9"
"12","GO:0044699","single-organism process","TAS, ISS, IEP, IMP, NAS, IEA, ISO, IC, IGI, IDA","145","34.1","94.2"
"13","GO:0009987","cellular process","TAS, ISS, IEP, IMP, NAS, IEA, ISO, IC, IGI, IDA","144","33.9","94.1"
"14","GO:0044763","single-organism cellular process","TAS, ISS, IEP, IMP, NAS, IEA, ISO, IC, IGI, IDA","141","33.2","94"
"15","GO:0048523","negative regulation of cellular process","TAS, ISS, IMP, NAS, IEA, IC, IGI, IDA","149","35.1","94.3"
"16","GO:0048519","negative regulation of biological process","TAS, ISS, IMP, NAS, IEA, IC, IGI, IDA","149","35.1","94.3"
"17","GO:0006915","apoptotic process","NAS, ISS, IEP, TAS, IMP, ISO, IEA, IC, IGI, IDA","140","32.9","94"
"18","GO:0008219","cell death","NAS, ISS, IEP, TAS, IMP, ISO, IEA, IC, IGI, IDA","140","32.9","94"
"19","GO:0016265","death","NAS, ISS, IEP, TAS, IMP, ISO, IEA, IC, IGI, IDA","140","32.9","94"
"20","GO:0012501","programmed cell death","NAS, ISS, IEP, TAS, IMP, ISO, IEA, IC, IGI, IDA","140","32.9","94"
"21","GO:0043066","negative regulation of apoptotic process","TAS, ISS, IMP, NAS, IEA, IGI, IDA","134","31.5","93.7"
"22","GO:0043069","negative regulation of programmed cell death","TAS, ISS, IMP, NAS, IEA, IGI, IDA","134","31.5","93.7"
"23","GO:0060548","negative regulation of cell death","TAS, ISS, IMP, NAS, IEA, IGI, IDA","134","31.5","93.7"
"24","GO:0050896","response to stimulus","NAS, TAS, ISS, IEP, IMP, ISO, IEA, IGI, IDA","95","22.4","91.9"
"25","GO:0048518","positive regulation of biological process","TAS, IMP, ISO, IEA, IGI, IDA","97","22.8","92"
"26","GO:0048522","positive regulation of cellular process","TAS, IMP, ISO, IEA, IGI, IDA","96","22.6","91.9"
"27","GO:0051716","cellular response to stimulus","TAS, ISS, IEP, IMP, NAS, IEA, ISO, IGI, IDA","78","18.4","90.8"
"28","GO:0007165","signal transduction","TAS, ISS, IMP, NAS, IEA, ISO, IGI, IDA","78","18.4","90.8"
"29","GO:0044700","single organism signaling","TAS, ISS, IMP, NAS, IEA, ISO, IGI, IDA","78","18.4","90.8"
"30","GO:0023052","signaling","TAS, ISS, IMP, NAS, IEA, ISO, IGI, IDA","78","18.4","90.8"
"31","GO:0007154","cell communication","TAS, ISS, IMP, NAS, IEA, ISO, IGI, IDA","78","18.4","90.8"
"32","GO:0032501","multicellular organismal process","TAS, IEP, IMP, NAS, IEA, IGI, IDA","83","19.5","91.1"
"33","GO:0097190","apoptotic signaling pathway","IMP, ISS, NAS, ISO, IEA, IGI, IDA","77","18.1","90.7"
"34","GO:0044707","single-multicellular organism process","IEA, IMP, IDA, IGI, IEP","83","19.5","91.1"
"35","GO:0032502","developmental process","NAS, IEP, IMP, IEA, IGI, IDA","78","18.4","90.8"
"36","GO:0008283","cell proliferation","IEA, NAS, ISO, IEP, IDA","81","19.1","91"
"37","GO:0007275","multicellular organismal development","IEA, IMP, IDA, IGI, IEP","78","18.4","90.8"
"38","GO:0043068","positive regulation of programmed cell death","IEA, IMP, TAS, IGI, IDA","77","18.1","90.7"
"39","GO:0042221","response to chemical stimulus","IEA, IEP, ISO, IMP, IDA","70","16.5","90.2"
"40","GO:0065008","regulation of biological quality","NAS, ISS, IMP, IEA, IGI, IDA","67","15.8","90"
"41","GO:0010942","positive regulation of cell death","IEA, IMP, TAS, IGI, IDA","77","18.1","90.7"
"42","GO:0048583","regulation of response to stimulus","IEA, IMP, IC, IDA","77","18.1","90.7"
"43","GO:0043065","positive regulation of apoptotic process","IEA, IMP, TAS, IDA","76","17.9","90.7"
"44","GO:0044767","single-organism developmental process","IEA, IMP, IDA, IGI, IEP","74","17.4","90.5"
"45","GO:0048856","anatomical structure development","IEA, IMP, IDA, IGI, IEP","74","17.4","90.5"
"46","GO:0009966","regulation of signal transduction","IEA, IMP, IC, IDA","76","17.9","90.7"
"47","GO:0023051","regulation of signaling","IEA, IMP, IC, IDA","76","17.9","90.7"
"48","GO:0010646","regulation of cell communication","IEA, IMP, IC, IDA","76","17.9","90.7"
"49","GO:0019222","regulation of metabolic process","IEA, IMP, TAS, IGI, IDA","70","16.5","90.2"
"50","GO:0065009","regulation of molecular function","IEA, IMP, IDA","71","16.7","90.3"
"51","GO:0048731","system development","IEA, IMP, IDA, IGI, IEP","65","15.3","89.8"
"52","GO:0000003","reproduction","TAS, IEP, IMP, NAS, IEA, IGI","63","14.8","89.6"
"53","GO:0050790","regulation of catalytic activity","IEA, IMP, IDA","69","16.2","90.1"
"54","GO:0022414","reproductive process","TAS, IEP, IMP, NAS, IEA, IGI","63","14.8","89.6"
"55","GO:0006996","organelle organization","NAS, ISS, IMP, IEA, IGI, IDA","56","13.2","89"
"56","GO:0071840","cellular component organization or biogenesis","NAS, ISS, IMP, IEA, IGI, IDA","56","13.2","89"
"57","GO:0048513","organ development","IEA, IMP, IGI, IEP","65","15.3","89.8"
"58","GO:0016043","cellular component organization","NAS, ISS, IMP, IEA, IGI, IDA","56","13.2","89"
"59","GO:0007005","mitochondrion organization","NAS, ISS, IMP, IEA, IGI, IDA","56","13.2","89"
"60","GO:0010033","response to organic substance","IEA, IEP, ISO, IMP, IDA","58","13.6","89.2"
"61","GO:0045137","development of primary sexual characteristics","IEA, IMP, IGI, IEP","63","14.8","89.6"
"62","GO:0051234","establishment of localization","IEA, ISS, TAS, IDA","58","13.6","89.2"
"63","GO:0044765","single-organism transport","IEA, ISS, TAS, IDA","58","13.6","89.2"
"64","GO:0007548","sex differentiation","IEA, IMP, IGI, IEP","63","14.8","89.6"
"65","GO:0048608","reproductive structure development","IEA, IMP, IGI, IEP","63","14.8","89.6"
"66","GO:0061458","reproductive system development","IEA, IMP, IGI, IEP","63","14.8","89.6"
"67","GO:0003006","developmental process involved in reproduction","IEA, IMP, IGI, IEP","63","14.8","89.6"
"68","GO:0006810","transport","IEA, ISS, TAS, IDA","58","13.6","89.2"
"69","GO:0051179","localization","IEA, ISS, TAS, IDA","58","13.6","89.2"
"70","GO:2001233","regulation of apoptotic signaling pathway","IEA, IMP, IC, IDA","63","14.8","89.6"
"71","GO:0061024","membrane organization","IEA, ISS, IGI, IDA","56","13.2","89"
"72","GO:0016044","cellular membrane organization","IEA, ISS, IGI, IDA","56","13.2","89"
"73","GO:0048869","cellular developmental process","IMP, IEP, NAS, IEA, IGI, IDA","60","14.1","89.4"
"74","GO:0030154","cell differentiation","IMP, IEP, NAS, IEA, IGI, IDA","60","14.1","89.4"
"75","GO:0006839","mitochondrial transport","IEA, ISS, IDA","56","13.2","89"
"76","GO:0007006","mitochondrial membrane organization","IEA, ISS, IDA","56","13.2","89"
"77","GO:0023057","negative regulation of signaling","IEA, IMP, IDA","60","14.1","89.4"
"78","GO:0009628","response to abiotic stimulus","IEA, IEP, NAS, IMP","54","12.7","88.8"
"79","GO:2001234","negative regulation of apoptotic signaling pathway","IEA, IMP, IDA","60","14.1","89.4"
"80","GO:0048585","negative regulation of response to stimulus","IEA, IMP, IDA","60","14.1","89.4"
"81","GO:0009968","negative regulation of signal transduction","IEA, IMP, IDA","60","14.1","89.4"
"82","GO:0046907","intracellular transport","IEA, ISS, IDA","56","13.2","89"
"83","GO:0046902","regulation of mitochondrial membrane permeability","IEA, ISS, IDA","56","13.2","89"
"84","GO:0051649","establishment of localization in cell","IEA, ISS, IDA","56","13.2","89"
"85","GO:0051641","cellular localization","IEA, ISS, IDA","56","13.2","89"
"86","GO:0010648","negative regulation of cell communication","IEA, IMP, IDA","60","14.1","89.4"
"87","GO:0008637","apoptotic mitochondrial changes","NAS, ISS, IMP, IEA, IGI, IDA","54","12.7","88.8"
"88","GO:0001836","release of cytochrome c from mitochondria","NAS, ISS, IMP, IEA, IGI, IDA","54","12.7","88.8"
"89","GO:0051881","regulation of mitochondrial membrane potential","IEA, ISS, IDA","55","12.9","88.9"
"90","GO:0042391","regulation of membrane potential","IEA, ISS, IDA","55","12.9","88.9"
"91","GO:0035556","intracellular signal transduction","IEA, IMP, IGI, ISS, IDA","57","13.4","89.1"
"92","GO:0097193","intrinsic apoptotic signaling pathway","IEA, IMP, IGI, ISS, IDA","57","13.4","89.1"
"93","GO:0032879","regulation of localization","IEA, IMP, IGI, IDA","55","12.9","88.9"
"94","GO:0034097","response to cytokine stimulus","IEA, IEP, ISO, IMP, IDA","54","12.7","88.8"
"95","GO:0009314","response to radiation","IEA, IMP, NAS, IEP","52","12.2","88.6"
"96","GO:0044093","positive regulation of molecular function","IEA, IMP, IDA","55","12.9","88.9"
"97","GO:0051704","multi-organism process","IEA, IMP, IDA, NAS","53","12.5","88.7"
"98","GO:0043085","positive regulation of catalytic activity","IEA, IMP, IDA","55","12.9","88.9"
"99","GO:0060341","regulation of cellular localization","IEA, IMP, IGI, IDA","54","12.7","88.8"
"100","GO:0046660","female sex differentiation","IEA, IMP, IGI, IEP","53","12.5","88.7"
"101","GO:2000209","regulation of anoikis","IEA, IMP","54","12.7","88.8"
"102","GO:2000811","negative regulation of anoikis","IEA, IMP","54","12.7","88.8"
"103","GO:0046545","development of primary female sexual characteristics","IEA, IMP, IGI, IEP","53","12.5","88.7"
"104","GO:0009607","response to biotic stimulus","IEA, IMP, IDA","53","12.5","88.7"
"105","GO:0051707","response to other organism","IEA, IMP, IDA","53","12.5","88.7"
"106","GO:0051726","regulation of cell cycle","IEA, IMP, IGI, IDA","52","12.2","88.6"
"107","GO:0010212","response to ionizing radiation","IEA, IMP","52","12.2","88.6"
"108","GO:0010332","response to gamma radiation","IEA, IMP","52","12.2","88.6"
"109","GO:0051336","regulation of hydrolase activity","IEA, IMP, IDA","51","12","88.5"
"110","GO:2000116","regulation of cysteine-type endopeptidase activity","IEA, IMP, IDA","50","11.8","88.4"
"111","GO:0052547","regulation of peptidase activity","IEA, IMP, IDA","50","11.8","88.4"
"112","GO:0052548","regulation of endopeptidase activity","IEA, IMP, IDA","50","11.8","88.4"
"113","GO:0043281","regulation of cysteine-type endopeptidase activity involved in apoptotic process","IEA, IMP, IDA","50","11.8","88.4"
"114","GO:0008406","gonad development","IEA, IMP, IGI, IEP","48","11.3","88.2"
"115","GO:0042592","homeostatic process","IEA, IMP, NAS, IGI, IDA","45","10.6","87.8"
"116","GO:0046661","male sex differentiation","IEA, IEP, IGI, IMP","47","11.1","88"
"117","GO:0006950","response to stress","TAS, ISS, IEP, IMP, IEA, IGI, IDA","38","8.94","86.9"
"118","GO:0008584","male gonad development","IEA, IEP, IGI, IMP","47","11.1","88"
"119","GO:0046546","development of primary male sexual characteristics","IEA, IEP, IGI, IMP","47","11.1","88"
"120","GO:0051128","regulation of cellular component organization","IEA, IMP, IC, ISO, IDA","42","9.88","87.4"
"121","GO:0014070","response to organic cyclic compound","IEA, IEP, IDA","42","9.88","87.4"
"122","GO:0002376","immune system process","TAS, IMP, ISO, IEA, IGI, IDA","38","8.94","86.9"
"123","GO:0042127","regulation of cell proliferation","IEA, IMP, IDA","41","9.65","87.3"
"124","GO:0048610","cellular process involved in reproduction","IEA, IMP","44","10.4","87.7"
"125","GO:0009719","response to endogenous stimulus","IEA, IEP, IMP, IDA","39","9.18","87"
"126","GO:0022402","cell cycle process","IEA, ISS, IMP","39","9.18","87"
"127","GO:1901700","response to oxygen-containing compound","IEA, IEP, IMP","41","9.65","87.3"
"128","GO:0007049","cell cycle","IEA, ISS, IMP","39","9.18","87"
"129","GO:2000021","regulation of ion homeostasis","TAS, ISS, IMP, IEA, IGI, IDA","36","8.47","86.6"
"130","GO:0048609","multicellular organismal reproductive process","IEA, IMP, TAS, IGI, IEP","39","9.18","87"
"131","GO:0032844","regulation of homeostatic process","TAS, ISS, IMP, IEA, IGI, IDA","36","8.47","86.6"
"132","GO:0044702","single organism reproductive process","IEA, IMP, TAS, IGI, IEP","39","9.18","87"
"133","GO:0010243","response to organonitrogen compound","IEA, IEP, IMP, IDA","39","9.18","87"
"134","GO:0033554","cellular response to stress","IEA, IMP, IGI, ISS, IDA","36","8.47","86.6"
"135","GO:0032504","multicellular organism reproduction","IEA, IMP, TAS, IGI, IEP","39","9.18","87"
"136","GO:1901698","response to nitrogen compound","IEA, IEP, IMP, IDA","39","9.18","87"
"137","GO:0008284","positive regulation of cell proliferation","IEA, IMP, IDA","38","8.94","86.9"
"138","GO:0043523","regulation of neuron apoptotic process","IEA, IMP, IDA","39","9.18","87"
"139","GO:0043524","negative regulation of neuron apoptotic process","IEA, IMP, IDA","39","9.18","87"
"140","GO:1901214","regulation of neuron death","IEA, IMP, IDA","39","9.18","87"
"141","GO:1901215","negative regulation of neuron death","IEA, IMP, IDA","39","9.18","87"
"142","GO:0042698","ovulation cycle","IEA, IMP, IEP","38","8.94","86.9"
"143","GO:0048511","rhythmic process","IEA, IMP, IEP","38","8.94","86.9"
"144","GO:0007276","gamete generation","IEA, IMP, IGI, TAS","38","8.94","86.9"
"145","GO:0019953","sexual reproduction","IEA, IMP, IGI, TAS","38","8.94","86.9"
"146","GO:0070887","cellular response to chemical stimulus","IEA, IMP, IDA","37","8.71","86.7"
"147","GO:0043279","response to alkaloid","IEA, IEP, IDA","38","8.94","86.9"
"148","GO:0022602","ovulation cycle process","IEA, IMP, IEP","38","8.94","86.9"
"149","GO:0008585","female gonad development","IEA, IMP, IEP","38","8.94","86.9"
"150","GO:0001541","ovarian follicle development","IEA, IMP, IEP","38","8.94","86.9"
"151","GO:0009653","anatomical structure morphogenesis","IEA, IMP, IGI, IDA","37","8.71","86.7"
"152","GO:0032880","regulation of protein localization","IEA, IMP, IDA","38","8.94","86.9"
"153","GO:0071310","cellular response to organic substance","IEA, IMP, IDA","37","8.71","86.7"
"154","GO:0009615","response to virus","IEA, IMP, IDA","38","8.94","86.9"
"155","GO:0048468","cell development","IEA, IMP, IDA","37","8.71","86.7"
"156","GO:0001101","response to acid","IEA, IEP, IDA, IMP","37","8.71","86.7"
"157","GO:0051049","regulation of transport","IEA, IMP, IGI, IDA","35","8.24","86.4"
"158","GO:0007281","germ cell development","IEA, IMP","37","8.71","86.7"
"159","GO:0051345","positive regulation of hydrolase activity","IEA, IMP, IDA","37","8.71","86.7"
"160","GO:0045321","leukocyte activation","IEA, IMP, ISO, IGI, IDA","35","8.24","86.4"
"161","GO:0022412","cellular process involved in reproduction in multicellular organism","IEA, IMP","37","8.71","86.7"
"162","GO:0071214","cellular response to abiotic stimulus","IEA, IMP, IEP","35","8.24","86.4"
"163","GO:0001775","cell activation","IEA, IMP, ISO, IGI, IDA","35","8.24","86.4"
"164","GO:0046649","lymphocyte activation","IEA, IMP, ISO, IGI, IDA","35","8.24","86.4"
"165","GO:0048872","homeostasis of number of cells","IEA, IMP, IGI, IDA","36","8.47","86.6"
"166","GO:0055085","transmembrane transport","IEA, ISS, TAS, IDA","36","8.47","86.6"
"167","GO:0031323","regulation of cellular metabolic process","IEA, IMP, IDA, IGI, TAS","35","8.24","86.4"
"168","GO:0040007","growth","IEA, IMP","37","8.71","86.7"
"169","GO:0010952","positive regulation of peptidase activity","IEA, IMP","36","8.47","86.6"
"170","GO:0002260","lymphocyte homeostasis","IEA, IMP, IDA","36","8.47","86.6"
"171","GO:0097285","cell-type specific apoptotic process","IEA, IEP, TAS, IGI, IMP","34","8","86.3"
"172","GO:0010959","regulation of metal ion transport","IEA, IMP, IGI, IDA","35","8.24","86.4"
"173","GO:0010950","positive regulation of endopeptidase activity","IEA, IMP","36","8.47","86.6"
"174","GO:0001782","B cell homeostasis","IEA, IMP, IDA","36","8.47","86.6"
"175","GO:0097202","activation of cysteine-type endopeptidase activity","IEA, IMP","36","8.47","86.6"
"176","GO:0051924","regulation of calcium ion transport","IEA, IMP, IGI, IDA","35","8.24","86.4"
"177","GO:0048584","positive regulation of response to stimulus","IEA, IMP, IDA","36","8.47","86.6"
"178","GO:0001776","leukocyte homeostasis","IEA, IMP, IDA","36","8.47","86.6"
"179","GO:0042113","B cell activation","IEA, IMP, ISO, IGI, IDA","34","8","86.3"
"180","GO:2001056","positive regulation of cysteine-type endopeptidase activity","IEA, IMP","36","8.47","86.6"
"181","GO:0043269","regulation of ion transport","IEA, IMP, IGI, IDA","35","8.24","86.4"
"182","GO:0006919","activation of cysteine-type endopeptidase activity involved in apoptotic process","IEA, IMP","36","8.47","86.6"
"183","GO:0043280","positive regulation of cysteine-type endopeptidase activity involved in apoptotic process","IEA, IMP","36","8.47","86.6"
"184","GO:0060255","regulation of macromolecule metabolic process","IEA, IMP, IGI","33","7.76","86.1"
"185","GO:0009605","response to external stimulus","IEA, IEP, IMP","34","8","86.3"
"186","GO:0009636","response to toxic substance","IEA, IMP, IDA","34","8","86.3"
"187","GO:0080090","regulation of primary metabolic process","IEA, IMP, IGI, IDA","34","8","86.3"
"188","GO:0019725","cellular homeostasis","IEA, NAS, IGI","35","8.24","86.4"
"189","GO:0043393","regulation of protein binding","IEA, IDA","35","8.24","86.4"
"190","GO:0043496","regulation of protein homodimerization activity","IEA, IDA","35","8.24","86.4"
"191","GO:0043497","regulation of protein heterodimerization activity","IEA, IDA","35","8.24","86.4"
"192","GO:0051098","regulation of binding","IEA, IDA","35","8.24","86.4"
"193","GO:0032386","regulation of intracellular transport","IEA, IMP, IGI","34","8","86.3"
"194","GO:0002521","leukocyte differentiation","IEA, IMP, IGI","34","8","86.3"
"195","GO:0002520","immune system development","IEA, IMP, IGI","34","8","86.3"
"196","GO:0051246","regulation of protein metabolic process","IEA, IMP, IGI","33","7.76","86.1"
"197","GO:0010522","regulation of calcium ion transport into cytosol","IEA, IMP, IGI","34","8","86.3"
"198","GO:0009887","organ morphogenesis","IEA, IMP, IGI","33","7.76","86.1"
"199","GO:0070059","intrinsic apoptotic signaling pathway in response to endoplasmic reticulum stress","IEA, ISS, IGI, IDA","34","8","86.3"
"200","GO:0019220","regulation of phosphate metabolic process","IEA, IGI, IDA","34","8","86.3"
"201","GO:0051174","regulation of phosphorus metabolic process","IEA, IGI, IDA","34","8","86.3"
"202","GO:0030098","lymphocyte differentiation","IEA, IMP, IGI","34","8","86.3"
"203","GO:0030097","hemopoiesis","IEA, IMP, IGI","34","8","86.3"
"204","GO:0034976","response to endoplasmic reticulum stress","IEA, ISS, IGI, IDA","34","8","86.3"
"205","GO:0048534","hematopoietic or lymphoid organ development","IEA, IMP, IGI","34","8","86.3"
"206","GO:0042325","regulation of phosphorylation","IEA, IGI","33","7.76","86.1"
"207","GO:0006875","cellular metal ion homeostasis","IEA, IGI","33","7.76","86.1"
"208","GO:0006873","cellular ion homeostasis","IEA, IGI","33","7.76","86.1"
"209","GO:0033135","regulation of peptidyl-serine phosphorylation","IEA, IGI","33","7.76","86.1"
"210","GO:0072503","cellular divalent inorganic cation homeostasis","IEA, IGI","33","7.76","86.1"
"211","GO:0031399","regulation of protein modification process","IEA, IGI","33","7.76","86.1"
"212","GO:0055082","cellular chemical homeostasis","IEA, IGI","33","7.76","86.1"
"213","GO:0007423","sensory organ development","IEA, IMP, IGI","33","7.76","86.1"
"214","GO:0055074","calcium ion homeostasis","IEA, IGI","33","7.76","86.1"
"215","GO:0048878","chemical homeostasis","IEA, IGI","33","7.76","86.1"
"216","GO:0030183","B cell differentiation","IEA, IMP, IGI","33","7.76","86.1"
"217","GO:0050801","ion homeostasis","IEA, IGI","33","7.76","86.1"
"218","GO:0055065","metal ion homeostasis","IEA, IGI","33","7.76","86.1"
"219","GO:0009791","post-embryonic development","IEA, IMP, IGI","33","7.76","86.1"
"220","GO:0072507","divalent inorganic cation homeostasis","IEA, IGI","33","7.76","86.1"
"221","GO:0030003","cellular cation homeostasis","IEA, IGI","33","7.76","86.1"
"222","GO:0055080","cation homeostasis","IEA, IGI","33","7.76","86.1"
"223","GO:0032268","regulation of cellular protein metabolic process","IEA, IGI","33","7.76","86.1"
"224","GO:0032469","endoplasmic reticulum calcium ion homeostasis","IEA, IGI","33","7.76","86.1"
"225","GO:0006874","cellular calcium ion homeostasis","IEA, IGI","33","7.76","86.1"
"226","GO:0001932","regulation of protein phosphorylation","IEA, IGI","33","7.76","86.1"
"227","GO:0080134","regulation of response to stress","IEA, IMP","29","6.82","85.4"
"228","GO:0080135","regulation of cellular response to stress","IEA, IMP","29","6.82","85.4"
"229","GO:0009790","embryo development","IEA, IMP, IGI","28","6.59","85.2"
"230","GO:0009792","embryo development ending in birth or egg hatching","IEA, IMP, IGI","28","6.59","85.2"
"231","GO:0043009","chordate embryonic development","IEA, IMP, IGI","27","6.35","85"
"232","GO:0060249","anatomical structure homeostasis","IEA, IMP, IGI","26","6.12","84.8"
"233","GO:0010035","response to inorganic substance","IEA, IEP, IMP, IDA","23","5.41","84.2"
"234","GO:2001243","negative regulation of intrinsic apoptotic signaling pathway","IEA, IDA","26","6.12","84.8"
"235","GO:2001242","regulation of intrinsic apoptotic signaling pathway","IEA, IDA","26","6.12","84.8"
"236","GO:0007399","nervous system development","IEA, IEP, IMP, IDA","24","5.65","84.4"
"237","GO:0007417","central nervous system development","IEA, IEP, IMP","24","5.65","84.4"
"238","GO:0044237","cellular metabolic process","IEA, IMP, TAS, ISO, IDA","22","5.18","83.9"
"239","GO:0007420","brain development","IEA, IEP, IMP","24","5.65","84.4"
"240","GO:0048871","multicellular organismal homeostasis","IEA, IMP","25","5.88","84.6"
"241","GO:0008152","metabolic process","IEA, IMP, TAS, ISO, IDA","22","5.18","83.9"
"242","GO:0001894","tissue homeostasis","IEA, IMP","25","5.88","84.6"
"243","GO:0012502","induction of programmed cell death","IEA, IMP, TAS, IDA","22","5.18","83.9"
"244","GO:0006917","induction of apoptosis","IEA, IMP, TAS, IDA","22","5.18","83.9"
"245","GO:0044238","primary metabolic process","IEA, TAS, ISO, IDA","22","5.18","83.9"
"246","GO:0042493","response to drug","IEA, IEP, IDA, IMP","22","5.18","83.9"
"247","GO:0000302","response to reactive oxygen species","IEA, IEP, IMP","22","5.18","83.9"
"248","GO:0006979","response to oxidative stress","IEA, IEP, IMP","22","5.18","83.9"
"249","GO:0042542","response to hydrogen peroxide","IEA, IEP, IMP","22","5.18","83.9"
"250","GO:0044464","cell part","CURATED, TAS, ISS, NAS, ISO, BY SIMILARITY, IEA, IDA","127","29.9","93.4"
"251","GO:0005623","cell","CURATED, TAS, ISS, NAS, ISO, BY SIMILARITY, IEA, IDA","127","29.9","93.4"
"252","GO:0005622","intracellular","CURATED, TAS, ISS, NAS, ISO, BY SIMILARITY, IEA, IDA","127","29.9","93.4"
"253","GO:0044424","intracellular part","CURATED, TAS, ISS, NAS, ISO, BY SIMILARITY, IEA, IDA","127","29.9","93.4"
"254","GO:0005737","cytoplasm","CURATED, TAS, ISS, NAS, ISO, BY SIMILARITY, IEA, IDA","126","29.6","93.4"
"255","GO:0043229","intracellular organelle","CURATED, TAS, ISS, NAS, ISO, BY SIMILARITY, IEA, IDA","123","28.9","93.3"
"256","GO:0043226","organelle","CURATED, TAS, ISS, NAS, ISO, BY SIMILARITY, IEA, IDA","123","28.9","93.3"
"257","GO:0016020","membrane","CURATED, TAS, ISS, NAS, ISO, IEA, IDA","118","27.8","93"
"258","GO:0044444","cytoplasmic part","CURATED, TAS, ISS, NAS, ISO, BY SIMILARITY, IEA, IDA","122","28.7","93.2"
"259","GO:0043227","membrane-bounded organelle","CURATED, TAS, ISS, NAS, ISO, BY SIMILARITY, IEA, IDA","107","25.2","92.5"
"260","GO:0043231","intracellular membrane-bounded organelle","CURATED, TAS, ISS, NAS, ISO, BY SIMILARITY, IEA, IDA","107","25.2","92.5"
"261","GO:0005739","mitochondrion","CURATED, TAS, ISS, NAS, ISO, BY SIMILARITY, IEA, IDA","106","24.9","92.5"
"262","GO:0044446","intracellular organelle part","CURATED, TAS, ISS, NAS, BY SIMILARITY, IEA, IDA","103","24.2","92.3"
"263","GO:0044422","organelle part","CURATED, TAS, ISS, NAS, BY SIMILARITY, IEA, IDA","103","24.2","92.3"
"264","GO:0044429","mitochondrial part","CURATED, TAS, ISS, NAS, IEA, IDA","100","23.5","92.1"
"265","GO:0031975","envelope","CURATED, TAS, ISS, NAS, IEA, IDA","87","20.5","91.4"
"266","GO:0031090","organelle membrane","CURATED, TAS, ISS, NAS, IEA, IDA","87","20.5","91.4"
"267","GO:0031967","organelle envelope","CURATED, TAS, ISS, NAS, IEA, IDA","87","20.5","91.4"
"268","GO:0031966","mitochondrial membrane","CURATED, TAS, ISS, NAS, IEA, IDA","87","20.5","91.4"
"269","GO:0005740","mitochondrial envelope","CURATED, TAS, ISS, NAS, IEA, IDA","87","20.5","91.4"
"270","GO:0005829","cytosol","IEA, CURATED, IDA","75","17.6","90.6"
"271","GO:0043234","protein complex","IEA, ISS, IDA","71","16.7","90.3"
"272","GO:0032991","macromolecular complex","IEA, ISS, IDA","71","16.7","90.3"
"273","GO:0005634","nucleus","IEA, IDA, CURATED, BY SIMILARITY","62","14.6","89.6"
"274","GO:0044425","membrane part","IEA, ISS, CURATED, IDA","46","10.8","87.9"
"275","GO:0016021","integral to membrane","IEA, ISS, IDA","45","10.6","87.8"
"276","GO:0031224","intrinsic to membrane","IEA, ISS, IDA","45","10.6","87.8"
"277","GO:0005783","endoplasmic reticulum","IEA, CURATED, IDA","34","8","86.3"
"278","GO:0046930","pore complex","IEA, ISS, IDA","35","8.24","86.4"
"279","GO:0097136","Bcl-2 family protein complex","IEA, IDA","35","8.24","86.4"
"280","GO:0031968","organelle outer membrane","CURATED, TAS, ISS, NAS, IEA, IDA","27","6.35","85"
"281","GO:0019867","outer membrane","CURATED, TAS, ISS, NAS, IEA, IDA","27","6.35","85"
"282","GO:0005741","mitochondrial outer membrane","CURATED, TAS, ISS, NAS, IEA, IDA","27","6.35","85"
"283","GO:0044428","nuclear part","IEA, IDA, CURATED, BY SIMILARITY","27","6.35","85"
"284","GO:0012505","endomembrane system","IEA, CURATED, IDA","25","5.88","84.6"
"285","GO:0005635","nuclear envelope","IEA, CURATED, IDA","23","5.41","84.2"
"286","GO:0031965","nuclear membrane","IEA, CURATED, IDA","23","5.41","84.2"
