"","V1","V2","V3","V4","V5","V6"
"1","ID","GO term","Evidence","SeqCount","Frequency","relative_fontsize"
"2","GO:0005488","binding","ISS, IPI, IMP, ISO, IEA, IDA","26","1.09","80.5"
"3","GO:0005515","protein binding","ISS, IPI, IMP, ISO, IEA, IDA","25","1.05","80.3"
"4","GO:0042393","histone binding","ISS, IMP, IDA","24","1.01","80"
"5","GO:0070577","histone acetyl-lysine binding","ISS, IMP, IDA","23","0.966","79.8"
"6","GO:0140030","GO:0140030","ISS, IMP, IDA","23","0.966","79.8"
"7","GO:0140033","GO:0140033","ISS, IMP, IDA","23","0.966","79.8"
"8","GO:0003682","chromatin binding","ISS, ISO, IDA","15","0.63","77.5"
"9","GO:0001098","basal transcription machinery binding","IPI, ISO, IDA","5","0.21","71.5"
"10","GO:0001099","basal RNA polymerase II transcription machinery binding","IPI, ISO, IDA","5","0.21","71.5"
"11","GO:0003824","catalytic activity","IEA, TAS, IDA","3","0.126","68.8"
"12","GO:0061733","GO:0061733","IEA, IDA","2","0.084","66.6"
"13","GO:0004402","histone acetyltransferase activity","IEA, IDA","2","0.084","66.6"
"14","GO:0008134","transcription factor binding","IPI, IDA","4","0.168","70.3"
"15","GO:0019899","enzyme binding","IEA, IPI, ISO, IDA","3","0.126","68.8"
"16","GO:0016740","transferase activity","IEA, IDA","3","0.126","68.8"
"17","GO:0003676","nucleic acid binding","IDA","4","0.168","70.3"
"18","GO:0044877","GO:0044877","ISO, IDA","3","0.126","68.8"
"19","GO:0034212","peptide N-acetyltransferase activity","IEA, IDA","2","0.084","66.6"
"20","GO:0003677","DNA binding","IDA","4","0.168","70.3"
"21","GO:1901363","heterocyclic compound binding","IDA","4","0.168","70.3"
"22","GO:0001094","TFIID-class transcription factor binding","IPI, IDA","3","0.126","68.8"
"23","GO:0008080","N-acetyltransferase activity","IEA, IDA","2","0.084","66.6"
"24","GO:0001091","RNA polymerase II basal transcription factor binding","IPI, IDA","3","0.126","68.8"
"25","GO:0016747","transferase activity, transferring acyl groups other than amino-acyl groups","IEA, IDA","2","0.084","66.6"
"26","GO:0016410","N-acyltransferase activity","IEA, IDA","2","0.084","66.6"
"27","GO:0016746","transferase activity, transferring acyl groups","IEA, IDA","2","0.084","66.6"
"28","GO:0001085","RNA polymerase II transcription factor binding","IPI, IDA","3","0.126","68.8"
"29","GO:0097159","organic cyclic compound binding","IDA","4","0.168","70.3"
"30","GO:0016407","acetyltransferase activity","IEA, IDA","2","0.084","66.6"
"31","GO:0003713","transcription coactivator activity","IDA, TAS","3","0.126","68.8"
"32","GO:0070063","RNA polymerase binding","ISO, IDA","2","0.084","66.6"
"33","GO:0003712","transcription cofactor activity","IDA, TAS","3","0.126","68.8"
"34","GO:0140110","GO:0140110","IDA, TAS","3","0.126","68.8"
"35","GO:0001067","regulatory region nucleic acid binding","IDA","3","0.126","68.8"
"36","GO:0001047","core promoter binding","IDA","3","0.126","68.8"
"37","GO:0044212","transcription regulatory region DNA binding","IDA","3","0.126","68.8"
"38","GO:0000993","RNA polymerase II core binding","ISO, IDA","2","0.084","66.6"
"39","GO:0043175","RNA polymerase core enzyme binding","ISO, IDA","2","0.084","66.6"
"40","GO:0002039","p53 binding","ISS, IDA","3","0.126","68.8"
"41","GO:0010484","H3 histone acetyltransferase activity","IDA","2","0.084","66.6"
"42","GO:0004674","protein serine/threonine kinase activity","IDA","1","0.042","62.8"
"43","GO:0140096","GO:0140096","TAS, IDA","2","0.084","66.6"
"44","GO:0004672","protein kinase activity","IDA","1","0.042","62.8"
"45","GO:0008022","protein C-terminus binding","IPI","1","0.042","62.8"
"46","GO:1990269","GO:1990269","IDA","1","0.042","62.8"
"47","GO:0045309","protein phosphorylated amino acid binding","IDA","1","0.042","62.8"
"48","GO:0031491","nucleosome binding","IDA","1","0.042","62.8"
"49","GO:0031493","nucleosomal histone binding","IDA","1","0.042","62.8"
"50","GO:0101005","GO:0101005","TAS","1","0.042","62.8"
"51","GO:0008353","RNA polymerase II carboxy-terminal domain kinase activity","IDA","1","0.042","62.8"
"52","GO:0008233","peptidase activity","TAS","1","0.042","62.8"
"53","GO:0010485","H4 histone acetyltransferase activity","IEA","1","0.042","62.8"
"54","GO:0106075","GO:0106075","IDA","1","0.042","62.8"
"55","GO:0070011","peptidase activity, acting on L-amino acid peptides","TAS","1","0.042","62.8"
"56","GO:0042826","histone deacetylase binding","IPI","1","0.042","62.8"
"57","GO:0016787","hydrolase activity","TAS","1","0.042","62.8"
"58","GO:0016301","kinase activity","IDA","1","0.042","62.8"
"59","GO:0019903","protein phosphatase binding","IEA","1","0.042","62.8"
"60","GO:0019902","phosphatase binding","IEA","1","0.042","62.8"
"61","GO:0008234","cysteine-type peptidase activity","TAS","1","0.042","62.8"
"62","GO:0032182","small conjugating protein binding","IPI","1","0.042","62.8"
"63","GO:0019783","small conjugating protein-specific protease activity","TAS","1","0.042","62.8"
"64","GO:0036459","GO:0036459","TAS","1","0.042","62.8"
"65","GO:0106078","GO:0106078","IDA","1","0.042","62.8"
"66","GO:0050815","phosphoserine binding","IDA","1","0.042","62.8"
"67","GO:0016773","phosphotransferase activity, alcohol group as acceptor","IDA","1","0.042","62.8"
"68","GO:0043997","histone acetyltransferase activity (H4-K12 specific)","IEA","1","0.042","62.8"
"69","GO:0051219","phosphoprotein binding","IDA","1","0.042","62.8"
"70","GO:0032183","SUMO binding","IPI","1","0.042","62.8"
"71","GO:0016772","transferase activity, transferring phosphorus-containing groups","IDA","1","0.042","62.8"
"72","GO:0099122","GO:0099122","IDA","1","0.042","62.8"
"73","GO:0034211","GTP-dependent protein kinase activity","IDA","1","0.042","62.8"
"74","GO:0009987","cellular process","TAS, ISS, IEP, IPI, IMP, ISO, IEA, IC, IGI, IDA","51","2.14","84.1"
"75","GO:0065007","biological regulation","TAS, ISS, IMP, ISO, IEA, IGI, IDA","51","2.14","84.1"
"76","GO:0050789","regulation of biological process","TAS, ISS, IMP, ISO, IEA, IGI, IDA","51","2.14","84.1"
"77","GO:0050794","regulation of cellular process","TAS, ISS, IMP, ISO, IEA, IGI, IDA","51","2.14","84.1"
"78","GO:0019222","regulation of metabolic process","TAS, ISS, IMP, ISO, IEA, IGI, IDA","50","2.1","84"
"79","GO:0060255","regulation of macromolecule metabolic process","TAS, ISS, IMP, ISO, IEA, IGI, IDA","50","2.1","84"
"80","GO:0019219","regulation of nucleobase-containing compound metabolic process","TAS, ISS, IMP, ISO, IEA, IGI, IDA","50","2.1","84"
"81","GO:2001141","regulation of RNA biosynthetic process","TAS, ISS, IMP, ISO, IEA, IGI, IDA","50","2.1","84"
"82","GO:0009889","regulation of biosynthetic process","TAS, ISS, IMP, ISO, IEA, IGI, IDA","50","2.1","84"
"83","GO:1903506","GO:1903506","TAS, ISS, IMP, ISO, IEA, IGI, IDA","50","2.1","84"
"84","GO:0051252","regulation of RNA metabolic process","TAS, ISS, IMP, ISO, IEA, IGI, IDA","50","2.1","84"
"85","GO:0010556","regulation of macromolecule biosynthetic process","TAS, ISS, IMP, ISO, IEA, IGI, IDA","50","2.1","84"
"86","GO:0051171","regulation of nitrogen compound metabolic process","TAS, ISS, IMP, ISO, IEA, IGI, IDA","50","2.1","84"
"87","GO:0080090","regulation of primary metabolic process","TAS, ISS, IMP, ISO, IEA, IGI, IDA","50","2.1","84"
"88","GO:0031326","regulation of cellular biosynthetic process","TAS, ISS, IMP, ISO, IEA, IGI, IDA","50","2.1","84"
"89","GO:0031323","regulation of cellular metabolic process","TAS, ISS, IMP, ISO, IEA, IGI, IDA","50","2.1","84"
"90","GO:0010468","regulation of gene expression","TAS, ISS, IMP, ISO, IEA, IGI, IDA","50","2.1","84"
"91","GO:2000112","regulation of cellular macromolecule biosynthetic process","TAS, ISS, IMP, ISO, IEA, IGI, IDA","50","2.1","84"
"92","GO:0006355","regulation of transcription, DNA-dependent","TAS, ISS, IMP, ISO, IEA, IGI, IDA","50","2.1","84"
"93","GO:0006807","nitrogen compound metabolic process","TAS, IPI, IMP, IEA, IC, IDA","50","2.1","84"
"94","GO:0044237","cellular metabolic process","TAS, IPI, IMP, IEA, IC, IDA","50","2.1","84"
"95","GO:0071704","organic substance metabolic process","TAS, IPI, IMP, IEA, IC, IDA","50","2.1","84"
"96","GO:0008152","metabolic process","TAS, IPI, IMP, IEA, IC, IDA","50","2.1","84"
"97","GO:0044238","primary metabolic process","TAS, IPI, IMP, IEA, IC, IDA","50","2.1","84"
"98","GO:0043170","macromolecule metabolic process","TAS, IPI, IMP, IEA, IC, IDA","50","2.1","84"
"99","GO:0044260","cellular macromolecule metabolic process","IEA, IMP, TAS, IPI, IDA","49","2.06","83.9"
"100","GO:0046483","heterocycle metabolic process","IEA, IMP, IC, TAS","50","2.1","84"
"101","GO:1901360","organic cyclic compound metabolic process","IEA, IMP, IC, TAS","50","2.1","84"
"102","GO:0016070","RNA metabolic process","IEA, IMP, IC, TAS","50","2.1","84"
"103","GO:0006139","nucleobase-containing compound metabolic process","IEA, IMP, IC, TAS","50","2.1","84"
"104","GO:0006725","cellular aromatic compound metabolic process","IEA, IMP, IC, TAS","50","2.1","84"
"105","GO:0090304","nucleic acid metabolic process","IEA, IMP, IC, TAS","50","2.1","84"
"106","GO:0034641","cellular nitrogen compound metabolic process","IEA, IMP, IC, TAS","50","2.1","84"
"107","GO:0010467","gene expression","IEA, IMP, IC, TAS","50","2.1","84"
"108","GO:0018130","heterocycle biosynthetic process","IEA, IMP, TAS","49","2.06","83.9"
"109","GO:1901362","organic cyclic compound biosynthetic process","IEA, IMP, TAS","49","2.06","83.9"
"110","GO:0097659","GO:0097659","IEA, IMP, TAS","49","2.06","83.9"
"111","GO:0034654","nucleobase-containing compound biosynthetic process","IEA, IMP, TAS","49","2.06","83.9"
"112","GO:0044271","cellular nitrogen compound biosynthetic process","IEA, IMP, TAS","49","2.06","83.9"
"113","GO:0006351","transcription, DNA-dependent","IEA, IMP, TAS","49","2.06","83.9"
"114","GO:0032774","RNA biosynthetic process","IEA, IMP, TAS","49","2.06","83.9"
"115","GO:0009058","biosynthetic process","IEA, IMP, TAS","49","2.06","83.9"
"116","GO:0009059","macromolecule biosynthetic process","IEA, IMP, TAS","49","2.06","83.9"
"117","GO:0019438","aromatic compound biosynthetic process","IEA, IMP, TAS","49","2.06","83.9"
"118","GO:1901576","organic substance biosynthetic process","IEA, IMP, TAS","49","2.06","83.9"
"119","GO:0044249","cellular biosynthetic process","IEA, IMP, TAS","49","2.06","83.9"
"120","GO:0034645","cellular macromolecule biosynthetic process","IEA, IMP, TAS","49","2.06","83.9"
"121","GO:0006325","chromatin organization","TAS, ISS, IPI, IMP, IEA, IDA","24","1.01","80"
"122","GO:0071840","cellular component organization or biogenesis","TAS, ISS, IPI, IMP, IEA, IDA","25","1.05","80.3"
"123","GO:0048518","positive regulation of biological process","TAS, ISS, IMP, ISO, IEA, IDA","21","0.882","79.3"
"124","GO:0016043","cellular component organization","TAS, ISS, IPI, IMP, IEA, IDA","25","1.05","80.3"
"125","GO:0051276","chromosome organization","TAS, ISS, IPI, IMP, IEA, IDA","24","1.01","80"
"126","GO:0006996","organelle organization","TAS, ISS, IPI, IMP, IEA, IDA","24","1.01","80"
"127","GO:0048522","positive regulation of cellular process","TAS, ISS, IMP, ISO, IEA, IDA","21","0.882","79.3"
"128","GO:0032502","developmental process","IEA, IMP, IGI, ISS","20","0.84","79.1"
"129","GO:0032501","multicellular organismal process","TAS, ISS, IEP, IMP, IEA, IGI","18","0.756","78.5"
"130","GO:0009893","positive regulation of metabolic process","ISS, IMP, IEA, IDA, TAS","17","0.714","78.2"
"131","GO:0010604","positive regulation of macromolecule metabolic process","ISS, IMP, IEA, IDA, TAS","17","0.714","78.2"
"132","GO:0009891","positive regulation of biosynthetic process","ISS, IMP, IEA, IDA, TAS","17","0.714","78.2"
"133","GO:0010557","positive regulation of macromolecule biosynthetic process","ISS, IMP, IEA, IDA, TAS","17","0.714","78.2"
"134","GO:1902680","GO:1902680","ISS, IMP, IEA, IDA, TAS","17","0.714","78.2"
"135","GO:0045935","positive regulation of nucleobase-containing compound metabolic process","ISS, IMP, IEA, IDA, TAS","17","0.714","78.2"
"136","GO:0051254","positive regulation of RNA metabolic process","ISS, IMP, IEA, IDA, TAS","17","0.714","78.2"
"137","GO:0051173","positive regulation of nitrogen compound metabolic process","ISS, IMP, IEA, IDA, TAS","17","0.714","78.2"
"138","GO:1903508","GO:1903508","ISS, IMP, IEA, IDA, TAS","17","0.714","78.2"
"139","GO:0031328","positive regulation of cellular biosynthetic process","ISS, IMP, IEA, IDA, TAS","17","0.714","78.2"
"140","GO:0031325","positive regulation of cellular metabolic process","ISS, IMP, IEA, IDA, TAS","17","0.714","78.2"
"141","GO:0010628","positive regulation of gene expression","ISS, IMP, IEA, TAS, IDA","17","0.714","78.2"
"142","GO:0045893","positive regulation of transcription, DNA-dependent","ISS, IMP, IEA, IDA","17","0.714","78.2"
"143","GO:0051704","multi-organism process","ISS, IMP, IEA, TAS, IEP","16","0.672","77.8"
"144","GO:0006357","regulation of transcription from RNA polymerase II promoter","TAS, ISS, IMP, ISO, IEA, IDA","15","0.63","77.5"
"145","GO:0048869","cellular developmental process","IEA, IMP, IGI","15","0.63","77.5"
"146","GO:0030154","cell differentiation","IEA, IMP, IGI","15","0.63","77.5"
"147","GO:0048856","anatomical structure development","IEA, IMP, ISS","13","0.546","76.7"
"148","GO:0048523","negative regulation of cellular process","IMP, IGI, IDA","10","0.42","75.3"
"149","GO:0050896","response to stimulus","IEA, IEP, IMP","8","0.336","74.1"
"150","GO:0043933","macromolecular complex subunit organization","ISS, IMP, IPI","13","0.546","76.7"
"151","GO:0048519","negative regulation of biological process","IMP, IGI, IDA","10","0.42","75.3"
"152","GO:0034728","nucleosome organization","ISS, IMP, IPI","13","0.546","76.7"
"153","GO:0071824","protein-DNA complex subunit organization","ISS, IMP, IPI","13","0.546","76.7"
"154","GO:0007140","male meiosis","ISS, IMP","6","0.252","72.5"
"155","GO:0051716","cellular response to stimulus","IEA, IEP, IMP","8","0.336","74.1"
"156","GO:0000003","reproduction","ISS, IMP, TAS, IEP","9","0.378","74.7"
"157","GO:0007283","spermatogenesis","ISS, IMP, TAS, IEP","9","0.378","74.7"
"158","GO:0006338","chromatin remodeling","ISS, IMP, TAS, IPI, IDA","9","0.378","74.7"
"159","GO:0007275","multicellular organismal development","IEA, IMP, ISS","9","0.378","74.7"
"160","GO:0007276","gamete generation","ISS, IMP, TAS, IEP","9","0.378","74.7"
"161","GO:0019953","sexual reproduction","ISS, IMP, TAS, IEP","9","0.378","74.7"
"162","GO:0048609","multicellular organismal reproductive process","ISS, IMP, TAS, IEP","9","0.378","74.7"
"163","GO:0048232","male gamete generation","ISS, IMP, TAS, IEP","9","0.378","74.7"
"164","GO:0044703","multi-organism reproductive process","ISS, IMP, TAS, IEP","9","0.378","74.7"
"165","GO:0032504","multicellular organism reproduction","ISS, IMP, TAS, IEP","9","0.378","74.7"
"166","GO:0022414","reproductive process","ISS, IMP, TAS, IEP","9","0.378","74.7"
"167","GO:0045944","positive regulation of transcription from RNA polymerase II promoter","ISS, IMP, IEA, IDA","6","0.252","72.5"
"168","GO:0019538","protein metabolic process","IEA, IMP, TAS, IPI, IDA","3","0.126","68.8"
"169","GO:0043412","macromolecule modification","IEA, IMP, TAS, IPI, IDA","3","0.126","68.8"
"170","GO:0051128","regulation of cellular component organization","IEA, IMP, IGI, IDA","5","0.21","71.5"
"171","GO:0006974","response to DNA damage stimulus","IEA, IMP","5","0.21","71.5"
"172","GO:0022402","cell cycle process","ISS, IMP, ISO","8","0.336","74.1"
"173","GO:0006464","cellular protein modification process","IEA, IMP, TAS, IPI, IDA","3","0.126","68.8"
"174","GO:0044267","cellular protein metabolic process","IEA, IMP, TAS, IPI, IDA","3","0.126","68.8"
"175","GO:0033043","regulation of organelle organization","IEA, IMP, IGI, IDA","5","0.21","71.5"
"176","GO:0007049","cell cycle","ISS, IMP, ISO","8","0.336","74.1"
"177","GO:0048731","system development","IEA, IMP, ISS","7","0.294","73.4"
"178","GO:1901564","organonitrogen compound metabolic process","IEA, IMP, TAS, IPI, IDA","3","0.126","68.8"
"179","GO:0033554","cellular response to stress","IEA, IEP, IMP","7","0.294","73.4"
"180","GO:0006950","response to stress","IEA, IEP, IMP","7","0.294","73.4"
"181","GO:0036211","protein modification process","IEA, IMP, TAS, IPI, IDA","3","0.126","68.8"
"182","GO:0010639","negative regulation of organelle organization","IMP, IGI, IDA","5","0.21","71.5"
"183","GO:0051129","negative regulation of cellular component organization","IMP, IGI, IDA","5","0.21","71.5"
"184","GO:0050793","regulation of developmental process","ISS, IMP","6","0.252","72.5"
"185","GO:0033044","regulation of chromosome organization","IEA, IMP, IGI","5","0.21","71.5"
"186","GO:0022412","cellular process involved in reproduction in multicellular organism","ISS, IMP","7","0.294","73.4"
"187","GO:1902275","regulation of chromatin organization","IEA, IMP, IGI","5","0.21","71.5"
"188","GO:0051726","regulation of cell cycle","IMP, ISO, IDA","6","0.252","72.5"
"189","GO:0044087","regulation of cellular component biogenesis","IMP, IGI, IDA","5","0.21","71.5"
"190","GO:0031452","negative regulation of heterochromatin assembly","IMP, IGI","4","0.168","70.3"
"191","GO:0140013","GO:0140013","ISS, IMP","6","0.252","72.5"
"192","GO:1905268","GO:1905268","IMP, IGI","4","0.168","70.3"
"193","GO:2001251","negative regulation of chromosome organization","IMP, IGI","4","0.168","70.3"
"194","GO:0031497","chromatin assembly","ISS, IMP","6","0.252","72.5"
"195","GO:0007127","meiosis I","ISS, IMP","6","0.252","72.5"
"196","GO:0043484","regulation of RNA splicing","ISS, IMP","6","0.252","72.5"
"197","GO:0000280","nuclear division","ISS, IMP","6","0.252","72.5"
"198","GO:0006334","nucleosome assembly","ISS, IMP","6","0.252","72.5"
"199","GO:0006333","chromatin assembly or disassembly","ISS, IMP","6","0.252","72.5"
"200","GO:0001207","histone displacement","ISS, IMP","6","0.252","72.5"
"201","GO:2000026","regulation of multicellular organismal development","ISS, IMP","6","0.252","72.5"
"202","GO:0045787","positive regulation of cell cycle","IMP, ISO","5","0.21","71.5"
"203","GO:0009653","anatomical structure morphogenesis","IEA, IMP","6","0.252","72.5"
"204","GO:0051239","regulation of multicellular organismal process","ISS, IMP","6","0.252","72.5"
"205","GO:0034622","cellular macromolecular complex assembly","ISS, IMP","6","0.252","72.5"
"206","GO:0006323","DNA packaging","ISS, IMP","6","0.252","72.5"
"207","GO:0045798","negative regulation of chromatin assembly or disassembly","IMP, IGI","4","0.168","70.3"
"208","GO:0071103","DNA conformation change","ISS, IMP","6","0.252","72.5"
"209","GO:0022607","cellular component assembly","ISS, IMP","6","0.252","72.5"
"210","GO:0016573","histone acetylation","IEA, IMP, IDA","3","0.126","68.8"
"211","GO:0018393","internal peptidyl-lysine acetylation","IEA, IMP, IDA","3","0.126","68.8"
"212","GO:0051037","regulation of transcription during meiosis","ISS, IMP","6","0.252","72.5"
"213","GO:0001672","regulation of chromatin assembly or disassembly","IMP, IGI","4","0.168","70.3"
"214","GO:0051039","positive regulation of transcription during meiosis","ISS, IMP","6","0.252","72.5"
"215","GO:0010847","regulation of chromatin assembly","IMP, IGI","4","0.168","70.3"
"216","GO:0051321","meiotic cell cycle","ISS, IMP","6","0.252","72.5"
"217","GO:0007141","male meiosis I","ISS, IMP","6","0.252","72.5"
"218","GO:0031445","regulation of heterochromatin assembly","IMP, IGI","4","0.168","70.3"
"219","GO:0061982","GO:0061982","ISS, IMP","6","0.252","72.5"
"220","GO:0065003","macromolecular complex assembly","ISS, IMP","6","0.252","72.5"
"221","GO:0065004","protein-DNA complex assembly","ISS, IMP","6","0.252","72.5"
"222","GO:1903046","GO:1903046","ISS, IMP","6","0.252","72.5"
"223","GO:0044085","cellular component biogenesis","ISS, IMP","6","0.252","72.5"
"224","GO:0048285","organelle fission","ISS, IMP","6","0.252","72.5"
"225","GO:0006281","DNA repair","IEA, IMP","4","0.168","70.3"
"226","GO:0009892","negative regulation of metabolic process","IMP, IGI, IDA","4","0.168","70.3"
"227","GO:0009890","negative regulation of biosynthetic process","IMP, IGI, IDA","4","0.168","70.3"
"228","GO:0016071","mRNA metabolic process","IEA, IC","5","0.21","71.5"
"229","GO:0010558","negative regulation of macromolecule biosynthetic process","IMP, IGI, IDA","4","0.168","70.3"
"230","GO:2000113","negative regulation of cellular macromolecule biosynthetic process","IMP, IGI, IDA","4","0.168","70.3"
"231","GO:0006397","mRNA processing","IEA, IC","5","0.21","71.5"
"232","GO:0044764","multi-organism cellular process","IMP","5","0.21","71.5"
"233","GO:0009292","genetic transfer","IMP","5","0.21","71.5"
"234","GO:0009294","DNA mediated transformation","IMP","5","0.21","71.5"
"235","GO:0043966","histone H3 acetylation","IEA, IMP, IDA","3","0.126","68.8"
"236","GO:0010033","response to organic substance","IEA, IEP","3","0.126","68.8"
"237","GO:0018205","peptidyl-lysine modification","IEA, IMP, IDA","3","0.126","68.8"
"238","GO:0016569","covalent chromatin modification","IEA, IMP, IDA","3","0.126","68.8"
"239","GO:0010629","negative regulation of gene expression","IMP, IGI, IDA","4","0.168","70.3"
"240","GO:1902679","GO:1902679","IMP, IGI, IDA","4","0.168","70.3"
"241","GO:0032968","positive regulation of transcription elongation from RNA polymerase II promoter","ISS, IMP, IDA","5","0.21","71.5"
"242","GO:0034243","regulation of transcription elongation from RNA polymerase II promoter","ISS, IMP, IDA","5","0.21","71.5"
"243","GO:0045931","positive regulation of mitotic cell cycle","IMP, ISO","5","0.21","71.5"
"244","GO:0045934","negative regulation of nucleobase-containing compound metabolic process","IMP, IGI, IDA","4","0.168","70.3"
"245","GO:0042221","response to chemical stimulus","IEA, IEP","3","0.126","68.8"
"246","GO:0006259","DNA metabolic process","IEA, IMP","4","0.168","70.3"
"247","GO:0006396","RNA processing","IEA, IC","5","0.21","71.5"
"248","GO:0006473","protein acetylation","IEA, IMP, IDA","3","0.126","68.8"
"249","GO:0006475","internal protein amino acid acetylation","IEA, IMP, IDA","3","0.126","68.8"
"250","GO:0048580","regulation of post-embryonic development","IMP","5","0.21","71.5"
"251","GO:0043543","protein acylation","IEA, IMP, IDA","3","0.126","68.8"
"252","GO:0016570","histone modification","IEA, IMP, IDA","3","0.126","68.8"
"253","GO:0048646","anatomical structure formation involved in morphogenesis","IEA","5","0.21","71.5"
"254","GO:0018394","peptidyl-lysine acetylation","IEA, IMP, IDA","3","0.126","68.8"
"255","GO:0009719","response to endogenous stimulus","IEA, IEP","3","0.126","68.8"
"256","GO:1903507","GO:1903507","IMP, IGI, IDA","4","0.168","70.3"
"257","GO:0051253","negative regulation of RNA metabolic process","IMP, IGI, IDA","4","0.168","70.3"
"258","GO:0051172","negative regulation of nitrogen compound metabolic process","IMP, IGI, IDA","4","0.168","70.3"
"259","GO:0010605","negative regulation of macromolecule metabolic process","IMP, IGI, IDA","4","0.168","70.3"
"260","GO:0018193","peptidyl-amino acid modification","IEA, IMP, IDA","3","0.126","68.8"
"261","GO:0032784","regulation of DNA-dependent transcription, elongation","ISS, IMP, IDA","5","0.21","71.5"
"262","GO:0032786","positive regulation of DNA-dependent transcription, elongation","ISS, IMP, IDA","5","0.21","71.5"
"263","GO:0007346","regulation of mitotic cell cycle","IMP, ISO","5","0.21","71.5"
"264","GO:0008380","RNA splicing","IEA, IC","5","0.21","71.5"
"265","GO:0045892","negative regulation of transcription, DNA-dependent","IMP, IGI, IDA","4","0.168","70.3"
"266","GO:0031327","negative regulation of cellular biosynthetic process","IMP, IGI, IDA","4","0.168","70.3"
"267","GO:0031324","negative regulation of cellular metabolic process","IMP, IGI, IDA","4","0.168","70.3"
"268","GO:0048583","regulation of response to stimulus","ISS, IMP, IDA","3","0.126","68.8"
"269","GO:0097305","response to alcohol","IEA, IEP","2","0.084","66.6"
"270","GO:0009737","response to abscisic acid stimulus","IEA, IEP","2","0.084","66.6"
"271","GO:0033993","response to lipid","IEA, IEP","2","0.084","66.6"
"272","GO:0010030","positive regulation of seed germination","IMP","4","0.168","70.3"
"273","GO:0051240","positive regulation of multicellular organismal process","IMP","4","0.168","70.3"
"274","GO:0051246","regulation of protein metabolic process","ISS, IEA, IDA","4","0.168","70.3"
"275","GO:0031399","regulation of protein modification process","ISS, IEA, IDA","4","0.168","70.3"
"276","GO:1901700","response to oxygen-containing compound","IEA, IEP","2","0.084","66.6"
"277","GO:0043934","sporulation","IEA","4","0.168","70.3"
"278","GO:0030435","sporulation resulting in formation of a cellular spore","IEA","4","0.168","70.3"
"279","GO:1900140","regulation of seedling development","IMP","4","0.168","70.3"
"280","GO:0048582","positive regulation of post-embryonic development","IMP","4","0.168","70.3"
"281","GO:0010029","regulation of seed germination","IMP","4","0.168","70.3"
"282","GO:0080134","regulation of response to stress","ISS, IMP, IDA","3","0.126","68.8"
"283","GO:0065008","regulation of biological quality","ISS, IMP, IGI","2","0.084","66.6"
"284","GO:0023051","regulation of signaling","ISS, IDA","4","0.168","70.3"
"285","GO:0010646","regulation of cell communication","ISS, IDA","4","0.168","70.3"
"286","GO:0001101","response to acid","IEA, IEP","2","0.084","66.6"
"287","GO:0032268","regulation of cellular protein metabolic process","ISS, IEA, IDA","4","0.168","70.3"
"288","GO:0051094","positive regulation of developmental process","IMP","4","0.168","70.3"
"289","GO:0009725","response to hormone stimulus","IEA, IEP","2","0.084","66.6"
"290","GO:0007154","cell communication","IEA, IEP","2","0.084","66.6"
"291","GO:0022622","root system development","IMP","3","0.126","68.8"
"292","GO:0042325","regulation of phosphorylation","ISS, IDA","3","0.126","68.8"
"293","GO:0009605","response to external stimulus","IEA, IEP","3","0.126","68.8"
"294","GO:0048364","root development","IMP","3","0.126","68.8"
"295","GO:0009967","positive regulation of signal transduction","ISS, IDA","3","0.126","68.8"
"296","GO:0031347","regulation of defense response","ISS, IDA","3","0.126","68.8"
"297","GO:0032101","regulation of response to external stimulus","ISS, IDA","3","0.126","68.8"
"298","GO:0050727","regulation of inflammatory response","ISS, IDA","3","0.126","68.8"
"299","GO:0009790","embryo development","IEA, IMP","3","0.126","68.8"
"300","GO:0031667","response to nutrient levels","IEA, IEP","3","0.126","68.8"
"301","GO:0010564","regulation of cell cycle process","IMP, ISO, IDA","3","0.126","68.8"
"302","GO:0070887","cellular response to chemical stimulus","IEA","3","0.126","68.8"
"303","GO:0019220","regulation of phosphate metabolic process","ISS, IDA","3","0.126","68.8"
"304","GO:0048584","positive regulation of response to stimulus","ISS, IDA","3","0.126","68.8"
"305","GO:0009966","regulation of signal transduction","ISS, IDA","3","0.126","68.8"
"306","GO:0048513","organ development","IEA, IMP, ISS","2","0.084","66.6"
"307","GO:0043122","regulation of I-kappaB kinase/NF-kappaB cascade","ISS, IDA","3","0.126","68.8"
"308","GO:0043123","positive regulation of I-kappaB kinase/NF-kappaB cascade","ISS, IDA","3","0.126","68.8"
"309","GO:1901407","regulation of phosphorylation of RNA polymerase II C-terminal domain","ISS, IDA","3","0.126","68.8"
"310","GO:0099402","GO:0099402","IMP","3","0.126","68.8"
"311","GO:1902533","GO:1902533","ISS, IDA","3","0.126","68.8"
"312","GO:1902531","GO:1902531","ISS, IDA","3","0.126","68.8"
"313","GO:0071310","cellular response to organic substance","IEA","3","0.126","68.8"
"314","GO:0051174","regulation of phosphorus metabolic process","ISS, IDA","3","0.126","68.8"
"315","GO:0071495","cellular response to endogenous stimulus","IEA","3","0.126","68.8"
"316","GO:0031647","regulation of protein stability","IMP, IGI","2","0.084","66.6"
"317","GO:0023056","positive regulation of signaling","ISS, IDA","3","0.126","68.8"
"318","GO:0010647","positive regulation of cell communication","ISS, IDA","3","0.126","68.8"
"319","GO:0009991","response to extracellular stimulus","IEA, IEP","3","0.126","68.8"
"320","GO:0007399","nervous system development","IEA, IMP","3","0.126","68.8"
"321","GO:0001932","regulation of protein phosphorylation","ISS, IDA","3","0.126","68.8"
"322","GO:1905269","GO:1905269","IEA, IMP","2","0.084","66.6"
"323","GO:0010638","positive regulation of organelle organization","IEA, IMP","2","0.084","66.6"
"324","GO:0009267","cellular response to starvation","IEP","2","0.084","66.6"
"325","GO:0009266","response to temperature stimulus","IEP","2","0.084","66.6"
"326","GO:1901990","regulation of mitotic cell cycle phase transition","IMP, ISO","2","0.084","66.6"
"327","GO:1901992","positive regulation of mitotic cell cycle phase transition","IMP, ISO","2","0.084","66.6"
"328","GO:0050879","multicellular organismal movement","IMP, IGI","1","0.042","62.8"
"329","GO:0006970","response to osmotic stress","IEP","2","0.084","66.6"
"330","GO:0042592","homeostatic process","IMP, IGI","1","0.042","62.8"
"331","GO:0042594","response to starvation","IEP","2","0.084","66.6"
"332","GO:0035282","segmentation","IEA, IMP","2","0.084","66.6"
"333","GO:0009738","abscisic acid mediated signaling pathway","IEA","2","0.084","66.6"
"334","GO:0006468","protein phosphorylation","IPI, IDA","1","0.042","62.8"
"335","GO:0000278","mitotic cell cycle","IMP, ISO","2","0.084","66.6"
"336","GO:0010389","regulation of G2/M transition of mitotic cell cycle","IMP, ISO","2","0.084","66.6"
"337","GO:0040011","locomotion","IMP, IGI","1","0.042","62.8"
"338","GO:1901701","cellular response to oxygen-containing compound","IEA","2","0.084","66.6"
"339","GO:0006796","phosphate-containing compound metabolic process","IPI, IDA","1","0.042","62.8"
"340","GO:0006793","phosphorus metabolic process","IPI, IDA","1","0.042","62.8"
"341","GO:0000082","G1/S transition of mitotic cell cycle","IMP, ISO","2","0.084","66.6"
"342","GO:0000083","regulation of transcription involved in G1/S phase of mitotic cell cycle","IMP, ISO","2","0.084","66.6"
"343","GO:0007165","signal transduction","IEA","2","0.084","66.6"
"344","GO:0044093","positive regulation of molecular function","IEA, IDA","2","0.084","66.6"
"345","GO:0043967","histone H4 acetylation","IEA, IMP","2","0.084","66.6"
"346","GO:0031668","cellular response to extracellular stimulus","IEP","2","0.084","66.6"
"347","GO:0031669","cellular response to nutrient levels","IEP","2","0.084","66.6"
"348","GO:0046716","muscle cell cellular homeostasis","IMP, IGI","1","0.042","62.8"
"349","GO:0009952","anterior/posterior pattern specification","IEA, IMP","2","0.084","66.6"
"350","GO:0043983","histone H4-K12 acetylation","IEA, IMP","2","0.084","66.6"
"351","GO:0071396","cellular response to lipid","IEA","2","0.084","66.6"
"352","GO:0009409","response to cold","IEP","2","0.084","66.6"
"353","GO:0050863","regulation of T cell activation","ISS","1","0.042","62.8"
"354","GO:0090068","positive regulation of cell cycle process","IMP, ISO","2","0.084","66.6"
"355","GO:0022008","neurogenesis","IMP","2","0.084","66.6"
"356","GO:0009628","response to abiotic stimulus","IEP","2","0.084","66.6"
"357","GO:0044403","symbiosis, encompassing mutualism through parasitism","IEA","2","0.084","66.6"
"358","GO:0060249","anatomical structure homeostasis","IMP, IGI","1","0.042","62.8"
"359","GO:0072359","circulatory system development","IEA, ISS","1","0.042","62.8"
"360","GO:0044154","histone H3-K14 acetylation","IEA, IMP","2","0.084","66.6"
"361","GO:0051365","cellular response to potassium ion starvation","IEP","2","0.084","66.6"
"362","GO:0003002","regionalization","IEA, IMP","2","0.084","66.6"
"363","GO:0051101","regulation of DNA binding","IEA, IDA","2","0.084","66.6"
"364","GO:0043388","positive regulation of DNA binding","IEA, IDA","2","0.084","66.6"
"365","GO:0071215","cellular response to abscisic acid stimulus","IEA","2","0.084","66.6"
"366","GO:0016579","protein deubiquitination","IDA, TAS","1","0.042","62.8"
"367","GO:0071965","multicellular organismal locomotion","IMP, IGI","1","0.042","62.8"
"368","GO:0001701","in utero embryonic development","IEA, IMP","2","0.084","66.6"
"369","GO:0001708","cell fate specification","IMP, IGI","1","0.042","62.8"
"370","GO:0006508","proteolysis","IDA, TAS","1","0.042","62.8"
"371","GO:0043009","chordate embryonic development","IEA, IMP","2","0.084","66.6"
"372","GO:0032870","cellular response to hormone stimulus","IEA","2","0.084","66.6"
"373","GO:0007507","heart development","IEA, ISS","1","0.042","62.8"
"374","GO:0071229","cellular response to acid","IEA","2","0.084","66.6"
"375","GO:0007389","pattern specification process","IEA, IMP","2","0.084","66.6"
"376","GO:1902751","GO:1902751","IMP, ISO","2","0.084","66.6"
"377","GO:0044843","GO:0044843","IMP, ISO","2","0.084","66.6"
"378","GO:0051179","localization","IEA, IMP","2","0.084","66.6"
"379","GO:0051641","cellular localization","IEA, IMP","2","0.084","66.6"
"380","GO:2001252","positive regulation of chromosome organization","IEA, IMP","2","0.084","66.6"
"381","GO:0097306","cellular response to alcohol","IEA","2","0.084","66.6"
"382","GO:0009755","hormone-mediated signaling pathway","IEA","2","0.084","66.6"
"383","GO:0070647","protein modification by small protein conjugation or removal","IDA, TAS","1","0.042","62.8"
"384","GO:0070646","protein modification by small protein removal","IDA, TAS","1","0.042","62.8"
"385","GO:0044419","interspecies interaction between organisms","IEA","2","0.084","66.6"
"386","GO:0019725","cellular homeostasis","IMP, IGI","1","0.042","62.8"
"387","GO:0010971","positive regulation of G2/M transition of mitotic cell cycle","IMP, ISO","2","0.084","66.6"
"388","GO:0048589","developmental growth","IEA, IMP","2","0.084","66.6"
"389","GO:0065009","regulation of molecular function","IEA, IDA","2","0.084","66.6"
"390","GO:0051130","positive regulation of cellular component organization","IEA, IMP","2","0.084","66.6"
"391","GO:1901987","regulation of cell cycle phase transition","IMP, ISO","2","0.084","66.6"
"392","GO:1901989","positive regulation of cell cycle phase transition","IMP, ISO","2","0.084","66.6"
"393","GO:0045165","cell fate commitment","IMP, IGI","1","0.042","62.8"
"394","GO:0016310","phosphorylation","IPI, IDA","1","0.042","62.8"
"395","GO:0009792","embryo development ending in birth or egg hatching","IEA, IMP","2","0.084","66.6"
"396","GO:0023052","signaling","IEA","2","0.084","66.6"
"397","GO:0009651","response to salt stress","IEP","2","0.084","66.6"
"398","GO:0045595","regulation of cell differentiation","ISS, IMP","2","0.084","66.6"
"399","GO:0051099","positive regulation of binding","IEA, IDA","2","0.084","66.6"
"400","GO:0051098","regulation of binding","IEA, IDA","2","0.084","66.6"
"401","GO:1903047","GO:1903047","IMP, ISO","2","0.084","66.6"
"402","GO:0044770","cell cycle phase transition","IMP, ISO","2","0.084","66.6"
"403","GO:0044772","mitotic cell cycle phase transition","IMP, ISO","2","0.084","66.6"
"404","GO:0071496","cellular response to external stimulus","IEP","2","0.084","66.6"
"405","GO:0040007","growth","IEA, IMP","2","0.084","66.6"
"406","GO:0008283","cell proliferation","IEA, IMP","2","0.084","66.6"
"407","GO:0048699","generation of neurons","IMP","2","0.084","66.6"
"408","GO:1902749","GO:1902749","IMP, ISO","2","0.084","66.6"
"409","GO:0016032","viral process","IEA","2","0.084","66.6"
"410","GO:0016358","dendrite development","IMP","1","0.042","62.8"
"411","GO:0031454","regulation of extent of heterochromatin assembly","IMP","1","0.042","62.8"
"412","GO:0051494","negative regulation of cytoskeleton organization","IDA","1","0.042","62.8"
"413","GO:0051493","regulation of cytoskeleton organization","IDA","1","0.042","62.8"
"414","GO:0099177","GO:0099177","ISS","1","0.042","62.8"
"415","GO:0048585","negative regulation of response to stimulus","IMP","1","0.042","62.8"
"416","GO:0001756","somitogenesis","IEA","1","0.042","62.8"
"417","GO:0001843","neural tube closure","IEA","1","0.042","62.8"
"418","GO:0042692","muscle cell differentiation","IEA","1","0.042","62.8"
"419","GO:0021537","telencephalon development","IEA","1","0.042","62.8"
"420","GO:0010906","regulation of glucose metabolic process","IEA","1","0.042","62.8"
"421","GO:0010907","positive regulation of glucose metabolic process","IEA","1","0.042","62.8"
"422","GO:0062012","GO:0062012","IEA","1","0.042","62.8"
"423","GO:0000578","embryonic axis specification","IMP","1","0.042","62.8"
"424","GO:0031175","neuron projection development","IMP","1","0.042","62.8"
"425","GO:0120036","GO:0120036","IMP","1","0.042","62.8"
"426","GO:2000677","regulation of transcription regulatory region DNA binding","IEA","1","0.042","62.8"
"427","GO:0000904","cell morphogenesis involved in differentiation","IMP","1","0.042","62.8"
"428","GO:0000902","cell morphogenesis","IMP","1","0.042","62.8"
"429","GO:0009948","anterior/posterior axis specification","IMP","1","0.042","62.8"
"430","GO:0002682","regulation of immune system process","ISS","1","0.042","62.8"
"431","GO:0006111","regulation of gluconeogenesis","IEA","1","0.042","62.8"
"432","GO:0045913","positive regulation of carbohydrate metabolic process","IEA","1","0.042","62.8"
"433","GO:0048312","intracellular distribution of mitochondria","IEA","1","0.042","62.8"
"434","GO:0048311","mitochondrion distribution","IEA","1","0.042","62.8"
"435","GO:0009301","snRNA transcription","IMP","1","0.042","62.8"
"436","GO:0060606","tube closure","IEA","1","0.042","62.8"
"437","GO:0007059","chromosome segregation","IMP","1","0.042","62.8"
"438","GO:0007351","tripartite regional subdivision","IMP","1","0.042","62.8"
"439","GO:0007350","blastoderm segmentation","IMP","1","0.042","62.8"
"440","GO:0002520","immune system development","IMP","1","0.042","62.8"
"441","GO:0016073","snRNA metabolic process","IMP","1","0.042","62.8"
"442","GO:0071345","cellular response to cytokine stimulus","IEA","1","0.042","62.8"
"443","GO:0071929","alpha-tubulin acetylation","IEA","1","0.042","62.8"
"444","GO:0040028","regulation of vulval development","IMP","1","0.042","62.8"
"445","GO:0071168","protein localization to chromatin","IMP","1","0.042","62.8"
"446","GO:0014070","response to organic cyclic compound","IEA","1","0.042","62.8"
"447","GO:0008595","anterior/posterior axis specification, embryo","IMP","1","0.042","62.8"
"448","GO:0043486","histone exchange","IPI","1","0.042","62.8"
"449","GO:0035239","tube morphogenesis","IEA","1","0.042","62.8"
"450","GO:0050877","neurological system process","ISS","1","0.042","62.8"
"451","GO:0010675","regulation of cellular carbohydrate metabolic process","IEA","1","0.042","62.8"
"452","GO:0010676","positive regulation of cellular carbohydrate metabolic process","IEA","1","0.042","62.8"
"453","GO:0048812","neuron projection morphogenesis","IMP","1","0.042","62.8"
"454","GO:0030030","cell projection organization","IMP","1","0.042","62.8"
"455","GO:0010824","regulation of centrosome duplication","IDA","1","0.042","62.8"
"456","GO:0010826","negative regulation of centrosome duplication","IDA","1","0.042","62.8"
"457","GO:0062013","GO:0062013","IEA","1","0.042","62.8"
"458","GO:0045815","positive regulation of gene expression, epigenetic","TAS","1","0.042","62.8"
"459","GO:0048598","embryonic morphogenesis","IEA","1","0.042","62.8"
"460","GO:0021915","neural tube development","IEA","1","0.042","62.8"
"461","GO:0000375","RNA splicing, via transesterification reactions","IC","1","0.042","62.8"
"462","GO:0035948","positive regulation of gluconeogenesis by positive regulation of transcription from RNA polymerase II promoter","IEA","1","0.042","62.8"
"463","GO:0035947","regulation of gluconeogenesis by regulation of transcription from RNA polymerase II promoter","IEA","1","0.042","62.8"
"464","GO:0001832","blastocyst growth","IMP","1","0.042","62.8"
"465","GO:0010453","regulation of cell fate commitment","IMP","1","0.042","62.8"
"466","GO:0010454","negative regulation of cell fate commitment","IMP","1","0.042","62.8"
"467","GO:2000756","regulation of peptidyl-lysine acetylation","IEA","1","0.042","62.8"
"468","GO:2000758","positive regulation of peptidyl-lysine acetylation","IEA","1","0.042","62.8"
"469","GO:0008104","protein localization","IMP","1","0.042","62.8"
"470","GO:0007616","long-term memory","ISS","1","0.042","62.8"
"471","GO:0007610","behavior","ISS","1","0.042","62.8"
"472","GO:0007611","learning or memory","ISS","1","0.042","62.8"
"473","GO:0031344","regulation of cell projection organization","IEA","1","0.042","62.8"
"474","GO:0031346","positive regulation of cell projection organization","IEA","1","0.042","62.8"
"475","GO:0007362","terminal region determination","IMP","1","0.042","62.8"
"476","GO:0045786","negative regulation of cell cycle","IDA","1","0.042","62.8"
"477","GO:0098781","GO:0098781","IMP","1","0.042","62.8"
"478","GO:0033036","macromolecule localization","IMP","1","0.042","62.8"
"479","GO:2001021","negative regulation of response to DNA damage stimulus","IMP","1","0.042","62.8"
"480","GO:2001020","regulation of response to DNA damage stimulus","IMP","1","0.042","62.8"
"481","GO:0050804","regulation of synaptic transmission","ISS","1","0.042","62.8"
"482","GO:1903706","GO:1903706","ISS","1","0.042","62.8"
"483","GO:0014020","primary neural tube formation","IEA","1","0.042","62.8"
"484","GO:0022037","metencephalon development","IEA","1","0.042","62.8"
"485","GO:0009798","axis specification","IMP","1","0.042","62.8"
"486","GO:0034660","ncRNA metabolic process","IMP","1","0.042","62.8"
"487","GO:0001838","embryonic epithelial tube formation","IEA","1","0.042","62.8"
"488","GO:1990089","response to nerve growth factor stimulus","IEA","1","0.042","62.8"
"489","GO:0018335","protein succinylation","IDA","1","0.042","62.8"
"490","GO:0006366","transcription from RNA polymerase II promoter","TAS","1","0.042","62.8"
"491","GO:0009880","embryonic pattern specification","IMP","1","0.042","62.8"
"492","GO:0009888","tissue development","IEA","1","0.042","62.8"
"493","GO:0072175","epithelial tube formation","IEA","1","0.042","62.8"
"494","GO:0050890","cognition","ISS","1","0.042","62.8"
"495","GO:0002694","regulation of leukocyte activation","ISS","1","0.042","62.8"
"496","GO:0000377","RNA splicing, via transesterification reactions with bulged adenosine as nucleophile","IC","1","0.042","62.8"
"497","GO:0006109","regulation of carbohydrate metabolic process","IEA","1","0.042","62.8"
"498","GO:0032886","regulation of microtubule-based process","IDA","1","0.042","62.8"
"499","GO:0007005","mitochondrion organization","IEA","1","0.042","62.8"
"500","GO:0051249","regulation of lymphocyte activation","ISS","1","0.042","62.8"
"501","GO:0051247","positive regulation of protein metabolic process","IEA","1","0.042","62.8"
"502","GO:0042659","regulation of cell fate specification","IMP","1","0.042","62.8"
"503","GO:0048858","cell projection morphogenesis","IMP","1","0.042","62.8"
"504","GO:1900402","regulation of carbohydrate metabolic process by regulation of transcription from RNA polymerase II promoter","IEA","1","0.042","62.8"
"505","GO:0033696","negative regulation of extent of heterochromatin assembly","IMP","1","0.042","62.8"
"506","GO:0045619","regulation of lymphocyte differentiation","ISS","1","0.042","62.8"
"507","GO:1901985","positive regulation of protein acetylation","IEA","1","0.042","62.8"
"508","GO:0033365","protein localization to organelle","IMP","1","0.042","62.8"
"509","GO:0048736","appendage development","ISS","1","0.042","62.8"
"510","GO:0016331","morphogenesis of embryonic epithelium","IEA","1","0.042","62.8"
"511","GO:0001833","inner cell mass cell proliferation","IMP","1","0.042","62.8"
"512","GO:0120039","GO:0120039","IMP","1","0.042","62.8"
"513","GO:0014706","striated muscle tissue development","IEA","1","0.042","62.8"
"514","GO:1902105","regulation of leukocyte differentiation","ISS","1","0.042","62.8"
"515","GO:0030182","neuron differentiation","IMP","1","0.042","62.8"
"516","GO:0035051","cardiocyte differentiation","IEA","1","0.042","62.8"
"517","GO:0060968","regulation of gene silencing","IMP","1","0.042","62.8"
"518","GO:0060537","muscle tissue development","IEA","1","0.042","62.8"
"519","GO:0060322","head development","IEA","1","0.042","62.8"
"520","GO:0031056","regulation of histone modification","IEA","1","0.042","62.8"
"521","GO:0031058","positive regulation of histone modification","IEA","1","0.042","62.8"
"522","GO:0035065","regulation of histone acetylation","IEA","1","0.042","62.8"
"523","GO:0048863","stem cell differentiation","IMP","1","0.042","62.8"
"524","GO:0048865","stem cell fate commitment","IMP","1","0.042","62.8"
"525","GO:0048866","stem cell fate specification","IMP","1","0.042","62.8"
"526","GO:0001824","blastocyst development","IMP","1","0.042","62.8"
"527","GO:0040029","regulation of gene expression, epigenetic","TAS","1","0.042","62.8"
"528","GO:0048515","spermatid differentiation","IMP","1","0.042","62.8"
"529","GO:0007613","memory","ISS","1","0.042","62.8"
"530","GO:0003006","developmental process involved in reproduction","IMP","1","0.042","62.8"
"531","GO:0003008","system process","ISS","1","0.042","62.8"
"532","GO:0000398","mRNA splicing, via spliceosome","IC","1","0.042","62.8"
"533","GO:0016578","histone deubiquitination","IDA","1","0.042","62.8"
"534","GO:0002376","immune system process","IMP","1","0.042","62.8"
"535","GO:0045722","positive regulation of gluconeogenesis","IEA","1","0.042","62.8"
"536","GO:0070507","regulation of microtubule cytoskeleton organization","IDA","1","0.042","62.8"
"537","GO:0048167","regulation of synaptic plasticity","ISS","1","0.042","62.8"
"538","GO:0014016","neuroblast differentiation","IMP","1","0.042","62.8"
"539","GO:0014017","neuroblast fate commitment","IMP","1","0.042","62.8"
"540","GO:0014018","neuroblast fate specification","IMP","1","0.042","62.8"
"541","GO:1900049","regulation of histone exchange","IMP","1","0.042","62.8"
"542","GO:0034097","response to cytokine stimulus","IEA","1","0.042","62.8"
"543","GO:0007420","brain development","IEA","1","0.042","62.8"
"544","GO:0080135","regulation of cellular response to stress","IMP","1","0.042","62.8"
"545","GO:0031935","regulation of chromatin silencing","IMP","1","0.042","62.8"
"546","GO:1990090","cellular response to nerve growth factor stimulus","IEA","1","0.042","62.8"
"547","GO:0031938","regulation of chromatin silencing at telomere","IMP","1","0.042","62.8"
"548","GO:0070848","response to growth factor stimulus","IEA","1","0.042","62.8"
"549","GO:0045580","regulation of T cell differentiation","ISS","1","0.042","62.8"
"550","GO:0045589","regulation of regulatory T cell differentiation","ISS","1","0.042","62.8"
"551","GO:0061062","regulation of nematode larval development","IMP","1","0.042","62.8"
"552","GO:0046777","protein autophosphorylation","IDA","1","0.042","62.8"
"553","GO:0050865","regulation of cell activation","ISS","1","0.042","62.8"
"554","GO:0032270","positive regulation of cellular protein metabolic process","IEA","1","0.042","62.8"
"555","GO:0007354","zygotic determination of anterior/posterior axis, embryo","IMP","1","0.042","62.8"
"556","GO:0071363","cellular response to growth factor stimulus","IEA","1","0.042","62.8"
"557","GO:0001816","cytokine production","ISS","1","0.042","62.8"
"558","GO:2000679","positive regulation of transcription regulatory region DNA binding","IEA","1","0.042","62.8"
"559","GO:0034502","protein localization to chromosome","IMP","1","0.042","62.8"
"560","GO:0051146","striated muscle cell differentiation","IEA","1","0.042","62.8"
"561","GO:0002574","thrombocyte differentiation","IMP","1","0.042","62.8"
"562","GO:0048813","dendrite morphogenesis","IMP","1","0.042","62.8"
"563","GO:0032989","cellular component morphogenesis","IMP","1","0.042","62.8"
"564","GO:0048729","tissue morphogenesis","IEA","1","0.042","62.8"
"565","GO:0046599","regulation of centriole replication","IDA","1","0.042","62.8"
"566","GO:0034612","response to tumor necrosis factor","IEA","1","0.042","62.8"
"567","GO:0034613","cellular protein localization","IMP","1","0.042","62.8"
"568","GO:0051646","mitochondrion localization","IEA","1","0.042","62.8"
"569","GO:0051640","organelle localization","IEA","1","0.042","62.8"
"570","GO:0030900","forebrain development","IEA","1","0.042","62.8"
"571","GO:0030901","midbrain development","IEA","1","0.042","62.8"
"572","GO:0030902","hindbrain development","IEA","1","0.042","62.8"
"573","GO:0035066","positive regulation of histone acetylation","IEA","1","0.042","62.8"
"574","GO:0035264","multicellular organism growth","IEA","1","0.042","62.8"
"575","GO:0070727","cellular macromolecule localization","IMP","1","0.042","62.8"
"576","GO:0043044","ATP-dependent chromatin remodeling","IPI","1","0.042","62.8"
"577","GO:0055007","cardiac muscle cell differentiation","IEA","1","0.042","62.8"
"578","GO:2000001","regulation of DNA damage checkpoint","IMP","1","0.042","62.8"
"579","GO:2000002","negative regulation of DNA damage checkpoint","IMP","1","0.042","62.8"
"580","GO:0060173","limb development","ISS","1","0.042","62.8"
"581","GO:0061061","muscle structure development","IEA","1","0.042","62.8"
"582","GO:0071356","cellular response to tumor necrosis factor","IEA","1","0.042","62.8"
"583","GO:0001841","neural tube formation","IEA","1","0.042","62.8"
"584","GO:0048468","cell development","IMP","1","0.042","62.8"
"585","GO:1901983","regulation of protein acetylation","IEA","1","0.042","62.8"
"586","GO:0043255","regulation of carbohydrate biosynthetic process","IEA","1","0.042","62.8"
"587","GO:0010948","negative regulation of cell cycle process","IDA","1","0.042","62.8"
"588","GO:0090054","regulation of chromatin silencing at silent mating-type cassette","IMP","1","0.042","62.8"
"589","GO:1900051","positive regulation of histone exchange","IMP","1","0.042","62.8"
"590","GO:0031401","positive regulation of protein modification process","IEA","1","0.042","62.8"
"591","GO:1901977","negative regulation of cell cycle checkpoint","IMP","1","0.042","62.8"
"592","GO:1901976","regulation of cell cycle checkpoint","IMP","1","0.042","62.8"
"593","GO:0035148","tube formation","IEA","1","0.042","62.8"
"594","GO:0035295","tube development","IEA","1","0.042","62.8"
"595","GO:0007417","central nervous system development","IEA","1","0.042","62.8"
"596","GO:0048738","cardiac muscle tissue development","IEA","1","0.042","62.8"
"597","GO:0060429","epithelium development","IEA","1","0.042","62.8"
"598","GO:0046606","negative regulation of centrosome cycle","IDA","1","0.042","62.8"
"599","GO:0045596","negative regulation of cell differentiation","IMP","1","0.042","62.8"
"600","GO:0046605","regulation of centrosome cycle","IDA","1","0.042","62.8"
"601","GO:0046600","negative regulation of centriole replication","IDA","1","0.042","62.8"
"602","GO:0060562","epithelial tube morphogenesis","IEA","1","0.042","62.8"
"603","GO:0061053","somite development","IEA","1","0.042","62.8"
"604","GO:0051093","negative regulation of developmental process","IMP","1","0.042","62.8"
"605","GO:0030099","myeloid cell differentiation","IMP","1","0.042","62.8"
"606","GO:0030097","hemopoiesis","IMP","1","0.042","62.8"
"607","GO:0009996","negative regulation of cell fate specification","IMP","1","0.042","62.8"
"608","GO:0002009","morphogenesis of an epithelium","IEA","1","0.042","62.8"
"609","GO:1902115","regulation of organelle assembly","IDA","1","0.042","62.8"
"610","GO:1902116","negative regulation of organelle assembly","IDA","1","0.042","62.8"
"611","GO:0048534","hematopoietic or lymphoid organ development","IMP","1","0.042","62.8"
"612","GO:0048666","neuron development","IMP","1","0.042","62.8"
"613","GO:0048667","cell morphogenesis involved in neuron differentiation","IMP","1","0.042","62.8"
"614","GO:0106077","GO:0106077","IDA","1","0.042","62.8"
"615","GO:0032990","cell part morphogenesis","IMP","1","0.042","62.8"
"616","GO:0044464","cell part","CURATED, TAS, ISS, ISO, IEA, IC, IDA","54","2.27","84.4"
"617","GO:0005623","cell","CURATED, TAS, ISS, ISO, IEA, IC, IDA","54","2.27","84.4"
"618","GO:0005622","intracellular","CURATED, TAS, ISS, ISO, IEA, IC, IDA","54","2.27","84.4"
"619","GO:0044424","intracellular part","CURATED, TAS, ISS, ISO, IEA, IC, IDA","54","2.27","84.4"
"620","GO:0043229","intracellular organelle","CURATED, TAS, ISS, ISO, IEA, IC, IDA","54","2.27","84.4"
"621","GO:0043227","membrane-bounded organelle","CURATED, TAS, ISS, ISO, IEA, IC, IDA","54","2.27","84.4"
"622","GO:0043226","organelle","CURATED, TAS, ISS, ISO, IEA, IC, IDA","54","2.27","84.4"
"623","GO:0043231","intracellular membrane-bounded organelle","CURATED, TAS, ISS, ISO, IEA, IC, IDA","54","2.27","84.4"
"624","GO:0005634","nucleus","CURATED, TAS, ISS, ISO, IEA, IC, IDA","51","2.14","84.1"
"625","GO:0031974","membrane-enclosed lumen","IEA, TAS, ISO, IDA","16","0.672","77.8"
"626","GO:0031981","nuclear lumen","IEA, TAS, ISO, IDA","16","0.672","77.8"
"627","GO:0043233","organelle lumen","IEA, TAS, ISO, IDA","16","0.672","77.8"
"628","GO:0044446","intracellular organelle part","IEA, TAS, ISO, IDA","16","0.672","77.8"
"629","GO:0070013","intracellular organelle lumen","IEA, TAS, ISO, IDA","16","0.672","77.8"
"630","GO:0044428","nuclear part","IEA, TAS, ISO, IDA","16","0.672","77.8"
"631","GO:0044422","organelle part","IEA, TAS, ISO, IDA","16","0.672","77.8"
"632","GO:0043228","non-membrane-bounded organelle","IEA, CURATED, IDA","12","0.504","76.3"
"633","GO:0005694","chromosome","IEA, CURATED, IDA","12","0.504","76.3"
"634","GO:0043232","intracellular non-membrane-bounded organelle","IEA, CURATED, IDA","12","0.504","76.3"
"635","GO:0005654","nucleoplasm","IEA, TAS, ISO, IDA","12","0.504","76.3"
"636","GO:0005737","cytoplasm","IEA, IDA","15","0.63","77.5"
"637","GO:0044451","nucleoplasm part","IEA, ISO, IDA","11","0.462","75.8"
"638","GO:0016604","nuclear body","IEA, ISO, IDA","8","0.336","74.1"
"639","GO:0000228","nuclear chromosome","IEA, IDA","7","0.294","73.4"
"640","GO:0000790","nuclear chromatin","IEA, IDA","6","0.252","72.5"
"641","GO:0044427","chromosomal part","IEA, IDA","7","0.294","73.4"
"642","GO:0000785","chromatin","IEA, IDA","6","0.252","72.5"
"643","GO:0044454","nuclear chromosome part","IEA, IDA","6","0.252","72.5"
"644","GO:0016607","nuclear speck","IEA, ISO, IDA","6","0.252","72.5"
"645","GO:1902494","GO:1902494","IDA","5","0.21","71.5"
"646","GO:0032991","macromolecular complex","IDA","5","0.21","71.5"
"647","GO:0044444","cytoplasmic part","IEA, IDA","6","0.252","72.5"
"648","GO:0009536","plastid","IEA, IDA","4","0.168","70.3"
"649","GO:1990234","GO:1990234","IDA","3","0.126","68.8"
"650","GO:0009507","chloroplast","IEA, IDA","4","0.168","70.3"
"651","GO:0031248","protein acetyltransferase complex","IDA","2","0.084","66.6"
"652","GO:0000123","histone acetyltransferase complex","IDA","2","0.084","66.6"
"653","GO:0000793","condensed chromosome","IDA","3","0.126","68.8"
"654","GO:0005730","nucleolus","IDA","3","0.126","68.8"
"655","GO:1902493","GO:1902493","IDA","2","0.084","66.6"
"656","GO:0000794","condensed nuclear chromosome","IDA","2","0.084","66.6"
"657","GO:0000428","DNA-directed RNA polymerase complex","IDA","2","0.084","66.6"
"658","GO:0044430","cytoskeletal part","IEA, IDA","1","0.042","62.8"
"659","GO:1902562","GO:1902562","IDA","2","0.084","66.6"
"660","GO:0000812","Swr1 complex","IDA","2","0.084","66.6"
"661","GO:0030880","RNA polymerase complex","IDA","2","0.084","66.6"
"662","GO:0016591","DNA-directed RNA polymerase II, holoenzyme","IDA","2","0.084","66.6"
"663","GO:0070603","SWI/SNF superfamily-type complex","IDA","2","0.084","66.6"
"664","GO:0061695","GO:0061695","IDA","2","0.084","66.6"
"665","GO:0070461","SAGA-type complex","IDA","2","0.084","66.6"
"666","GO:0005671","Ada2/Gcn5/Ada3 transcription activator complex","IDA","2","0.084","66.6"
"667","GO:0015630","microtubule cytoskeleton","IEA, IDA","1","0.042","62.8"
"668","GO:0055029","nuclear DNA-directed RNA polymerase complex","IDA","2","0.084","66.6"
"669","GO:1904949","GO:1904949","IDA","2","0.084","66.6"
"670","GO:0005829","cytosol","IDA","2","0.084","66.6"
"671","GO:0005856","cytoskeleton","IEA, IDA","1","0.042","62.8"
"672","GO:0097346","INO80-type complex","IDA","2","0.084","66.6"
"673","GO:0032806","carboxy-terminal domain protein kinase complex","IDA","1","0.042","62.8"
"674","GO:0090575","GO:0090575","IDA","1","0.042","62.8"
"675","GO:0008024","positive transcription elongation factor complex b","IDA","1","0.042","62.8"
"676","GO:0000307","cyclin-dependent protein kinase holoenzyme complex","IDA","1","0.042","62.8"
"677","GO:0033276","transcription factor TFTC complex","IDA","1","0.042","62.8"
"678","GO:0000124","SAGA complex","IDA","1","0.042","62.8"
"679","GO:1902911","GO:1902911","IDA","1","0.042","62.8"
"680","GO:0072686","mitotic spindle","IEA","1","0.042","62.8"
"681","GO:0005815","microtubule organizing center","IDA","1","0.042","62.8"
"682","GO:0044798","GO:0044798","IDA","1","0.042","62.8"
"683","GO:0005665","DNA-directed RNA polymerase II, core complex","IDA","1","0.042","62.8"
"684","GO:0070090","metaphase plate","IDA","1","0.042","62.8"
"685","GO:1902554","GO:1902554","IDA","1","0.042","62.8"
"686","GO:0030914","STAGA complex","IDA","1","0.042","62.8"
"687","GO:0071944","cell periphery","IDA","1","0.042","62.8"
"688","GO:0046695","SLIK (SAGA-like) complex","IDA","1","0.042","62.8"
"689","GO:0019908","nuclear cyclin-dependent protein kinase holoenzyme complex","IDA","1","0.042","62.8"
"690","GO:0000775","chromosome, centromeric region","IDA","1","0.042","62.8"
"691","GO:0098687","GO:0098687","IDA","1","0.042","62.8"
"692","GO:0008023","transcription elongation factor complex","IDA","1","0.042","62.8"
"693","GO:1905368","GO:1905368","IDA","1","0.042","62.8"
"694","GO:0005667","transcription factor complex","IDA","1","0.042","62.8"
"695","GO:0005813","centrosome","IDA","1","0.042","62.8"
"696","GO:0005819","spindle","IEA","1","0.042","62.8"
