"","V1","V2","V3","V4","V5","V6"
"1","ID","GO term","Evidence","SeqCount","Frequency","relative_fontsize"
"2","GO:0003824","catalytic activity","IEA, IDA","41","7.5","85.9"
"3","GO:0016740","transferase activity","IEA, IDA","40","7.31","85.8"
"4","GO:0016301","kinase activity","IEA, IDA","39","7.13","85.7"
"5","GO:0016772","transferase activity, transferring phosphorus-containing groups","IEA, IDA","39","7.13","85.7"
"6","GO:0004672","protein kinase activity","IEA, IDA","38","6.95","85.5"
"7","GO:0016773","phosphotransferase activity, alcohol group as acceptor","IEA, IDA","38","6.95","85.5"
"8","GO:0044699","single-organism process","TAS, ISS, IEP, IMP, IEA, IGI, IDA","157","28.7","93.2"
"9","GO:0009987","cellular process","TAS, ISS, IEP, IMP, IEA, IGI, IDA","158","28.9","93.3"
"10","GO:0044763","single-organism cellular process","TAS, ISS, IEP, IMP, IEA, IGI, IDA","156","28.5","93.2"
"11","GO:0007049","cell cycle","TAS, ISS, IEP, IMP, IEA, IDA","154","28.2","93.1"
"12","GO:0050789","regulation of biological process","TAS, ISS, IEP, IMP, IEA, IGI, IDA","145","26.5","92.8"
"13","GO:0050794","regulation of cellular process","TAS, ISS, IEP, IMP, IEA, IGI, IDA","145","26.5","92.8"
"14","GO:0065007","biological regulation","TAS, ISS, IEP, IMP, IEA, IGI, IDA","145","26.5","92.8"
"15","GO:0045859","regulation of protein kinase activity","IEA, ISS, IDA","141","25.8","92.6"
"16","GO:0042325","regulation of phosphorylation","IEA, ISS, IDA","141","25.8","92.6"
"17","GO:0051246","regulation of protein metabolic process","IEA, ISS, IDA","141","25.8","92.6"
"18","GO:0050790","regulation of catalytic activity","IEA, ISS, IDA","141","25.8","92.6"
"19","GO:0051338","regulation of transferase activity","IEA, ISS, IDA","141","25.8","92.6"
"20","GO:0031399","regulation of protein modification process","IEA, ISS, IDA","141","25.8","92.6"
"21","GO:0019220","regulation of phosphate metabolic process","IEA, ISS, IDA","141","25.8","92.6"
"22","GO:0019222","regulation of metabolic process","IEA, ISS, IDA","141","25.8","92.6"
"23","GO:0043549","regulation of kinase activity","IEA, ISS, IDA","141","25.8","92.6"
"24","GO:0051174","regulation of phosphorus metabolic process","IEA, ISS, IDA","141","25.8","92.6"
"25","GO:0000079","regulation of cyclin-dependent protein serine/threonine kinase activity","IEA, ISS, IDA","141","25.8","92.6"
"26","GO:0080090","regulation of primary metabolic process","IEA, ISS, IDA","141","25.8","92.6"
"27","GO:0060255","regulation of macromolecule metabolic process","IEA, ISS, IDA","141","25.8","92.6"
"28","GO:0065009","regulation of molecular function","IEA, ISS, IDA","141","25.8","92.6"
"29","GO:0032268","regulation of cellular protein metabolic process","IEA, ISS, IDA","141","25.8","92.6"
"30","GO:0031323","regulation of cellular metabolic process","IEA, ISS, IDA","141","25.8","92.6"
"31","GO:0001932","regulation of protein phosphorylation","IEA, ISS, IDA","141","25.8","92.6"
"32","GO:0051726","regulation of cell cycle","TAS, ISS, IMP, IEA, IGI, IDA","142","26","92.7"
"33","GO:0071900","regulation of protein serine/threonine kinase activity","IEA, ISS, IDA","141","25.8","92.6"
"34","GO:0051301","cell division","IEA","139","25.4","92.6"
"35","GO:0048522","positive regulation of cellular process","IEA, ISS, IDA, IGI, IMP","63","11.5","88.3"
"36","GO:0048518","positive regulation of biological process","IEA, ISS, IDA, IGI, IMP","63","11.5","88.3"
"37","GO:0050896","response to stimulus","ISS, IEP, IMP, IEA, IGI, IDA","46","8.41","86.6"
"38","GO:0042327","positive regulation of phosphorylation","IEA, ISS, IDA","62","11.3","88.2"
"39","GO:0009893","positive regulation of metabolic process","IEA, ISS, IDA","62","11.3","88.2"
"40","GO:0071902","positive regulation of protein serine/threonine kinase activity","IEA, ISS, IDA","62","11.3","88.2"
"41","GO:0051347","positive regulation of transferase activity","IEA, ISS, IDA","62","11.3","88.2"
"42","GO:0045787","positive regulation of cell cycle","IEA, ISS, IDA","62","11.3","88.2"
"43","GO:0044093","positive regulation of molecular function","IEA, ISS, IDA","62","11.3","88.2"
"44","GO:0010562","positive regulation of phosphorus metabolic process","IEA, ISS, IDA","62","11.3","88.2"
"45","GO:0051247","positive regulation of protein metabolic process","IEA, ISS, IDA","62","11.3","88.2"
"46","GO:0045937","positive regulation of phosphate metabolic process","IEA, ISS, IDA","62","11.3","88.2"
"47","GO:0033674","positive regulation of kinase activity","IEA, ISS, IDA","62","11.3","88.2"
"48","GO:0031401","positive regulation of protein modification process","IEA, ISS, IDA","62","11.3","88.2"
"49","GO:0032270","positive regulation of cellular protein metabolic process","IEA, ISS, IDA","62","11.3","88.2"
"50","GO:0010604","positive regulation of macromolecule metabolic process","IEA, ISS, IDA","62","11.3","88.2"
"51","GO:0045737","positive regulation of cyclin-dependent protein kinase activity","IEA, ISS, IDA","62","11.3","88.2"
"52","GO:0043085","positive regulation of catalytic activity","IEA, ISS, IDA","62","11.3","88.2"
"53","GO:0045860","positive regulation of protein kinase activity","IEA, ISS, IDA","62","11.3","88.2"
"54","GO:0031325","positive regulation of cellular metabolic process","IEA, ISS, IDA","62","11.3","88.2"
"55","GO:0001934","positive regulation of protein phosphorylation","IEA, ISS, IDA","62","11.3","88.2"
"56","GO:0051716","cellular response to stimulus","ISS, IEP, IMP, IEA, IGI, IDA","45","8.23","86.4"
"57","GO:0008152","metabolic process","IEA, IMP, IDA","42","7.68","86.1"
"58","GO:0044237","cellular metabolic process","IEA, IMP, IDA","40","7.31","85.8"
"59","GO:0071704","organic substance metabolic process","IEA, IMP, IDA","39","7.13","85.7"
"60","GO:0043170","macromolecule metabolic process","IEA, IMP, IDA","39","7.13","85.7"
"61","GO:0006796","phosphate-containing compound metabolic process","IEA, IDA","39","7.13","85.7"
"62","GO:0006793","phosphorus metabolic process","IEA, IDA","39","7.13","85.7"
"63","GO:0007165","signal transduction","IEA, IMP, IGI, IDA","38","6.95","85.5"
"64","GO:0044260","cellular macromolecule metabolic process","IEA, IMP, IDA","39","7.13","85.7"
"65","GO:0044700","single organism signaling","IEA, IMP, IGI, IDA","38","6.95","85.5"
"66","GO:0016310","phosphorylation","IEA, IDA","39","7.13","85.7"
"67","GO:0023052","signaling","IEA, IMP, IGI, IDA","38","6.95","85.5"
"68","GO:0044238","primary metabolic process","IEA, IMP, IDA","39","7.13","85.7"
"69","GO:0007154","cell communication","IEA, IMP, IGI, IDA","38","6.95","85.5"
"70","GO:0019538","protein metabolic process","IEA, IDA","38","6.95","85.5"
"71","GO:0043412","macromolecule modification","IEA, IDA","38","6.95","85.5"
"72","GO:0008283","cell proliferation","IEA, IMP, IGI","38","6.95","85.5"
"73","GO:0006468","protein phosphorylation","IEA, IDA","38","6.95","85.5"
"74","GO:0006464","cellular protein modification process","IEA, IDA","38","6.95","85.5"
"75","GO:0044267","cellular protein metabolic process","IEA, IDA","38","6.95","85.5"
"76","GO:0036211","protein modification process","IEA, IDA","38","6.95","85.5"
"77","GO:0032502","developmental process","IEA, IMP, IDA, IGI, IEP","30","5.48","84.2"
"78","GO:0007275","multicellular organismal development","IEA, IMP, IGI, IEP","30","5.48","84.2"
"79","GO:0044707","single-multicellular organism process","IEA, IMP, IGI, IEP","30","5.48","84.2"
"80","GO:0032501","multicellular organismal process","IEA, IMP, IGI, IEP","30","5.48","84.2"
"81","GO:0048856","anatomical structure development","IEA, IMP, IGI, IEP","29","5.3","84.1"
"82","GO:0048731","system development","IEA, IMP, IGI, IEP","28","5.12","83.9"
"83","GO:0044464","cell part","CURATED, TAS, ISS, IPI, BY SIMILARITY, IEA, IDA","398","72.8","98.3"
"84","GO:0005623","cell","CURATED, TAS, ISS, IPI, BY SIMILARITY, IEA, IDA","398","72.8","98.3"
"85","GO:0005622","intracellular","CURATED, TAS, ISS, IPI, BY SIMILARITY, IEA, IDA","398","72.8","98.3"
"86","GO:0044424","intracellular part","CURATED, TAS, ISS, IPI, BY SIMILARITY, IEA, IDA","398","72.8","98.3"
"87","GO:0005634","nucleus","CURATED, TAS, ISS, BY SIMILARITY, IEA, IDA","398","72.8","98.3"
"88","GO:0043229","intracellular organelle","CURATED, TAS, ISS, BY SIMILARITY, IEA, IDA","398","72.8","98.3"
"89","GO:0043227","membrane-bounded organelle","CURATED, TAS, ISS, BY SIMILARITY, IEA, IDA","398","72.8","98.3"
"90","GO:0043226","organelle","CURATED, TAS, ISS, BY SIMILARITY, IEA, IDA","398","72.8","98.3"
"91","GO:0043231","intracellular membrane-bounded organelle","CURATED, TAS, ISS, BY SIMILARITY, IEA, IDA","398","72.8","98.3"
"92","GO:0000307","cyclin-dependent protein kinase holoenzyme complex","IEA, ISS, IPI, IDA","62","11.3","88.2"
"93","GO:0043234","protein complex","IEA, ISS, IPI, IDA","62","11.3","88.2"
"94","GO:0032991","macromolecular complex","IEA, ISS, IPI, IDA","62","11.3","88.2"
"95","GO:0005737","cytoplasm","IEA, CURATED, TAS, BY SIMILARITY, IDA","42","7.68","86.1"
"96","GO:0016020","membrane","IEA, IDA, BY SIMILARITY, CURATED","29","5.3","84.1"
