"","V1","V2","V3","V4","V5","V6"
"1","ID","GO term","Evidence","SeqCount","Frequency","relative_fontsize"
"2","GO:0005102","receptor binding","IEA, IBA, IDA, ISO, TAS","7","7","90.6"
"3","GO:0005488","binding","IEA, IBA, IDA, ISO, TAS","7","7","90.6"
"4","GO:0005515","protein binding","IEA, IBA, IDA, ISO, TAS","7","7","90.6"
"5","GO:0005179","hormone activity","IEA, IBA, TAS","7","7","90.6"
"6","GO:0030545","receptor regulator activity","IEA, IBA, TAS","7","7","90.6"
"7","GO:0048018","receptor agonist activity","IEA, IBA, TAS","7","7","90.6"
"8","GO:0098772","GO:0098772","IEA, IBA, TAS","7","7","90.6"
"9","GO:0017045","corticotropin-releasing hormone activity","IBA","6","6","89.7"
"10","GO:0005184","neuropeptide hormone activity","IBA, TAS","6","6","89.7"
"11","GO:0051428","peptide hormone receptor binding","IEA, ISO, IDA","3","3","86"
"12","GO:0051429","corticotropin-releasing hormone receptor binding","IEA, ISO, IDA","3","3","86"
"13","GO:0051427","hormone receptor binding","IEA, ISO, IDA","3","3","86"
"14","GO:0071855","neuropeptide receptor binding","IEA, ISO, IDA","3","3","86"
"15","GO:0001664","G-protein coupled receptor binding","IEA, ISO, IDA","3","3","86"
"16","GO:0051431","corticotropin-releasing hormone receptor 2 binding","IEA, ISO, IDA","3","3","86"
"17","GO:0051430","corticotropin-releasing hormone receptor 1 binding","IEA, ISO, IDA","3","3","86"
"18","GO:0065007","biological regulation","TAS, IBA, NAS, ISO, IEP, IEA, IMP, IDA","7","7","90.6"
"19","GO:0050789","regulation of biological process","TAS, IBA, NAS, ISO, IEA, IMP, IDA","7","7","90.6"
"20","GO:0050794","regulation of cellular process","TAS, IBA, IMP, ISO, IEA, IDA","7","7","90.6"
"21","GO:0023051","regulation of signaling","TAS, IBA, IMP, ISO, IEA, IDA","7","7","90.6"
"22","GO:0010646","regulation of cell communication","TAS, IBA, IMP, ISO, IEA, IDA","7","7","90.6"
"23","GO:0048583","regulation of response to stimulus","IEA, IBA, TAS, ISO, IDA","7","7","90.6"
"24","GO:0065008","regulation of biological quality","IBA, IMP, ISO, IEP, IEA, IDA","6","6","89.7"
"25","GO:0050896","response to stimulus","TAS, IBA, IMP, ISO, IEP, IEA, IDA","6","6","89.7"
"26","GO:0009966","regulation of signal transduction","IEA, IBA, IDA, ISO, TAS","7","7","90.6"
"27","GO:0009987","cellular process","TAS, IBA, ISO, IEP, IEA, IDA","7","7","90.6"
"28","GO:0051049","regulation of transport","IEA, IBA, ISO, IMP, IDA","7","7","90.6"
"29","GO:0032879","regulation of localization","IEA, IBA, ISO, IMP, IDA","7","7","90.6"
"30","GO:0010817","regulation of hormone levels","IEA, IBA, ISO, IMP, IDA","6","6","89.7"
"31","GO:0065009","regulation of molecular function","IEA, IBA, IDA, ISO, TAS","7","7","90.6"
"32","GO:0023052","signaling","IEA, IBA, IDA, ISO, TAS","7","7","90.6"
"33","GO:0010469","regulation of receptor activity","IEA, IBA, IDA, ISO, TAS","7","7","90.6"
"34","GO:0007154","cell communication","IEA, IBA, IDA, ISO, TAS","7","7","90.6"
"35","GO:0051046","regulation of secretion","IEA, IBA, ISO, IMP, IDA","6","6","89.7"
"36","GO:0048518","positive regulation of biological process","NAS, IBA, IMP, ISO, IEA, IDA","6","6","89.7"
"37","GO:1903530","GO:1903530","IEA, IBA, ISO, IMP, IDA","6","6","89.7"
"38","GO:0046883","regulation of hormone secretion","IEA, IBA, ISO, IMP, IDA","6","6","89.7"
"39","GO:0051239","regulation of multicellular organismal process","NAS, IBA, IMP, ISO, IEA, IDA","6","6","89.7"
"40","GO:0051716","cellular response to stimulus","TAS, IBA, ISO, IEP, IEA, IDA","6","6","89.7"
"41","GO:0044057","regulation of system process","IEA, IBA, ISO, IMP, IDA","6","6","89.7"
"42","GO:0051240","positive regulation of multicellular organismal process","IEA, IBA, NAS, ISO, IDA","6","6","89.7"
"43","GO:0032501","multicellular organismal process","TAS, IEP, IMP, ISO, IEA, IDA","5","5","88.7"
"44","GO:0044060","regulation of endocrine process","IEA, IBA, ISO, IMP, IDA","6","6","89.7"
"45","GO:0051047","positive regulation of secretion","IEA, IBA, ISO, IDA","6","6","89.7"
"46","GO:0051050","positive regulation of transport","IEA, IBA, ISO, IDA","6","6","89.7"
"47","GO:1903532","GO:1903532","IEA, IBA, ISO, IDA","6","6","89.7"
"48","GO:0023056","positive regulation of signaling","IEA, IBA, ISO, IDA","6","6","89.7"
"49","GO:0010647","positive regulation of cell communication","IEA, IBA, ISO, IDA","6","6","89.7"
"50","GO:0046887","positive regulation of hormone secretion","IEA, IBA, ISO, IDA","6","6","89.7"
"51","GO:0048522","positive regulation of cellular process","IEA, IBA, ISO, IDA","6","6","89.7"
"52","GO:0090087","regulation of peptide transport","IEA, IBA, ISO, IDA","6","6","89.7"
"53","GO:0090276","regulation of peptide hormone secretion","IEA, IBA, ISO, IDA","6","6","89.7"
"54","GO:0002791","regulation of peptide secretion","IEA, IBA, ISO, IDA","6","6","89.7"
"55","GO:0007610","behavior","TAS, IMP, ISO, IEA, IGI, IDA","5","5","88.7"
"56","GO:0007165","signal transduction","IEA, IBA, IDA, ISO, TAS","6","6","89.7"
"57","GO:0048519","negative regulation of biological process","NAS, IBA, IMP, ISO, IEA, IDA","6","6","89.7"
"58","GO:0051048","negative regulation of secretion","IEA, IBA, ISO, IMP, IDA","6","6","89.7"
"59","GO:0048584","positive regulation of response to stimulus","IEA, IBA, ISO, IDA","6","6","89.7"
"60","GO:2000831","regulation of steroid hormone secretion","IEA, IBA, ISO, IDA","6","6","89.7"
"61","GO:2000833","positive regulation of steroid hormone secretion","IEA, IBA, ISO, IDA","6","6","89.7"
"62","GO:0051051","negative regulation of transport","IEA, IBA, ISO, IMP, IDA","6","6","89.7"
"63","GO:1903531","GO:1903531","IEA, IBA, ISO, IMP, IDA","6","6","89.7"
"64","GO:0006950","response to stress","IEA, IMP, IEP, IDA","5","5","88.7"
"65","GO:0032368","regulation of lipid transport","IEA, IBA, ISO, IDA","6","6","89.7"
"66","GO:0023057","negative regulation of signaling","IEA, IBA, ISO, IMP, IDA","6","6","89.7"
"67","GO:0010648","negative regulation of cell communication","IEA, IBA, ISO, IMP, IDA","6","6","89.7"
"68","GO:1905954","GO:1905954","IEA, IBA, ISO, IDA","6","6","89.7"
"69","GO:0032370","positive regulation of lipid transport","IEA, IBA, ISO, IDA","6","6","89.7"
"70","GO:1905952","GO:1905952","IEA, IBA, ISO, IDA","6","6","89.7"
"71","GO:2000849","regulation of glucocorticoid secretion","IEA, IBA, ISO, IDA","6","6","89.7"
"72","GO:2000846","regulation of corticosteroid hormone secretion","IEA, IBA, ISO, IDA","6","6","89.7"
"73","GO:0046888","negative regulation of hormone secretion","IEA, IBA, ISO, IMP, IDA","6","6","89.7"
"74","GO:2000848","positive regulation of corticosteroid hormone secretion","IEA, IBA, ISO, IDA","6","6","89.7"
"75","GO:2000851","positive regulation of glucocorticoid secretion","IEA, IBA, ISO, IDA","6","6","89.7"
"76","GO:0043269","regulation of ion transport","IEA, ISO, IDA","6","6","89.7"
"77","GO:0048523","negative regulation of cellular process","IEA, IBA, ISO, IMP, IDA","6","6","89.7"
"78","GO:0048513","organ development","IEA, IMP, IEP","5","5","88.7"
"79","GO:0098916","GO:0098916","IEA, IDA, ISO, TAS","6","6","89.7"
"80","GO:0033604","negative regulation of catecholamine secretion","IEA, IBA, ISO, IDA","6","6","89.7"
"81","GO:0006629","lipid metabolic process","IEA, IMP, IEP","5","5","88.7"
"82","GO:0008152","metabolic process","IEA, IMP, IEP","5","5","88.7"
"83","GO:0048856","anatomical structure development","IEA, IMP, IEP","5","5","88.7"
"84","GO:0099536","GO:0099536","IEA, IDA, ISO, TAS","6","6","89.7"
"85","GO:0099537","GO:0099537","IEA, IDA, ISO, TAS","6","6","89.7"
"86","GO:0050433","regulation of catecholamine secretion","IEA, IBA, ISO, IDA","6","6","89.7"
"87","GO:0032502","developmental process","IEA, IMP, IEP","5","5","88.7"
"88","GO:0051952","regulation of amine transport","IEA, IBA, ISO, IDA","6","6","89.7"
"89","GO:0048731","system development","IEA, IMP, IEP","5","5","88.7"
"90","GO:0007275","multicellular organismal development","IEA, IMP, IEP","5","5","88.7"
"91","GO:0051953","negative regulation of amine transport","IEA, IBA, ISO, IDA","6","6","89.7"
"92","GO:0071704","organic substance metabolic process","IEA, IMP, IEP","5","5","88.7"
"93","GO:0007268","synaptic transmission","IEA, IDA, ISO, TAS","6","6","89.7"
"94","GO:0007267","cell-cell signaling","IEA, IDA, ISO, TAS","6","6","89.7"
"95","GO:0044238","primary metabolic process","IEA, IMP, IEP","5","5","88.7"
"96","GO:0007611","learning or memory","IEA, IMP, IDA, ISO, TAS","3","3","86"
"97","GO:0034765","regulation of ion transmembrane transport","IEA, ISO, IDA","6","6","89.7"
"98","GO:0034762","regulation of transmembrane transport","IEA, ISO, IDA","6","6","89.7"
"99","GO:0000003","reproduction","IEA, IDA, ISO, TAS","5","5","88.7"
"100","GO:2001025","positive regulation of response to drug","IBA, ISO, IDA","6","6","89.7"
"101","GO:0090277","positive regulation of peptide hormone secretion","IEA, ISO, IDA","5","5","88.7"
"102","GO:1900449","regulation of glutamate receptor signaling pathway","IEA, ISO, IDA","6","6","89.7"
"103","GO:2001023","regulation of response to drug","IBA, ISO, IDA","6","6","89.7"
"104","GO:0090278","negative regulation of peptide hormone secretion","IBA, ISO, IDA","6","6","89.7"
"105","GO:0010033","response to organic substance","IEA, IEP, ISO, IDA","3","3","86"
"106","GO:0051704","multi-organism process","IEA, IDA, ISO, TAS","5","5","88.7"
"107","GO:0051462","regulation of cortisol secretion","IBA, ISO, IDA","6","6","89.7"
"108","GO:0044703","multi-organism reproductive process","IEA, IDA, ISO, TAS","5","5","88.7"
"109","GO:0051464","positive regulation of cortisol secretion","IBA, ISO, IDA","6","6","89.7"
"110","GO:0044706","multi-multicellular organism process","IEA, IDA, ISO, TAS","5","5","88.7"
"111","GO:0099601","GO:0099601","IEA, ISO, IDA","6","6","89.7"
"112","GO:0032412","regulation of ion transmembrane transporter activity","IEA, ISO, IDA","6","6","89.7"
"113","GO:0042493","response to drug","IEA, IEP, ISO, IDA","3","3","86"
"114","GO:0070887","cellular response to chemical stimulus","IEA, IEP, ISO, IDA","3","3","86"
"115","GO:0001963","synaptic transmission, dopaminergic","IEA, ISO, IDA","6","6","89.7"
"116","GO:2000310","regulation of N-methyl-D-aspartate selective glutamate receptor activity","IEA, ISO, IDA","6","6","89.7"
"117","GO:0032811","negative regulation of epinephrine secretion","IBA, ISO, IDA","6","6","89.7"
"118","GO:0022898","regulation of transmembrane transporter activity","IEA, ISO, IDA","6","6","89.7"
"119","GO:2001257","regulation of cation channel activity","IEA, ISO, IDA","6","6","89.7"
"120","GO:0009719","response to endogenous stimulus","IEA, IEP, ISO, IDA","3","3","86"
"121","GO:0032409","regulation of transporter activity","IEA, ISO, IDA","6","6","89.7"
"122","GO:0014060","regulation of epinephrine secretion","IBA, ISO, IDA","6","6","89.7"
"123","GO:0008202","steroid metabolic process","IEA, IMP, IEP","5","5","88.7"
"124","GO:0042221","response to chemical stimulus","IEA, IEP, ISO, IDA","3","3","86"
"125","GO:1904062","GO:1904062","IEA, ISO, IDA","6","6","89.7"
"126","GO:0070092","regulation of glucagon secretion","IBA, ISO, IDA","6","6","89.7"
"127","GO:0070093","negative regulation of glucagon secretion","IBA, ISO, IDA","6","6","89.7"
"128","GO:1901360","organic cyclic compound metabolic process","IEA, IMP, IEP","5","5","88.7"
"129","GO:0071310","cellular response to organic substance","IEA, IEP, ISO, IDA","3","3","86"
"130","GO:0022414","reproductive process","IEA, IDA, ISO, TAS","5","5","88.7"
"131","GO:0002792","negative regulation of peptide secretion","IBA, ISO, IDA","6","6","89.7"
"132","GO:0002793","positive regulation of peptide secretion","IEA, ISO, IDA","5","5","88.7"
"133","GO:0071495","cellular response to endogenous stimulus","IEA, IEP, ISO, IDA","3","3","86"
"134","GO:1901362","organic cyclic compound biosynthetic process","IEA, IMP","5","5","88.7"
"135","GO:0042445","hormone metabolic process","IEA, IMP","5","5","88.7"
"136","GO:0042446","hormone biosynthetic process","IEA, IMP","5","5","88.7"
"137","GO:0003008","system process","IEA, IMP, IDA, ISO, TAS","3","3","86"
"138","GO:0060541","respiratory system development","IEA, IMP","5","5","88.7"
"139","GO:0035270","endocrine system development","IEA, IMP","5","5","88.7"
"140","GO:0051461","positive regulation of corticotropin secretion","IEA, ISO, IDA","5","5","88.7"
"141","GO:0009410","response to xenobiotic stimulus","IEA, IEP, ISO, IDA","3","3","86"
"142","GO:0009725","response to hormone stimulus","IEA, IEP, ISO, IDA","3","3","86"
"143","GO:0007626","locomotory behavior","IEA, IGI","5","5","88.7"
"144","GO:1901576","organic substance biosynthetic process","IEA, IMP","5","5","88.7"
"145","GO:0035640","exploration behavior","IEA, IGI","5","5","88.7"
"146","GO:0035641","locomotory exploration behavior","IEA, IGI","5","5","88.7"
"147","GO:0006952","defense response","IEA, IMP, IDA","5","5","88.7"
"148","GO:0050877","neurological system process","IEA, IMP, IDA, ISO, TAS","3","3","86"
"149","GO:0071466","cellular response to xenobiotic stimulus","IEA, IEP, ISO, IDA","3","3","86"
"150","GO:1901701","cellular response to oxygen-containing compound","IEA, IEP, ISO, IDA","3","3","86"
"151","GO:0006694","steroid biosynthetic process","IEA, IMP","5","5","88.7"
"152","GO:0006954","inflammatory response","IEA, IMP, IDA","5","5","88.7"
"153","GO:0051459","regulation of corticotropin secretion","IEA, ISO, IDA","5","5","88.7"
"154","GO:0014070","response to organic cyclic compound","IEA, IEP, ISO, IDA","3","3","86"
"155","GO:0071407","cellular response to organic cyclic compound","IEA, IEP, ISO, IDA","3","3","86"
"156","GO:0050890","cognition","IEA, IMP, IDA, ISO, TAS","3","3","86"
"157","GO:0032870","cellular response to hormone stimulus","IEA, IEP, ISO, IDA","3","3","86"
"158","GO:0007565","female pregnancy","IEA, ISO, IDA","5","5","88.7"
"159","GO:0048732","gland development","IEA, IMP","5","5","88.7"
"160","GO:0030323","respiratory tube development","IEA, IMP","5","5","88.7"
"161","GO:0030324","lung development","IEA, IMP","5","5","88.7"
"162","GO:0030325","adrenal gland development","IEA, IMP","5","5","88.7"
"163","GO:0008211","glucocorticoid metabolic process","IEA, IMP","5","5","88.7"
"164","GO:0035690","cellular response to drug","IEA, IEP, ISO, IDA","3","3","86"
"165","GO:0006704","glucocorticoid biosynthetic process","IEA, IMP","5","5","88.7"
"166","GO:0009058","biosynthetic process","IEA, IMP","5","5","88.7"
"167","GO:0035295","tube development","IEA, IMP","5","5","88.7"
"168","GO:0008610","lipid biosynthetic process","IEA, IMP","5","5","88.7"
"169","GO:1901700","response to oxygen-containing compound","IEA, IEP, ISO, IDA","3","3","86"
"170","GO:0060255","regulation of macromolecule metabolic process","IEA, IMP, ISO, IDA","3","3","86"
"171","GO:0010243","response to organonitrogen compound","IEA, IEP, ISO, IDA","3","3","86"
"172","GO:1901698","response to nitrogen compound","IEA, IEP, ISO, IDA","3","3","86"
"173","GO:0009893","positive regulation of metabolic process","IEA, IMP, ISO, IDA","3","3","86"
"174","GO:0050795","regulation of behavior","IEA, NAS, ISO, IDA","3","3","86"
"175","GO:0019222","regulation of metabolic process","IEA, IMP, ISO, IDA","3","3","86"
"176","GO:0051241","negative regulation of multicellular organismal process","IEA, NAS, ISO, IMP","3","3","86"
"177","GO:0060359","response to ammonium ion","IEA, IEP, ISO, IDA","3","3","86"
"178","GO:0043279","response to alkaloid","IEA, IEP, ISO, IDA","3","3","86"
"179","GO:0042220","response to cocaine","IEA, IEP, ISO, IDA","3","3","86"
"180","GO:0072347","response to anesthetic","IEA, IEP, ISO, IDA","3","3","86"
"181","GO:0010604","positive regulation of macromolecule metabolic process","IEA, IMP, ISO, IDA","3","3","86"
"182","GO:0048520","positive regulation of behavior","IEA, NAS, ISO, IDA","3","3","86"
"183","GO:0032024","positive regulation of insulin secretion","IEA, ISO, IDA","3","3","86"
"184","GO:0019220","regulation of phosphate metabolic process","IEA, ISO, IDA","3","3","86"
"185","GO:0080090","regulation of primary metabolic process","IEA, ISO, IDA","3","3","86"
"186","GO:0043950","positive regulation of cAMP-mediated signaling","IEA, ISO, IDA","3","3","86"
"187","GO:0031349","positive regulation of defense response","IEA, ISO, IDA","3","3","86"
"188","GO:0003013","circulatory system process","IEA, ISO, IDA","3","3","86"
"189","GO:0060548","negative regulation of cell death","IEA, ISO, IDA","3","3","86"
"190","GO:0048265","response to pain","IEA, IEP","3","3","86"
"191","GO:0009755","hormone-mediated signaling pathway","IEA, ISO, IDA","3","3","86"
"192","GO:0010605","negative regulation of macromolecule metabolic process","IEA, IMP, ISO","3","3","86"
"193","GO:0051412","response to corticosterone stimulus","IEA, IEP","3","3","86"
"194","GO:0046677","response to antibiotic","IEA, IEP","3","3","86"
"195","GO:0090279","regulation of calcium ion import","IEA, ISO, IDA","3","3","86"
"196","GO:0021854","hypothalamus development","IEA, IEP","3","3","86"
"197","GO:0016101","diterpenoid metabolic process","IEA, IEP","3","3","86"
"198","GO:0099177","GO:0099177","IEA, ISO, IDA","3","3","86"
"199","GO:2000987","positive regulation of behavioral fear response","IEA, ISO, IDA","3","3","86"
"200","GO:0050801","ion homeostasis","IEA, IEP","3","3","86"
"201","GO:0042325","regulation of phosphorylation","IEA, ISO, IDA","3","3","86"
"202","GO:0007612","learning","IEA, ISO, IDA","3","3","86"
"203","GO:0042327","positive regulation of phosphorylation","IEA, ISO, IDA","3","3","86"
"204","GO:0003085","negative regulation of systemic arterial blood pressure","IEA, ISO, IDA","3","3","86"
"205","GO:0048878","chemical homeostasis","IEA, IEP","3","3","86"
"206","GO:0032276","regulation of gonadotropin secretion","IEA, IMP, ISO","3","3","86"
"207","GO:0043627","response to estrogen stimulus","IEA, IEP","3","3","86"
"208","GO:0090280","positive regulation of calcium ion import","IEA, ISO, IDA","3","3","86"
"209","GO:1902531","GO:1902531","IEA, ISO, IDA","3","3","86"
"210","GO:0021761","limbic system development","IEA, IEP","3","3","86"
"211","GO:0021536","diencephalon development","IEA, IEP","3","3","86"
"212","GO:0009892","negative regulation of metabolic process","IEA, IMP, ISO","3","3","86"
"213","GO:0070201","regulation of establishment of protein localization","IEA, ISO, IDA","3","3","86"
"214","GO:0008284","positive regulation of cell proliferation","IEA, ISO, IDA","3","3","86"
"215","GO:0010629","negative regulation of gene expression","IEA, IMP, ISO","3","3","86"
"216","GO:0010628","positive regulation of gene expression","IEA, IMP, ISO","3","3","86"
"217","GO:0051588","regulation of neurotransmitter transport","IEA, ISO, IDA","3","3","86"
"218","GO:0051222","positive regulation of protein transport","IEA, ISO, IDA","3","3","86"
"219","GO:0051223","regulation of protein transport","IEA, ISO, IDA","3","3","86"
"220","GO:0050714","positive regulation of protein secretion","IEA, ISO, IDA","3","3","86"
"221","GO:0060322","head development","IEA, IEP","3","3","86"
"222","GO:1904951","GO:1904951","IEA, ISO, IDA","3","3","86"
"223","GO:0050708","regulation of protein secretion","IEA, ISO, IDA","3","3","86"
"224","GO:0010700","negative regulation of norepinephrine secretion","IEA, ISO, IDA","3","3","86"
"225","GO:0043949","regulation of cAMP-mediated signaling","IEA, ISO, IDA","3","3","86"
"226","GO:0003073","regulation of systemic arterial blood pressure","IEA, ISO, IDA","3","3","86"
"227","GO:0008015","blood circulation","IEA, ISO, IDA","3","3","86"
"228","GO:0033555","multicellular organismal response to stress","IEA, IEP","3","3","86"
"229","GO:0012501","programmed cell death","IEA, ISO, IDA","3","3","86"
"230","GO:0008306","associative learning","IEA, ISO, IDA","3","3","86"
"231","GO:1902533","GO:1902533","IEA, ISO, IDA","3","3","86"
"232","GO:0031347","regulation of defense response","IEA, ISO, IDA","3","3","86"
"233","GO:0050796","regulation of insulin secretion","IEA, ISO, IDA","3","3","86"
"234","GO:0051174","regulation of phosphorus metabolic process","IEA, ISO, IDA","3","3","86"
"235","GO:0007420","brain development","IEA, IEP","3","3","86"
"236","GO:0045471","response to ethanol","IEA, IEP","3","3","86"
"237","GO:0031401","positive regulation of protein modification process","IEA, ISO, IDA","3","3","86"
"238","GO:0045472","response to ether","IEA, IEP","3","3","86"
"239","GO:0071417","cellular response to organonitrogen compound","IEA, ISO, IDA","3","3","86"
"240","GO:0035902","response to immobilization stress","IEA, IEP","3","3","86"
"241","GO:0009967","positive regulation of signal transduction","IEA, ISO, IDA","3","3","86"
"242","GO:2000852","regulation of corticosterone secretion","IEA, ISO, IDA","3","3","86"
"243","GO:0051384","response to glucocorticoid stimulus","IEA, IEP","3","3","86"
"244","GO:0010562","positive regulation of phosphorus metabolic process","IEA, ISO, IDA","3","3","86"
"245","GO:0035774","positive regulation of insulin secretion involved in cellular response to glucose stimulus","IEA, ISO, IDA","3","3","86"
"246","GO:0044058","regulation of digestive system process","IEA, ISO, IDA","3","3","86"
"247","GO:0032880","regulation of protein localization","IEA, ISO, IDA","3","3","86"
"248","GO:0051173","positive regulation of nitrogen compound metabolic process","IEA, ISO, IDA","3","3","86"
"249","GO:0050806","positive regulation of synaptic transmission","IEA, ISO, IDA","3","3","86"
"250","GO:0071242","cellular response to ammonium ion","IEA, ISO, IDA","3","3","86"
"251","GO:0050804","regulation of synaptic transmission","IEA, ISO, IDA","3","3","86"
"252","GO:0033684","regulation of luteinizing hormone secretion","IEA, IMP, ISO","3","3","86"
"253","GO:0007417","central nervous system development","IEA, IEP","3","3","86"
"254","GO:0051924","regulation of calcium ion transport","IEA, ISO, IDA","3","3","86"
"255","GO:0061178","regulation of insulin secretion involved in cellular response to glucose stimulus","IEA, ISO, IDA","3","3","86"
"256","GO:0051247","positive regulation of protein metabolic process","IEA, ISO, IDA","3","3","86"
"257","GO:0042127","regulation of cell proliferation","IEA, ISO, IDA","3","3","86"
"258","GO:0033685","negative regulation of luteinizing hormone secretion","IEA, IMP, ISO","3","3","86"
"259","GO:0051246","regulation of protein metabolic process","IEA, ISO, IDA","3","3","86"
"260","GO:0008628","hormone-mediated apoptotic signaling pathway","IEA, ISO, IDA","3","3","86"
"261","GO:0032277","negative regulation of gonadotropin secretion","IEA, IMP, ISO","3","3","86"
"262","GO:0032270","positive regulation of cellular protein metabolic process","IEA, ISO, IDA","3","3","86"
"263","GO:0031399","regulation of protein modification process","IEA, ISO, IDA","3","3","86"
"264","GO:0071383","cellular response to steroid hormone stimulus","IEA, IEP","3","3","86"
"265","GO:2000822","regulation of behavioral fear response","IEA, ISO, IDA","3","3","86"
"266","GO:1901699","cellular response to nitrogen compound","IEA, ISO, IDA","3","3","86"
"267","GO:0006721","terpenoid metabolic process","IEA, IEP","3","3","86"
"268","GO:0006720","isoprenoid metabolic process","IEA, IEP","3","3","86"
"269","GO:0071396","cellular response to lipid","IEA, IEP","3","3","86"
"270","GO:0071384","cellular response to corticosteroid stimulus","IEA, IEP","3","3","86"
"271","GO:0043270","positive regulation of ion transport","IEA, ISO, IDA","3","3","86"
"272","GO:0044255","cellular lipid metabolic process","IEA, IEP","3","3","86"
"273","GO:0014061","regulation of norepinephrine secretion","IEA, ISO, IDA","3","3","86"
"274","GO:0014062","regulation of serotonin secretion","IEA, ISO, IDA","3","3","86"
"275","GO:0032268","regulation of cellular protein metabolic process","IEA, ISO, IDA","3","3","86"
"276","GO:0060291","long-term synaptic potentiation","IEA, ISO, IDA","3","3","86"
"277","GO:0048167","regulation of synaptic plasticity","IEA, ISO, IDA","3","3","86"
"278","GO:0060456","positive regulation of digestive system process","IEA, ISO, IDA","3","3","86"
"279","GO:0097327","response to antineoplastic agent","IEA, IEP","3","3","86"
"280","GO:0045776","negative regulation of blood pressure","IEA, ISO, IDA","3","3","86"
"281","GO:0080134","regulation of response to stress","IEA, ISO, IDA","3","3","86"
"282","GO:0048545","response to steroid hormone stimulus","IEA, IEP","3","3","86"
"283","GO:0051385","response to mineralocorticoid stimulus","IEA, IEP","3","3","86"
"284","GO:0060341","regulation of cellular localization","IEA, ISO, IDA","3","3","86"
"285","GO:0031325","positive regulation of cellular metabolic process","IEA, ISO, IDA","3","3","86"
"286","GO:2000854","positive regulation of corticosterone secretion","IEA, ISO, IDA","3","3","86"
"287","GO:0031323","regulation of cellular metabolic process","IEA, ISO, IDA","3","3","86"
"288","GO:0042592","homeostatic process","IEA, IEP","3","3","86"
"289","GO:0008217","regulation of blood pressure","IEA, ISO, IDA","3","3","86"
"290","GO:0010942","positive regulation of cell death","IEA, ISO, IDA","3","3","86"
"291","GO:0008219","cell death","IEA, ISO, IDA","3","3","86"
"292","GO:0010941","regulation of cell death","IEA, ISO, IDA","3","3","86"
"293","GO:0071385","cellular response to glucocorticoid stimulus","IEA, IEP","3","3","86"
"294","GO:0033993","response to lipid","IEA, IEP","3","3","86"
"295","GO:0009636","response to toxic substance","IEA, IEP","3","3","86"
"296","GO:0071312","cellular response to alkaloid","IEA, ISO, IDA","3","3","86"
"297","GO:1901655","cellular response to ketone","IEA, IEP","3","3","86"
"298","GO:0071314","cellular response to cocaine","IEA, ISO, IDA","3","3","86"
"299","GO:0031960","response to corticosteroid stimulus","IEA, IEP","3","3","86"
"300","GO:0097190","apoptotic signaling pathway","IEA, ISO, IDA","3","3","86"
"301","GO:0010468","regulation of gene expression","IEA, IMP, ISO","3","3","86"
"302","GO:1903365","GO:1903365","IEA, ISO, IDA","3","3","86"
"303","GO:1903367","GO:1903367","IEA, ISO, IDA","3","3","86"
"304","GO:0045937","positive regulation of phosphate metabolic process","IEA, ISO, IDA","3","3","86"
"305","GO:0006915","apoptotic process","IEA, ISO, IDA","3","3","86"
"306","GO:0010959","regulation of metal ion transport","IEA, ISO, IDA","3","3","86"
"307","GO:0051171","regulation of nitrogen compound metabolic process","IEA, ISO, IDA","3","3","86"
"308","GO:0071549","cellular response to dexamethasone stimulus","IEA, IEP","3","3","86"
"309","GO:0071548","response to dexamethasone stimulus","IEA, IEP","3","3","86"
"310","GO:0007399","nervous system development","IEA, IEP","3","3","86"
"311","GO:0051928","positive regulation of calcium ion transport","IEA, ISO, IDA","3","3","86"
"312","GO:0044237","cellular metabolic process","IEA, IEP","3","3","86"
"313","GO:1901654","response to ketone","IEA, IEP","3","3","86"
"314","GO:0030900","forebrain development","IEA, IEP","3","3","86"
"315","GO:0097305","response to alcohol","IEA, IEP","3","3","86"
"316","GO:0001932","regulation of protein phosphorylation","IEA, ISO, IDA","3","3","86"
"317","GO:0001934","positive regulation of protein phosphorylation","IEA, ISO, IDA","3","3","86"
"318","GO:0042754","negative regulation of circadian rhythm","NAS","1","1","80"
"319","GO:0042321","negative regulation of circadian sleep/wake cycle, sleep","NAS","1","1","80"
"320","GO:0042320","regulation of circadian sleep/wake cycle, REM sleep","NAS","1","1","80"
"321","GO:0042322","negative regulation of circadian sleep/wake cycle, REM sleep","NAS","1","1","80"
"322","GO:0042749","regulation of circadian sleep/wake cycle","NAS","1","1","80"
"323","GO:0007186","G-protein coupled receptor signaling pathway","TAS","1","1","80"
"324","GO:0010841","positive regulation of circadian sleep/wake cycle, wakefulness","NAS","1","1","80"
"325","GO:0010840","regulation of circadian sleep/wake cycle, wakefulness","NAS","1","1","80"
"326","GO:0007567","parturition","TAS","1","1","80"
"327","GO:0045187","regulation of circadian sleep/wake cycle, sleep","NAS","1","1","80"
"328","GO:0042752","regulation of circadian rhythm","NAS","1","1","80"
"329","GO:0042753","positive regulation of circadian rhythm","NAS","1","1","80"
"330","GO:0048521","negative regulation of behavior","NAS","1","1","80"
"331","GO:0005576","extracellular region","IEA, IBA, IDA, ISO, TAS","7","7","90.6"
"332","GO:0005615","extracellular space","IBA, ISO, IDA","6","6","89.7"
"333","GO:0044421","extracellular region part","IBA, ISO, IDA","6","6","89.7"
"334","GO:0043025","neuronal cell body","IEA, ISO, IDA","3","3","86"
"335","GO:0030424","axon","IEA, ISO, IDA","3","3","86"
"336","GO:0120038","GO:0120038","IEA, ISO, IDA","3","3","86"
"337","GO:0005737","cytoplasm","IEA, ISO, IDA","3","3","86"
"338","GO:0044304","main axon","IEA, ISO, IDA","3","3","86"
"339","GO:0097458","neuron part","IEA, ISO, IDA","3","3","86"
"340","GO:0043005","neuron projection","IEA, ISO, IDA","3","3","86"
"341","GO:0044297","cell body","IEA, ISO, IDA","3","3","86"
"342","GO:0036477","GO:0036477","IEA, ISO, IDA","3","3","86"
"343","GO:0120025","GO:0120025","IEA, ISO, IDA","3","3","86"
"344","GO:0042995","cell projection","IEA, ISO, IDA","3","3","86"
"345","GO:0043204","perikaryon","IEA, ISO, IDA","3","3","86"
"346","GO:0043196","varicosity","IEA, ISO, IDA","3","3","86"
"347","GO:0044463","cell projection part","IEA, ISO, IDA","3","3","86"
"348","GO:0044464","cell part","IEA, ISO, IDA","3","3","86"
"349","GO:0005623","cell","IEA, ISO, IDA","3","3","86"
"350","GO:0005622","intracellular","IEA, ISO, IDA","3","3","86"
"351","GO:0033267","axon part","IEA, ISO, IDA","3","3","86"
"352","GO:0044424","intracellular part","IEA, ISO, IDA","3","3","86"
