"","V1","V2","V3","V4","V5","V6"
"1","ID","GO term","Evidence","SeqCount","Frequency","relative_fontsize"
"2","GO:0016740","transferase activity","NAS, ISS, IMP, ISO, IEA, IGI, IDA","1841","79","98.7"
"3","GO:0003824","catalytic activity","NAS, ISS, IMP, ISO, IEA, IGI, IDA","1843","79.1","98.7"
"4","GO:0016757","transferase activity, transferring glycosyl groups","NAS, ISS, IMP, ISO, IEA, IGI, IDA","1537","65.9","97.7"
"5","GO:0005488","binding","NAS, ISS, IBA, IPI, IMP, ISO, IEA, TAS, IDA","1514","65","97.7"
"6","GO:1901363","heterocyclic compound binding","IEA, ISS, IDA","1496","64.2","97.6"
"7","GO:0097159","organic cyclic compound binding","IEA, ISS, IDA","1496","64.2","97.6"
"8","GO:0000166","nucleotide binding","IEA","1468","63","97.5"
"9","GO:0043167","ion binding","IEA","1470","63.1","97.5"
"10","GO:0032549","ribonucleoside binding","IEA","1468","63","97.5"
"11","GO:1901265","nucleoside phosphate binding","IEA","1468","63","97.5"
"12","GO:0017076","purine nucleotide binding","IEA","1468","63","97.5"
"13","GO:0032555","purine ribonucleotide binding","IEA","1468","63","97.5"
"14","GO:0032550","purine ribonucleoside binding","IEA","1468","63","97.5"
"15","GO:0032553","ribonucleotide binding","IEA","1468","63","97.5"
"16","GO:0035639","purine ribonucleoside triphosphate binding","IEA","1468","63","97.5"
"17","GO:0043168","anion binding","IEA","1468","63","97.5"
"18","GO:0001883","purine nucleoside binding","IEA","1468","63","97.5"
"19","GO:0001882","nucleoside binding","IEA","1468","63","97.5"
"20","GO:0036094","small molecule binding","IEA","1468","63","97.5"
"21","GO:0016763","transferase activity, transferring pentosyl groups","NAS, ISS, IMP, ISO, IEA, IGI, IDA","1386","59.5","97.2"
"22","GO:0004845","uracil phosphoribosyltransferase activity","NAS, ISS, IMP, ISO, IEA, IGI, IDA","1386","59.5","97.2"
"23","GO:0005525","GTP binding","IEA","1203","51.6","96.4"
"24","GO:0032561","guanyl ribonucleotide binding","IEA","1203","51.6","96.4"
"25","GO:0019001","guanyl nucleotide binding","IEA","1203","51.6","96.4"
"26","GO:0046872","metal ion binding","IEA","1128","48.4","96.1"
"27","GO:0043169","cation binding","IEA","1128","48.4","96.1"
"28","GO:0000287","magnesium ion binding","IEA","1125","48.3","96"
"29","GO:0016772","transferase activity, transferring phosphorus-containing groups","IEA, ISS, ISO, IMP, IDA","274","11.8","88.4"
"30","GO:0016301","kinase activity","IEA, ISS, ISO, IMP, IDA","274","11.8","88.4"
"31","GO:0005524","ATP binding","IEA","270","11.6","88.3"
"32","GO:0032559","adenyl ribonucleotide binding","IEA","270","11.6","88.3"
"33","GO:0030554","adenyl nucleotide binding","IEA","270","11.6","88.3"
"34","GO:0016773","phosphotransferase activity, alcohol group as acceptor","IEA","262","11.2","88.1"
"35","GO:0004849","uridine kinase activity","IEA, ISS, ISO, IMP, IDA","259","11.1","88.1"
"36","GO:0019206","nucleoside kinase activity","IEA, ISS, ISO, IMP, IDA","259","11.1","88.1"
"37","GO:0019205","nucleobase-containing compound kinase activity","IEA, ISS, ISO, IMP, IDA","259","11.1","88.1"
"38","GO:0008152","metabolic process","NAS, ISS, IMP, ISO, IEA, IC, IGI, IDA","1852","79.5","98.8"
"39","GO:0009987","cellular process","NAS, ISS, IEP, TAS, IMP, ISO, IBA, IEA, IC, IGI, IDA","1637","70.2","98.1"
"40","GO:0044237","cellular metabolic process","NAS, ISS, IMP, ISO, IEA, IC, IGI, IDA","1571","67.4","97.9"
"41","GO:0071704","organic substance metabolic process","NAS, ISS, IMP, ISO, IEA, IC, IGI, IDA","1559","66.9","97.8"
"42","GO:0044238","primary metabolic process","NAS, ISS, IMP, ISO, IEA, IC, IGI, IDA","1559","66.9","97.8"
"43","GO:0046483","heterocycle metabolic process","NAS, ISS, IMP, ISO, IEA, IC, IGI, IDA","1556","66.8","97.8"
"44","GO:0006807","nitrogen compound metabolic process","NAS, ISS, IMP, ISO, IEA, IC, IGI, IDA","1556","66.8","97.8"
"45","GO:1901360","organic cyclic compound metabolic process","NAS, ISS, IMP, ISO, IEA, IC, IGI, IDA","1556","66.8","97.8"
"46","GO:0006725","cellular aromatic compound metabolic process","NAS, ISS, IMP, ISO, IEA, IC, IGI, IDA","1556","66.8","97.8"
"47","GO:0006139","nucleobase-containing compound metabolic process","NAS, ISS, IMP, ISO, IEA, IC, IGI, IDA","1556","66.8","97.8"
"48","GO:0034641","cellular nitrogen compound metabolic process","NAS, ISS, IMP, ISO, IEA, IC, IGI, IDA","1556","66.8","97.8"
"49","GO:0018130","heterocycle biosynthetic process","ISS, IMP, ISO, IEA, IC, IGI, IDA","1556","66.8","97.8"
"50","GO:1901362","organic cyclic compound biosynthetic process","ISS, IMP, ISO, IEA, IC, IGI, IDA","1556","66.8","97.8"
"51","GO:0044271","cellular nitrogen compound biosynthetic process","ISS, IMP, ISO, IEA, IC, IGI, IDA","1556","66.8","97.8"
"52","GO:0009058","biosynthetic process","ISS, IMP, ISO, IEA, IC, IGI, IDA","1556","66.8","97.8"
"53","GO:1901576","organic substance biosynthetic process","ISS, IMP, ISO, IEA, IC, IGI, IDA","1556","66.8","97.8"
"54","GO:0044249","cellular biosynthetic process","ISS, IMP, ISO, IEA, IC, IGI, IDA","1556","66.8","97.8"
"55","GO:0034654","nucleobase-containing compound biosynthetic process","ISS, IMP, ISO, IEA, IC, IGI, IDA","1556","66.8","97.8"
"56","GO:0019438","aromatic compound biosynthetic process","ISS, IMP, ISO, IEA, IC, IGI, IDA","1556","66.8","97.8"
"57","GO:0044710","single-organism metabolic process","NAS, ISS, IMP, ISO, IEA, IC, IDA","1537","65.9","97.7"
"58","GO:0044281","small molecule metabolic process","NAS, ISS, IMP, ISO, IEA, IC, IDA","1536","65.9","97.7"
"59","GO:1901564","organonitrogen compound metabolic process","NAS, ISS, IMP, ISO, IEA, IC, IDA","1536","65.9","97.7"
"60","GO:0055086","nucleobase-containing small molecule metabolic process","NAS, ISS, IMP, ISO, IEA, IC, IDA","1536","65.9","97.7"
"61","GO:0072527","pyrimidine-containing compound metabolic process","NAS, ISS, IMP, ISO, IEA, IC, IDA","1535","65.9","97.7"
"62","GO:0006222","UMP biosynthetic process","IEA, ISS, ISO, IMP, IDA","1461","62.7","97.5"
"63","GO:0008655","pyrimidine-containing compound salvage","ISS, IMP, ISO, IEA, IC, IGI, IDA","1477","63.4","97.5"
"64","GO:0043094","cellular metabolic compound salvage","ISS, IMP, ISO, IEA, IC, IGI, IDA","1477","63.4","97.5"
"65","GO:0006796","phosphate-containing compound metabolic process","IEA, ISS, ISO, IMP, IDA","1477","63.4","97.5"
"66","GO:0006793","phosphorus metabolic process","IEA, ISS, ISO, IMP, IDA","1477","63.4","97.5"
"67","GO:0006753","nucleoside phosphate metabolic process","IEA, ISS, ISO, IMP, IDA","1463","62.8","97.5"
"68","GO:1901566","organonitrogen compound biosynthetic process","IEA, IMP, ISO, ISS, IDA","1462","62.7","97.5"
"69","GO:0019637","organophosphate metabolic process","IEA, ISS, ISO, IMP, IDA","1463","62.8","97.5"
"70","GO:0009117","nucleotide metabolic process","IEA, ISS, ISO, IMP, IDA","1463","62.8","97.5"
"71","GO:0009165","nucleotide biosynthetic process","IEA, ISS, ISO, IMP, IDA","1462","62.7","97.5"
"72","GO:0009163","nucleoside biosynthetic process","IEA, ISS, ISO, IMP, IDA","1462","62.7","97.5"
"73","GO:0009260","ribonucleotide biosynthetic process","IEA, ISS, ISO, IMP, IDA","1462","62.7","97.5"
"74","GO:1901293","nucleoside phosphate biosynthetic process","IEA, ISS, ISO, IMP, IDA","1462","62.7","97.5"
"75","GO:0019693","ribose phosphate metabolic process","IEA, ISS, ISO, IMP, IDA","1462","62.7","97.5"
"76","GO:0090407","organophosphate biosynthetic process","IEA, ISS, ISO, IMP, IDA","1462","62.7","97.5"
"77","GO:0046390","ribose phosphate biosynthetic process","IEA, ISS, ISO, IMP, IDA","1462","62.7","97.5"
"78","GO:0009116","nucleoside metabolic process","IEA, ISS, ISO, IMP, IDA","1462","62.7","97.5"
"79","GO:0009259","ribonucleotide metabolic process","IEA, ISS, ISO, IMP, IDA","1462","62.7","97.5"
"80","GO:1901137","carbohydrate derivative biosynthetic process","IEA, ISS, ISO, IMP, IDA","1462","62.7","97.5"
"81","GO:1901135","carbohydrate derivative metabolic process","IEA, ISS, ISO, IMP, IDA","1462","62.7","97.5"
"82","GO:0072528","pyrimidine-containing compound biosynthetic process","IEA, IMP, ISO, ISS, IDA","1461","62.7","97.5"
"83","GO:0042455","ribonucleoside biosynthetic process","IEA, ISS, ISO, IMP, IDA","1462","62.7","97.5"
"84","GO:0009119","ribonucleoside metabolic process","IEA, ISS, ISO, IMP, IDA","1462","62.7","97.5"
"85","GO:1901657","glycosyl compound metabolic process","IEA, ISS, ISO, IMP, IDA","1462","62.7","97.5"
"86","GO:1901659","glycosyl compound biosynthetic process","IEA, ISS, ISO, IMP, IDA","1462","62.7","97.5"
"87","GO:0046132","pyrimidine ribonucleoside biosynthetic process","IEA, ISS, ISO, IMP, IDA","1461","62.7","97.5"
"88","GO:0009220","pyrimidine ribonucleotide biosynthetic process","IEA, ISS, ISO, IMP, IDA","1461","62.7","97.5"
"89","GO:0009218","pyrimidine ribonucleotide metabolic process","IEA, ISS, ISO, IMP, IDA","1461","62.7","97.5"
"90","GO:0046134","pyrimidine nucleoside biosynthetic process","IEA, ISS, ISO, IMP, IDA","1461","62.7","97.5"
"91","GO:0046131","pyrimidine ribonucleoside metabolic process","IEA, ISS, ISO, IMP, IDA","1461","62.7","97.5"
"92","GO:0006213","pyrimidine nucleoside metabolic process","IEA, ISS, ISO, IMP, IDA","1461","62.7","97.5"
"93","GO:0006220","pyrimidine nucleotide metabolic process","IEA, ISS, ISO, IMP, IDA","1461","62.7","97.5"
"94","GO:0006221","pyrimidine nucleotide biosynthetic process","IEA, ISS, ISO, IMP, IDA","1461","62.7","97.5"
"95","GO:0009161","ribonucleoside monophosphate metabolic process","IEA, ISS, ISO, IMP, IDA","1461","62.7","97.5"
"96","GO:0009130","pyrimidine nucleoside monophosphate biosynthetic process","IEA, ISS, ISO, IMP, IDA","1461","62.7","97.5"
"97","GO:0009174","pyrimidine ribonucleoside monophosphate biosynthetic process","IEA, ISS, ISO, IMP, IDA","1461","62.7","97.5"
"98","GO:0009173","pyrimidine ribonucleoside monophosphate metabolic process","IEA, ISS, ISO, IMP, IDA","1461","62.7","97.5"
"99","GO:0009129","pyrimidine nucleoside monophosphate metabolic process","IEA, ISS, ISO, IMP, IDA","1461","62.7","97.5"
"100","GO:0046049","UMP metabolic process","IEA, ISS, ISO, IMP, IDA","1461","62.7","97.5"
"101","GO:0009156","ribonucleoside monophosphate biosynthetic process","IEA, ISS, ISO, IMP, IDA","1461","62.7","97.5"
"102","GO:0009123","nucleoside monophosphate metabolic process","IEA, ISS, ISO, IMP, IDA","1461","62.7","97.5"
"103","GO:0009124","nucleoside monophosphate biosynthetic process","IEA, ISS, ISO, IMP, IDA","1461","62.7","97.5"
"104","GO:0010138","pyrimidine ribonucleotide salvage","IEA, IDA","1388","59.5","97.2"
"105","GO:0032262","pyrimidine nucleotide salvage","IEA, IDA","1388","59.5","97.2"
"106","GO:0043173","nucleotide salvage","IEA, IDA","1388","59.5","97.2"
"107","GO:0044206","UMP salvage","IEA, IDA","1388","59.5","97.2"
"108","GO:0006206","pyrimidine nucleobase metabolic process","IEA, IMP, IC, NAS","1267","54.4","96.7"
"109","GO:0009112","nucleobase metabolic process","IEA, IMP, IC, NAS","1267","54.4","96.7"
"110","GO:0019860","uracil metabolic process","IEA, IC","1264","54.2","96.7"
"111","GO:0006223","uracil salvage","IEA, IC","1264","54.2","96.7"
"112","GO:0043100","pyrimidine nucleobase salvage","IEA, IC","1264","54.2","96.7"
"113","GO:0016310","phosphorylation","IEA, ISS, ISO, IMP, IDA","274","11.8","88.4"
"114","GO:0009199","ribonucleoside triphosphate metabolic process","IEA","189","8.11","86.4"
"115","GO:0044211","CTP salvage","IEA","189","8.11","86.4"
"116","GO:0006241","CTP biosynthetic process","IEA","189","8.11","86.4"
"117","GO:0046036","CTP metabolic process","IEA","189","8.11","86.4"
"118","GO:0009148","pyrimidine nucleoside triphosphate biosynthetic process","IEA","189","8.11","86.4"
"119","GO:0009141","nucleoside triphosphate metabolic process","IEA","189","8.11","86.4"
"120","GO:0009142","nucleoside triphosphate biosynthetic process","IEA","189","8.11","86.4"
"121","GO:0009147","pyrimidine nucleoside triphosphate metabolic process","IEA","189","8.11","86.4"
"122","GO:0009201","ribonucleoside triphosphate biosynthetic process","IEA","189","8.11","86.4"
"123","GO:0009209","pyrimidine ribonucleoside triphosphate biosynthetic process","IEA","189","8.11","86.4"
"124","GO:0009208","pyrimidine ribonucleoside triphosphate metabolic process","IEA","189","8.11","86.4"
