"","V1","V2","V3","V4","V5","V6"
"1","ID","GO term","Evidence","SeqCount","Frequency","relative_fontsize"
"2","GO:0005515","protein binding","TAS, ISO, IDA","2","7.69","86.1"
"3","GO:0005488","binding","TAS, ISO, IDA","2","7.69","86.1"
"4","GO:0005102","receptor binding","TAS, ISO, IDA","2","7.69","86.1"
"5","GO:0070325","lipoprotein particle receptor binding","ISO, IDA","2","7.69","86.1"
"6","GO:0050750","low-density lipoprotein particle receptor binding","ISO, IDA","2","7.69","86.1"
"7","GO:0050789","regulation of biological process","TAS, ISS, IMP, IEA, IGI, IDA","21","80.8","98.8"
"8","GO:0065007","biological regulation","TAS, ISS, IMP, IEA, IGI, IDA","21","80.8","98.8"
"9","GO:0048519","negative regulation of biological process","IEA, ISS, IMP, IGI, IDA","21","80.8","98.8"
"10","GO:0050794","regulation of cellular process","IEA, ISS, TAS, IGI, IDA","21","80.8","98.8"
"11","GO:0030178","negative regulation of Wnt receptor signaling pathway","IEA, ISS, IGI, IDA","21","80.8","98.8"
"12","GO:0044699","single-organism process","IEA, IMP, IDA, IGI, TAS","21","80.8","98.8"
"13","GO:0048585","negative regulation of response to stimulus","IEA, ISS, IGI, IDA","21","80.8","98.8"
"14","GO:0030111","regulation of Wnt receptor signaling pathway","IEA, ISS, IGI, IDA","21","80.8","98.8"
"15","GO:0009968","negative regulation of signal transduction","IEA, ISS, IGI, IDA","21","80.8","98.8"
"16","GO:0009966","regulation of signal transduction","IEA, ISS, IGI, IDA","21","80.8","98.8"
"17","GO:0023057","negative regulation of signaling","IEA, ISS, IGI, IDA","21","80.8","98.8"
"18","GO:0010646","regulation of cell communication","IEA, ISS, IGI, IDA","21","80.8","98.8"
"19","GO:0010648","negative regulation of cell communication","IEA, ISS, IGI, IDA","21","80.8","98.8"
"20","GO:0023051","regulation of signaling","IEA, ISS, IGI, IDA","21","80.8","98.8"
"21","GO:0032502","developmental process","IEA, IMP, IGI, IDA","21","80.8","98.8"
"22","GO:0048583","regulation of response to stimulus","IEA, ISS, IGI, IDA","21","80.8","98.8"
"23","GO:0007275","multicellular organismal development","IEA, IMP, IGI, IDA","21","80.8","98.8"
"24","GO:0048523","negative regulation of cellular process","IEA, ISS, IGI, IDA","21","80.8","98.8"
"25","GO:0044707","single-multicellular organism process","IEA, IMP, IGI, IDA","21","80.8","98.8"
"26","GO:0032501","multicellular organismal process","IEA, IMP, IGI, IDA","21","80.8","98.8"
"27","GO:0051239","regulation of multicellular organismal process","IEA, ISS, IMP, IDA","13","50","96.2"
"28","GO:0060828","regulation of canonical Wnt receptor signaling pathway","IEA, ISS, IGI, IDA","12","46.2","95.8"
"29","GO:0090090","negative regulation of canonical Wnt receptor signaling pathway","IEA, ISS, IGI, IDA","12","46.2","95.8"
"30","GO:0050793","regulation of developmental process","IEA, ISS, IDA","11","42.3","95.3"
"31","GO:0003308","negative regulation of Wnt receptor signaling pathway involved in heart development","IEA, ISS, IDA","11","42.3","95.3"
"32","GO:0003307","regulation of Wnt receptor signaling pathway involved in heart development","IEA, ISS, IDA","11","42.3","95.3"
"33","GO:0045595","regulation of cell differentiation","IEA, ISS, IDA","11","42.3","95.3"
"34","GO:0042659","regulation of cell fate specification","IEA, ISS, IDA","11","42.3","95.3"
"35","GO:0048856","anatomical structure development","IEA, IMP, IGI, IDA","11","42.3","95.3"
"36","GO:2000026","regulation of multicellular organismal development","IEA, ISS, IDA","11","42.3","95.3"
"37","GO:0044767","single-organism developmental process","IEA, IMP, IGI, IDA","11","42.3","95.3"
"38","GO:0010453","regulation of cell fate commitment","IEA, ISS, IDA","11","42.3","95.3"
"39","GO:0080090","regulation of primary metabolic process","IEA, IDA","11","42.3","95.3"
"40","GO:0019222","regulation of metabolic process","IEA, IDA","11","42.3","95.3"
"41","GO:0010605","negative regulation of macromolecule metabolic process","IEA, IDA","11","42.3","95.3"
"42","GO:0048513","organ development","IEA, IMP, IGI, IDA","11","42.3","95.3"
"43","GO:0016202","regulation of striated muscle tissue development","IEA, IDA","11","42.3","95.3"
"44","GO:0060255","regulation of macromolecule metabolic process","IEA, IDA","11","42.3","95.3"
"45","GO:0009892","negative regulation of metabolic process","IEA, IDA","11","42.3","95.3"
"46","GO:0090092","regulation of transmembrane receptor protein serine/threonine kinase signaling pathway","IEA, IDA","11","42.3","95.3"
"47","GO:0090101","negative regulation of transmembrane receptor protein serine/threonine kinase signaling pathway","IEA, IDA","11","42.3","95.3"
"48","GO:1901861","regulation of muscle tissue development","IEA, IDA","11","42.3","95.3"
"49","GO:0048634","regulation of muscle organ development","IEA, IDA","11","42.3","95.3"
"50","GO:0009790","embryo development","IEA, IMP, IGI, IDA","11","42.3","95.3"
"51","GO:0009653","anatomical structure morphogenesis","IEA, IMP, IGI, IDA","11","42.3","95.3"
"52","GO:0051093","negative regulation of developmental process","IEA, IDA","11","42.3","95.3"
"53","GO:0048731","system development","IEA, IMP, IGI, IDA","11","42.3","95.3"
"54","GO:0031324","negative regulation of cellular metabolic process","IEA, IDA","11","42.3","95.3"
"55","GO:0031323","regulation of cellular metabolic process","IEA, IDA","11","42.3","95.3"
"56","GO:0009987","cellular process","IEA, IMP, IGI, TAS","11","42.3","95.3"
"57","GO:0044763","single-organism cellular process","IEA, IMP, IGI, TAS","11","42.3","95.3"
"58","GO:0009888","tissue development","IEA, IMP, IGI, IDA","11","42.3","95.3"
"59","GO:0032879","regulation of localization","IEA, IGI, IDA","12","46.2","95.8"
"60","GO:0050896","response to stimulus","IEA, IDA, IGI, TAS","10","38.5","94.8"
"61","GO:0048598","embryonic morphogenesis","IEA, IMP, IGI, IDA","11","42.3","95.3"
"62","GO:0019220","regulation of phosphate metabolic process","IEA, IDA","11","42.3","95.3"
"63","GO:0051049","regulation of transport","IEA, IDA","11","42.3","95.3"
"64","GO:2000113","negative regulation of cellular macromolecule biosynthetic process","IEA, IDA","10","38.5","94.8"
"65","GO:0007165","signal transduction","IEA, IGI, TAS","10","38.5","94.8"
"66","GO:0090082","positive regulation of heart induction by negative regulation of canonical Wnt receptor signaling pathway","IEA, ISS, IDA","10","38.5","94.8"
"67","GO:0051716","cellular response to stimulus","IEA, IGI, TAS","10","38.5","94.8"
"68","GO:0090081","regulation of heart induction by regulation of canonical Wnt receptor signaling pathway","IEA, ISS, IDA","10","38.5","94.8"
"69","GO:0048869","cellular developmental process","IEA, IMP","11","42.3","95.3"
"70","GO:0007369","gastrulation","IEA, IMP, IDA","11","42.3","95.3"
"71","GO:0048518","positive regulation of biological process","IEA, ISS, IDA","10","38.5","94.8"
"72","GO:2000725","regulation of cardiac muscle cell differentiation","IEA, IDA","11","42.3","95.3"
"73","GO:2000726","negative regulation of cardiac muscle cell differentiation","IEA, IDA","11","42.3","95.3"
"74","GO:0045995","regulation of embryonic development","IEA, IDA","11","42.3","95.3"
"75","GO:2001141","regulation of RNA biosynthetic process","IEA, IDA","10","38.5","94.8"
"76","GO:0042325","regulation of phosphorylation","IEA, IDA","11","42.3","95.3"
"77","GO:0044700","single organism signaling","IEA, IGI, TAS","10","38.5","94.8"
"78","GO:0042326","negative regulation of phosphorylation","IEA, IDA","11","42.3","95.3"
"79","GO:0060394","negative regulation of pathway-restricted SMAD protein phosphorylation","IEA, IDA","11","42.3","95.3"
"80","GO:0060393","regulation of pathway-restricted SMAD protein phosphorylation","IEA, IDA","11","42.3","95.3"
"81","GO:0033135","regulation of peptidyl-serine phosphorylation","IEA, IDA","11","42.3","95.3"
"82","GO:0009890","negative regulation of biosynthetic process","IEA, IDA","10","38.5","94.8"
"83","GO:0022603","regulation of anatomical structure morphogenesis","IEA, IDA","11","42.3","95.3"
"84","GO:0010629","negative regulation of gene expression","IEA, IDA","10","38.5","94.8"
"85","GO:0033137","negative regulation of peptidyl-serine phosphorylation","IEA, IDA","11","42.3","95.3"
"86","GO:1900116","extracellular negative regulation of signal transduction","IEA, IDA","11","42.3","95.3"
"87","GO:0048646","anatomical structure formation involved in morphogenesis","IEA, IGI, IDA","10","38.5","94.8"
"88","GO:1900115","extracellular regulation of signal transduction","IEA, IDA","11","42.3","95.3"
"89","GO:1901295","regulation of canonical Wnt receptor signaling pathway involved in cardiac muscle cell fate commitment","IEA, IDA","11","42.3","95.3"
"90","GO:0055024","regulation of cardiac muscle tissue development","IEA, IDA","11","42.3","95.3"
"91","GO:0009889","regulation of biosynthetic process","IEA, IDA","10","38.5","94.8"
"92","GO:0043254","regulation of protein complex assembly","IEA, IDA","11","42.3","95.3"
"93","GO:0051174","regulation of phosphorus metabolic process","IEA, IDA","11","42.3","95.3"
"94","GO:2000380","regulation of mesoderm development","IEA, IDA","11","42.3","95.3"
"95","GO:0031400","negative regulation of protein modification process","IEA, IDA","11","42.3","95.3"
"96","GO:1901296","negative regulation of canonical Wnt receptor signaling pathway involved in cardiac muscle cell fate commitment","IEA, IDA","11","42.3","95.3"
"97","GO:0006355","regulation of transcription, DNA-dependent","IEA, IDA","10","38.5","94.8"
"98","GO:0010556","regulation of macromolecule biosynthetic process","IEA, IDA","10","38.5","94.8"
"99","GO:0010558","negative regulation of macromolecule biosynthetic process","IEA, IDA","10","38.5","94.8"
"100","GO:0010563","negative regulation of phosphorus metabolic process","IEA, IDA","11","42.3","95.3"
"101","GO:0030154","cell differentiation","IEA, IMP","11","42.3","95.3"
"102","GO:0051129","negative regulation of cellular component organization","IEA, IDA","11","42.3","95.3"
"103","GO:0051128","regulation of cellular component organization","IEA, IDA","11","42.3","95.3"
"104","GO:0023056","positive regulation of signaling","IEA, ISS, IDA","10","38.5","94.8"
"105","GO:0023052","signaling","IEA, IGI, TAS","10","38.5","94.8"
"106","GO:0010647","positive regulation of cell communication","IEA, ISS, IDA","10","38.5","94.8"
"107","GO:0048259","regulation of receptor-mediated endocytosis","IEA, IDA","11","42.3","95.3"
"108","GO:0007417","central nervous system development","IEA, IMP, IGI","11","42.3","95.3"
"109","GO:0051248","negative regulation of protein metabolic process","IEA, IDA","11","42.3","95.3"
"110","GO:1901321","positive regulation of heart induction","IEA, ISS, IDA","10","38.5","94.8"
"111","GO:0000122","negative regulation of transcription from RNA polymerase II promoter","IEA, IDA","10","38.5","94.8"
"112","GO:0051246","regulation of protein metabolic process","IEA, IDA","11","42.3","95.3"
"113","GO:0031399","regulation of protein modification process","IEA, IDA","11","42.3","95.3"
"114","GO:0031333","negative regulation of protein complex assembly","IEA, IDA","11","42.3","95.3"
"115","GO:0060627","regulation of vesicle-mediated transport","IEA, IDA","11","42.3","95.3"
"116","GO:0045596","negative regulation of cell differentiation","IEA, IDA","11","42.3","95.3"
"117","GO:0051154","negative regulation of striated muscle cell differentiation","IEA, IDA","11","42.3","95.3"
"118","GO:0007420","brain development","IEA, IMP, IGI","11","42.3","95.3"
"119","GO:0032269","negative regulation of cellular protein metabolic process","IEA, IDA","11","42.3","95.3"
"120","GO:0032268","regulation of cellular protein metabolic process","IEA, IDA","11","42.3","95.3"
"121","GO:0051253","negative regulation of RNA metabolic process","IEA, IDA","10","38.5","94.8"
"122","GO:0051252","regulation of RNA metabolic process","IEA, IDA","10","38.5","94.8"
"123","GO:0042662","negative regulation of mesodermal cell fate specification","IEA, IDA","11","42.3","95.3"
"124","GO:0042663","regulation of endodermal cell fate specification","IEA, IDA","11","42.3","95.3"
"125","GO:0010470","regulation of gastrulation","IEA, IDA","11","42.3","95.3"
"126","GO:0009996","negative regulation of cell fate specification","IEA, IDA","11","42.3","95.3"
"127","GO:0031327","negative regulation of cellular biosynthetic process","IEA, IDA","10","38.5","94.8"
"128","GO:0031326","regulation of cellular biosynthetic process","IEA, IDA","10","38.5","94.8"
"129","GO:0042661","regulation of mesodermal cell fate specification","IEA, IDA","11","42.3","95.3"
"130","GO:0051147","regulation of muscle cell differentiation","IEA, IDA","11","42.3","95.3"
"131","GO:0051148","negative regulation of muscle cell differentiation","IEA, IDA","11","42.3","95.3"
"132","GO:2000112","regulation of cellular macromolecule biosynthetic process","IEA, IDA","10","38.5","94.8"
"133","GO:0090381","regulation of heart induction","IEA, ISS, IDA","10","38.5","94.8"
"134","GO:0006357","regulation of transcription from RNA polymerase II promoter","IEA, IDA","10","38.5","94.8"
"135","GO:0010468","regulation of gene expression","IEA, IDA","10","38.5","94.8"
"136","GO:0045934","negative regulation of nucleobase-containing compound metabolic process","IEA, IDA","10","38.5","94.8"
"137","GO:0045936","negative regulation of phosphate metabolic process","IEA, IDA","11","42.3","95.3"
"138","GO:0019219","regulation of nucleobase-containing compound metabolic process","IEA, IDA","10","38.5","94.8"
"139","GO:0051171","regulation of nitrogen compound metabolic process","IEA, IDA","10","38.5","94.8"
"140","GO:0051172","negative regulation of nitrogen compound metabolic process","IEA, IDA","10","38.5","94.8"
"141","GO:0002090","regulation of receptor internalization","IEA, IDA","11","42.3","95.3"
"142","GO:0007154","cell communication","IEA, IGI, TAS","10","38.5","94.8"
"143","GO:0030100","regulation of endocytosis","IEA, IDA","11","42.3","95.3"
"144","GO:0007399","nervous system development","IEA, IMP, IGI","11","42.3","95.3"
"145","GO:0051153","regulation of striated muscle cell differentiation","IEA, IDA","11","42.3","95.3"
"146","GO:0010454","negative regulation of cell fate commitment","IEA, IDA","11","42.3","95.3"
"147","GO:0044087","regulation of cellular component biogenesis","IEA, IDA","11","42.3","95.3"
"148","GO:0030900","forebrain development","IEA, IMP, IGI","11","42.3","95.3"
"149","GO:2000027","regulation of organ morphogenesis","IEA, IDA","11","42.3","95.3"
"150","GO:0045892","negative regulation of transcription, DNA-dependent","IEA, IDA","10","38.5","94.8"
"151","GO:0001933","negative regulation of protein phosphorylation","IEA, IDA","11","42.3","95.3"
"152","GO:0001932","regulation of protein phosphorylation","IEA, IDA","11","42.3","95.3"
"153","GO:0048522","positive regulation of cellular process","IEA, ISS, IDA","10","38.5","94.8"
"154","GO:0035108","limb morphogenesis","IEA, IGI","10","38.5","94.8"
"155","GO:0035107","appendage morphogenesis","IEA, IGI","10","38.5","94.8"
"156","GO:0060322","head development","IEA, IMP","10","38.5","94.8"
"157","GO:0060325","face morphogenesis","IEA, IMP","10","38.5","94.8"
"158","GO:0007166","cell surface receptor signaling pathway","IEA, IGI","10","38.5","94.8"
"159","GO:0071840","cellular component organization or biogenesis","IEA, IMP","10","38.5","94.8"
"160","GO:0001756","somitogenesis","IEA, IGI","10","38.5","94.8"
"161","GO:0061053","somite development","IEA, IGI","10","38.5","94.8"
"162","GO:0048468","cell development","IEA, IMP","10","38.5","94.8"
"163","GO:0042221","response to chemical stimulus","IEA, IDA","10","38.5","94.8"
"164","GO:0003002","regionalization","IEA, IGI","10","38.5","94.8"
"165","GO:0030514","negative regulation of BMP signaling pathway","IEA, IDA","10","38.5","94.8"
"166","GO:0010033","response to organic substance","IEA, IDA","10","38.5","94.8"
"167","GO:0030510","regulation of BMP signaling pathway","IEA, IDA","10","38.5","94.8"
"168","GO:0016055","Wnt receptor signaling pathway","IEA, IGI","10","38.5","94.8"
"169","GO:0060323","head morphogenesis","IEA, IMP","10","38.5","94.8"
"170","GO:0060324","face development","IEA, IMP","10","38.5","94.8"
"171","GO:0045843","negative regulation of striated muscle tissue development","IEA, IDA","10","38.5","94.8"
"172","GO:0060173","limb development","IEA, IGI","10","38.5","94.8"
"173","GO:0000904","cell morphogenesis involved in differentiation","IEA, IMP","10","38.5","94.8"
"174","GO:0000902","cell morphogenesis","IEA, IMP","10","38.5","94.8"
"175","GO:0016043","cellular component organization","IEA, IMP","10","38.5","94.8"
"176","GO:0048641","regulation of skeletal muscle tissue development","IEA, IDA","10","38.5","94.8"
"177","GO:0048642","negative regulation of skeletal muscle tissue development","IEA, IDA","10","38.5","94.8"
"178","GO:1901862","negative regulation of muscle tissue development","IEA, IDA","10","38.5","94.8"
"179","GO:0042633","hair cycle","IEA, IDA","10","38.5","94.8"
"180","GO:0001706","endoderm formation","IEA, IDA","10","38.5","94.8"
"181","GO:0042303","molting cycle","IEA, IDA","10","38.5","94.8"
"182","GO:0009952","anterior/posterior pattern specification","IEA, IGI","10","38.5","94.8"
"183","GO:0007492","endoderm development","IEA, IDA","10","38.5","94.8"
"184","GO:0007498","mesoderm development","IEA, IDA","10","38.5","94.8"
"185","GO:0048635","negative regulation of muscle organ development","IEA, IDA","10","38.5","94.8"
"186","GO:0009792","embryo development ending in birth or egg hatching","IEA, IGI","10","38.5","94.8"
"187","GO:0035113","embryonic appendage morphogenesis","IEA, IGI","10","38.5","94.8"
"188","GO:0008544","epidermis development","IEA, IDA","10","38.5","94.8"
"189","GO:0001707","mesoderm formation","IEA, IDA","10","38.5","94.8"
"190","GO:0001704","formation of primary germ layer","IEA, IDA","10","38.5","94.8"
"191","GO:0001942","hair follicle development","IEA, IDA","10","38.5","94.8"
"192","GO:0043009","chordate embryonic development","IEA, IGI","10","38.5","94.8"
"193","GO:0048332","mesoderm morphogenesis","IEA, IDA","10","38.5","94.8"
"194","GO:0010171","body morphogenesis","IEA, IMP","10","38.5","94.8"
"195","GO:0090244","Wnt receptor signaling pathway involved in somitogenesis","IEA, IGI","10","38.5","94.8"
"196","GO:0048736","appendage development","IEA, IGI","10","38.5","94.8"
"197","GO:0030326","embryonic limb morphogenesis","IEA, IGI","10","38.5","94.8"
"198","GO:0022404","molting cycle process","IEA, IDA","10","38.5","94.8"
"199","GO:0022405","hair cycle process","IEA, IDA","10","38.5","94.8"
"200","GO:0035282","segmentation","IEA, IGI","10","38.5","94.8"
"201","GO:0007389","pattern specification process","IEA, IGI","10","38.5","94.8"
"202","GO:0033993","response to lipid","IEA, IDA","10","38.5","94.8"
"203","GO:0032989","cellular component morphogenesis","IEA, IMP","10","38.5","94.8"
"204","GO:0048729","tissue morphogenesis","IEA, IDA","10","38.5","94.8"
"205","GO:0043588","skin development","IEA, IDA","10","38.5","94.8"
"206","GO:0032526","response to retinoic acid","IEA, IDA","10","38.5","94.8"
"207","GO:1901700","response to oxygen-containing compound","IEA, IDA","10","38.5","94.8"
"208","GO:0030278","regulation of ossification","IMP","2","7.69","86.1"
"209","GO:0030279","negative regulation of ossification","IMP","2","7.69","86.1"
"210","GO:0051241","negative regulation of multicellular organismal process","IMP","2","7.69","86.1"
"211","GO:0005576","extracellular region","IEA, ISS, CURATED, IDA","21","80.8","98.8"
"212","GO:0005615","extracellular space","IEA, IDA","13","50","96.2"
"213","GO:0044421","extracellular region part","IEA, IDA","13","50","96.2"
"214","GO:0044464","cell part","IEA, ISO, IDA","12","46.2","95.8"
"215","GO:0005623","cell","IEA, ISO, IDA","12","46.2","95.8"
"216","GO:0071944","cell periphery","IEA, ISO, IDA","11","42.3","95.3"
"217","GO:0016020","membrane","IEA, ISO, IDA","11","42.3","95.3"
"218","GO:0005886","plasma membrane","IEA, ISO, IDA","11","42.3","95.3"
