"","V1","V2","V3","V4","V5","V6"
"1","ID","GO term","Evidence","SeqCount","Frequency","relative_fontsize"
"2","GO:0005488","binding","IEA, IMP, IPI, ISO, IDA","15","1.92","83.5"
"3","GO:0003676","nucleic acid binding","IEA, IMP, IPI, IDA","15","1.92","83.5"
"4","GO:0003677","DNA binding","IEA, IMP, IPI, IDA","15","1.92","83.5"
"5","GO:1901363","heterocyclic compound binding","IEA, IMP, IPI, IDA","15","1.92","83.5"
"6","GO:0097159","organic cyclic compound binding","IEA, IMP, IPI, IDA","15","1.92","83.5"
"7","GO:0005515","protein binding","IEA, IPI, ISO, IDA","14","1.79","83.2"
"8","GO:0140110","GO:0140110","IEA, ISA, IDA","13","1.66","82.8"
"9","GO:0003700","sequence-specific DNA binding transcription factor activity","IEA, ISA, IDA","13","1.66","82.8"
"10","GO:0043169","cation binding","IEA","13","1.66","82.8"
"11","GO:0043167","ion binding","IEA","13","1.66","82.8"
"12","GO:0046872","metal ion binding","IEA","13","1.66","82.8"
"13","GO:0046983","protein dimerization activity","IEA","13","1.66","82.8"
"14","GO:0000981","sequence-specific DNA binding RNA polymerase II transcription factor activity","IEA, ISA, IDA","8","1.02","80.1"
"15","GO:0001012","RNA polymerase II regulatory region DNA binding","IEA, IMP, IDA","7","0.896","79.4"
"16","GO:1990837","GO:1990837","IEA, IMP, IDA","7","0.896","79.4"
"17","GO:0003690","double-stranded DNA binding","IEA, IMP, IDA","7","0.896","79.4"
"18","GO:0043565","sequence-specific DNA binding","IEA, IMP, IDA","7","0.896","79.4"
"19","GO:0001067","regulatory region nucleic acid binding","IEA, IMP, IDA","7","0.896","79.4"
"20","GO:0044212","transcription regulatory region DNA binding","IEA, IMP, IDA","7","0.896","79.4"
"21","GO:0000976","transcription regulatory region sequence-specific DNA binding","IEA, IMP, IDA","7","0.896","79.4"
"22","GO:0000977","RNA polymerase II regulatory region sequence-specific DNA binding","IEA, IMP, IDA","7","0.896","79.4"
"23","GO:0001228","RNA polymerase II transcription regulatory region sequence-specific DNA binding transcription factor activity involved in positive regulation of transcription","IEA, IDA","6","0.768","78.6"
"24","GO:0001077","RNA polymerase II core promoter proximal region sequence-specific DNA binding transcription factor activity involved in positive regulation of transcription","IEA, IDA","5","0.64","77.6"
"25","GO:0000987","core promoter proximal region sequence-specific DNA binding","IEA, IDA","5","0.64","77.6"
"26","GO:0000982","RNA polymerase II core promoter proximal region sequence-specific DNA binding transcription factor activity","IEA, IDA","5","0.64","77.6"
"27","GO:0000978","RNA polymerase II core promoter proximal region sequence-specific DNA binding","IEA, IDA","5","0.64","77.6"
"28","GO:0070742","C2H2 zinc finger domain binding","IEA, IPI, ISO","3","0.384","74.8"
"29","GO:0019904","protein domain specific binding","IEA, IPI, ISO","3","0.384","74.8"
"30","GO:0003682","chromatin binding","IEA, IDA","2","0.256","72.6"
"31","GO:0019899","enzyme binding","IPI","1","0.128","68.8"
"32","GO:0042802","identical protein binding","IDA","1","0.128","68.8"
"33","GO:0008134","transcription factor binding","IPI","1","0.128","68.8"
"34","GO:0035035","histone acetyltransferase binding","IPI","1","0.128","68.8"
"35","GO:0006355","regulation of transcription, DNA-dependent","TAS, IMP, IEA, ISA, IGI, IDA","17","2.18","84.2"
"36","GO:0019222","regulation of metabolic process","TAS, IMP, IEA, ISA, IGI, IDA","17","2.18","84.2"
"37","GO:0060255","regulation of macromolecule metabolic process","TAS, IMP, IEA, ISA, IGI, IDA","17","2.18","84.2"
"38","GO:0050789","regulation of biological process","TAS, IMP, IEA, ISA, IGI, IDA","17","2.18","84.2"
"39","GO:0065007","biological regulation","TAS, IMP, IEA, ISA, IGI, IDA","17","2.18","84.2"
"40","GO:0010468","regulation of gene expression","TAS, IMP, IEA, ISA, IGI, IDA","17","2.18","84.2"
"41","GO:0080090","regulation of primary metabolic process","TAS, IMP, IEA, ISA, IGI, IDA","17","2.18","84.2"
"42","GO:2001141","regulation of RNA biosynthetic process","TAS, IMP, IEA, ISA, IGI, IDA","17","2.18","84.2"
"43","GO:0009889","regulation of biosynthetic process","TAS, IMP, IEA, ISA, IGI, IDA","17","2.18","84.2"
"44","GO:0050794","regulation of cellular process","TAS, IMP, IEA, ISA, IGI, IDA","17","2.18","84.2"
"45","GO:1903506","GO:1903506","TAS, IMP, IEA, ISA, IGI, IDA","17","2.18","84.2"
"46","GO:0051252","regulation of RNA metabolic process","TAS, IMP, IEA, ISA, IGI, IDA","17","2.18","84.2"
"47","GO:0031326","regulation of cellular biosynthetic process","TAS, IMP, IEA, ISA, IGI, IDA","17","2.18","84.2"
"48","GO:0031323","regulation of cellular metabolic process","TAS, IMP, IEA, ISA, IGI, IDA","17","2.18","84.2"
"49","GO:2000112","regulation of cellular macromolecule biosynthetic process","TAS, IMP, IEA, ISA, IGI, IDA","17","2.18","84.2"
"50","GO:0010556","regulation of macromolecule biosynthetic process","TAS, IMP, IEA, ISA, IGI, IDA","17","2.18","84.2"
"51","GO:0019219","regulation of nucleobase-containing compound metabolic process","TAS, IMP, IEA, ISA, IGI, IDA","17","2.18","84.2"
"52","GO:0051171","regulation of nitrogen compound metabolic process","TAS, IMP, IEA, ISA, IGI, IDA","17","2.18","84.2"
"53","GO:0009987","cellular process","IEA, IMP, IGI, IDA","17","2.18","84.2"
"54","GO:0032502","developmental process","IEA, IMP, TAS, IGI, IDA","14","1.79","83.2"
"55","GO:0032501","multicellular organismal process","IEA, IMP, TAS, IGI, IDA","14","1.79","83.2"
"56","GO:0007275","multicellular organismal development","IEA, IMP, TAS, IGI, IDA","14","1.79","83.2"
"57","GO:0048856","anatomical structure development","IEA, IMP, TAS, IGI, IDA","14","1.79","83.2"
"58","GO:0045944","positive regulation of transcription from RNA polymerase II promoter","IEA, IMP, IGI, IDA","11","1.41","81.9"
"59","GO:0010604","positive regulation of macromolecule metabolic process","IEA, IMP, IGI, IDA","11","1.41","81.9"
"60","GO:0048518","positive regulation of biological process","IEA, IMP, IGI, IDA","11","1.41","81.9"
"61","GO:0009893","positive regulation of metabolic process","IEA, IMP, IGI, IDA","11","1.41","81.9"
"62","GO:0009891","positive regulation of biosynthetic process","IEA, IMP, IGI, IDA","11","1.41","81.9"
"63","GO:0010557","positive regulation of macromolecule biosynthetic process","IEA, IMP, IGI, IDA","11","1.41","81.9"
"64","GO:0006357","regulation of transcription from RNA polymerase II promoter","IEA, IMP, ISA, IGI, IDA","13","1.66","82.8"
"65","GO:0045893","positive regulation of transcription, DNA-dependent","IEA, IMP, IGI, IDA","11","1.41","81.9"
"66","GO:0051254","positive regulation of RNA metabolic process","IEA, IMP, IGI, IDA","11","1.41","81.9"
"67","GO:1902680","GO:1902680","IEA, IMP, IGI, IDA","11","1.41","81.9"
"68","GO:0010628","positive regulation of gene expression","IEA, IMP, IGI, IDA","11","1.41","81.9"
"69","GO:0031328","positive regulation of cellular biosynthetic process","IEA, IMP, IGI, IDA","11","1.41","81.9"
"70","GO:0031325","positive regulation of cellular metabolic process","IEA, IMP, IGI, IDA","11","1.41","81.9"
"71","GO:1903508","GO:1903508","IEA, IMP, IGI, IDA","11","1.41","81.9"
"72","GO:0045935","positive regulation of nucleobase-containing compound metabolic process","IEA, IMP, IGI, IDA","11","1.41","81.9"
"73","GO:0051173","positive regulation of nitrogen compound metabolic process","IEA, IMP, IGI, IDA","11","1.41","81.9"
"74","GO:0048522","positive regulation of cellular process","IEA, IMP, IGI, IDA","11","1.41","81.9"
"75","GO:1901362","organic cyclic compound biosynthetic process","IEA, IDA","13","1.66","82.8"
"76","GO:1901360","organic cyclic compound metabolic process","IEA, IDA","13","1.66","82.8"
"77","GO:0046483","heterocycle metabolic process","IEA, IDA","13","1.66","82.8"
"78","GO:0019438","aromatic compound biosynthetic process","IEA, IDA","13","1.66","82.8"
"79","GO:0006807","nitrogen compound metabolic process","IEA, IDA","13","1.66","82.8"
"80","GO:0097659","GO:0097659","IEA, IDA","13","1.66","82.8"
"81","GO:1901576","organic substance biosynthetic process","IEA, IDA","13","1.66","82.8"
"82","GO:0044260","cellular macromolecule metabolic process","IEA, IDA","13","1.66","82.8"
"83","GO:0018130","heterocycle biosynthetic process","IEA, IDA","13","1.66","82.8"
"84","GO:0008152","metabolic process","IEA, IDA","13","1.66","82.8"
"85","GO:0034654","nucleobase-containing compound biosynthetic process","IEA, IDA","13","1.66","82.8"
"86","GO:0016070","RNA metabolic process","IEA, IDA","13","1.66","82.8"
"87","GO:0044271","cellular nitrogen compound biosynthetic process","IEA, IDA","13","1.66","82.8"
"88","GO:0006351","transcription, DNA-dependent","IEA, IDA","13","1.66","82.8"
"89","GO:0032774","RNA biosynthetic process","IEA, IDA","13","1.66","82.8"
"90","GO:0044249","cellular biosynthetic process","IEA, IDA","13","1.66","82.8"
"91","GO:0034641","cellular nitrogen compound metabolic process","IEA, IDA","13","1.66","82.8"
"92","GO:0034645","cellular macromolecule biosynthetic process","IEA, IDA","13","1.66","82.8"
"93","GO:0006139","nucleobase-containing compound metabolic process","IEA, IDA","13","1.66","82.8"
"94","GO:0044238","primary metabolic process","IEA, IDA","13","1.66","82.8"
"95","GO:0006725","cellular aromatic compound metabolic process","IEA, IDA","13","1.66","82.8"
"96","GO:0043170","macromolecule metabolic process","IEA, IDA","13","1.66","82.8"
"97","GO:0090304","nucleic acid metabolic process","IEA, IDA","13","1.66","82.8"
"98","GO:0071704","organic substance metabolic process","IEA, IDA","13","1.66","82.8"
"99","GO:0010467","gene expression","IEA, IDA","13","1.66","82.8"
"100","GO:0009058","biosynthetic process","IEA, IDA","13","1.66","82.8"
"101","GO:0009059","macromolecule biosynthetic process","IEA, IDA","13","1.66","82.8"
"102","GO:0044237","cellular metabolic process","IEA, IDA","13","1.66","82.8"
"103","GO:0048731","system development","IEA, IMP, IGI, TAS","5","0.64","77.6"
"104","GO:0048869","cellular developmental process","IEA, IMP, IGI, IDA","5","0.64","77.6"
"105","GO:0030154","cell differentiation","IEA, IMP, IGI, IDA","5","0.64","77.6"
"106","GO:0006366","transcription from RNA polymerase II promoter","IEA, IDA","6","0.768","78.6"
"107","GO:0048513","organ development","IEA, IMP, TAS","3","0.384","74.8"
"108","GO:0016043","cellular component organization","IMP, IGI","3","0.384","74.8"
"109","GO:0071840","cellular component organization or biogenesis","IMP, IGI","3","0.384","74.8"
"110","GO:0006950","response to stress","IMP, IGI","4","0.512","76.4"
"111","GO:0050896","response to stimulus","IMP, IGI","4","0.512","76.4"
"112","GO:0007350","blastoderm segmentation","IMP, TAS, IDA","1","0.128","68.8"
"113","GO:0009888","tissue development","IEA, IMP, TAS","3","0.384","74.8"
"114","GO:0007399","nervous system development","IEA, IMP, IGI","3","0.384","74.8"
"115","GO:0036083","positive regulation of unsaturated fatty acid biosynthetic process by positive regulation of transcription from RNA polymerase II promoter","IMP, IGI","3","0.384","74.8"
"116","GO:0051716","cellular response to stimulus","IMP, IGI","3","0.384","74.8"
"117","GO:0010605","negative regulation of macromolecule metabolic process","IMP, IGI","2","0.256","72.6"
"118","GO:0045834","positive regulation of lipid metabolic process","IMP, IGI","3","0.384","74.8"
"119","GO:0048519","negative regulation of biological process","IMP, IGI","2","0.256","72.6"
"120","GO:0003002","regionalization","IMP, TAS, IDA","1","0.128","68.8"
"121","GO:0033554","cellular response to stress","IMP, IGI","3","0.384","74.8"
"122","GO:0045723","positive regulation of fatty acid biosynthetic process","IMP, IGI","3","0.384","74.8"
"123","GO:0009892","negative regulation of metabolic process","IMP, IGI","2","0.256","72.6"
"124","GO:0009880","embryonic pattern specification","IMP, TAS, IDA","1","0.128","68.8"
"125","GO:0007389","pattern specification process","IMP, TAS, IDA","1","0.128","68.8"
"126","GO:0042304","regulation of fatty acid biosynthetic process","IMP, IGI","3","0.384","74.8"
"127","GO:0009791","post-embryonic development","IMP, IGI, TAS","2","0.256","72.6"
"128","GO:2001280","positive regulation of unsaturated fatty acid biosynthetic process","IMP, IGI","3","0.384","74.8"
"129","GO:0010565","regulation of cellular ketone metabolic process","IMP, IGI","3","0.384","74.8"
"130","GO:0045165","cell fate commitment","IEA, IMP, IDA","3","0.384","74.8"
"131","GO:0046889","positive regulation of lipid biosynthetic process","IMP, IGI","3","0.384","74.8"
"132","GO:0072366","regulation of cellular ketone metabolic process by positive regulation of transcription from RNA polymerase II promoter","IMP, IGI","3","0.384","74.8"
"133","GO:0072364","regulation of cellular ketone metabolic process by regulation of transcription from RNA polymerase II promoter","IMP, IGI","3","0.384","74.8"
"134","GO:0051253","negative regulation of RNA metabolic process","IMP, IGI","2","0.256","72.6"
"135","GO:2001279","regulation of unsaturated fatty acid biosynthetic process","IMP, IGI","3","0.384","74.8"
"136","GO:0009790","embryo development","IMP, TAS, IDA","1","0.128","68.8"
"137","GO:0045923","positive regulation of fatty acid metabolic process","IMP, IGI","3","0.384","74.8"
"138","GO:0031324","negative regulation of cellular metabolic process","IMP, IGI","2","0.256","72.6"
"139","GO:0046890","regulation of lipid biosynthetic process","IMP, IGI","3","0.384","74.8"
"140","GO:0035282","segmentation","IMP, TAS, IDA","1","0.128","68.8"
"141","GO:0062013","GO:0062013","IMP, IGI","3","0.384","74.8"
"142","GO:0062012","GO:0062012","IMP, IGI","3","0.384","74.8"
"143","GO:0035287","head segmentation","IMP, TAS","1","0.128","68.8"
"144","GO:0045934","negative regulation of nucleobase-containing compound metabolic process","IMP, IGI","2","0.256","72.6"
"145","GO:0019217","regulation of fatty acid metabolic process","IMP, IGI","3","0.384","74.8"
"146","GO:0019216","regulation of lipid metabolic process","IMP, IGI","3","0.384","74.8"
"147","GO:2000531","regulation of fatty acid biosynthetic process by regulation of transcription from RNA polymerase II promoter","IMP, IGI","3","0.384","74.8"
"148","GO:0051172","negative regulation of nitrogen compound metabolic process","IMP, IGI","2","0.256","72.6"
"149","GO:0022008","neurogenesis","IMP, IGI","2","0.256","72.6"
"150","GO:0009628","response to abiotic stimulus","IMP, IGI","3","0.384","74.8"
"151","GO:0048699","generation of neurons","IMP, IGI","2","0.256","72.6"
"152","GO:0009653","anatomical structure morphogenesis","IMP, IGI, TAS","1","0.128","68.8"
"153","GO:0048523","negative regulation of cellular process","IMP, IGI","2","0.256","72.6"
"154","GO:0007476","imaginal disc-derived wing morphogenesis","IMP, TAS","1","0.128","68.8"
"155","GO:0051098","regulation of binding","IEA, IDA","2","0.256","72.6"
"156","GO:0010975","regulation of neuron projection development","IMP","2","0.256","72.6"
"157","GO:0016358","dendrite development","IMP, IGI","1","0.128","68.8"
"158","GO:0048812","neuron projection morphogenesis","IMP, IGI","1","0.128","68.8"
"159","GO:0060322","head development","IMP, TAS","1","0.128","68.8"
"160","GO:0030182","neuron differentiation","IMP, IGI","1","0.128","68.8"
"161","GO:0032989","cellular component morphogenesis","IMP, IGI","1","0.128","68.8"
"162","GO:0031344","regulation of cell projection organization","IMP","2","0.256","72.6"
"163","GO:0036003","positive regulation of transcription from RNA polymerase II promoter in response to stress","IMP","2","0.256","72.6"
"164","GO:0070417","cellular response to cold","IMP, IGI","2","0.256","72.6"
"165","GO:0048858","cell projection morphogenesis","IMP, IGI","1","0.128","68.8"
"166","GO:0071453","cellular response to oxygen levels","IMP","2","0.256","72.6"
"167","GO:0045664","regulation of neuron differentiation","IMP","2","0.256","72.6"
"168","GO:0016458","gene silencing","IGI","2","0.256","72.6"
"169","GO:0044093","positive regulation of molecular function","IEA, IDA","2","0.256","72.6"
"170","GO:0120039","GO:0120039","IMP, IGI","1","0.128","68.8"
"171","GO:0051960","regulation of nervous system development","IMP","2","0.256","72.6"
"172","GO:0035114","imaginal disc-derived appendage morphogenesis","IMP, TAS","1","0.128","68.8"
"173","GO:0048729","tissue morphogenesis","IMP, TAS","1","0.128","68.8"
"174","GO:0035107","appendage morphogenesis","IMP, TAS","1","0.128","68.8"
"175","GO:0035561","regulation of chromatin binding","IEA, IDA","2","0.256","72.6"
"176","GO:0048707","instar larval or pupal morphogenesis","IMP, TAS","1","0.128","68.8"
"177","GO:0007444","imaginal disc development","IMP, TAS","1","0.128","68.8"
"178","GO:0009890","negative regulation of biosynthetic process","IGI","2","0.256","72.6"
"179","GO:0048569","post-embryonic organ development","IMP, TAS","1","0.128","68.8"
"180","GO:0060612","adipose tissue development","IEA, IMP","2","0.256","72.6"
"181","GO:0009887","organ morphogenesis","IMP, TAS","1","0.128","68.8"
"182","GO:0010629","negative regulation of gene expression","IGI","2","0.256","72.6"
"183","GO:0031175","neuron projection development","IMP, IGI","1","0.128","68.8"
"184","GO:0120036","GO:0120036","IMP, IGI","1","0.128","68.8"
"185","GO:0120035","GO:0120035","IMP","2","0.256","72.6"
"186","GO:0061418","regulation of transcription from RNA polymerase II promoter in response to hypoxia","IMP","2","0.256","72.6"
"187","GO:0000904","cell morphogenesis involved in differentiation","IMP, IGI","1","0.128","68.8"
"188","GO:0000902","cell morphogenesis","IMP, IGI","1","0.128","68.8"
"189","GO:0070887","cellular response to chemical stimulus","IMP","2","0.256","72.6"
"190","GO:0071456","cellular response to hypoxia","IMP","2","0.256","72.6"
"191","GO:0065009","regulation of molecular function","IEA, IDA","2","0.256","72.6"
"192","GO:0065008","regulation of biological quality","IMP","2","0.256","72.6"
"193","GO:0009886","post-embryonic morphogenesis","IMP, TAS","1","0.128","68.8"
"194","GO:0050767","regulation of neurogenesis","IMP","2","0.256","72.6"
"195","GO:0050793","regulation of developmental process","IMP","2","0.256","72.6"
"196","GO:0048468","cell development","IMP, IGI","1","0.128","68.8"
"197","GO:0051128","regulation of cellular component organization","IMP","2","0.256","72.6"
"198","GO:0009266","response to temperature stimulus","IMP, IGI","2","0.256","72.6"
"199","GO:0036293","response to decreased oxygen levels","IMP","2","0.256","72.6"
"200","GO:0036294","cellular response to decreased oxygen levels","IMP","2","0.256","72.6"
"201","GO:0048737","imaginal disc-derived appendage development","IMP, TAS","1","0.128","68.8"
"202","GO:0010558","negative regulation of macromolecule biosynthetic process","IGI","2","0.256","72.6"
"203","GO:0030466","chromatin silencing at silent mating-type cassette","IGI","2","0.256","72.6"
"204","GO:0001709","cell fate determination","IEA, IDA","2","0.256","72.6"
"205","GO:0007472","wing disc morphogenesis","IMP, TAS","1","0.128","68.8"
"206","GO:0035220","wing disc development","IMP, TAS","1","0.128","68.8"
"207","GO:0040029","regulation of gene expression, epigenetic","IGI","2","0.256","72.6"
"208","GO:0060284","regulation of cell development","IMP","2","0.256","72.6"
"209","GO:0001666","response to hypoxia","IMP","2","0.256","72.6"
"210","GO:0035295","tube development","IMP, TAS","1","0.128","68.8"
"211","GO:0006342","chromatin silencing","IGI","2","0.256","72.6"
"212","GO:0007552","metamorphosis","IMP, TAS","1","0.128","68.8"
"213","GO:0043618","regulation of transcription from RNA polymerase II promoter in response to stress","IMP","2","0.256","72.6"
"214","GO:0030030","cell projection organization","IMP, IGI","1","0.128","68.8"
"215","GO:0035288","anterior head segmentation","IMP, TAS","1","0.128","68.8"
"216","GO:0060562","epithelial tube morphogenesis","IMP, TAS","1","0.128","68.8"
"217","GO:0070482","response to oxygen levels","IMP","2","0.256","72.6"
"218","GO:0035239","tube morphogenesis","IMP, TAS","1","0.128","68.8"
"219","GO:0048563","post-embryonic organ morphogenesis","IMP, TAS","1","0.128","68.8"
"220","GO:0050873","brown fat cell differentiation","IEA, IDA","2","0.256","72.6"
"221","GO:1903507","GO:1903507","IGI","2","0.256","72.6"
"222","GO:0045595","regulation of cell differentiation","IMP","2","0.256","72.6"
"223","GO:0045892","negative regulation of transcription, DNA-dependent","IGI","2","0.256","72.6"
"224","GO:0009409","response to cold","IMP, IGI","2","0.256","72.6"
"225","GO:0051239","regulation of multicellular organismal process","IMP","2","0.256","72.6"
"226","GO:0032990","cell part morphogenesis","IMP, IGI","1","0.128","68.8"
"227","GO:0048813","dendrite morphogenesis","IMP, IGI","1","0.128","68.8"
"228","GO:0007560","imaginal disc morphogenesis","IMP, TAS","1","0.128","68.8"
"229","GO:1901522","positive regulation of transcription from RNA polymerase II promoter involved in cellular response to chemical stimulus","IMP","2","0.256","72.6"
"230","GO:0048736","appendage development","IMP, TAS","1","0.128","68.8"
"231","GO:0035563","positive regulation of chromatin binding","IEA, IDA","2","0.256","72.6"
"232","GO:0031327","negative regulation of cellular biosynthetic process","IGI","2","0.256","72.6"
"233","GO:0035120","post-embryonic appendage morphogenesis","IMP, TAS","1","0.128","68.8"
"234","GO:0045444","fat cell differentiation","IEA, IDA","2","0.256","72.6"
"235","GO:0002009","morphogenesis of an epithelium","IMP, TAS","1","0.128","68.8"
"236","GO:0006325","chromatin organization","IGI","2","0.256","72.6"
"237","GO:2000113","negative regulation of cellular macromolecule biosynthetic process","IGI","2","0.256","72.6"
"238","GO:0061419","positive regulation of transcription from RNA polymerase II promoter in response to hypoxia","IMP","2","0.256","72.6"
"239","GO:0002165","instar larval or pupal development","IMP, TAS","1","0.128","68.8"
"240","GO:0045814","negative regulation of gene expression, epigenetic","IGI","2","0.256","72.6"
"241","GO:0048666","neuron development","IMP, IGI","1","0.128","68.8"
"242","GO:0048667","cell morphogenesis involved in neuron differentiation","IMP, IGI","1","0.128","68.8"
"243","GO:0060429","epithelium development","IMP, TAS","1","0.128","68.8"
"244","GO:0061448","connective tissue development","IEA, IMP","2","0.256","72.6"
"245","GO:1902679","GO:1902679","IGI","2","0.256","72.6"
"246","GO:0002164","larval development","IMP, IGI","2","0.256","72.6"
"247","GO:0042221","response to chemical stimulus","IMP","2","0.256","72.6"
"248","GO:0043620","regulation of DNA-dependent transcription in response to stress","IMP","2","0.256","72.6"
"249","GO:0006996","organelle organization","IGI","2","0.256","72.6"
"250","GO:0051276","chromosome organization","IGI","2","0.256","72.6"
"251","GO:0051099","positive regulation of binding","IEA, IDA","2","0.256","72.6"
"252","GO:2000026","regulation of multicellular organismal development","IMP","2","0.256","72.6"
"253","GO:0097065","anterior head development","IMP, TAS","1","0.128","68.8"
"254","GO:0032025","response to cobalt ion","IMP","1","0.128","68.8"
"255","GO:0048580","regulation of post-embryonic development","IMP","1","0.128","68.8"
"256","GO:0055081","anion homeostasis","IMP","1","0.128","68.8"
"257","GO:0043065","positive regulation of apoptotic process","IMP","1","0.128","68.8"
"258","GO:0043207","response to external biotic stimulus","IMP","1","0.128","68.8"
"259","GO:0010608","posttranscriptional regulation of gene expression","IMP","1","0.128","68.8"
"260","GO:0051704","multi-organism process","IMP","1","0.128","68.8"
"261","GO:0016203","muscle attachment","IMP","1","0.128","68.8"
"262","GO:0016204","determination of muscle attachment site","IMP","1","0.128","68.8"
"263","GO:0061013","regulation of mRNA catabolic process","IMP","1","0.128","68.8"
"264","GO:0010038","response to metal ion","IMP","1","0.128","68.8"
"265","GO:0061399","positive regulation of transcription from RNA polymerase II promoter in response to cobalt ion","IMP","1","0.128","68.8"
"266","GO:0010035","response to inorganic substance","IMP","1","0.128","68.8"
"267","GO:0051707","response to other organism","IMP","1","0.128","68.8"
"268","GO:0007525","somatic muscle development","IMP","1","0.128","68.8"
"269","GO:0007526","larval somatic muscle development","IMP","1","0.128","68.8"
"270","GO:0009607","response to biotic stimulus","IMP","1","0.128","68.8"
"271","GO:0050773","regulation of dendrite development","IMP","1","0.128","68.8"
"272","GO:0009605","response to external stimulus","IMP","1","0.128","68.8"
"273","GO:0007379","segment specification","IMP","1","0.128","68.8"
"274","GO:0045610","regulation of hemocyte differentiation","IMP","1","0.128","68.8"
"275","GO:0009608","response to symbiont","IMP","1","0.128","68.8"
"276","GO:0048878","chemical homeostasis","IMP","1","0.128","68.8"
"277","GO:0002376","immune system process","IMP","1","0.128","68.8"
"278","GO:0007154","cell communication","IMP","1","0.128","68.8"
"279","GO:0042693","muscle cell fate commitment","IMP","1","0.128","68.8"
"280","GO:0042694","muscle cell fate specification","IMP","1","0.128","68.8"
"281","GO:0022604","regulation of cell morphogenesis","IMP","1","0.128","68.8"
"282","GO:0009894","regulation of catabolic process","IMP","1","0.128","68.8"
"283","GO:0009895","negative regulation of catabolic process","IMP","1","0.128","68.8"
"284","GO:0048255","mRNA stabilization","IMP","1","0.128","68.8"
"285","GO:0007365","periodic partitioning","IDA","1","0.128","68.8"
"286","GO:0022603","regulation of anatomical structure morphogenesis","IMP","1","0.128","68.8"
"287","GO:0045087","innate immune response","IMP","1","0.128","68.8"
"288","GO:0071279","cellular response to cobalt ion","IMP","1","0.128","68.8"
"289","GO:0040024","dauer larval development","IGI","1","0.128","68.8"
"290","GO:0043067","regulation of programmed cell death","IMP","1","0.128","68.8"
"291","GO:0007517","muscle organ development","IMP","1","0.128","68.8"
"292","GO:0007367","segment polarity determination","IDA","1","0.128","68.8"
"293","GO:0006952","defense response","IMP","1","0.128","68.8"
"294","GO:0042692","muscle cell differentiation","IMP","1","0.128","68.8"
"295","GO:0002119","nematode larval development","IGI","1","0.128","68.8"
"296","GO:0043068","positive regulation of programmed cell death","IMP","1","0.128","68.8"
"297","GO:1903311","GO:1903311","IMP","1","0.128","68.8"
"298","GO:1903312","GO:1903312","IMP","1","0.128","68.8"
"299","GO:0071248","cellular response to metal ion","IMP","1","0.128","68.8"
"300","GO:0050801","ion homeostasis","IMP","1","0.128","68.8"
"301","GO:0071241","cellular response to inorganic substance","IMP","1","0.128","68.8"
"302","GO:0009792","embryo development ending in birth or egg hatching","IMP","1","0.128","68.8"
"303","GO:0023052","signaling","IMP","1","0.128","68.8"
"304","GO:0061061","muscle structure development","IMP","1","0.128","68.8"
"305","GO:0006955","immune response","IMP","1","0.128","68.8"
"306","GO:1903706","GO:1903706","IMP","1","0.128","68.8"
"307","GO:0001700","embryonic development via the syncytial blastoderm","IMP","1","0.128","68.8"
"308","GO:0043489","RNA stabilization","IMP","1","0.128","68.8"
"309","GO:0043488","regulation of mRNA stability","IMP","1","0.128","68.8"
"310","GO:0043487","regulation of RNA stability","IMP","1","0.128","68.8"
"311","GO:0001708","cell fate specification","IMP","1","0.128","68.8"
"312","GO:0010769","regulation of cell morphogenesis involved in differentiation","IMP","1","0.128","68.8"
"313","GO:0031330","negative regulation of cellular catabolic process","IMP","1","0.128","68.8"
"314","GO:0055088","lipid homeostasis","IMP","1","0.128","68.8"
"315","GO:0055089","fatty acid homeostasis","IMP","1","0.128","68.8"
"316","GO:0042592","homeostatic process","IMP","1","0.128","68.8"
"317","GO:0035289","posterior head segmentation","TAS","1","0.128","68.8"
"318","GO:0045613","regulation of plasmatocyte differentiation","IMP","1","0.128","68.8"
"319","GO:0035203","regulation of lamellocyte differentiation","IMP","1","0.128","68.8"
"320","GO:0031329","regulation of cellular catabolic process","IMP","1","0.128","68.8"
"321","GO:1902373","negative regulation of mRNA catabolic process","IMP","1","0.128","68.8"
"322","GO:0010942","positive regulation of cell death","IMP","1","0.128","68.8"
"323","GO:0010941","regulation of cell death","IMP","1","0.128","68.8"
"324","GO:0002682","regulation of immune system process","IMP","1","0.128","68.8"
"325","GO:0042981","regulation of apoptotic process","IMP","1","0.128","68.8"
"326","GO:0007474","imaginal disc-derived wing vein specification","IMP","1","0.128","68.8"
"327","GO:0048814","regulation of dendrite morphogenesis","IMP","1","0.128","68.8"
"328","GO:1902369","negative regulation of RNA catabolic process","IMP","1","0.128","68.8"
"329","GO:0007267","cell-cell signaling","IMP","1","0.128","68.8"
"330","GO:0035291","specification of segmental identity, intercalary segment","IMP","1","0.128","68.8"
"331","GO:0007380","specification of segmental identity, head","IMP","1","0.128","68.8"
"332","GO:0060538","skeletal muscle organ development","IMP","1","0.128","68.8"
"333","GO:0043226","organelle","CURATED, TAS, ISS, ISM, IEA, IC, IDA","16","2.05","83.9"
"334","GO:0043229","intracellular organelle","CURATED, TAS, ISS, ISM, IEA, IC, IDA","16","2.05","83.9"
"335","GO:0043227","membrane-bounded organelle","CURATED, TAS, ISS, ISM, IEA, IC, IDA","16","2.05","83.9"
"336","GO:0043231","intracellular membrane-bounded organelle","CURATED, TAS, ISS, ISM, IEA, IC, IDA","16","2.05","83.9"
"337","GO:0044464","cell part","CURATED, TAS, ISS, ISM, IEA, IC, IDA","16","2.05","83.9"
"338","GO:0005623","cell","CURATED, TAS, ISS, ISM, IEA, IC, IDA","16","2.05","83.9"
"339","GO:0005622","intracellular","CURATED, TAS, ISS, ISM, IEA, IC, IDA","16","2.05","83.9"
"340","GO:0044424","intracellular part","CURATED, TAS, ISS, ISM, IEA, IC, IDA","16","2.05","83.9"
"341","GO:0005634","nucleus","IEA, ISS, TAS, CURATED, IDA","15","1.92","83.5"
"342","GO:0016020","membrane","IEA, IC, ISM, IDA","3","0.384","74.8"
"343","GO:0005783","endoplasmic reticulum","IC, ISM, IDA","3","0.384","74.8"
"344","GO:0044446","intracellular organelle part","IEA, IC, TAS, ISM, IDA","4","0.512","76.4"
"345","GO:0044422","organelle part","IEA, IC, TAS, ISM, IDA","4","0.512","76.4"
"346","GO:0031224","intrinsic to membrane","IEA, IC, ISM, IDA","3","0.384","74.8"
"347","GO:0005737","cytoplasm","IEA, IC, ISM, IDA","3","0.384","74.8"
"348","GO:0016021","integral to membrane","IEA, IC, ISM, IDA","3","0.384","74.8"
"349","GO:0044444","cytoplasmic part","IEA, IC, ISM, IDA","3","0.384","74.8"
"350","GO:0044425","membrane part","IEA, IC, ISM, IDA","3","0.384","74.8"
"351","GO:0005789","endoplasmic reticulum membrane","IC, ISM, IDA","3","0.384","74.8"
"352","GO:0042175","nuclear outer membrane-endoplasmic reticulum membrane network","IC, ISM, IDA","3","0.384","74.8"
"353","GO:0030176","integral to endoplasmic reticulum membrane","IC, ISM, IDA","3","0.384","74.8"
"354","GO:0031227","intrinsic to endoplasmic reticulum membrane","IC, ISM, IDA","3","0.384","74.8"
"355","GO:0031984","organelle subcompartment","IC, ISM, IDA","3","0.384","74.8"
"356","GO:0044432","endoplasmic reticulum part","IC, ISM, IDA","3","0.384","74.8"
"357","GO:0098827","GO:0098827","IC, ISM, IDA","3","0.384","74.8"
"358","GO:0012505","endomembrane system","IC, ISM, IDA","3","0.384","74.8"
"359","GO:0031974","membrane-enclosed lumen","TAS","1","0.128","68.8"
"360","GO:0098552","GO:0098552","IC","1","0.128","68.8"
"361","GO:0031090","organelle membrane","IEA","1","0.128","68.8"
"362","GO:0031981","nuclear lumen","TAS","1","0.128","68.8"
"363","GO:0005773","vacuole","IEA","1","0.128","68.8"
"364","GO:0005774","vacuolar membrane","IEA","1","0.128","68.8"
"365","GO:0005654","nucleoplasm","TAS","1","0.128","68.8"
"366","GO:0044437","vacuolar part","IEA","1","0.128","68.8"
"367","GO:0071458","integral to cytosolic side of endoplasmic reticulum membrane","IC","1","0.128","68.8"
"368","GO:0098588","GO:0098588","IEA","1","0.128","68.8"
"369","GO:0098562","GO:0098562","IC","1","0.128","68.8"
"370","GO:0098805","GO:0098805","IEA","1","0.128","68.8"
"371","GO:0032991","macromolecular complex","NAS","1","0.128","68.8"
"372","GO:0098554","GO:0098554","IC","1","0.128","68.8"
"373","GO:0043233","organelle lumen","TAS","1","0.128","68.8"
"374","GO:0070013","intracellular organelle lumen","TAS","1","0.128","68.8"
"375","GO:0044428","nuclear part","TAS","1","0.128","68.8"
