"","V1","V2","V3","V4","V5","V6"
"1","ID","GO term","Evidence","SeqCount","Frequency","relative_fontsize"
"2","GO:0004872","receptor activity","IEA, NAS, ISS","37","44","95.5"
"3","GO:0050789","regulation of biological process","IEA, NAS, ISS, IDA","48","57.1","97"
"4","GO:0065007","biological regulation","IEA, NAS, ISS, IDA","48","57.1","97"
"5","GO:0050794","regulation of cellular process","IEA, NAS, ISS, IDA","48","57.1","97"
"6","GO:0044699","single-organism process","IEA, NAS, IDA, IMP, TAS","35","41.7","95.2"
"7","GO:0048583","regulation of response to stimulus","IEA, ISS, IDA","37","44","95.5"
"8","GO:0009966","regulation of signal transduction","IEA, ISS, IDA","37","44","95.5"
"9","GO:0048518","positive regulation of biological process","IEA, ISS, IDA","37","44","95.5"
"10","GO:0010627","regulation of intracellular protein kinase cascade","IEA, ISS, IDA","37","44","95.5"
"11","GO:0010646","regulation of cell communication","IEA, ISS, IDA","37","44","95.5"
"12","GO:0023051","regulation of signaling","IEA, ISS, IDA","37","44","95.5"
"13","GO:0032502","developmental process","IEA, NAS, IDA, IMP, TAS","28","33.3","94"
"14","GO:0044707","single-multicellular organism process","IEA, NAS, IDA, IMP, TAS","28","33.3","94"
"15","GO:0032501","multicellular organismal process","IEA, NAS, IDA, IMP, TAS","28","33.3","94"
"16","GO:0007275","multicellular organismal development","IEA, NAS, IDA, IMP, TAS","28","33.3","94"
"17","GO:0048731","system development","IEA, NAS, IDA, IMP, TAS","26","31","93.6"
"18","GO:0048856","anatomical structure development","IEA, NAS, IDA, IMP, TAS","26","31","93.6"
"19","GO:0009987","cellular process","IEA, NAS","25","29.8","93.4"
"20","GO:0044767","single-organism developmental process","IEA, NAS, IDA, IMP","26","31","93.6"
"21","GO:0044763","single-organism cellular process","IEA, NAS","25","29.8","93.4"
"22","GO:0007165","signal transduction","IEA, NAS","24","28.6","93.2"
"23","GO:0051716","cellular response to stimulus","IEA, NAS","24","28.6","93.2"
"24","GO:0044700","single organism signaling","IEA, NAS","24","28.6","93.2"
"25","GO:0023052","signaling","IEA, NAS","24","28.6","93.2"
"26","GO:0050896","response to stimulus","IEA, NAS","24","28.6","93.2"
"27","GO:0007154","cell communication","IEA, NAS","24","28.6","93.2"
"28","GO:0048513","organ development","IEA, NAS, IDA, IMP, TAS","20","23.8","92.2"
"29","GO:0009888","tissue development","IEA, NAS, IMP, TAS","20","23.8","92.2"
"30","GO:0008544","epidermis development","IEA, NAS, IMP, TAS","20","23.8","92.2"
"31","GO:0043588","skin development","IEA, NAS, IMP, TAS","20","23.8","92.2"
"32","GO:0009653","anatomical structure morphogenesis","IEA, IMP, IDA","19","22.6","91.9"
"33","GO:0033157","regulation of intracellular protein transport","IEA, IDA","19","22.6","91.9"
"34","GO:0032388","positive regulation of intracellular transport","IEA, IDA","19","22.6","91.9"
"35","GO:0080090","regulation of primary metabolic process","IEA, ISS, IDA","18","21.4","91.6"
"36","GO:0019222","regulation of metabolic process","IEA, ISS, IDA","18","21.4","91.6"
"37","GO:0051049","regulation of transport","IEA, IDA","19","22.6","91.9"
"38","GO:0032386","regulation of intracellular transport","IEA, IDA","19","22.6","91.9"
"39","GO:0048584","positive regulation of response to stimulus","IEA, ISS, IDA","18","21.4","91.6"
"40","GO:0009967","positive regulation of signal transduction","IEA, ISS, IDA","18","21.4","91.6"
"41","GO:0060662","salivary gland cavitation","IEA, IDA","19","22.6","91.9"
"42","GO:0044093","positive regulation of molecular function","IEA, ISS, IDA","18","21.4","91.6"
"43","GO:0043122","regulation of I-kappaB kinase/NF-kappaB cascade","IEA, IDA","19","22.6","91.9"
"44","GO:0043473","pigmentation","IEA, IMP","19","22.6","91.9"
"45","GO:0060255","regulation of macromolecule metabolic process","IEA, ISS, IDA","18","21.4","91.6"
"46","GO:0046330","positive regulation of JNK cascade","IEA, ISS, IDA","18","21.4","91.6"
"47","GO:0035272","exocrine system development","IEA, IDA","19","22.6","91.9"
"48","GO:2001141","regulation of RNA biosynthetic process","IEA, ISS, IDA","18","21.4","91.6"
"49","GO:0042993","positive regulation of transcription factor import into nucleus","IEA, IDA","19","22.6","91.9"
"50","GO:0042990","regulation of transcription factor import into nucleus","IEA, IDA","19","22.6","91.9"
"51","GO:0070201","regulation of establishment of protein localization","IEA, IDA","19","22.6","91.9"
"52","GO:0046328","regulation of JNK cascade","IEA, ISS, IDA","18","21.4","91.6"
"53","GO:0051222","positive regulation of protein transport","IEA, IDA","19","22.6","91.9"
"54","GO:0051223","regulation of protein transport","IEA, IDA","19","22.6","91.9"
"55","GO:0007431","salivary gland development","IEA, IDA","19","22.6","91.9"
"56","GO:0065009","regulation of molecular function","IEA, ISS, IDA","18","21.4","91.6"
"57","GO:0032880","regulation of protein localization","IEA, IDA","19","22.6","91.9"
"58","GO:0048646","anatomical structure formation involved in morphogenesis","IEA, IDA","19","22.6","91.9"
"59","GO:0009887","organ morphogenesis","IEA, IMP","19","22.6","91.9"
"60","GO:0009889","regulation of biosynthetic process","IEA, ISS, IDA","18","21.4","91.6"
"61","GO:0043410","positive regulation of MAPK cascade","IEA, ISS, IDA","18","21.4","91.6"
"62","GO:0060605","tube lumen cavitation","IEA, IDA","19","22.6","91.9"
"63","GO:0042307","positive regulation of protein import into nucleus","IEA, IDA","19","22.6","91.9"
"64","GO:0042306","regulation of protein import into nucleus","IEA, IDA","19","22.6","91.9"
"65","GO:0042303","molting cycle","IEA, IMP","19","22.6","91.9"
"66","GO:1900180","regulation of protein localization to nucleus","IEA, IDA","19","22.6","91.9"
"67","GO:0080134","regulation of response to stress","IEA, ISS, IDA","18","21.4","91.6"
"68","GO:0080135","regulation of cellular response to stress","IEA, ISS, IDA","18","21.4","91.6"
"69","GO:0006355","regulation of transcription, DNA-dependent","IEA, ISS, IDA","18","21.4","91.6"
"70","GO:0046824","positive regulation of nucleocytoplasmic transport","IEA, IDA","19","22.6","91.9"
"71","GO:0010556","regulation of macromolecule biosynthetic process","IEA, ISS, IDA","18","21.4","91.6"
"72","GO:0046822","regulation of nucleocytoplasmic transport","IEA, IDA","19","22.6","91.9"
"73","GO:0035148","tube formation","IEA, IDA","19","22.6","91.9"
"74","GO:0023056","positive regulation of signaling","IEA, ISS, IDA","18","21.4","91.6"
"75","GO:0042633","hair cycle","IEA, IMP","19","22.6","91.9"
"76","GO:0010647","positive regulation of cell communication","IEA, ISS, IDA","18","21.4","91.6"
"77","GO:0043408","regulation of MAPK cascade","IEA, ISS, IDA","18","21.4","91.6"
"78","GO:0001942","hair follicle development","IEA, IMP","19","22.6","91.9"
"79","GO:0022612","gland morphogenesis","IEA, IDA","19","22.6","91.9"
"80","GO:0035239","tube morphogenesis","IEA, IDA","19","22.6","91.9"
"81","GO:0070302","regulation of stress-activated protein kinase signaling cascade","IEA, ISS, IDA","18","21.4","91.6"
"82","GO:0070304","positive regulation of stress-activated protein kinase signaling cascade","IEA, ISS, IDA","18","21.4","91.6"
"83","GO:0032872","regulation of stress-activated MAPK cascade","IEA, ISS, IDA","18","21.4","91.6"
"84","GO:0032874","positive regulation of stress-activated MAPK cascade","IEA, ISS, IDA","18","21.4","91.6"
"85","GO:0032879","regulation of localization","IEA, IDA","19","22.6","91.9"
"86","GO:0051092","positive regulation of NF-kappaB transcription factor activity","IEA, ISS, IDA","18","21.4","91.6"
"87","GO:0051091","positive regulation of sequence-specific DNA binding transcription factor activity","IEA, ISS, IDA","18","21.4","91.6"
"88","GO:0051090","regulation of sequence-specific DNA binding transcription factor activity","IEA, ISS, IDA","18","21.4","91.6"
"89","GO:0051252","regulation of RNA metabolic process","IEA, ISS, IDA","18","21.4","91.6"
"90","GO:0048732","gland development","IEA, IDA","19","22.6","91.9"
"91","GO:0060341","regulation of cellular localization","IEA, IDA","19","22.6","91.9"
"92","GO:0031326","regulation of cellular biosynthetic process","IEA, ISS, IDA","18","21.4","91.6"
"93","GO:0031323","regulation of cellular metabolic process","IEA, ISS, IDA","18","21.4","91.6"
"94","GO:0022404","molting cycle process","IEA, IMP","19","22.6","91.9"
"95","GO:0022405","hair cycle process","IEA, IMP","19","22.6","91.9"
"96","GO:0051050","positive regulation of transport","IEA, IDA","19","22.6","91.9"
"97","GO:2000112","regulation of cellular macromolecule biosynthetic process","IEA, ISS, IDA","18","21.4","91.6"
"98","GO:0010740","positive regulation of intracellular protein kinase cascade","IEA, ISS, IDA","18","21.4","91.6"
"99","GO:0010468","regulation of gene expression","IEA, ISS, IDA","18","21.4","91.6"
"100","GO:0019219","regulation of nucleobase-containing compound metabolic process","IEA, ISS, IDA","18","21.4","91.6"
"101","GO:0090316","positive regulation of intracellular protein transport","IEA, IDA","19","22.6","91.9"
"102","GO:0007435","salivary gland morphogenesis","IEA, IDA","19","22.6","91.9"
"103","GO:0051171","regulation of nitrogen compound metabolic process","IEA, ISS, IDA","18","21.4","91.6"
"104","GO:0035295","tube development","IEA, IDA","19","22.6","91.9"
"105","GO:0042475","odontogenesis of dentin-containing tooth","IEA, IMP","19","22.6","91.9"
"106","GO:0042346","positive regulation of NF-kappaB import into nucleus","IEA, IDA","19","22.6","91.9"
"107","GO:0042345","regulation of NF-kappaB import into nucleus","IEA, IDA","19","22.6","91.9"
"108","GO:0042476","odontogenesis","IEA, IMP","19","22.6","91.9"
"109","GO:0048522","positive regulation of cellular process","IEA, ISS, IDA","18","21.4","91.6"
"110","GO:0001501","skeletal system development","IEA, IMP","6","7.14","85.7"
"111","GO:0060348","bone development","IEA, IMP","6","7.14","85.7"
"112","GO:0048869","cellular developmental process","IEA","5","5.95","84.7"
"113","GO:0030154","cell differentiation","IEA","5","5.95","84.7"
"114","GO:0016020","membrane","IEA, NAS, IC, CURATED, IDA","44","52.4","96.5"
"115","GO:0044464","cell part","IEA, IDA","43","51.2","96.4"
"116","GO:0005623","cell","IEA, IDA","43","51.2","96.4"
"117","GO:0071944","cell periphery","IEA, IDA","43","51.2","96.4"
"118","GO:0005886","plasma membrane","IEA, IDA","43","51.2","96.4"
"119","GO:0016021","integral to membrane","IEA, NAS, IC","27","32.1","93.8"
"120","GO:0044425","membrane part","IEA, NAS, IC","27","32.1","93.8"
"121","GO:0031224","intrinsic to membrane","IEA, NAS, IC","27","32.1","93.8"
"122","GO:0044459","plasma membrane part","IEA","24","28.6","93.2"
"123","GO:0005887","integral to plasma membrane","IEA","24","28.6","93.2"
"124","GO:0031226","intrinsic to plasma membrane","IEA","24","28.6","93.2"
"125","GO:0045177","apical part of cell","IEA, IDA","19","22.6","91.9"
