"","V1","V2","V3","V4","V5","V6"
"1","ID","GO term","Evidence","SeqCount","Frequency","relative_fontsize"
"2","GO:0005488","binding","TAS, ISS, IPI, IMP, NAS, IEA, IGI, IDA","126","10.8","87.9"
"3","GO:0043167","ion binding","IEA, ISS, IDA","100","8.55","86.7"
"4","GO:0097367","carbohydrate derivative binding","IEA, ISS, IDA","99","8.47","86.6"
"5","GO:1901681","sulfur compound binding","IEA, ISS, IDA","99","8.47","86.6"
"6","GO:0043168","anion binding","IEA, ISS, IDA","99","8.47","86.6"
"7","GO:0008201","heparin binding","IEA, ISS, IDA","99","8.47","86.6"
"8","GO:0005539","glycosaminoglycan binding","IEA, ISS, IDA","99","8.47","86.6"
"9","GO:0042056","chemoattractant activity","IEA, IMP, ISS, IDA","62","5.3","84.1"
"10","GO:0044699","single-organism process","IMP, TAS, ISS, IEP, IPI, NAS, IEA, IGI, IDA","421","36","94.5"
"11","GO:0065007","biological regulation","IPI, NAS, ISS, IEP, TAS, IMP, ISO, IEA, IGI, IDA","402","34.4","94.2"
"12","GO:0050789","regulation of biological process","IPI, NAS, ISS, IEP, TAS, IMP, ISO, IEA, IGI, IDA","398","34","94.2"
"13","GO:0050794","regulation of cellular process","IMP, TAS, ISS, IEP, IPI, NAS, ISO, IEA, IGI, IDA","398","34","94.2"
"14","GO:0009987","cellular process","IMP, TAS, ISS, IEP, IPI, NAS, IEA, IGI, IDA","402","34.4","94.2"
"15","GO:0044763","single-organism cellular process","IMP, TAS, ISS, IPI, NAS, IEA, IGI, IDA","399","34.1","94.2"
"16","GO:0044707","single-multicellular organism process","TAS, ISS, IEP, NAS, IGI, IEA, IMP, IDA","361","30.9","93.6"
"17","GO:0032501","multicellular organismal process","TAS, ISS, IEP, NAS, IGI, IEA, IMP, IDA","361","30.9","93.6"
"18","GO:0048518","positive regulation of biological process","NAS, ISS, IEP, TAS, IMP, ISO, IEA, IGI, IDA","365","31.2","93.7"
"19","GO:0032502","developmental process","TAS, ISS, IEP, NAS, IGI, IEA, IMP, IDA","335","28.7","93.2"
"20","GO:0050896","response to stimulus","IMP, TAS, ISS, IEP, IPI, NAS, IEA, IGI, IDA","363","31.1","93.7"
"21","GO:0044700","single organism signaling","IMP, TAS, ISS, IPI, NAS, IEA, IGI, IDA","357","30.5","93.6"
"22","GO:0023052","signaling","IMP, TAS, ISS, IPI, NAS, IEA, IGI, IDA","357","30.5","93.6"
"23","GO:0007154","cell communication","IMP, TAS, ISS, IPI, NAS, IEA, IGI, IDA","357","30.5","93.6"
"24","GO:0048856","anatomical structure development","TAS, ISS, IEP, NAS, IGI, IEA, IMP, IDA","328","28.1","93.1"
"25","GO:0007275","multicellular organismal development","TAS, ISS, IEP, NAS, IGI, IEA, IMP, IDA","327","28","93.1"
"26","GO:0051716","cellular response to stimulus","IMP, TAS, ISS, IPI, NAS, IEA, IGI, IDA","357","30.5","93.6"
"27","GO:0007165","signal transduction","IMP, TAS, ISS, IPI, NAS, IEA, IGI, IDA","357","30.5","93.6"
"28","GO:0048522","positive regulation of cellular process","NAS, ISS, IEP, TAS, IMP, ISO, IEA, IGI, IDA","329","28.1","93.1"
"29","GO:0048731","system development","TAS, ISS, IEP, IMP, NAS, IEA, IGI, IDA","310","26.5","92.8"
"30","GO:0044767","single-organism developmental process","TAS, ISS, IEP, NAS, IGI, IEA, IMP, IDA","301","25.7","92.6"
"31","GO:0048513","organ development","TAS, ISS, IEP, IMP, NAS, IEA, IGI, IDA","286","24.5","92.4"
"32","GO:0042221","response to chemical stimulus","TAS, ISS, IEP, IPI, IMP, NAS, IEA, IGI, IDA","301","25.7","92.6"
"33","GO:0010033","response to organic substance","TAS, ISS, IEP, IPI, IMP, NAS, IEA, IGI, IDA","298","25.5","92.6"
"34","GO:0009719","response to endogenous stimulus","TAS, ISS, IEP, IPI, IMP, NAS, IEA, IGI, IDA","298","25.5","92.6"
"35","GO:0007166","cell surface receptor signaling pathway","TAS, ISS, IPI, IMP, NAS, IEA, IGI, IDA","298","25.5","92.6"
"36","GO:0007167","enzyme linked receptor protein signaling pathway","TAS, ISS, IPI, IMP, NAS, IEA, IGI, IDA","298","25.5","92.6"
"37","GO:0007169","transmembrane receptor protein tyrosine kinase signaling pathway","TAS, ISS, IPI, IMP, NAS, IEA, IGI, IDA","298","25.5","92.6"
"38","GO:0070887","cellular response to chemical stimulus","TAS, ISS, IPI, IMP, NAS, IEA, IGI, IDA","298","25.5","92.6"
"39","GO:0071310","cellular response to organic substance","TAS, ISS, IPI, IMP, NAS, IEA, IGI, IDA","298","25.5","92.6"
"40","GO:0071495","cellular response to endogenous stimulus","TAS, ISS, IPI, IMP, NAS, IEA, IGI, IDA","298","25.5","92.6"
"41","GO:0042127","regulation of cell proliferation","NAS, ISS, TAS, IMP, IEA, IGI, IDA","290","24.8","92.4"
"42","GO:0071363","cellular response to growth factor stimulus","TAS, ISS, IPI, IMP, NAS, IEA, IGI, IDA","298","25.5","92.6"
"43","GO:0070848","response to growth factor stimulus","TAS, ISS, IPI, IMP, NAS, IEA, IGI, IDA","298","25.5","92.6"
"44","GO:0044344","cellular response to fibroblast growth factor stimulus","TAS, ISS, IPI, IMP, NAS, IEA, IGI, IDA","298","25.5","92.6"
"45","GO:0008543","fibroblast growth factor receptor signaling pathway","TAS, ISS, IPI, IMP, NAS, IEA, IGI, IDA","298","25.5","92.6"
"46","GO:0071774","response to fibroblast growth factor stimulus","TAS, ISS, IPI, IMP, NAS, IEA, IGI, IDA","298","25.5","92.6"
"47","GO:0048869","cellular developmental process","TAS, ISS, IMP, NAS, IEA, IGI, IDA","278","23.8","92.2"
"48","GO:0008284","positive regulation of cell proliferation","NAS, ISS, TAS, IMP, IEA, IGI, IDA","275","23.5","92.1"
"49","GO:0030154","cell differentiation","TAS, ISS, IMP, NAS, IEA, IGI, IDA","273","23.4","92.1"
"50","GO:0009653","anatomical structure morphogenesis","TAS, ISS, IEP, IMP, NAS, IEA, IGI, IDA","234","20","91.3"
"51","GO:0050793","regulation of developmental process","TAS, ISS, IMP, ISO, IEA, IGI, IDA","250","21.4","91.6"
"52","GO:0051239","regulation of multicellular organismal process","IMP, ISS, TAS, NAS, IEA, IGI, IDA","236","20.2","91.3"
"53","GO:2000026","regulation of multicellular organismal development","TAS, ISS, IMP, IEA, IGI, IDA","232","19.8","91.2"
"54","GO:0009888","tissue development","TAS, ISS, IEP, IMP, IEA, IGI, IDA","219","18.7","90.9"
"55","GO:0019222","regulation of metabolic process","NAS, ISS, IEP, TAS, IMP, IEA, IGI, IDA","216","18.5","90.8"
"56","GO:0048519","negative regulation of biological process","IEA, ISS, IDA, IGI, IMP","197","16.9","90.3"
"57","GO:0023051","regulation of signaling","TAS, ISS, IEP, IMP, IEA, IGI, IDA","190","16.3","90.1"
"58","GO:0010646","regulation of cell communication","TAS, ISS, IEP, IMP, IEA, IGI, IDA","190","16.3","90.1"
"59","GO:0048583","regulation of response to stimulus","TAS, ISS, IEP, IMP, IEA, IGI, IDA","192","16.4","90.2"
"60","GO:0060255","regulation of macromolecule metabolic process","NAS, ISS, IEP, TAS, IMP, IEA, IGI, IDA","192","16.4","90.2"
"61","GO:0009966","regulation of signal transduction","TAS, ISS, IEP, IMP, IEA, IGI, IDA","190","16.3","90.1"
"62","GO:0048584","positive regulation of response to stimulus","TAS, ISS, IEP, IMP, IEA, IGI, IDA","190","16.3","90.1"
"63","GO:0009967","positive regulation of signal transduction","TAS, ISS, IEP, IMP, IEA, IGI, IDA","190","16.3","90.1"
"64","GO:0032879","regulation of localization","IEA, ISS, IDA, IGI, IMP","188","16.1","90.1"
"65","GO:0023056","positive regulation of signaling","TAS, ISS, IEP, IMP, IEA, IGI, IDA","190","16.3","90.1"
"66","GO:0010647","positive regulation of cell communication","TAS, ISS, IEP, IMP, IEA, IGI, IDA","190","16.3","90.1"
"67","GO:0080090","regulation of primary metabolic process","TAS, ISS, IEP, IMP, IEA, IGI, IDA","179","15.3","89.8"
"68","GO:0031323","regulation of cellular metabolic process","NAS, ISS, IEP, TAS, IMP, IEA, IGI, IDA","179","15.3","89.8"
"69","GO:0009893","positive regulation of metabolic process","NAS, ISS, IEP, TAS, IMP, IEA, IGI, IDA","175","15","89.7"
"70","GO:0010604","positive regulation of macromolecule metabolic process","NAS, ISS, IEP, TAS, IMP, IEA, IGI, IDA","174","14.9","89.7"
"71","GO:0035295","tube development","TAS, ISS, IMP, IEA, IGI, IDA","168","14.4","89.5"
"72","GO:0048523","negative regulation of cellular process","IEA, ISS, IDA, IGI, IMP","174","14.9","89.7"
"73","GO:0009887","organ morphogenesis","TAS, ISS, IEP, IMP, IEA, IGI, IDA","173","14.8","89.6"
"74","GO:0007267","cell-cell signaling","TAS, ISS, IMP, IEA, IGI, IDA","177","15.1","89.8"
"75","GO:0010627","regulation of intracellular protein kinase cascade","TAS, ISS, IEP, IMP, IEA, IGI, IDA","164","14","89.3"
"76","GO:0010740","positive regulation of intracellular protein kinase cascade","TAS, ISS, IEP, IMP, IEA, IGI, IDA","164","14","89.3"
"77","GO:0022603","regulation of anatomical structure morphogenesis","IEA, ISS, IDA, IGI, IMP","149","12.7","88.8"
"78","GO:0010468","regulation of gene expression","IEA, ISS, TAS, IGI, IDA","152","13","88.9"
"79","GO:0045595","regulation of cell differentiation","ISS, IMP, ISO, IEA, IGI, IDA","152","13","88.9"
"80","GO:0051094","positive regulation of developmental process","TAS, ISS, IMP, ISO, IEA, IGI, IDA","143","12.2","88.6"
"81","GO:0031325","positive regulation of cellular metabolic process","NAS, ISS, IEP, TAS, IMP, IEA, IGI, IDA","139","11.9","88.4"
"82","GO:0051179","localization","TAS, ISS, IMP, IEA, IGI, IDA","146","12.5","88.7"
"83","GO:0048646","anatomical structure formation involved in morphogenesis","TAS, ISS, IEP, IMP, IEA, IGI, IDA","140","12","88.5"
"84","GO:0009889","regulation of biosynthetic process","TAS, ISS, NAS, IGI, IEA, IMP, IDA","141","12.1","88.5"
"85","GO:0043408","regulation of MAPK cascade","TAS, ISS, IEP, IMP, IEA, IGI, IDA","142","12.1","88.6"
"86","GO:0007399","nervous system development","IMP, TAS, ISS, NAS, IEA, IGI, IDA","139","11.9","88.4"
"87","GO:0072359","circulatory system development","TAS, ISS, IEP, IMP, IEA, IGI, IDA","138","11.8","88.4"
"88","GO:0072358","cardiovascular system development","TAS, ISS, IEP, IMP, IEA, IGI, IDA","138","11.8","88.4"
"89","GO:0031326","regulation of cellular biosynthetic process","TAS, ISS, IMP, IEA, IGI, IDA","139","11.9","88.4"
"90","GO:0043410","positive regulation of MAPK cascade","TAS, ISS, IEP, IMP, IEA, IGI, IDA","142","12.1","88.6"
"91","GO:0060541","respiratory system development","NAS, ISS, TAS, IMP, IEA, IGI, IDA","135","11.5","88.3"
"92","GO:0010628","positive regulation of gene expression","IEA, ISS, TAS, IGI, IDA","134","11.5","88.2"
"93","GO:0030323","respiratory tube development","IEA, IMP, ISS, IGI, IDA","134","11.5","88.2"
"94","GO:0030324","lung development","IEA, IMP, ISS, IGI, IDA","134","11.5","88.2"
"95","GO:0040011","locomotion","TAS, ISS, IMP, IEA, IGI, IDA","130","11.1","88.1"
"96","GO:0070372","regulation of ERK1 and ERK2 cascade","IEA, IMP, IDA","136","11.6","88.3"
"97","GO:0070374","positive regulation of ERK1 and ERK2 cascade","IEA, IMP, IDA","136","11.6","88.3"
"98","GO:0001501","skeletal system development","IEA, IMP, IGI, IDA","130","11.1","88.1"
"99","GO:0022008","neurogenesis","IEA, ISS, IDA, IGI, IMP","124","10.6","87.8"
"100","GO:0019219","regulation of nucleobase-containing compound metabolic process","TAS, ISS, IMP, IEA, IGI, IDA","118","10.1","87.6"
"101","GO:0051171","regulation of nitrogen compound metabolic process","TAS, ISS, IMP, IEA, IGI, IDA","118","10.1","87.6"
"102","GO:0010556","regulation of macromolecule biosynthetic process","TAS, ISS, NAS, IGI, IEA, IMP, IDA","118","10.1","87.6"
"103","GO:2000112","regulation of cellular macromolecule biosynthetic process","TAS, ISS, IMP, IEA, IGI, IDA","117","10","87.5"
"104","GO:0045165","cell fate commitment","IEA, ISS, IDA, IGI, IMP","122","10.4","87.7"
"105","GO:2001141","regulation of RNA biosynthetic process","IEA, ISS, TAS, IGI, IDA","117","10","87.5"
"106","GO:0006355","regulation of transcription, DNA-dependent","IEA, ISS, TAS, IGI, IDA","117","10","87.5"
"107","GO:0051252","regulation of RNA metabolic process","IEA, ISS, TAS, IGI, IDA","117","10","87.5"
"108","GO:0009790","embryo development","IEA, NAS, TAS, IGI, IMP","118","10.1","87.6"
"109","GO:0051093","negative regulation of developmental process","IEA, IMP, IGI, ISS, IDA","124","10.6","87.8"
"110","GO:0042325","regulation of phosphorylation","TAS, ISS, IEP, IEA, IGI, IDA","117","10","87.5"
"111","GO:0019220","regulation of phosphate metabolic process","TAS, ISS, IEP, IEA, IGI, IDA","117","10","87.5"
"112","GO:0051174","regulation of phosphorus metabolic process","TAS, ISS, IEP, IEA, IGI, IDA","117","10","87.5"
"113","GO:0060429","epithelium development","TAS, ISS, IMP, IEA, IGI, IDA","104","8.9","86.9"
"114","GO:0048598","embryonic morphogenesis","IEA, IMP, NAS, IGI, TAS","115","9.84","87.4"
"115","GO:0051049","regulation of transport","IEA, ISS, IDA, IGI, IMP","113","9.67","87.3"
"116","GO:0042327","positive regulation of phosphorylation","TAS, ISS, IEP, IEA, IGI, IDA","116","9.92","87.5"
"117","GO:2000027","regulation of organ morphogenesis","IEA, ISS, IGI, IDA","114","9.75","87.4"
"118","GO:0010562","positive regulation of phosphorus metabolic process","TAS, ISS, IEP, IEA, IGI, IDA","116","9.92","87.5"
"119","GO:0051246","regulation of protein metabolic process","TAS, ISS, IEP, IEA, IGI, IDA","116","9.92","87.5"
"120","GO:0051247","positive regulation of protein metabolic process","TAS, ISS, IEP, IEA, IGI, IDA","116","9.92","87.5"
"121","GO:0031399","regulation of protein modification process","TAS, ISS, IEP, IEA, IGI, IDA","116","9.92","87.5"
"122","GO:0045937","positive regulation of phosphate metabolic process","TAS, ISS, IEP, IEA, IGI, IDA","116","9.92","87.5"
"123","GO:0031401","positive regulation of protein modification process","TAS, ISS, IEP, IEA, IGI, IDA","116","9.92","87.5"
"124","GO:0032270","positive regulation of cellular protein metabolic process","TAS, ISS, IEP, IEA, IGI, IDA","116","9.92","87.5"
"125","GO:0032268","regulation of cellular protein metabolic process","TAS, ISS, IEP, IEA, IGI, IDA","116","9.92","87.5"
"126","GO:0001932","regulation of protein phosphorylation","TAS, ISS, IEP, IEA, IGI, IDA","116","9.92","87.5"
"127","GO:0001934","positive regulation of protein phosphorylation","TAS, ISS, IEP, IEA, IGI, IDA","116","9.92","87.5"
"128","GO:0048468","cell development","TAS, ISS, IMP, IEA, IGI, IDA","117","10","87.5"
"129","GO:0051240","positive regulation of multicellular organismal process","TAS, ISS, IMP, IEA, IGI, IDA","113","9.67","87.3"
"130","GO:0048729","tissue morphogenesis","TAS, ISS, IMP, IEA, IGI, IDA","103","8.81","86.8"
"131","GO:0001763","morphogenesis of a branching structure","TAS, ISS, IMP, IEA, IGI, IDA","103","8.81","86.8"
"132","GO:0061138","morphogenesis of a branching epithelium","TAS, ISS, IMP, IEA, IGI, IDA","103","8.81","86.8"
"133","GO:0002009","morphogenesis of an epithelium","TAS, ISS, IMP, IEA, IGI, IDA","103","8.81","86.8"
"134","GO:0035239","tube morphogenesis","TAS, ISS, IMP, IEA, IGI, IDA","102","8.73","86.8"
"135","GO:0006950","response to stress","TAS, ISS, IEP, IPI, IMP, NAS, IEA, IDA","107","9.15","87"
"136","GO:0009891","positive regulation of biosynthetic process","TAS, ISS, NAS, IGI, IEA, IMP, IDA","101","8.64","86.7"
"137","GO:0001568","blood vessel development","TAS, ISS, IEP, IMP, IEA, IGI, IDA","106","9.07","87"
"138","GO:0001944","vasculature development","TAS, ISS, IEP, IMP, IEA, IGI, IDA","106","9.07","87"
"139","GO:0048514","blood vessel morphogenesis","TAS, ISS, IEP, IMP, IEA, IGI, IDA","106","9.07","87"
"140","GO:0045935","positive regulation of nucleobase-containing compound metabolic process","TAS, ISS, IMP, IEA, IGI, IDA","100","8.55","86.7"
"141","GO:0006928","cellular component movement","TAS, ISS, IMP, IEA, IGI, IDA","108","9.24","87.1"
"142","GO:0051173","positive regulation of nitrogen compound metabolic process","TAS, ISS, IMP, IEA, IGI, IDA","100","8.55","86.7"
"143","GO:0010557","positive regulation of macromolecule biosynthetic process","TAS, ISS, NAS, IGI, IEA, IMP, IDA","100","8.55","86.7"
"144","GO:0008283","cell proliferation","IEA, ISS, TAS, IMP, IDA","106","9.07","87"
"145","GO:0007423","sensory organ development","IEA, IMP, IGI","107","9.15","87"
"146","GO:0051674","localization of cell","TAS, ISS, IMP, IEA, IGI, IDA","107","9.15","87"
"147","GO:0016477","cell migration","TAS, ISS, IMP, IEA, IGI, IDA","107","9.15","87"
"148","GO:0050678","regulation of epithelial cell proliferation","IEA, NAS, ISS, IMP, IDA","99","8.47","86.6"
"149","GO:0050679","positive regulation of epithelial cell proliferation","IEA, NAS, ISS, IMP, IDA","99","8.47","86.6"
"150","GO:0061448","connective tissue development","IEA, IMP, IGI, IDA","107","9.15","87"
"151","GO:0051216","cartilage development","IEA, IMP, IGI, IDA","107","9.15","87"
"152","GO:0048870","cell motility","TAS, ISS, IMP, IEA, IGI, IDA","107","9.15","87"
"153","GO:0031328","positive regulation of cellular biosynthetic process","TAS, ISS, IMP, IEA, IGI, IDA","99","8.47","86.6"
"154","GO:0045893","positive regulation of transcription, DNA-dependent","IEA, ISS, TAS, IGI, IDA","99","8.47","86.6"
"155","GO:0051254","positive regulation of RNA metabolic process","IEA, ISS, TAS, IGI, IDA","99","8.47","86.6"
"156","GO:0040012","regulation of locomotion","IEA, ISS, IDA, IGI, IMP","96","8.21","86.4"
"157","GO:0043583","ear development","IEA, IMP, IGI","101","8.64","86.7"
"158","GO:0048863","stem cell differentiation","TAS, ISS, IMP, IEA, IGI, IDA","101","8.64","86.7"
"159","GO:0048839","inner ear development","IEA, IMP, IGI","101","8.64","86.7"
"160","GO:0051270","regulation of cellular component movement","IEA, ISS, IDA, IGI, IMP","96","8.21","86.4"
"161","GO:0006357","regulation of transcription from RNA polymerase II promoter","IEA, ISS, IGI, IDA","97","8.3","86.5"
"162","GO:0040017","positive regulation of locomotion","IEA, ISS, IGI, IDA","94","8.04","86.3"
"163","GO:2000145","regulation of cell motility","IEA, ISS, IMP, IGI, IDA","95","8.13","86.4"
"164","GO:0030334","regulation of cell migration","IEA, ISS, IMP, IGI, IDA","95","8.13","86.4"
"165","GO:0035556","intracellular signal transduction","TAS, ISS, IPI, IMP, IEA, IDA","98","8.38","86.5"
"166","GO:0051272","positive regulation of cellular component movement","IEA, ISS, IGI, IDA","94","8.04","86.3"
"167","GO:2000147","positive regulation of cell motility","IEA, ISS, IGI, IDA","94","8.04","86.3"
"168","GO:0030335","positive regulation of cell migration","IEA, ISS, IGI, IDA","94","8.04","86.3"
"169","GO:0051641","cellular localization","IEA, ISS, IMP, IDA","96","8.21","86.4"
"170","GO:0000165","MAPK cascade","IEA, ISS, IPI, IMP, IDA","98","8.38","86.5"
"171","GO:0007243","intracellular protein kinase cascade","IEA, ISS, IPI, IMP, IDA","98","8.38","86.5"
"172","GO:0048864","stem cell development","TAS, ISS, IMP, IEA, IGI, IDA","97","8.3","86.5"
"173","GO:0040008","regulation of growth","TAS, ISS, IMP, IEA, IGI, IDA","93","7.96","86.3"
"174","GO:0003156","regulation of organ formation","IEA, ISS, IGI, IDA","94","8.04","86.3"
"175","GO:1901861","regulation of muscle tissue development","IEA, IMP, TAS, IGI, IDA","96","8.21","86.4"
"176","GO:0048634","regulation of muscle organ development","IEA, IMP, TAS, IGI, IDA","96","8.21","86.4"
"177","GO:0016202","regulation of striated muscle tissue development","IEA, IMP, TAS, IGI, IDA","96","8.21","86.4"
"178","GO:0001759","organ induction","IEA, ISS, IGI, IDA","94","8.04","86.3"
"179","GO:0031128","developmental induction","IEA, ISS, IGI, IDA","94","8.04","86.3"
"180","GO:0055024","regulation of cardiac muscle tissue development","IEA, IMP, TAS, IGI, IDA","95","8.13","86.4"
"181","GO:0060562","epithelial tube morphogenesis","TAS, ISS, IMP, IEA, IGI, IDA","84","7.19","85.7"
"182","GO:0045168","cell-cell signaling involved in cell fate commitment","IEA, ISS, IGI, IDA","94","8.04","86.3"
"183","GO:0048568","embryonic organ development","IEA, IMP, IGI","92","7.87","86.2"
"184","GO:0048754","branching morphogenesis of an epithelial tube","TAS, ISS, IMP, IEA, IGI, IDA","84","7.19","85.7"
"185","GO:0001655","urogenital system development","IEA, ISS, IDA, IMP, IEP","83","7.1","85.6"
"186","GO:0072001","renal system development","IEA, ISS, IDA, IMP, IEP","83","7.1","85.6"
"187","GO:0001525","angiogenesis","ISS, IEP, IMP, IEA, IGI, IDA","90","7.7","86.1"
"188","GO:0071840","cellular component organization or biogenesis","IEA, IMP, IDA, ISS, TAS","88","7.53","86"
"189","GO:0007420","brain development","IMP, ISS, NAS, IEA, IGI, IDA","86","7.36","85.8"
"190","GO:0016043","cellular component organization","IEA, IMP, IDA, ISS, TAS","88","7.53","86"
"191","GO:0007417","central nervous system development","IMP, ISS, NAS, IEA, IGI, IDA","86","7.36","85.8"
"192","GO:0048732","gland development","IEA, IMP, IDA","87","7.44","85.9"
"193","GO:0010941","regulation of cell death","IEA, ISS, IDA, IGI, IMP","83","7.1","85.6"
"194","GO:0048562","embryonic organ morphogenesis","IEA, IMP, IGI","87","7.44","85.9"
"195","GO:0048736","appendage development","IEA, IMP, IGI, TAS","88","7.53","86"
"196","GO:0035107","appendage morphogenesis","IEA, IMP, IGI, TAS","88","7.53","86"
"197","GO:0065008","regulation of biological quality","IEA, IMP, TAS, ISS, IDA","84","7.19","85.7"
"198","GO:0060548","negative regulation of cell death","IEA, ISS, IDA, IGI, IMP","83","7.1","85.6"
"199","GO:0065009","regulation of molecular function","TAS, ISS, IEP, IEA, IGI, IDA","82","7.01","85.6"
"200","GO:0045596","negative regulation of cell differentiation","IEA, ISS, IDA, IGI, IMP","86","7.36","85.8"
"201","GO:0030900","forebrain development","IEA, ISS, IDA, IMP","80","6.84","85.4"
"202","GO:0045944","positive regulation of transcription from RNA polymerase II promoter","IEA, ISS, IGI, IDA","79","6.76","85.4"
"203","GO:0042471","ear morphogenesis","IEA, IMP, IGI","83","7.1","85.6"
"204","GO:0042472","inner ear morphogenesis","IEA, IMP, IGI","83","7.1","85.6"
"205","GO:0044765","single-organism transport","IEA, IMP, ISS, IDA","79","6.76","85.4"
"206","GO:0044093","positive regulation of molecular function","TAS, ISS, IEP, IEA, IGI, IDA","79","6.76","85.4"
"207","GO:0050790","regulation of catalytic activity","TAS, ISS, IEP, IEA, IGI, IDA","79","6.76","85.4"
"208","GO:0051234","establishment of localization","IEA, IMP, ISS, IDA","79","6.76","85.4"
"209","GO:0006810","transport","IEA, IMP, ISS, IDA","79","6.76","85.4"
"210","GO:0043085","positive regulation of catalytic activity","TAS, ISS, IEP, IEA, IGI, IDA","79","6.76","85.4"
"211","GO:0043067","regulation of programmed cell death","IEA, IMP, IGI, ISS, IDA","81","6.93","85.5"
"212","GO:0051649","establishment of localization in cell","IEA, ISS, IMP, IDA","79","6.76","85.4"
"213","GO:0008104","protein localization","IEA, ISS, IMP, IDA","79","6.76","85.4"
"214","GO:0033036","macromolecule localization","IEA, ISS, IMP, IDA","79","6.76","85.4"
"215","GO:0001667","ameboidal cell migration","IEA, IMP, TAS, IDA","80","6.84","85.4"
"216","GO:0034613","cellular protein localization","IEA, ISS, IMP, IDA","79","6.76","85.4"
"217","GO:0070727","cellular macromolecule localization","IEA, ISS, IMP, IDA","79","6.76","85.4"
"218","GO:0035108","limb morphogenesis","IEA, IMP, IGI, TAS","78","6.67","85.3"
"219","GO:0060173","limb development","IEA, IMP, IGI, TAS","78","6.67","85.3"
"220","GO:0060485","mesenchyme development","TAS, ISS, IMP, IEA, IGI, IDA","77","6.59","85.2"
"221","GO:0048638","regulation of developmental growth","TAS, ISS, IMP, IEA, IGI, IDA","75","6.42","85.1"
"222","GO:0046620","regulation of organ growth","IEA, IMP, TAS, IGI, IDA","75","6.42","85.1"
"223","GO:0051050","positive regulation of transport","IEA, IGI, IDA","73","6.24","84.9"
"224","GO:0040007","growth","TAS, ISS, IEP, IMP, IEA, IDA","67","5.73","84.5"
"225","GO:0042063","gliogenesis","IEA, ISS, IGI, IMP","69","5.9","84.6"
"226","GO:0010001","glial cell differentiation","IEA, ISS, IGI, IMP","68","5.82","84.6"
"227","GO:0048699","generation of neurons","IEA, ISS, IDA, IGI, IMP","66","5.65","84.4"
"228","GO:0001657","ureteric bud development","IEA, ISS, IMP, IDA","62","5.3","84.1"
"229","GO:0001658","branching involved in ureteric bud morphogenesis","IEA, ISS, IMP, IDA","62","5.3","84.1"
"230","GO:0060675","ureteric bud morphogenesis","IEA, ISS, IMP, IDA","62","5.3","84.1"
"231","GO:0035270","endocrine system development","IEA, IMP, IDA","67","5.73","84.5"
"232","GO:0006935","chemotaxis","IEA, IMP, TAS, ISS, IDA","65","5.56","84.3"
"233","GO:0010634","positive regulation of epithelial cell migration","IEA, ISS, IDA","62","5.3","84.1"
"234","GO:0007389","pattern specification process","IEA, IMP, IDA, IGI, NAS","62","5.3","84.1"
"235","GO:0009605","response to external stimulus","IEA, IMP, TAS, ISS, IDA","65","5.56","84.3"
"236","GO:0019216","regulation of lipid metabolic process","IEA, ISS, IDA","65","5.56","84.3"
"237","GO:0042330","taxis","IEA, IMP, TAS, ISS, IDA","65","5.56","84.3"
"238","GO:0010632","regulation of epithelial cell migration","IEA, ISS, IDA","62","5.3","84.1"
"239","GO:0050918","positive chemotaxis","IEA, IMP, TAS, ISS, IDA","64","5.47","84.2"
"240","GO:0001822","kidney development","IEA, ISS, IDA, IMP, IEP","61","5.22","84"
"241","GO:0048705","skeletal system morphogenesis","IEA, IMP, IGI, IDA","65","5.56","84.3"
"242","GO:0030916","otic vesicle formation","IEA, IMP, IGI","65","5.56","84.3"
"243","GO:0071600","otic vesicle morphogenesis","IEA, IMP, IGI","65","5.56","84.3"
"244","GO:0071599","otic vesicle development","IEA, IMP, IGI","65","5.56","84.3"
"245","GO:0021536","diencephalon development","IEA, IMP, IDA","63","5.39","84.1"
"246","GO:0051347","positive regulation of transferase activity","TAS, ISS, IEP, IEA, IGI, IDA","60","5.13","83.9"
"247","GO:0051338","regulation of transferase activity","TAS, ISS, IEP, IEA, IGI, IDA","60","5.13","83.9"
"248","GO:0033674","positive regulation of kinase activity","TAS, ISS, IEP, IEA, IGI, IDA","60","5.13","83.9"
"249","GO:0043549","regulation of kinase activity","TAS, ISS, IEP, IEA, IGI, IDA","60","5.13","83.9"
"250","GO:0080134","regulation of response to stress","IEA, ISS, IDA","64","5.47","84.2"
"251","GO:0035272","exocrine system development","IEA, IMP, IDA","62","5.3","84.1"
"252","GO:0051781","positive regulation of cell division","IEA, ISS, IDA","61","5.22","84"
"253","GO:0051302","regulation of cell division","IEA, ISS, IDA","61","5.22","84"
"254","GO:0035113","embryonic appendage morphogenesis","IEA, IMP, IGI","63","5.39","84.1"
"255","GO:0001823","mesonephros development","IEA, ISS, IDA, IEP","61","5.22","84"
"256","GO:0021983","pituitary gland development","IEA, IMP, IDA","63","5.39","84.1"
"257","GO:0033554","cellular response to stress","IEA, ISS, IPI, IDA","59","5.05","83.8"
"258","GO:0051726","regulation of cell cycle","IEA, IMP, ISS, IDA","59","5.05","83.8"
"259","GO:0045859","regulation of protein kinase activity","TAS, ISS, IEP, IEA, IGI, IDA","59","5.05","83.8"
"260","GO:0043066","negative regulation of apoptotic process","IEA, IMP, IGI","61","5.22","84"
"261","GO:0043069","negative regulation of programmed cell death","IEA, IMP, IGI","61","5.22","84"
"262","GO:0042981","regulation of apoptotic process","IEA, IMP, IGI","61","5.22","84"
"263","GO:0045860","positive regulation of protein kinase activity","TAS, ISS, IEP, IEA, IGI, IDA","59","5.05","83.8"
"264","GO:0048762","mesenchymal cell differentiation","TAS, ISS, IMP, IEA, IGI, IDA","59","5.05","83.8"
"265","GO:0010631","epithelial cell migration","IEA, IMP, TAS, IDA","59","5.05","83.8"
"266","GO:0090132","epithelium migration","IEA, IMP, TAS, IDA","59","5.05","83.8"
"267","GO:0090130","tissue migration","IEA, IMP, TAS, IDA","59","5.05","83.8"
"268","GO:0044464","cell part","CURATED, PROBABLE, ISS, IPI, BY SIMILARITY, IEA, IDA","206","17.6","90.6"
"269","GO:0005623","cell","CURATED, PROBABLE, ISS, IPI, BY SIMILARITY, IEA, IDA","206","17.6","90.6"
"270","GO:0005576","extracellular region","CURATED, TAS, ISS, NAS, POTENTIAL, BY SIMILARITY, IEA, PROBABLE, IDA","175","15","89.7"
"271","GO:0005622","intracellular","CURATED, PROBABLE, ISS, IPI, BY SIMILARITY, IEA, IDA","202","17.3","90.5"
"272","GO:0044424","intracellular part","CURATED, PROBABLE, ISS, IPI, BY SIMILARITY, IEA, IDA","202","17.3","90.5"
"273","GO:0043229","intracellular organelle","CURATED, ISS, BY SIMILARITY, IEA, IDA, PROBABLE","184","15.7","90"
"274","GO:0043226","organelle","CURATED, ISS, BY SIMILARITY, IEA, IDA, PROBABLE","184","15.7","90"
"275","GO:0043227","membrane-bounded organelle","PROBABLE, ISS, BY SIMILARITY, IEA, IDA, CURATED","184","15.7","90"
"276","GO:0043231","intracellular membrane-bounded organelle","PROBABLE, ISS, BY SIMILARITY, IEA, IDA, CURATED","184","15.7","90"
"277","GO:0005737","cytoplasm","CURATED, ISS, IPI, BY SIMILARITY, IEA, IDA","137","11.7","88.4"
"278","GO:0005634","nucleus","PROBABLE, ISS, BY SIMILARITY, IEA, IDA, CURATED","144","12.3","88.6"
"279","GO:0044421","extracellular region part","CURATED, TAS, ISS, NAS, IEA, IDA","123","10.5","87.8"
"280","GO:0005615","extracellular space","CURATED, TAS, ISS, NAS, IEA, IDA","121","10.4","87.7"
"281","GO:0044444","cytoplasmic part","IEA, ISS, IDA, BY SIMILARITY, CURATED","114","9.75","87.4"
"282","GO:0005829","cytosol","IEA, ISS, IDA, BY SIMILARITY, CURATED","60","5.13","83.9"
