"","V1","V2","V3","V4","V5","V6"
"1","ID","GO term","Evidence","SeqCount","Frequency","relative_fontsize"
"2","GO:0005488","binding","TAS, ISS, IPI, ISO, EXP, IEA, IC, IDA","34","1.74","83"
"3","GO:0016787","hydrolase activity","TAS, ISS, IMP, ISO, IEA, IDA","44","2.25","84.4"
"4","GO:0033558","protein deacetylase activity","TAS, ISS, IMP, ISO, IEA, IDA","41","2.1","84"
"5","GO:0003824","catalytic activity","TAS, ISS, IMP, ISO, IEA, IDA","44","2.25","84.4"
"6","GO:0019213","deacetylase activity","TAS, ISS, IMP, ISO, IEA, IDA","41","2.1","84"
"7","GO:0140096","GO:0140096","TAS, ISS, IMP, ISO, IEA, IDA","41","2.1","84"
"8","GO:0004407","histone deacetylase activity","TAS, ISS, IMP, ISO, IEA, IDA","41","2.1","84"
"9","GO:0016810","hydrolase activity, acting on carbon-nitrogen (but not peptide) bonds","TAS, ISS, IMP, ISO, IEA, IDA","41","2.1","84"
"10","GO:0016811","hydrolase activity, acting on carbon-nitrogen (but not peptide) bonds, in linear amides","TAS, ISS, IMP, ISO, IEA, IDA","41","2.1","84"
"11","GO:0005515","protein binding","TAS, ISS, IPI, ISO, EXP, IEA, IC, IDA","22","1.12","80.6"
"12","GO:0031078","histone deacetylase activity (H3-K14 specific)","IEA, IMP","38","1.94","83.6"
"13","GO:0017136","NAD-dependent histone deacetylase activity","IEA","38","1.94","83.6"
"14","GO:0034979","NAD-dependent protein deacetylase activity","IEA","38","1.94","83.6"
"15","GO:0032041","NAD-dependent histone deacetylase activity (H3-K14 specific)","IEA","38","1.94","83.6"
"16","GO:0019899","enzyme binding","ISS, IEA, IPI, ISO, IDA","17","0.869","79.2"
"17","GO:0008134","transcription factor binding","IEA, IPI, ISO, IDA, TAS","13","0.665","77.8"
"18","GO:0046872","metal ion binding","IEA, ISO, IDA","23","1.18","80.9"
"19","GO:0043169","cation binding","IEA, ISO, IDA","23","1.18","80.9"
"20","GO:0043167","ion binding","IEA, ISO, IDA","23","1.18","80.9"
"21","GO:0008092","cytoskeletal protein binding","IEA, IPI, ISO, IDA","5","0.256","72.6"
"22","GO:1901363","heterocyclic compound binding","IEA, ISO, IDA","10","0.511","76.4"
"23","GO:0042826","histone deacetylase binding","IEA, IPI, ISO, IDA","14","0.716","78.2"
"24","GO:0097159","organic cyclic compound binding","IEA, ISO, IDA","10","0.511","76.4"
"25","GO:0003676","nucleic acid binding","IEA, ISO, IDA","9","0.46","75.8"
"26","GO:0003677","DNA binding","IEA, ISO, IDA","9","0.46","75.8"
"27","GO:0001067","regulatory region nucleic acid binding","IEA, ISO, IDA","9","0.46","75.8"
"28","GO:0019901","protein kinase binding","IEA, IPI, ISO","9","0.46","75.8"
"29","GO:0044212","transcription regulatory region DNA binding","IEA, ISO, IDA","9","0.46","75.8"
"30","GO:0140110","GO:0140110","IEA, ISS, IGI, IMP, IDA","10","0.511","76.4"
"31","GO:0008270","zinc ion binding","IEA, ISO, IDA","10","0.511","76.4"
"32","GO:0003714","transcription corepressor activity","IEA, ISS, IGI, IDA","10","0.511","76.4"
"33","GO:0003712","transcription cofactor activity","IEA, ISS, IGI, IDA","10","0.511","76.4"
"34","GO:0019900","kinase binding","IEA, IPI, ISO","9","0.46","75.8"
"35","GO:0015631","tubulin binding","IEA, ISO, IDA","5","0.256","72.6"
"36","GO:0046914","transition metal ion binding","IEA, ISO, IDA","10","0.511","76.4"
"37","GO:0001012","RNA polymerase II regulatory region DNA binding","IEA, IDA","9","0.46","75.8"
"38","GO:0000987","core promoter proximal region sequence-specific DNA binding","IEA, IDA","9","0.46","75.8"
"39","GO:0043565","sequence-specific DNA binding","IEA, IDA","9","0.46","75.8"
"40","GO:0000976","transcription regulatory region sequence-specific DNA binding","IEA, IDA","9","0.46","75.8"
"41","GO:0000977","RNA polymerase II regulatory region sequence-specific DNA binding","IEA, IDA","9","0.46","75.8"
"42","GO:0000978","RNA polymerase II core promoter proximal region sequence-specific DNA binding","IEA, IDA","9","0.46","75.8"
"43","GO:1990837","GO:1990837","IEA, IDA","9","0.46","75.8"
"44","GO:0003690","double-stranded DNA binding","IEA, IDA","9","0.46","75.8"
"45","GO:0003682","chromatin binding","IEA, ISO, IDA","8","0.409","75.1"
"46","GO:0070491","repressing transcription factor binding","IEA, IPI, ISO, IDA","9","0.46","75.8"
"47","GO:0005080","protein kinase C binding","IPI, ISO","6","0.307","73.6"
"48","GO:0048487","beta-tubulin binding","IEA, IDA","5","0.256","72.6"
"49","GO:0042903","tubulin deacetylase activity","IDA","5","0.256","72.6"
"50","GO:0001085","RNA polymerase II transcription factor binding","IEA, IPI, ISO","5","0.256","72.6"
"51","GO:0043014","alpha-tubulin binding","ISO, IDA","5","0.256","72.6"
"52","GO:0033613","activating transcription factor binding","IEA, IPI, ISO","5","0.256","72.6"
"53","GO:0031593","polyubiquitin binding","ISO, IDA","4","0.204","71.4"
"54","GO:0070840","dynein complex binding","ISO, IDA","4","0.204","71.4"
"55","GO:0031625","ubiquitin protein ligase binding","IPI, ISO","4","0.204","71.4"
"56","GO:0051879","Hsp90 protein binding","ISO, IDA","4","0.204","71.4"
"57","GO:0043130","ubiquitin binding","IEA, IDA","4","0.204","71.4"
"58","GO:0051787","misfolded protein binding","ISO, EXP","4","0.204","71.4"
"59","GO:0031072","heat shock protein binding","ISO, IDA","4","0.204","71.4"
"60","GO:0044877","GO:0044877","ISO, IDA","4","0.204","71.4"
"61","GO:0003779","actin binding","IEA","4","0.204","71.4"
"62","GO:0140030","GO:0140030","ISO, IDA","4","0.204","71.4"
"63","GO:0008017","microtubule binding","IDA","4","0.204","71.4"
"64","GO:0008013","beta-catenin binding","IPI, ISO","4","0.204","71.4"
"65","GO:0048156","tau protein binding","IPI, IDA","4","0.204","71.4"
"66","GO:0032182","small conjugating protein binding","IEA, IDA","4","0.204","71.4"
"67","GO:0044389","small conjugating protein ligase binding","IPI, ISO","4","0.204","71.4"
"68","GO:0031420","alkali metal ion binding","IEA, ISO, IDA","3","0.153","69.8"
"69","GO:0030955","potassium ion binding","IEA, ISO, IDA","3","0.153","69.8"
"70","GO:0071889","14-3-3 protein binding","ISS, IDA","3","0.153","69.8"
"71","GO:0042802","identical protein binding","IEA, IPI, ISO","3","0.153","69.8"
"72","GO:0001047","core promoter binding","ISO","3","0.153","69.8"
"73","GO:1990841","GO:1990841","IEA, ISO, IDA","3","0.153","69.8"
"74","GO:0048037","cofactor binding","IEA","2","0.102","67.6"
"75","GO:0051287","NAD binding","IEA","1","0.0511","63.9"
"76","GO:0001077","RNA polymerase II core promoter proximal region sequence-specific DNA binding transcription factor activity involved in positive regulation of transcription","IMP","1","0.0511","63.9"
"77","GO:0000166","nucleotide binding","IEA","1","0.0511","63.9"
"78","GO:0016740","transferase activity","TAS","1","0.0511","63.9"
"79","GO:1902496","GO:1902496","IC","1","0.0511","63.9"
"80","GO:0019903","protein phosphatase binding","IDA","1","0.0511","63.9"
"81","GO:1901265","nucleoside phosphate binding","IEA","1","0.0511","63.9"
"82","GO:0000982","RNA polymerase II core promoter proximal region sequence-specific DNA binding transcription factor activity","IMP","1","0.0511","63.9"
"83","GO:0000981","sequence-specific DNA binding RNA polymerase II transcription factor activity","IMP","1","0.0511","63.9"
"84","GO:0051536","iron-sulfur cluster binding","IEA","1","0.0511","63.9"
"85","GO:0019787","small conjugating protein ligase activity","TAS","1","0.0511","63.9"
"86","GO:0019789","SUMO ligase activity","TAS","1","0.0511","63.9"
"87","GO:0001224","RNA polymerase II transcription cofactor binding","IPI","1","0.0511","63.9"
"88","GO:0001226","RNA polymerase II transcription corepressor binding","IPI","1","0.0511","63.9"
"89","GO:0001221","transcription cofactor binding","IPI","1","0.0511","63.9"
"90","GO:0001222","transcription corepressor binding","IPI","1","0.0511","63.9"
"91","GO:0001228","RNA polymerase II transcription regulatory region sequence-specific DNA binding transcription factor activity involved in positive regulation of transcription","IMP","1","0.0511","63.9"
"92","GO:0005516","calmodulin binding","ISS","1","0.0511","63.9"
"93","GO:0050662","coenzyme binding","IEA","1","0.0511","63.9"
"94","GO:0051540","metal cluster binding","IEA","1","0.0511","63.9"
"95","GO:0036094","small molecule binding","IEA","1","0.0511","63.9"
"96","GO:0043621","protein self-association","IPI","1","0.0511","63.9"
"97","GO:0051721","protein phosphatase 2A binding","IDA","1","0.0511","63.9"
"98","GO:0003700","sequence-specific DNA binding transcription factor activity","IMP","1","0.0511","63.9"
"99","GO:0043168","anion binding","IEA","1","0.0511","63.9"
"100","GO:0019902","phosphatase binding","IDA","1","0.0511","63.9"
"101","GO:0070403","NAD+ binding","IEA","1","0.0511","63.9"
"102","GO:0009987","cellular process","TAS, NAS, IEP, IPI, ISS, IMP, ISO, IEA, IGI, IDA","41","2.1","84"
"103","GO:0065007","biological regulation","NAS, TAS, ISS, IPI, IMP, ISO, IEA, IC, IGI, IDA","41","2.1","84"
"104","GO:0006807","nitrogen compound metabolic process","TAS, ISS, IMP, ISO, IEA, IDA","41","2.1","84"
"105","GO:0044260","cellular macromolecule metabolic process","TAS, ISS, IMP, ISO, IEA, IDA","41","2.1","84"
"106","GO:0044238","primary metabolic process","TAS, ISS, IMP, ISO, IEA, IDA","41","2.1","84"
"107","GO:0044237","cellular metabolic process","TAS, ISS, IMP, ISO, IEA, IDA","41","2.1","84"
"108","GO:0071704","organic substance metabolic process","TAS, ISS, IMP, ISO, IEA, IDA","41","2.1","84"
"109","GO:0008152","metabolic process","TAS, ISS, IMP, ISO, IEA, IDA","41","2.1","84"
"110","GO:0043170","macromolecule metabolic process","TAS, ISS, IMP, ISO, IEA, IDA","41","2.1","84"
"111","GO:0050789","regulation of biological process","NAS, TAS, ISS, IPI, IMP, ISO, IEA, IC, IGI, IDA","41","2.1","84"
"112","GO:0050794","regulation of cellular process","NAS, TAS, ISS, IPI, IMP, ISO, IEA, IC, IGI, IDA","41","2.1","84"
"113","GO:0006476","protein deacetylation","TAS, ISS, IMP, ISO, IEA, IDA","41","2.1","84"
"114","GO:0016575","histone deacetylation","TAS, ISS, IMP, ISO, IEA, IDA","41","2.1","84"
"115","GO:0071840","cellular component organization or biogenesis","TAS, NAS, ISS, IMP, ISO, IEA, IGI, IDA","41","2.1","84"
"116","GO:0016043","cellular component organization","TAS, NAS, ISS, IMP, ISO, IEA, IGI, IDA","41","2.1","84"
"117","GO:0019538","protein metabolic process","TAS, ISS, IMP, ISO, IEA, IDA","41","2.1","84"
"118","GO:0043412","macromolecule modification","TAS, ISS, IMP, ISO, IEA, IDA","41","2.1","84"
"119","GO:0006464","cellular protein modification process","TAS, ISS, IMP, ISO, IEA, IDA","41","2.1","84"
"120","GO:0044267","cellular protein metabolic process","TAS, ISS, IMP, ISO, IEA, IDA","41","2.1","84"
"121","GO:1901564","organonitrogen compound metabolic process","TAS, ISS, IMP, ISO, IEA, IDA","41","2.1","84"
"122","GO:0036211","protein modification process","TAS, ISS, IMP, ISO, IEA, IDA","41","2.1","84"
"123","GO:0019222","regulation of metabolic process","NAS, TAS, ISS, IPI, IMP, ISO, IEA, IC, IGI, IDA","41","2.1","84"
"124","GO:0098732","GO:0098732","TAS, ISS, IMP, ISO, IEA, IDA","41","2.1","84"
"125","GO:0035601","protein deacylation","TAS, ISS, IMP, ISO, IEA, IDA","41","2.1","84"
"126","GO:0006325","chromatin organization","NAS, ISS, TAS, IMP, ISO, IEA, IGI, IDA","41","2.1","84"
"127","GO:0006996","organelle organization","TAS, NAS, ISS, IMP, ISO, IEA, IGI, IDA","41","2.1","84"
"128","GO:0031323","regulation of cellular metabolic process","NAS, TAS, ISS, IPI, IMP, ISO, IEA, IC, IGI, IDA","41","2.1","84"
"129","GO:0051276","chromosome organization","NAS, ISS, TAS, IMP, ISO, IEA, IGI, IDA","41","2.1","84"
"130","GO:0016569","covalent chromatin modification","TAS, ISS, IMP, ISO, IEA, IDA","41","2.1","84"
"131","GO:0060255","regulation of macromolecule metabolic process","NAS, ISS, IPI, IMP, ISO, IEA, TAS, IC, IGI, IDA","41","2.1","84"
"132","GO:0016570","histone modification","TAS, ISS, IMP, ISO, IEA, IDA","41","2.1","84"
"133","GO:0051171","regulation of nitrogen compound metabolic process","NAS, ISS, IPI, IMP, ISO, IEA, TAS, IC, IGI, IDA","41","2.1","84"
"134","GO:0080090","regulation of primary metabolic process","NAS, ISS, IPI, IMP, ISO, IEA, TAS, IC, IGI, IDA","41","2.1","84"
"135","GO:0009889","regulation of biosynthetic process","NAS, ISS, IPI, IMP, ISO, IEA, TAS, IC, IGI, IDA","41","2.1","84"
"136","GO:0010468","regulation of gene expression","NAS, ISS, IPI, IMP, ISO, IEA, TAS, IGI, IDA","41","2.1","84"
"137","GO:0010556","regulation of macromolecule biosynthetic process","NAS, ISS, IPI, IMP, ISO, IEA, TAS, IC, IGI, IDA","41","2.1","84"
"138","GO:0019219","regulation of nucleobase-containing compound metabolic process","NAS, ISS, IPI, IMP, ISO, IEA, TAS, IC, IGI, IDA","41","2.1","84"
"139","GO:0031326","regulation of cellular biosynthetic process","NAS, ISS, IPI, IMP, ISO, IEA, TAS, IC, IGI, IDA","41","2.1","84"
"140","GO:0051252","regulation of RNA metabolic process","NAS, ISS, IPI, IMP, ISO, IEA, TAS, IGI, IDA","41","2.1","84"
"141","GO:2001141","regulation of RNA biosynthetic process","NAS, ISS, IPI, IMP, ISO, IEA, TAS, IGI, IDA","41","2.1","84"
"142","GO:1903506","GO:1903506","NAS, ISS, IPI, IMP, ISO, IEA, TAS, IGI, IDA","41","2.1","84"
"143","GO:0006355","regulation of transcription, DNA-dependent","NAS, ISS, IPI, IMP, ISO, IEA, TAS, IGI, IDA","41","2.1","84"
"144","GO:2000112","regulation of cellular macromolecule biosynthetic process","NAS, ISS, IPI, IMP, ISO, IEA, TAS, IC, IGI, IDA","41","2.1","84"
"145","GO:0048519","negative regulation of biological process","NAS, ISS, TAS, IMP, ISO, IEA, IC, IGI, IDA","24","1.23","81.1"
"146","GO:0048523","negative regulation of cellular process","NAS, ISS, TAS, IMP, ISO, IEA, IC, IGI, IDA","24","1.23","81.1"
"147","GO:0070932","histone H3 deacetylation","IEA, IMP, ISO, IDA","39","1.99","83.7"
"148","GO:0050896","response to stimulus","NAS, TAS, ISS, IEP, IMP, ISO, IEA, IGI, IDA","17","0.869","79.2"
"149","GO:0009892","negative regulation of metabolic process","NAS, ISS, TAS, IMP, ISO, IEA, IC, IGI, IDA","23","1.18","80.9"
"150","GO:0031324","negative regulation of cellular metabolic process","NAS, ISS, TAS, IMP, ISO, IEA, IC, IGI, IDA","23","1.18","80.9"
"151","GO:0046483","heterocycle metabolic process","IEA, IMP","39","1.99","83.7"
"152","GO:1901360","organic cyclic compound metabolic process","IEA, IMP","39","1.99","83.7"
"153","GO:0018130","heterocycle biosynthetic process","IEA, IMP","39","1.99","83.7"
"154","GO:0016070","RNA metabolic process","IEA, IMP","39","1.99","83.7"
"155","GO:1901362","organic cyclic compound biosynthetic process","IEA, IMP","39","1.99","83.7"
"156","GO:0097659","GO:0097659","IEA, IMP","39","1.99","83.7"
"157","GO:0034654","nucleobase-containing compound biosynthetic process","IEA, IMP","39","1.99","83.7"
"158","GO:0044271","cellular nitrogen compound biosynthetic process","IEA, IMP","39","1.99","83.7"
"159","GO:0006351","transcription, DNA-dependent","IEA, IMP","39","1.99","83.7"
"160","GO:0032774","RNA biosynthetic process","IEA, IMP","39","1.99","83.7"
"161","GO:0006139","nucleobase-containing compound metabolic process","IEA, IMP","39","1.99","83.7"
"162","GO:0009058","biosynthetic process","IEA, IMP","39","1.99","83.7"
"163","GO:0009059","macromolecule biosynthetic process","IEA, IMP","39","1.99","83.7"
"164","GO:0019438","aromatic compound biosynthetic process","IEA, IMP","39","1.99","83.7"
"165","GO:1901576","organic substance biosynthetic process","IEA, IMP","39","1.99","83.7"
"166","GO:0044249","cellular biosynthetic process","IEA, IMP","39","1.99","83.7"
"167","GO:0034641","cellular nitrogen compound metabolic process","IEA, IMP","39","1.99","83.7"
"168","GO:0034645","cellular macromolecule biosynthetic process","IEA, IMP","39","1.99","83.7"
"169","GO:0090304","nucleic acid metabolic process","IEA, IMP","39","1.99","83.7"
"170","GO:0010467","gene expression","IEA, IMP","39","1.99","83.7"
"171","GO:0006725","cellular aromatic compound metabolic process","IEA, IMP","39","1.99","83.7"
"172","GO:0048518","positive regulation of biological process","ISS, IMP, ISO, IEA, IGI, IDA","17","0.869","79.2"
"173","GO:0051172","negative regulation of nitrogen compound metabolic process","NAS, ISS, TAS, IMP, ISO, IEA, IC, IGI, IDA","23","1.18","80.9"
"174","GO:0010605","negative regulation of macromolecule metabolic process","NAS, ISS, TAS, IMP, ISO, IEA, IC, IGI, IDA","23","1.18","80.9"
"175","GO:0045892","negative regulation of transcription, DNA-dependent","NAS, ISS, TAS, IMP, ISO, IEA, IGI, IDA","22","1.12","80.6"
"176","GO:0048522","positive regulation of cellular process","ISS, IMP, ISO, IEA, IGI, IDA","15","0.767","78.6"
"177","GO:0050793","regulation of developmental process","TAS, ISS, IMP, ISO, IEA, IGI, IDA","21","1.07","80.4"
"178","GO:0032502","developmental process","TAS, ISS, IEP, IMP, IEA, IGI","23","1.18","80.9"
"179","GO:0032501","multicellular organismal process","TAS, ISS, IEP, IMP, IEA, IGI","23","1.18","80.9"
"180","GO:0009890","negative regulation of biosynthetic process","NAS, ISS, TAS, IMP, ISO, IEA, IC, IGI, IDA","22","1.12","80.6"
"181","GO:0045934","negative regulation of nucleobase-containing compound metabolic process","NAS, ISS, TAS, IMP, ISO, IEA, IC, IGI, IDA","22","1.12","80.6"
"182","GO:0031327","negative regulation of cellular biosynthetic process","NAS, ISS, TAS, IMP, ISO, IEA, IC, IGI, IDA","22","1.12","80.6"
"183","GO:0010558","negative regulation of macromolecule biosynthetic process","NAS, ISS, TAS, IMP, ISO, IEA, IC, IGI, IDA","22","1.12","80.6"
"184","GO:0048856","anatomical structure development","TAS, ISS, IEP, IMP, IEA, IGI","22","1.12","80.6"
"185","GO:0007275","multicellular organismal development","TAS, ISS, IEP, IMP, IEA, IGI","22","1.12","80.6"
"186","GO:0051239","regulation of multicellular organismal process","TAS, ISS, IMP, ISO, IEA, IGI, IDA","19","0.971","79.8"
"187","GO:0048731","system development","TAS, ISS, IEP, IMP, IEA, IGI","22","1.12","80.6"
"188","GO:1903507","GO:1903507","NAS, ISS, TAS, IMP, ISO, IEA, IGI, IDA","22","1.12","80.6"
"189","GO:0051253","negative regulation of RNA metabolic process","NAS, ISS, TAS, IMP, ISO, IEA, IGI, IDA","22","1.12","80.6"
"190","GO:1902679","GO:1902679","NAS, ISS, TAS, IMP, ISO, IEA, IGI, IDA","22","1.12","80.6"
"191","GO:0048869","cellular developmental process","IEA, IMP, IEP, IGI, TAS","22","1.12","80.6"
"192","GO:2000113","negative regulation of cellular macromolecule biosynthetic process","NAS, ISS, TAS, IMP, ISO, IEA, IC, IGI, IDA","22","1.12","80.6"
"193","GO:0010629","negative regulation of gene expression","NAS, ISS, TAS, IMP, ISO, IEA, IGI, IDA","22","1.12","80.6"
"194","GO:0030154","cell differentiation","IEA, IMP, IEP, TAS","21","1.07","80.4"
"195","GO:0051716","cellular response to stimulus","NAS, ISS, IEP, IMP, ISO, IEA, IGI, IDA","15","0.767","78.6"
"196","GO:0009893","positive regulation of metabolic process","ISS, IMP, ISO, IEA, IGI, IDA","11","0.562","76.9"
"197","GO:0006950","response to stress","TAS, ISS, IEP, IMP, ISO, IEA, IGI, IDA","15","0.767","78.6"
"198","GO:0045595","regulation of cell differentiation","ISS, IMP, ISO, IEA, IGI, IDA","19","0.971","79.8"
"199","GO:0031325","positive regulation of cellular metabolic process","ISS, IMP, ISO, IEA, IGI, IDA","11","0.562","76.9"
"200","GO:0051128","regulation of cellular component organization","TAS, IMP, ISO, IEA, IC, IGI, IDA","9","0.46","75.8"
"201","GO:0010033","response to organic substance","NAS, IEP, IMP, ISO, IEA, IDA","11","0.562","76.9"
"202","GO:0006357","regulation of transcription from RNA polymerase II promoter","IEA, IMP, ISO, ISS, IDA","19","0.971","79.8"
"203","GO:0042221","response to chemical stimulus","NAS, IEP, IMP, ISO, IEA, IDA","11","0.562","76.9"
"204","GO:2000026","regulation of multicellular organismal development","TAS, ISS, IMP, ISO, IEA, IGI","15","0.767","78.6"
"205","GO:0051153","regulation of striated muscle cell differentiation","ISS, IMP, ISO, IEA, IGI, IDA","10","0.511","76.4"
"206","GO:0032879","regulation of localization","IEA, IMP, IC, ISO","13","0.665","77.8"
"207","GO:0010604","positive regulation of macromolecule metabolic process","ISS, IMP, ISO, IEA, IGI, IDA","11","0.562","76.9"
"208","GO:0000122","negative regulation of transcription from RNA polymerase II promoter","IEA, IMP, ISO, ISS, IDA","17","0.869","79.2"
"209","GO:0048583","regulation of response to stimulus","TAS, ISS, IMP, ISO, IEA, IDA","11","0.562","76.9"
"210","GO:0007399","nervous system development","IEA, IMP, IEP, TAS","16","0.818","78.9"
"211","GO:0009891","positive regulation of biosynthetic process","IEA, IMP, ISO, IGI, ISS","11","0.562","76.9"
"212","GO:0051270","regulation of cellular component movement","IEA, IMP, IC, ISO","13","0.665","77.8"
"213","GO:0040029","regulation of gene expression, epigenetic","TAS, NAS, IMP, ISO, IEA, IGI","13","0.665","77.8"
"214","GO:0033554","cellular response to stress","ISS, IEP, IMP, ISO, IEA, IGI, IDA","8","0.409","75.1"
"215","GO:0042113","B cell activation","TAS","8","0.409","75.1"
"216","GO:0033043","regulation of organelle organization","TAS, IMP, ISO, IEA, IC, IGI, IDA","6","0.307","73.6"
"217","GO:0051173","positive regulation of nitrogen compound metabolic process","IEA, IMP, IDA, IGI, ISS","11","0.562","76.9"
"218","GO:0070887","cellular response to chemical stimulus","NAS, IEP, IMP, ISO, IEA, IDA","10","0.511","76.4"
"219","GO:0051147","regulation of muscle cell differentiation","ISS, IMP, ISO, IEA, IGI, IDA","10","0.511","76.4"
"220","GO:0071310","cellular response to organic substance","NAS, IEP, IMP, ISO, IEA, IDA","10","0.511","76.4"
"221","GO:0010830","regulation of myotube differentiation","ISS, IMP, ISO, IEA, IGI, IDA","10","0.511","76.4"
"222","GO:0051093","negative regulation of developmental process","IEA, IMP, ISO, TAS","10","0.511","76.4"
"223","GO:0009894","regulation of catabolic process","TAS, ISS, IMP, ISO, IEA, IGI","7","0.358","74.4"
"224","GO:0051241","negative regulation of multicellular organismal process","IEA, IMP, TAS, ISO, IDA","10","0.511","76.4"
"225","GO:0010506","regulation of autophagy","IMP, ISO, IGI, TAS","4","0.204","71.4"
"226","GO:0051130","positive regulation of cellular component organization","IEA, IMP, ISO, IGI","7","0.358","74.4"
"227","GO:0031329","regulation of cellular catabolic process","TAS, ISS, IMP, ISO, IEA, IGI","7","0.358","74.4"
"228","GO:0010557","positive regulation of macromolecule biosynthetic process","IEA, IMP, ISO, IGI, ISS","11","0.562","76.9"
"229","GO:2000145","regulation of cell motility","IEA, IMP, ISO","13","0.665","77.8"
"230","GO:0040012","regulation of locomotion","IEA, IMP, ISO","13","0.665","77.8"
"231","GO:0048513","organ development","ISS, IMP, IGI, TAS","10","0.511","76.4"
"232","GO:0030334","regulation of cell migration","IEA, IMP, ISO","13","0.665","77.8"
"233","GO:0065009","regulation of molecular function","IEA, IMP, IC, ISO","10","0.511","76.4"
"234","GO:1901861","regulation of muscle tissue development","IEA, ISS, IGI, TAS","10","0.511","76.4"
"235","GO:0048634","regulation of muscle organ development","IEA, ISS, IGI, TAS","10","0.511","76.4"
"236","GO:0016202","regulation of striated muscle tissue development","IEA, ISS, IGI, TAS","10","0.511","76.4"
"237","GO:0051129","negative regulation of cellular component organization","IMP, ISO, IEA, IC, IGI, IDA","6","0.307","73.6"
"238","GO:0040017","positive regulation of locomotion","IEA, IMP, ISO","11","0.562","76.9"
"239","GO:0018205","peptidyl-lysine modification","IEA, IMP, IDA, ISO, TAS","11","0.562","76.9"
"240","GO:2000147","positive regulation of cell motility","IEA, IMP, ISO","11","0.562","76.9"
"241","GO:0051246","regulation of protein metabolic process","IEA, IMP, ISO, ISS, IDA","7","0.358","74.4"
"242","GO:0051272","positive regulation of cellular component movement","IEA, IMP, ISO","11","0.562","76.9"
"243","GO:0042493","response to drug","IEA, IMP, ISO, IDA","10","0.511","76.4"
"244","GO:0022008","neurogenesis","IEA, IMP, IEP","11","0.562","76.9"
"245","GO:0030335","positive regulation of cell migration","IEA, IMP, ISO","11","0.562","76.9"
"246","GO:0009056","catabolic process","IEA, IMP, ISO","4","0.204","71.4"
"247","GO:0018193","peptidyl-amino acid modification","IEA, IMP, IDA, ISO, TAS","11","0.562","76.9"
"248","GO:0044248","cellular catabolic process","IEA, IMP, ISO","4","0.204","71.4"
"249","GO:0032268","regulation of cellular protein metabolic process","IEA, IMP, ISO, ISS, IDA","7","0.358","74.4"
"250","GO:0010632","regulation of epithelial cell migration","IMP, ISO","10","0.511","76.4"
"251","GO:0090042","tubulin deacetylation","IDA","5","0.256","72.6"
"252","GO:0009653","anatomical structure morphogenesis","IEA, IMP","10","0.511","76.4"
"253","GO:0048468","cell development","IEA, IMP, IEP","10","0.511","76.4"
"254","GO:0009966","regulation of signal transduction","IMP, ISO, TAS","7","0.358","74.4"
"255","GO:0022607","cellular component assembly","IEA, IMP, IGI, TAS","7","0.358","74.4"
"256","GO:0051179","localization","IEA, IMP, ISO, IGI","6","0.307","73.6"
"257","GO:0051641","cellular localization","IEA, IMP, ISO, IGI","6","0.307","73.6"
"258","GO:0023051","regulation of signaling","IMP, ISO, TAS","7","0.358","74.4"
"259","GO:0010646","regulation of cell communication","IMP, ISO, TAS","7","0.358","74.4"
"260","GO:0045596","negative regulation of cell differentiation","IEA, IMP, ISO","7","0.358","74.4"
"261","GO:0045893","positive regulation of transcription, DNA-dependent","IEA, IMP, IGI, ISS","7","0.358","74.4"
"262","GO:0044087","regulation of cellular component biogenesis","IEA, IMP, ISO","7","0.358","74.4"
"263","GO:0044085","cellular component biogenesis","IEA, IMP, IGI, TAS","7","0.358","74.4"
"264","GO:0044089","positive regulation of cellular component biogenesis","IEA, IMP, ISO","7","0.358","74.4"
"265","GO:0002520","immune system development","IMP, TAS","9","0.46","75.8"
"266","GO:0060284","regulation of cell development","IEA, IMP, IGI, ISS","9","0.46","75.8"
"267","GO:0009636","response to toxic substance","IEA, IMP, ISO","5","0.256","72.6"
"268","GO:1901700","response to oxygen-containing compound","IEA, IMP, NAS, ISO, IDA","8","0.409","75.1"
"269","GO:0016241","regulation of macroautophagy","IMP, ISO, IGI","4","0.204","71.4"
"270","GO:0045935","positive regulation of nucleobase-containing compound metabolic process","IEA, IMP, IGI, ISS","7","0.358","74.4"
"271","GO:0002376","immune system process","IMP, TAS","9","0.46","75.8"
"272","GO:0034983","peptidyl-lysine deacetylation","IEA, IMP, ISO, IDA","9","0.46","75.8"
"273","GO:1902680","GO:1902680","IEA, IMP, IGI, ISS","7","0.358","74.4"
"274","GO:0048534","hematopoietic or lymphoid organ development","IMP, TAS","9","0.46","75.8"
"275","GO:0051254","positive regulation of RNA metabolic process","IEA, IMP, IGI, ISS","7","0.358","74.4"
"276","GO:0010628","positive regulation of gene expression","IEA, IMP, IGI, ISS","7","0.358","74.4"
"277","GO:0030097","hemopoiesis","IMP, TAS","9","0.46","75.8"
"278","GO:1903508","GO:1903508","IEA, IMP, IGI, ISS","7","0.358","74.4"
"279","GO:0031328","positive regulation of cellular biosynthetic process","IEA, IMP, IGI, ISS","7","0.358","74.4"
"280","GO:0010941","regulation of cell death","IEA, IMP, ISO, IDA","9","0.46","75.8"
"281","GO:0048699","generation of neurons","IEA, IMP, IEP","9","0.46","75.8"
"282","GO:0051788","response to misfolded protein","IEA, IMP, ISO","4","0.204","71.4"
"283","GO:0006886","intracellular protein transport","IMP, ISO","4","0.204","71.4"
"284","GO:0002521","leukocyte differentiation","TAS","8","0.409","75.1"
"285","GO:0043244","regulation of protein complex disassembly","IEA, IMP, ISO, IDA","4","0.204","71.4"
"286","GO:0043242","negative regulation of protein complex disassembly","IEA, IMP, ISO, IDA","4","0.204","71.4"
"287","GO:0044257","cellular protein catabolic process","IEA, IMP, ISO","4","0.204","71.4"
"288","GO:0010821","regulation of mitochondrion organization","ISO, IGI, TAS","4","0.204","71.4"
"289","GO:1901701","cellular response to oxygen-containing compound","IEA, IMP, IDA, ISO, NAS","7","0.358","74.4"
"290","GO:0010634","positive regulation of epithelial cell migration","IMP, ISO","8","0.409","75.1"
"291","GO:0045321","leukocyte activation","TAS","8","0.409","75.1"
"292","GO:0044265","cellular macromolecule catabolic process","IEA, IMP, ISO","4","0.204","71.4"
"293","GO:0051240","positive regulation of multicellular organismal process","IMP, ISO","8","0.409","75.1"
"294","GO:0009057","macromolecule catabolic process","IEA, IMP, ISO","4","0.204","71.4"
"295","GO:0030183","B cell differentiation","TAS","8","0.409","75.1"
"296","GO:0048584","positive regulation of response to stimulus","IMP, ISO, IDA","5","0.256","72.6"
"297","GO:1901565","organonitrogen compound catabolic process","IEA, IMP, ISO","4","0.204","71.4"
"298","GO:1903146","GO:1903146","ISO, IGI, TAS","4","0.204","71.4"
"299","GO:0006952","defense response","TAS","8","0.409","75.1"
"300","GO:0006954","inflammatory response","TAS","8","0.409","75.1"
"301","GO:0051603","proteolysis involved in cellular protein catabolic process","IEA, IMP, ISO","4","0.204","71.4"
"302","GO:0001775","cell activation","TAS","8","0.409","75.1"
"303","GO:0006508","proteolysis","IEA, IMP, ISO","4","0.204","71.4"
"304","GO:0035967","cellular response to topologically incorrect protein","IEA, IMP, ISO","4","0.204","71.4"
"305","GO:0035966","response to topologically incorrect protein","IEA, IMP, ISO","4","0.204","71.4"
"306","GO:0051640","organelle localization","IEA, IMP, ISO","4","0.204","71.4"
"307","GO:0046649","lymphocyte activation","TAS","8","0.409","75.1"
"308","GO:0030163","protein catabolic process","IEA, IMP, ISO","4","0.204","71.4"
"309","GO:1901575","organic substance catabolic process","IEA, IMP, ISO","4","0.204","71.4"
"310","GO:0045944","positive regulation of transcription from RNA polymerase II promoter","IEA, IMP","7","0.358","74.4"
"311","GO:0030098","lymphocyte differentiation","TAS","8","0.409","75.1"
"312","GO:0042325","regulation of phosphorylation","IEA, IMP, ISS","7","0.358","74.4"
"313","GO:0010639","negative regulation of organelle organization","IEA, IMP, IC, IGI, IDA","6","0.307","73.6"
"314","GO:0120036","GO:0120036","IEA, IMP, TAS","4","0.204","71.4"
"315","GO:0030030","cell projection organization","IEA, IMP, TAS","4","0.204","71.4"
"316","GO:0043067","regulation of programmed cell death","IEA, IMP, ISO, IDA","7","0.358","74.4"
"317","GO:0043068","positive regulation of programmed cell death","IEA, IMP, ISO, IDA","7","0.358","74.4"
"318","GO:0009605","response to external stimulus","IEA, IMP, IEP","7","0.358","74.4"
"319","GO:0051174","regulation of phosphorus metabolic process","IEA, IMP, ISS","7","0.358","74.4"
"320","GO:0032886","regulation of microtubule-based process","IEA, IC, IDA","4","0.204","71.4"
"321","GO:0051247","positive regulation of protein metabolic process","IEA, IMP, ISS, IDA","7","0.358","74.4"
"322","GO:0031399","regulation of protein modification process","IEA, IMP, ISS, IDA","7","0.358","74.4"
"323","GO:0019220","regulation of phosphate metabolic process","IEA, IMP, ISS","7","0.358","74.4"
"324","GO:0072359","circulatory system development","IEA, IMP, IGI, ISS","7","0.358","74.4"
"325","GO:0042127","regulation of cell proliferation","IEA, IMP, ISO, IDA","4","0.204","71.4"
"326","GO:0048641","regulation of skeletal muscle tissue development","IEA, ISS, IGI","7","0.358","74.4"
"327","GO:0031401","positive regulation of protein modification process","IEA, IMP, ISS, IDA","7","0.358","74.4"
"328","GO:0032270","positive regulation of cellular protein metabolic process","IEA, IMP, ISS, IDA","7","0.358","74.4"
"329","GO:0031334","positive regulation of protein complex assembly","IMP, ISO","4","0.204","71.4"
"330","GO:0030182","neuron differentiation","IEA, IEP, IMP","7","0.358","74.4"
"331","GO:0065008","regulation of biological quality","IMP, IC, ISO","7","0.358","74.4"
"332","GO:0043254","regulation of protein complex assembly","IMP, ISO","4","0.204","71.4"
"333","GO:0010942","positive regulation of cell death","IEA, IMP, ISO, IDA","7","0.358","74.4"
"334","GO:0048742","regulation of skeletal muscle fiber development","IEA, ISS, IGI","7","0.358","74.4"
"335","GO:0007154","cell communication","ISS, IMP, IEA, IEP","7","0.358","74.4"
"336","GO:0051195","negative regulation of cofactor metabolic process","IEA, ISS, IC, IMP","6","0.307","73.6"
"337","GO:0051193","regulation of cofactor metabolic process","IEA, ISS, IC, IMP","6","0.307","73.6"
"338","GO:1901342","regulation of vasculature development","IMP, ISO","6","0.307","73.6"
"339","GO:2000377","regulation of reactive oxygen species metabolic process","IEA, IMP, IC, ISO","6","0.307","73.6"
"340","GO:0090049","regulation of cell migration involved in sprouting angiogenesis","IMP, ISO","6","0.307","73.6"
"341","GO:0045668","negative regulation of osteoblast differentiation","IEA, IMP, ISO","6","0.307","73.6"
"342","GO:0008284","positive regulation of cell proliferation","IEA, IMP, ISO","4","0.204","71.4"
"343","GO:1901698","response to nitrogen compound","IEA, NAS, ISO, IDA","4","0.204","71.4"
"344","GO:0045765","regulation of angiogenesis","IMP, ISO","6","0.307","73.6"
"345","GO:1903670","GO:1903670","IMP, ISO","6","0.307","73.6"
"346","GO:0045667","regulation of osteoblast differentiation","IEA, IMP, ISO","6","0.307","73.6"
"347","GO:0044093","positive regulation of molecular function","IEA, IMP, ISO","6","0.307","73.6"
"348","GO:0044092","negative regulation of molecular function","IEA, IMP, IC, ISO","6","0.307","73.6"
"349","GO:0051090","regulation of sequence-specific DNA binding transcription factor activity","IEA, IMP, ISO","6","0.307","73.6"
"350","GO:0051091","positive regulation of sequence-specific DNA binding transcription factor activity","IEA, IMP, ISO","6","0.307","73.6"
"351","GO:0043535","regulation of blood vessel endothelial cell migration","IMP, ISO","6","0.307","73.6"
"352","GO:0010243","response to organonitrogen compound","IEA, NAS, ISO, IDA","4","0.204","71.4"
"353","GO:0022603","regulation of anatomical structure morphogenesis","IMP, ISO","6","0.307","73.6"
"354","GO:0034097","response to cytokine stimulus","IEA, IEP, ISO, IMP","3","0.153","69.8"
"355","GO:0030278","regulation of ossification","IEA, IMP, ISO","6","0.307","73.6"
"356","GO:0030279","negative regulation of ossification","IEA, IMP, ISO","6","0.307","73.6"
"357","GO:0009719","response to endogenous stimulus","IEA, IEP, IDA, ISO, NAS","6","0.307","73.6"
"358","GO:0032870","cellular response to hormone stimulus","IEA, IEP, IDA, ISO, NAS","6","0.307","73.6"
"359","GO:0071495","cellular response to endogenous stimulus","IEA, IEP, IDA, ISO, NAS","6","0.307","73.6"
"360","GO:0009725","response to hormone stimulus","IEA, IEP, IDA, ISO, NAS","6","0.307","73.6"
"361","GO:0071496","cellular response to external stimulus","IEA, IMP, IEP","6","0.307","73.6"
"362","GO:0010594","regulation of endothelial cell migration","IMP, ISO","6","0.307","73.6"
"363","GO:0098779","GO:0098779","ISO, IGI","4","0.204","71.4"
"364","GO:0070933","histone H4 deacetylation","IEA, ISO, IDA","5","0.256","72.6"
"365","GO:0016458","gene silencing","IMP, TAS, IGI, NAS","3","0.153","69.8"
"366","GO:0010638","positive regulation of organelle organization","ISO, IGI","4","0.204","71.4"
"367","GO:0009896","positive regulation of catabolic process","ISO, IGI","4","0.204","71.4"
"368","GO:1901862","negative regulation of muscle tissue development","TAS","5","0.256","72.6"
"369","GO:0048635","negative regulation of muscle organ development","TAS","5","0.256","72.6"
"370","GO:0032446","protein modification by small protein conjugation","IEA, IDA, TAS","5","0.256","72.6"
"371","GO:0006338","chromatin remodeling","ISS, IEA, TAS, ISO, IDA","5","0.256","72.6"
"372","GO:0010822","positive regulation of mitochondrion organization","ISO, IGI","4","0.204","71.4"
"373","GO:1903599","GO:1903599","ISO, IGI","4","0.204","71.4"
"374","GO:0008104","protein localization","IMP, ISO, IGI","5","0.256","72.6"
"375","GO:0010508","positive regulation of autophagy","ISO, IGI","4","0.204","71.4"
"376","GO:0033036","macromolecule localization","IMP, ISO, IGI","5","0.256","72.6"
"377","GO:0045843","negative regulation of striated muscle tissue development","TAS","5","0.256","72.6"
"378","GO:1901214","regulation of neuron death","IEA, IMP, ISO","5","0.256","72.6"
"379","GO:0051234","establishment of localization","IMP, ISO","5","0.256","72.6"
"380","GO:0006511","ubiquitin-dependent protein catabolic process","IEA, IMP","4","0.204","71.4"
"381","GO:0090257","regulation of muscle system process","IEA, ISS, IMP","3","0.153","69.8"
"382","GO:0044057","regulation of system process","IEA, ISS, IMP","3","0.153","69.8"
"383","GO:0104004","GO:0104004","IEA, IMP, IEP","5","0.256","72.6"
"384","GO:1901524","regulation of macromitophagy","ISO, IGI","4","0.204","71.4"
"385","GO:1901526","positive regulation of macromitophagy","ISO, IGI","4","0.204","71.4"
"386","GO:0016239","positive regulation of macroautophagy","ISO, IGI","4","0.204","71.4"
"387","GO:0043933","macromolecular complex subunit organization","IEA, IMP, IGI","5","0.256","72.6"
"388","GO:0051148","negative regulation of muscle cell differentiation","IEA, IMP, ISO","5","0.256","72.6"
"389","GO:0010832","negative regulation of myotube differentiation","IEA, IMP, ISO","5","0.256","72.6"
"390","GO:0071214","cellular response to abiotic stimulus","IEA, IMP, IEP","5","0.256","72.6"
"391","GO:1904925","GO:1904925","ISO, IGI","4","0.204","71.4"
"392","GO:0006810","transport","IMP, ISO","5","0.256","72.6"
"393","GO:1904923","GO:1904923","ISO, IGI","4","0.204","71.4"
"394","GO:0080134","regulation of response to stress","IMP, ISO, IDA","5","0.256","72.6"
"395","GO:0031331","positive regulation of cellular catabolic process","ISO, IGI","4","0.204","71.4"
"396","GO:0098780","GO:0098780","ISO, IGI","4","0.204","71.4"
"397","GO:0034613","cellular protein localization","IMP, ISO, IGI","5","0.256","72.6"
"398","GO:0051649","establishment of localization in cell","IMP, ISO","5","0.256","72.6"
"399","GO:0070727","cellular macromolecule localization","IMP, ISO, IGI","5","0.256","72.6"
"400","GO:0070647","protein modification by small protein conjugation or removal","IEA, IDA, TAS","5","0.256","72.6"
"401","GO:0043393","regulation of protein binding","IEA, IMP, ISO","5","0.256","72.6"
"402","GO:0051154","negative regulation of striated muscle cell differentiation","IEA, IMP, ISO","5","0.256","72.6"
"403","GO:0023052","signaling","ISS, IEA, IMP","5","0.256","72.6"
"404","GO:0009628","response to abiotic stimulus","IEA, IMP, IEP","5","0.256","72.6"
"405","GO:0051098","regulation of binding","IEA, IMP, ISO","5","0.256","72.6"
"406","GO:0040007","growth","IEA, IMP","5","0.256","72.6"
"407","GO:0061734","GO:0061734","ISO, IGI","4","0.204","71.4"
"408","GO:0016358","dendrite development","IEA, IMP","4","0.204","71.4"
"409","GO:2001038","regulation of cellular response to drug","ISO, IDA","4","0.204","71.4"
"410","GO:0001503","ossification","IEA, IMP","4","0.204","71.4"
"411","GO:0048589","developmental growth","IEA, IMP","4","0.204","71.4"
"412","GO:0051494","negative regulation of cytoskeleton organization","IEA, IDA","4","0.204","71.4"
"413","GO:0051493","regulation of cytoskeleton organization","IEA, IDA","4","0.204","71.4"
"414","GO:0099173","GO:0099173","IEA, IMP","4","0.204","71.4"
"415","GO:0042327","positive regulation of phosphorylation","IMP","4","0.204","71.4"
"416","GO:0032418","lysosome localization","IMP, ISO","4","0.204","71.4"
"417","GO:0000302","response to reactive oxygen species","IMP, ISO","4","0.204","71.4"
"418","GO:0010869","regulation of receptor biosynthetic process","IMP, ISO","4","0.204","71.4"
"419","GO:0031175","neuron projection development","IEA, IMP","4","0.204","71.4"
"420","GO:0035556","intracellular signal transduction","ISS, IEA, IMP","4","0.204","71.4"
"421","GO:0000904","cell morphogenesis involved in differentiation","IEA, IMP","4","0.204","71.4"
"422","GO:0000902","cell morphogenesis","IEA, IMP","4","0.204","71.4"
"423","GO:0070201","regulation of establishment of protein localization","IEA, IMP","4","0.204","71.4"
"424","GO:1901298","regulation of hydrogen peroxide-mediated programmed cell death","ISO, IDA","4","0.204","71.4"
"425","GO:1904018","GO:1904018","IMP, ISO","4","0.204","71.4"
"426","GO:0035239","tube morphogenesis","IEA, IMP","4","0.204","71.4"
"427","GO:0007409","axonogenesis","IEA, IMP","4","0.204","71.4"
"428","GO:0006979","response to oxidative stress","IMP, ISO","4","0.204","71.4"
"429","GO:0097237","cellular response to toxic substance","IMP, ISO","4","0.204","71.4"
"430","GO:0035690","cellular response to drug","IMP, ISO","4","0.204","71.4"
"431","GO:0043632","modification-dependent macromolecule catabolic process","IEA, IMP","4","0.204","71.4"
"432","GO:0019941","modification-dependent protein catabolic process","IEA, IMP","4","0.204","71.4"
"433","GO:1902884","GO:1902884","ISO, IDA","4","0.204","71.4"
"434","GO:1902882","GO:1902882","ISO, IDA","4","0.204","71.4"
"435","GO:0010595","positive regulation of endothelial cell migration","IMP, ISO","4","0.204","71.4"
"436","GO:0035295","tube development","IEA, IMP","4","0.204","71.4"
"437","GO:0032459","regulation of protein oligomerization","IMP, ISO","4","0.204","71.4"
"438","GO:1903672","GO:1903672","IMP, ISO","4","0.204","71.4"
"439","GO:0007165","signal transduction","ISS, IEA, IMP","4","0.204","71.4"
"440","GO:0070845","polyubiquitinated misfolded protein transport","IMP, ISO","4","0.204","71.4"
"441","GO:0070844","polyubiquitinated protein transport","IMP, ISO","4","0.204","71.4"
"442","GO:0070846","Hsp90 deacetylation","IMP","4","0.204","71.4"
"443","GO:0070841","inclusion body assembly","IMP, IGI","4","0.204","71.4"
"444","GO:0070843","misfolded protein transport","IMP, ISO","4","0.204","71.4"
"445","GO:0070842","aggresome assembly","IMP, IGI","4","0.204","71.4"
"446","GO:0060996","dendritic spine development","IEA, IMP","4","0.204","71.4"
"447","GO:0060997","dendritic spine morphogenesis","IEA, IMP","4","0.204","71.4"
"448","GO:1905206","GO:1905206","ISO, IDA","4","0.204","71.4"
"449","GO:2001023","regulation of response to drug","ISO, IDA","4","0.204","71.4"
"450","GO:0010035","response to inorganic substance","IMP, ISO","4","0.204","71.4"
"451","GO:2001025","positive regulation of response to drug","ISO, IDA","4","0.204","71.4"
"452","GO:0023056","positive regulation of signaling","IMP, ISO","4","0.204","71.4"
"453","GO:0016567","protein ubiquitination","IEA, IDA","4","0.204","71.4"
"454","GO:0042542","response to hydrogen peroxide","IMP, ISO","4","0.204","71.4"
"455","GO:0006515","misfolded or incompletely synthesized protein catabolic process","IMP, ISO","4","0.204","71.4"
"456","GO:0010562","positive regulation of phosphorus metabolic process","IMP","4","0.204","71.4"
"457","GO:0001944","vasculature development","IEA, IMP","3","0.153","69.8"
"458","GO:0000209","protein polyubiquitination","IEA, IDA","4","0.204","71.4"
"459","GO:0032880","regulation of protein localization","IEA, IMP","4","0.204","71.4"
"460","GO:0051248","negative regulation of protein metabolic process","IMP, ISO","4","0.204","71.4"
"461","GO:0070301","cellular response to hydrogen peroxide","IMP, ISO","4","0.204","71.4"
"462","GO:0048858","cell projection morphogenesis","IEA, IMP","4","0.204","71.4"
"463","GO:0090034","regulation of chaperone-mediated protein complex assembly","IMP, ISO","4","0.204","71.4"
"464","GO:1900407","regulation of cellular response to oxidative stress","ISO, IDA","4","0.204","71.4"
"465","GO:1900409","positive regulation of cellular response to oxidative stress","ISO, IDA","4","0.204","71.4"
"466","GO:1901033","positive regulation of response to reactive oxygen species","ISO, IDA","4","0.204","71.4"
"467","GO:1901031","regulation of response to reactive oxygen species","ISO, IDA","4","0.204","71.4"
"468","GO:0033138","positive regulation of peptidyl-serine phosphorylation","IMP","4","0.204","71.4"
"469","GO:0033135","regulation of peptidyl-serine phosphorylation","IMP","4","0.204","71.4"
"470","GO:0120039","GO:0120039","IEA, IMP","4","0.204","71.4"
"471","GO:0001649","osteoblast differentiation","IEA, IMP","4","0.204","71.4"
"472","GO:0045937","positive regulation of phosphate metabolic process","IMP","4","0.204","71.4"
"473","GO:0022411","cellular component disassembly","IEA, IGI","4","0.204","71.4"
"474","GO:0048588","developmental cell growth","IEA, IMP","4","0.204","71.4"
"475","GO:0009967","positive regulation of signal transduction","IMP, ISO","4","0.204","71.4"
"476","GO:1901880","negative regulation of protein depolymerization","IEA, IDA","4","0.204","71.4"
"477","GO:0045184","establishment of protein localization","IMP, ISO","4","0.204","71.4"
"478","GO:0043536","positive regulation of blood vessel endothelial cell migration","IMP, ISO","4","0.204","71.4"
"479","GO:0090035","positive regulation of chaperone-mediated protein complex assembly","IMP, ISO","4","0.204","71.4"
"480","GO:0070507","regulation of microtubule cytoskeleton organization","IEA, IDA","4","0.204","71.4"
"481","GO:0002076","osteoblast development","IEA, IMP","4","0.204","71.4"
"482","GO:0071260","cellular response to mechanical stimulus","IEA, IEP","4","0.204","71.4"
"483","GO:0071218","cellular response to misfolded protein","IEA, IMP","4","0.204","71.4"
"484","GO:0061564","axon development","IEA, IMP","4","0.204","71.4"
"485","GO:0046907","intracellular transport","IMP, ISO","4","0.204","71.4"
"486","GO:0070848","response to growth factor stimulus","IMP, ISO","4","0.204","71.4"
"487","GO:0015833","peptide transport","IMP, ISO","4","0.204","71.4"
"488","GO:0046677","response to antibiotic","IMP, ISO","4","0.204","71.4"
"489","GO:0009612","response to mechanical stimulus","IEA, IEP","4","0.204","71.4"
"490","GO:0043162","ubiquitin-dependent protein catabolic process via the multivesicular body sorting pathway","IEA, IMP","4","0.204","71.4"
"491","GO:0060560","developmental growth involved in morphogenesis","IEA, IMP","4","0.204","71.4"
"492","GO:1902904","GO:1902904","IEA, IDA","4","0.204","71.4"
"493","GO:1902903","GO:1902903","IEA, IDA","4","0.204","71.4"
"494","GO:0080135","regulation of cellular response to stress","ISO, IDA","4","0.204","71.4"
"495","GO:0032984","macromolecular complex disassembly","IEA, IGI","4","0.204","71.4"
"496","GO:0007026","negative regulation of microtubule depolymerization","IEA, IDA","4","0.204","71.4"
"497","GO:0048813","dendrite morphogenesis","IEA, IMP","4","0.204","71.4"
"498","GO:0045766","positive regulation of angiogenesis","IMP, ISO","4","0.204","71.4"
"499","GO:0032989","cellular component morphogenesis","IEA, IMP","4","0.204","71.4"
"500","GO:0048812","neuron projection morphogenesis","IEA, IMP","4","0.204","71.4"
"501","GO:0071702","organic substance transport","IMP, ISO","4","0.204","71.4"
"502","GO:0034614","cellular response to reactive oxygen species","IMP, ISO","4","0.204","71.4"
"503","GO:0051646","mitochondrion localization","IEA, IMP","4","0.204","71.4"
"504","GO:0034599","cellular response to oxidative stress","IMP, ISO","4","0.204","71.4"
"505","GO:0031110","regulation of microtubule polymerization or depolymerization","IEA, IDA","4","0.204","71.4"
"506","GO:0031111","negative regulation of microtubule polymerization or depolymerization","IEA, IDA","4","0.204","71.4"
"507","GO:0031114","regulation of microtubule depolymerization","IEA, IDA","4","0.204","71.4"
"508","GO:0071705","nitrogen compound transport","IMP, ISO","4","0.204","71.4"
"509","GO:0097061","dendritic spine organization","IEA, IMP","4","0.204","71.4"
"510","GO:1903205","GO:1903205","ISO, IDA","4","0.204","71.4"
"511","GO:1903201","GO:1903201","ISO, IDA","4","0.204","71.4"
"512","GO:1903209","GO:1903209","ISO, IDA","4","0.204","71.4"
"513","GO:0030162","regulation of proteolysis","IMP, ISO","4","0.204","71.4"
"514","GO:0010870","positive regulation of receptor biosynthetic process","IMP, ISO","4","0.204","71.4"
"515","GO:0010469","regulation of receptor activity","IMP, ISO","4","0.204","71.4"
"516","GO:1901879","regulation of protein depolymerization","IEA, IDA","4","0.204","71.4"
"517","GO:0016049","cell growth","IEA, IMP","4","0.204","71.4"
"518","GO:0007507","heart development","ISS, IGI","4","0.204","71.4"
"519","GO:0031647","regulation of protein stability","IMP, ISO","4","0.204","71.4"
"520","GO:0090050","positive regulation of cell migration involved in sprouting angiogenesis","IMP, ISO","4","0.204","71.4"
"521","GO:0050808","synapse organization","IEA, IMP","4","0.204","71.4"
"522","GO:0010647","positive regulation of cell communication","IMP, ISO","4","0.204","71.4"
"523","GO:0042886","amide transport","IMP, ISO","4","0.204","71.4"
"524","GO:0045598","regulation of fat cell differentiation","IEA, IMP","4","0.204","71.4"
"525","GO:0032269","negative regulation of cellular protein metabolic process","IMP, ISO","4","0.204","71.4"
"526","GO:0051094","positive regulation of developmental process","IMP, ISO","4","0.204","71.4"
"527","GO:0045861","negative regulation of proteolysis","IMP, ISO","4","0.204","71.4"
"528","GO:1901300","positive regulation of hydrogen peroxide-mediated programmed cell death","ISO, IDA","4","0.204","71.4"
"529","GO:0032461","positive regulation of protein oligomerization","IMP, ISO","4","0.204","71.4"
"530","GO:0048666","neuron development","IEA, IMP","4","0.204","71.4"
"531","GO:0048667","cell morphogenesis involved in neuron differentiation","IEA, IMP","4","0.204","71.4"
"532","GO:0071236","cellular response to antibiotic","IMP, ISO","4","0.204","71.4"
"533","GO:0048668","collateral sprouting","IEA, IMP","4","0.204","71.4"
"534","GO:2001040","positive regulation of cellular response to drug","ISO, IDA","4","0.204","71.4"
"535","GO:0032990","cell part morphogenesis","IEA, IMP","4","0.204","71.4"
"536","GO:0106027","GO:0106027","IEA, IMP","4","0.204","71.4"
"537","GO:0015031","protein transport","IMP, ISO","4","0.204","71.4"
"538","GO:0001932","regulation of protein phosphorylation","IMP","4","0.204","71.4"
"539","GO:0001934","positive regulation of protein phosphorylation","IMP","4","0.204","71.4"
"540","GO:0043525","positive regulation of neuron apoptotic process","IEA, IMP, ISO","3","0.153","69.8"
"541","GO:0001501","skeletal system development","IEA, IMP","3","0.153","69.8"
"542","GO:0033233","regulation of protein sumoylation","IEA, ISS, IDA","3","0.153","69.8"
"543","GO:0033235","positive regulation of protein sumoylation","IEA, ISS, IDA","3","0.153","69.8"
"544","GO:0051198","negative regulation of coenzyme metabolic process","IEA, ISS, IMP","3","0.153","69.8"
"545","GO:0010882","regulation of cardiac muscle contraction by calcium ion signaling","IEA, IMP","3","0.153","69.8"
"546","GO:0045820","negative regulation of glycolysis","IEA, ISS, IMP","3","0.153","69.8"
"547","GO:0120035","GO:0120035","IEA, IMP, ISO","3","0.153","69.8"
"548","GO:0120032","GO:0120032","IEA, IMP, ISO","3","0.153","69.8"
"549","GO:0120031","GO:0120031","TAS","3","0.153","69.8"
"550","GO:0051341","regulation of oxidoreductase activity","IC","3","0.153","69.8"
"551","GO:0045980","negative regulation of nucleotide metabolic process","IEA, ISS, IMP","3","0.153","69.8"
"552","GO:0006110","regulation of glycolysis","IEA, ISS, IMP","3","0.153","69.8"
"553","GO:0045912","negative regulation of carbohydrate metabolic process","IEA, ISS, IMP","3","0.153","69.8"
"554","GO:1903522","GO:1903522","IEA, IMP","3","0.153","69.8"
"555","GO:0060765","regulation of androgen receptor signaling pathway","TAS","3","0.153","69.8"
"556","GO:0071345","cellular response to cytokine stimulus","IEA, IEP","3","0.153","69.8"
"557","GO:2001251","negative regulation of chromosome organization","IMP, IC, IGI","2","0.102","67.6"
"558","GO:0009410","response to xenobiotic stimulus","IEA, IDA","3","0.153","69.8"
"559","GO:0030811","regulation of nucleotide catabolic process","IEA, ISS, IMP","3","0.153","69.8"
"560","GO:0008285","negative regulation of cell proliferation","IEA, IDA","3","0.153","69.8"
"561","GO:0010677","negative regulation of cellular carbohydrate metabolic process","IEA, ISS, IMP","3","0.153","69.8"
"562","GO:1902893","GO:1902893","IEA, IMP","3","0.153","69.8"
"563","GO:1901699","cellular response to nitrogen compound","NAS, ISO, IDA","3","0.153","69.8"
"564","GO:0030031","cell projection assembly","TAS","3","0.153","69.8"
"565","GO:0043065","positive regulation of apoptotic process","IEA, IMP, ISO","3","0.153","69.8"
"566","GO:0045814","negative regulation of gene expression, epigenetic","IMP, TAS, NAS","2","0.102","67.6"
"567","GO:0014854","response to inactivity","IEA, ISS, IMP","3","0.153","69.8"
"568","GO:0033044","regulation of chromosome organization","IMP, IC, IGI","2","0.102","67.6"
"569","GO:1903579","GO:1903579","IEA, ISS, IMP","3","0.153","69.8"
"570","GO:1903578","GO:1903578","IEA, ISS, IMP","3","0.153","69.8"
"571","GO:0043523","regulation of neuron apoptotic process","IEA, IMP, ISO","3","0.153","69.8"
"572","GO:0031344","regulation of cell projection organization","IEA, IMP, ISO","3","0.153","69.8"
"573","GO:0031346","positive regulation of cell projection organization","IEA, IMP, ISO","3","0.153","69.8"
"574","GO:0055117","regulation of cardiac muscle contraction","IEA, IMP","3","0.153","69.8"
"575","GO:0033143","regulation of intracellular steroid hormone receptor signaling pathway","TAS","3","0.153","69.8"
"576","GO:0042326","negative regulation of phosphorylation","IEA, ISS, IMP","3","0.153","69.8"
"577","GO:0061919","GO:0061919","IEA","3","0.153","69.8"
"578","GO:0023057","negative regulation of signaling","IMP, ISO","3","0.153","69.8"
"579","GO:1900372","negative regulation of purine nucleotide biosynthetic process","IEA, ISS, IMP","3","0.153","69.8"
"580","GO:1900371","regulation of purine nucleotide biosynthetic process","IEA, ISS, IMP","3","0.153","69.8"
"581","GO:0044782","cilium organization","TAS","3","0.153","69.8"
"582","GO:0034612","response to tumor necrosis factor","IEA, IEP","3","0.153","69.8"
"583","GO:0001568","blood vessel development","IEA, IMP","3","0.153","69.8"
"584","GO:0060271","cilium morphogenesis","TAS","3","0.153","69.8"
"585","GO:0050790","regulation of catalytic activity","IC","3","0.153","69.8"
"586","GO:1901216","positive regulation of neuron death","IEA, IMP, ISO","3","0.153","69.8"
"587","GO:0009895","negative regulation of catabolic process","IEA, ISS, IMP","3","0.153","69.8"
"588","GO:0014894","response to denervation involved in regulation of muscle adaptation","IEA, ISS, IMP","3","0.153","69.8"
"589","GO:0006109","regulation of carbohydrate metabolic process","IEA, ISS, IMP","3","0.153","69.8"
"590","GO:0010563","negative regulation of phosphorus metabolic process","IEA, ISS, IMP","3","0.153","69.8"
"591","GO:0071374","cellular response to parathyroid hormone stimulus","IEA, IEP","3","0.153","69.8"
"592","GO:0071375","cellular response to peptide hormone stimulus","NAS, ISO, IDA","3","0.153","69.8"
"593","GO:0010591","regulation of lamellipodium assembly","IEA, IMP, ISO","3","0.153","69.8"
"594","GO:0030809","negative regulation of nucleotide biosynthetic process","IEA, ISS, IMP","3","0.153","69.8"
"595","GO:0120034","GO:0120034","IEA, IMP, ISO","3","0.153","69.8"
"596","GO:0060491","regulation of cell projection assembly","IEA, IMP, ISO","3","0.153","69.8"
"597","GO:2001170","negative regulation of ATP biosynthetic process","IEA, ISS, IMP","3","0.153","69.8"
"598","GO:0006140","regulation of nucleotide metabolic process","IEA, ISS, IMP","3","0.153","69.8"
"599","GO:0043470","regulation of carbohydrate catabolic process","IEA, ISS, IMP","3","0.153","69.8"
"600","GO:0048585","negative regulation of response to stimulus","IMP, ISO","3","0.153","69.8"
"601","GO:0072358","cardiovascular system development","IEA, IMP","3","0.153","69.8"
"602","GO:1902894","GO:1902894","IEA, IMP","3","0.153","69.8"
"603","GO:0009968","negative regulation of signal transduction","IMP, ISO","3","0.153","69.8"
"604","GO:0010727","negative regulation of hydrogen peroxide metabolic process","IC","3","0.153","69.8"
"605","GO:0048514","blood vessel morphogenesis","IEA, IMP","3","0.153","69.8"
"606","GO:0043434","response to peptide hormone stimulus","NAS, ISO, IDA","3","0.153","69.8"
"607","GO:0043433","negative regulation of sequence-specific DNA binding transcription factor activity","IEA, IMP, ISO","3","0.153","69.8"
"608","GO:0030808","regulation of nucleotide biosynthetic process","IEA, ISS, IMP","3","0.153","69.8"
"609","GO:0071107","response to parathyroid hormone stimulus","IEA, IEP","3","0.153","69.8"
"610","GO:2000378","negative regulation of reactive oxygen species metabolic process","IC","3","0.153","69.8"
"611","GO:0042981","regulation of apoptotic process","IEA, IMP, ISO","3","0.153","69.8"
"612","GO:0010310","regulation of hydrogen peroxide metabolic process","IC","3","0.153","69.8"
"613","GO:0014877","response to muscle inactivity involved in regulation of muscle adaptation","IEA, ISS, IMP","3","0.153","69.8"
"614","GO:0014874","response to stimulus involved in regulation of muscle adaptation","IEA, ISS, IMP","3","0.153","69.8"
"615","GO:0014870","response to muscle inactivity","IEA, ISS, IMP","3","0.153","69.8"
"616","GO:1903320","GO:1903320","IEA, ISS, IDA","3","0.153","69.8"
"617","GO:0014911","positive regulation of smooth muscle cell migration","IEA, IMP, ISO","3","0.153","69.8"
"618","GO:1903322","GO:1903322","IEA, ISS, IDA","3","0.153","69.8"
"619","GO:0014910","regulation of smooth muscle cell migration","IEA, IMP, ISO","3","0.153","69.8"
"620","GO:0031330","negative regulation of cellular catabolic process","IEA, ISS, IMP","3","0.153","69.8"
"621","GO:0010675","regulation of cellular carbohydrate metabolic process","IEA, ISS, IMP","3","0.153","69.8"
"622","GO:0032869","cellular response to insulin stimulus","NAS, ISO, IDA","3","0.153","69.8"
"623","GO:0032868","response to insulin stimulus","NAS, ISO, IDA","3","0.153","69.8"
"624","GO:0062014","GO:0062014","IEA, ISS, IMP","3","0.153","69.8"
"625","GO:0043502","regulation of muscle adaptation","IEA, ISS, IMP","3","0.153","69.8"
"626","GO:0062012","GO:0062012","IEA, ISS, IMP","3","0.153","69.8"
"627","GO:0043467","regulation of generation of precursor metabolites and energy","IEA, ISS, IMP","3","0.153","69.8"
"628","GO:0006937","regulation of muscle contraction","IEA, IMP","3","0.153","69.8"
"629","GO:0006914","autophagy","IEA","3","0.153","69.8"
"630","GO:0070925","organelle assembly","TAS","3","0.153","69.8"
"631","GO:1901652","response to peptide","NAS, ISO, IDA","3","0.153","69.8"
"632","GO:1901653","cellular response to peptide","NAS, ISO, IDA","3","0.153","69.8"
"633","GO:0070555","response to interleukin-1","IEA, IMP, ISO","3","0.153","69.8"
"634","GO:0051196","regulation of coenzyme metabolic process","IEA, ISS, IMP","3","0.153","69.8"
"635","GO:0019722","calcium-mediated signaling","IEA, IMP","3","0.153","69.8"
"636","GO:0051354","negative regulation of oxidoreductase activity","IC","3","0.153","69.8"
"637","GO:1903426","GO:1903426","IEA, IMP, ISO","3","0.153","69.8"
"638","GO:0019932","second-messenger-mediated signaling","IEA, IMP","3","0.153","69.8"
"639","GO:2000379","positive regulation of reactive oxygen species metabolic process","IEA, IMP, ISO","3","0.153","69.8"
"640","GO:0071356","cellular response to tumor necrosis factor","IEA, IEP","3","0.153","69.8"
"641","GO:0045936","negative regulation of phosphate metabolic process","IEA, ISS, IMP","3","0.153","69.8"
"642","GO:2001169","regulation of ATP biosynthetic process","IEA, ISS, IMP","3","0.153","69.8"
"643","GO:0008016","regulation of heart contraction","IEA, IMP","3","0.153","69.8"
"644","GO:0071417","cellular response to organonitrogen compound","NAS, ISO, IDA","3","0.153","69.8"
"645","GO:0030812","negative regulation of nucleotide catabolic process","IEA, ISS, IMP","3","0.153","69.8"
"646","GO:0006942","regulation of striated muscle contraction","IEA, IMP","3","0.153","69.8"
"647","GO:0010648","negative regulation of cell communication","IMP, ISO","3","0.153","69.8"
"648","GO:0043086","negative regulation of catalytic activity","IC","3","0.153","69.8"
"649","GO:0006342","chromatin silencing","IMP, TAS, NAS","2","0.102","67.6"
"650","GO:1900543","negative regulation of purine nucleotide metabolic process","IEA, ISS, IMP","3","0.153","69.8"
"651","GO:0060632","regulation of microtubule-based movement","IC","3","0.153","69.8"
"652","GO:0010592","positive regulation of lamellipodium assembly","IEA, IMP, ISO","3","0.153","69.8"
"653","GO:1903428","GO:1903428","IEA, IMP, ISO","3","0.153","69.8"
"654","GO:0048660","regulation of smooth muscle cell proliferation","IEA, IMP, ISO","3","0.153","69.8"
"655","GO:0048661","positive regulation of smooth muscle cell proliferation","IEA, IMP, ISO","3","0.153","69.8"
"656","GO:1902745","GO:1902745","IEA, IMP, ISO","3","0.153","69.8"
"657","GO:1900542","regulation of purine nucleotide metabolic process","IEA, ISS, IMP","3","0.153","69.8"
"658","GO:1902743","GO:1902743","IEA, IMP, ISO","3","0.153","69.8"
"659","GO:0045216","cell-cell junction organization","IEA, IMP","2","0.102","67.6"
"660","GO:0034329","cell junction assembly","IEA, IMP","2","0.102","67.6"
"661","GO:1905268","GO:1905268","IMP, IGI","1","0.0511","63.9"
"662","GO:0009607","response to biotic stimulus","IEA, IMP","2","0.102","67.6"
"663","GO:0010633","negative regulation of epithelial cell migration","IMP, ISO","2","0.102","67.6"
"664","GO:0008219","cell death","ISS, IEP","2","0.102","67.6"
"665","GO:0032703","negative regulation of interleukin-2 production","ISO, IDA","2","0.102","67.6"
"666","GO:0048709","oligodendrocyte differentiation","IEA, IEP","2","0.102","67.6"
"667","GO:0009267","cellular response to starvation","IMP, IEP","2","0.102","67.6"
"668","GO:0014003","oligodendrocyte development","IEA, IEP","2","0.102","67.6"
"669","GO:0014070","response to organic cyclic compound","IEA, IDA","2","0.102","67.6"
"670","GO:0034330","cell junction organization","IEA, IMP","2","0.102","67.6"
"671","GO:1901223","negative regulation of NIK/NF-kappaB cascade","IMP, ISO","2","0.102","67.6"
"672","GO:0016525","negative regulation of angiogenesis","IMP, ISO","2","0.102","67.6"
"673","GO:2000181","negative regulation of blood vessel morphogenesis","IMP, ISO","2","0.102","67.6"
"674","GO:1901222","regulation of NIK/NF-kappaB cascade","IMP, ISO","2","0.102","67.6"
"675","GO:0042594","response to starvation","IMP, IEP","2","0.102","67.6"
"676","GO:0051960","regulation of nervous system development","IEA, IMP","2","0.102","67.6"
"677","GO:0060548","negative regulation of cell death","IMP, ISO","2","0.102","67.6"
"678","GO:0045815","positive regulation of gene expression, epigenetic","IMP, IGI","1","0.0511","63.9"
"679","GO:0000278","mitotic cell cycle","IPI, IGI","1","0.0511","63.9"
"680","GO:2000146","negative regulation of cell motility","IMP, ISO","2","0.102","67.6"
"681","GO:0040013","negative regulation of locomotion","IMP, ISO","2","0.102","67.6"
"682","GO:0010596","negative regulation of endothelial cell migration","IMP, ISO","2","0.102","67.6"
"683","GO:0000082","G1/S transition of mitotic cell cycle","IPI, IGI","1","0.0511","63.9"
"684","GO:0000083","regulation of transcription involved in G1/S phase of mitotic cell cycle","IPI, IGI","1","0.0511","63.9"
"685","GO:1903671","GO:1903671","IMP, ISO","2","0.102","67.6"
"686","GO:0045664","regulation of neuron differentiation","IEA, IMP","2","0.102","67.6"
"687","GO:0001302","replicative cell aging","IMP, IGI","1","0.0511","63.9"
"688","GO:0051704","multi-organism process","IEA","2","0.102","67.6"
"689","GO:0031668","cellular response to extracellular stimulus","IMP, IEP","2","0.102","67.6"
"690","GO:0031669","cellular response to nutrient levels","IMP, IEP","2","0.102","67.6"
"691","GO:0031667","response to nutrient levels","IMP, IEP","2","0.102","67.6"
"692","GO:0030447","filamentous growth","IMP","1","0.0511","63.9"
"693","GO:0003008","system process","IMP, TAS","2","0.102","67.6"
"694","GO:0009888","tissue development","IMP","2","0.102","67.6"
"695","GO:0007043","cell-cell junction assembly","IEA, IMP","2","0.102","67.6"
"696","GO:0007049","cell cycle","IPI, IGI","1","0.0511","63.9"
"697","GO:0050767","regulation of neurogenesis","IEA, IMP","2","0.102","67.6"
"698","GO:0051271","negative regulation of cellular component movement","IMP, ISO","2","0.102","67.6"
"699","GO:0043279","response to alkaloid","IEA, IDA","2","0.102","67.6"
"700","GO:0007613","memory","IMP","1","0.0511","63.9"
"701","GO:0072347","response to anesthetic","IEA, IDA","2","0.102","67.6"
"702","GO:1901343","negative regulation of vasculature development","IMP, ISO","2","0.102","67.6"
"703","GO:0032663","regulation of interleukin-2 production","ISO, IDA","2","0.102","67.6"
"704","GO:0042220","response to cocaine","IEA, IDA","2","0.102","67.6"
"705","GO:0060969","negative regulation of gene silencing","IMP, IGI","1","0.0511","63.9"
"706","GO:0060968","regulation of gene silencing","IMP, IGI","1","0.0511","63.9"
"707","GO:0001304","progressive alteration of chromatin involved in replicative cell aging","IMP, IGI","1","0.0511","63.9"
"708","GO:0001300","chronological cell aging","IMP, IGI","1","0.0511","63.9"
"709","GO:0001301","progressive alteration of chromatin involved in cell aging","IMP, IGI","1","0.0511","63.9"
"710","GO:0001308","negative regulation of chromatin silencing involved in replicative cell aging","IMP, IGI","1","0.0511","63.9"
"711","GO:1901215","negative regulation of neuron death","IMP, ISO","2","0.102","67.6"
"712","GO:0012501","programmed cell death","ISS, IEP","2","0.102","67.6"
"713","GO:0031936","negative regulation of chromatin silencing","IMP, IGI","1","0.0511","63.9"
"714","GO:0031935","regulation of chromatin silencing","IMP, IGI","1","0.0511","63.9"
"715","GO:0043537","negative regulation of blood vessel endothelial cell migration","IMP, ISO","2","0.102","67.6"
"716","GO:1902532","GO:1902532","IMP, ISO","2","0.102","67.6"
"717","GO:1902531","GO:1902531","IMP, ISO","2","0.102","67.6"
"718","GO:0001570","vasculogenesis","IEA, IMP","2","0.102","67.6"
"719","GO:0060215","primitive hemopoiesis","IMP","1","0.0511","63.9"
"720","GO:0044770","cell cycle phase transition","IPI, IGI","1","0.0511","63.9"
"721","GO:0001817","regulation of cytokine production","ISO, IDA","2","0.102","67.6"
"722","GO:0001818","negative regulation of cytokine production","ISO, IDA","2","0.102","67.6"
"723","GO:1902275","regulation of chromatin organization","IMP, IGI","1","0.0511","63.9"
"724","GO:0030336","negative regulation of cell migration","IMP, ISO","2","0.102","67.6"
"725","GO:0044843","GO:0044843","IPI, IGI","1","0.0511","63.9"
"726","GO:0006915","apoptotic process","ISS, IEP","2","0.102","67.6"
"727","GO:0010978","gene silencing involved in chronological cell aging","IMP, IGI","1","0.0511","63.9"
"728","GO:0022402","cell cycle process","IPI, IGI","1","0.0511","63.9"
"729","GO:0010001","glial cell differentiation","IEA, IEP","2","0.102","67.6"
"730","GO:0021782","glial cell development","IEA, IEP","2","0.102","67.6"
"731","GO:0042063","gliogenesis","IEA, IEP","2","0.102","67.6"
"732","GO:0090051","negative regulation of cell migration involved in sprouting angiogenesis","IMP, ISO","2","0.102","67.6"
"733","GO:0030466","chromatin silencing at silent mating-type cassette","IMP, NAS","1","0.0511","63.9"
"734","GO:0007417","central nervous system development","IEA, IEP","2","0.102","67.6"
"735","GO:0060359","response to ammonium ion","IEA, IDA","2","0.102","67.6"
"736","GO:0007568","aging","IMP, IGI","1","0.0511","63.9"
"737","GO:0007569","cell aging","IMP, IGI","1","0.0511","63.9"
"738","GO:0009991","response to extracellular stimulus","IMP, IEP","2","0.102","67.6"
"739","GO:1903047","GO:1903047","IPI, IGI","1","0.0511","63.9"
"740","GO:0044772","mitotic cell cycle phase transition","IPI, IGI","1","0.0511","63.9"
"741","GO:0022622","root system development","IMP","1","0.0511","63.9"
"742","GO:0001505","regulation of neurotransmitter levels","IMP","1","0.0511","63.9"
"743","GO:0043543","protein acylation","IDA","1","0.0511","63.9"
"744","GO:0043207","response to external biotic stimulus","IEA","1","0.0511","63.9"
"745","GO:0030856","regulation of epithelial cell differentiation","IMP","1","0.0511","63.9"
"746","GO:0006473","protein acetylation","IDA","1","0.0511","63.9"
"747","GO:0003299","muscle hypertrophy in response to stress","TAS","1","0.0511","63.9"
"748","GO:0006836","neurotransmitter transport","IMP","1","0.0511","63.9"
"749","GO:0036177","filamentous growth of a population of unicellular organisms in response to pH","IMP","1","0.0511","63.9"
"750","GO:0044281","small molecule metabolic process","IDA","1","0.0511","63.9"
"751","GO:0046626","regulation of insulin receptor signaling pathway","IMP","1","0.0511","63.9"
"752","GO:0048568","embryonic organ development","IMP","1","0.0511","63.9"
"753","GO:0009886","post-embryonic morphogenesis","IMP","1","0.0511","63.9"
"754","GO:0090558","GO:0090558","IMP","1","0.0511","63.9"
"755","GO:2000279","negative regulation of DNA biosynthetic process","IC","1","0.0511","63.9"
"756","GO:2000278","regulation of DNA biosynthetic process","IC","1","0.0511","63.9"
"757","GO:0009268","response to pH","IMP","1","0.0511","63.9"
"758","GO:0016999","antibiotic metabolic process","IDA","1","0.0511","63.9"
"759","GO:0001975","response to amphetamine","IEA","1","0.0511","63.9"
"760","GO:0099643","GO:0099643","IMP","1","0.0511","63.9"
"761","GO:0031497","chromatin assembly","IMP","1","0.0511","63.9"
"762","GO:0014075","response to amine stimulus","IEA","1","0.0511","63.9"
"763","GO:1900434","regulation of filamentous growth of a population of unicellular organisms in response to starvation","IMP","1","0.0511","63.9"
"764","GO:0022900","electron transport chain","IDA","1","0.0511","63.9"
"765","GO:0050877","neurological system process","IMP","1","0.0511","63.9"
"766","GO:0006974","response to DNA damage stimulus","ISS","1","0.0511","63.9"
"767","GO:0001655","urogenital system development","IMP","1","0.0511","63.9"
"768","GO:0010171","body morphogenesis","IMP","1","0.0511","63.9"
"769","GO:1900239","regulation of phenotypic switching","IMP","1","0.0511","63.9"
"770","GO:0006333","chromatin assembly or disassembly","IMP","1","0.0511","63.9"
"771","GO:1905392","GO:1905392","IMP","1","0.0511","63.9"
"772","GO:0045927","positive regulation of growth","IMP","1","0.0511","63.9"
"773","GO:0042592","homeostatic process","IMP","1","0.0511","63.9"
"774","GO:0006099","tricarboxylic acid cycle","IDA","1","0.0511","63.9"
"775","GO:0033993","response to lipid","IEA","1","0.0511","63.9"
"776","GO:0032210","regulation of telomere maintenance via telomerase","IC","1","0.0511","63.9"
"777","GO:0032211","negative regulation of telomere maintenance via telomerase","IC","1","0.0511","63.9"
"778","GO:0006101","citrate metabolic process","IDA","1","0.0511","63.9"
"779","GO:0031047","gene silencing by RNA","IMP","1","0.0511","63.9"
"780","GO:0006091","generation of precursor metabolites and energy","IDA","1","0.0511","63.9"
"781","GO:0014898","cardiac muscle hypertrophy in response to stress","TAS","1","0.0511","63.9"
"782","GO:1900443","regulation of filamentous growth of a population of unicellular organisms in response to biotic stimulus","IMP","1","0.0511","63.9"
"783","GO:0007616","long-term memory","IMP","1","0.0511","63.9"
"784","GO:0007610","behavior","IMP","1","0.0511","63.9"
"785","GO:0003012","muscle system process","TAS","1","0.0511","63.9"
"786","GO:0002262","myeloid cell homeostasis","IMP","1","0.0511","63.9"
"787","GO:0032101","regulation of response to external stimulus","IMP","1","0.0511","63.9"
"788","GO:0051053","negative regulation of DNA metabolic process","IC","1","0.0511","63.9"
"789","GO:0051052","regulation of DNA metabolic process","IC","1","0.0511","63.9"
"790","GO:0030218","erythrocyte differentiation","IMP","1","0.0511","63.9"
"791","GO:0045604","regulation of epidermal cell differentiation","IMP","1","0.0511","63.9"
"792","GO:1900077","negative regulation of cellular response to insulin stimulus","IMP","1","0.0511","63.9"
"793","GO:1900076","regulation of cellular response to insulin stimulus","IMP","1","0.0511","63.9"
"794","GO:0003300","cardiac muscle hypertrophy","TAS","1","0.0511","63.9"
"795","GO:0009790","embryo development","IMP","1","0.0511","63.9"
"796","GO:0002831","regulation of response to biotic stimulus","IMP","1","0.0511","63.9"
"797","GO:0061333","renal tubule morphogenesis","IMP","1","0.0511","63.9"
"798","GO:0002833","positive regulation of response to biotic stimulus","IMP","1","0.0511","63.9"
"799","GO:0035162","embryonic hemopoiesis","IMP","1","0.0511","63.9"
"800","GO:0010621","negative regulation of transcription by transcription factor localization","IGI","1","0.0511","63.9"
"801","GO:0070997","neuron death","IEP","1","0.0511","63.9"
"802","GO:0006366","transcription from RNA polymerase II promoter","IMP","1","0.0511","63.9"
"803","GO:1904356","GO:1904356","IC","1","0.0511","63.9"
"804","GO:1904357","GO:1904357","IC","1","0.0511","63.9"
"805","GO:0014897","striated muscle hypertrophy","TAS","1","0.0511","63.9"
"806","GO:0015980","energy derivation by oxidation of organic compounds","IDA","1","0.0511","63.9"
"807","GO:0050890","cognition","IMP","1","0.0511","63.9"
"808","GO:0014896","muscle hypertrophy","TAS","1","0.0511","63.9"
"809","GO:0032106","positive regulation of response to extracellular stimulus","IMP","1","0.0511","63.9"
"810","GO:0032107","regulation of response to nutrient levels","IMP","1","0.0511","63.9"
"811","GO:0032104","regulation of response to extracellular stimulus","IMP","1","0.0511","63.9"
"812","GO:0032103","positive regulation of response to external stimulus","IMP","1","0.0511","63.9"
"813","GO:0032109","positive regulation of response to nutrient levels","IMP","1","0.0511","63.9"
"814","GO:0035391","maintenance of chromatin silencing at silent mating-type cassette","NAS","1","0.0511","63.9"
"815","GO:0040011","locomotion","IMP","1","0.0511","63.9"
"816","GO:0071396","cellular response to lipid","IEA","1","0.0511","63.9"
"817","GO:0009405","pathogenesis","IEA","1","0.0511","63.9"
"818","GO:0090033","positive regulation of filamentous growth","IMP","1","0.0511","63.9"
"819","GO:0002237","response to molecule of bacterial origin","IEA","1","0.0511","63.9"
"820","GO:0034405","response to fluid shear stress","IDA","1","0.0511","63.9"
"821","GO:0001525","angiogenesis","IMP","1","0.0511","63.9"
"822","GO:0090627","GO:0090627","IMP","1","0.0511","63.9"
"823","GO:0072091","regulation of stem cell proliferation","IMP","1","0.0511","63.9"
"824","GO:0006323","DNA packaging","IMP","1","0.0511","63.9"
"825","GO:0046627","negative regulation of insulin receptor signaling pathway","IMP","1","0.0511","63.9"
"826","GO:0007269","neurotransmitter secretion","IMP","1","0.0511","63.9"
"827","GO:0032205","negative regulation of telomere maintenance","IC","1","0.0511","63.9"
"828","GO:0032204","regulation of telomere maintenance","IC","1","0.0511","63.9"
"829","GO:0007267","cell-cell signaling","IMP","1","0.0511","63.9"
"830","GO:0072350","tricarboxylic acid metabolic process","IDA","1","0.0511","63.9"
"831","GO:0022904","respiratory electron transport chain","IDA","1","0.0511","63.9"
"832","GO:0016573","histone acetylation","IDA","1","0.0511","63.9"
"833","GO:1900445","positive regulation of filamentous growth of a population of unicellular organisms in response to biotic stimulus","IMP","1","0.0511","63.9"
"834","GO:0071216","cellular response to biotic stimulus","IEA","1","0.0511","63.9"
"835","GO:0043436","oxoacid metabolic process","IDA","1","0.0511","63.9"
"836","GO:0007611","learning or memory","IMP","1","0.0511","63.9"
"837","GO:0055114","oxidation-reduction process","IDA","1","0.0511","63.9"
"838","GO:0098916","GO:0098916","IMP","1","0.0511","63.9"
"839","GO:0033555","multicellular organismal response to stress","IMP","1","0.0511","63.9"
"840","GO:0071103","DNA conformation change","IMP","1","0.0511","63.9"
"841","GO:0071219","cellular response to molecule of bacterial origin","IEA","1","0.0511","63.9"
"842","GO:0048646","anatomical structure formation involved in morphogenesis","IMP","1","0.0511","63.9"
"843","GO:0018393","internal peptidyl-lysine acetylation","IDA","1","0.0511","63.9"
"844","GO:0018394","peptidyl-lysine acetylation","IDA","1","0.0511","63.9"
"845","GO:0099402","GO:0099402","IMP","1","0.0511","63.9"
"846","GO:0045333","cellular respiration","IDA","1","0.0511","63.9"
"847","GO:0046903","secretion","IMP","1","0.0511","63.9"
"848","GO:1900743","positive regulation of filamentous growth of a population of unicellular organisms in response to pH","IMP","1","0.0511","63.9"
"849","GO:1900741","regulation of filamentous growth of a population of unicellular organisms in response to pH","IMP","1","0.0511","63.9"
"850","GO:0099536","GO:0099536","IMP","1","0.0511","63.9"
"851","GO:0099537","GO:0099537","IMP","1","0.0511","63.9"
"852","GO:0031938","regulation of chromatin silencing at telomere","IMP","1","0.0511","63.9"
"853","GO:0061326","renal tubule development","IMP","1","0.0511","63.9"
"854","GO:0014887","cardiac muscle adaptation","TAS","1","0.0511","63.9"
"855","GO:2000177","regulation of neural precursor cell proliferation","IMP","1","0.0511","63.9"
"856","GO:2000179","positive regulation of neural precursor cell proliferation","IMP","1","0.0511","63.9"
"857","GO:0071498","cellular response to fluid shear stress","IDA","1","0.0511","63.9"
"858","GO:0019752","carboxylic acid metabolic process","IDA","1","0.0511","63.9"
"859","GO:0072001","renal system development","IMP","1","0.0511","63.9"
"860","GO:0044182","filamentous growth of a population of unicellular organisms","IMP","1","0.0511","63.9"
"861","GO:0010570","regulation of filamentous growth","IMP","1","0.0511","63.9"
"862","GO:0071222","cellular response to lipopolysaccharide","IEA","1","0.0511","63.9"
"863","GO:0048364","root development","IMP","1","0.0511","63.9"
"864","GO:0043500","muscle adaptation","TAS","1","0.0511","63.9"
"865","GO:0048729","tissue morphogenesis","IMP","1","0.0511","63.9"
"866","GO:0023061","signal release","IMP","1","0.0511","63.9"
"867","GO:0010053","root epidermal cell differentiation","IMP","1","0.0511","63.9"
"868","GO:0071469","cellular response to alkalinity","IMP","1","0.0511","63.9"
"869","GO:0036166","phenotypic switching","IMP","1","0.0511","63.9"
"870","GO:0051707","response to other organism","IEA","1","0.0511","63.9"
"871","GO:0009617","response to bacterium","IEA","1","0.0511","63.9"
"872","GO:0060319","primitive erythrocyte differentiation","IMP","1","0.0511","63.9"
"873","GO:0044419","interspecies interaction between organisms","IEA","1","0.0511","63.9"
"874","GO:0014823","response to activity","IEA","1","0.0511","63.9"
"875","GO:0040032","post-embryonic body morphogenesis","IMP","1","0.0511","63.9"
"876","GO:0048872","homeostasis of number of cells","IMP","1","0.0511","63.9"
"877","GO:0010446","response to alkalinity","IMP","1","0.0511","63.9"
"878","GO:0097366","response to bronchodilator","IEA","1","0.0511","63.9"
"879","GO:0034101","erythrocyte homeostasis","IMP","1","0.0511","63.9"
"880","GO:0014888","striated muscle adaptation","TAS","1","0.0511","63.9"
"881","GO:0032940","secretion by cell","IMP","1","0.0511","63.9"
"882","GO:0032496","response to lipopolysaccharide","IEA","1","0.0511","63.9"
"883","GO:2000648","positive regulation of stem cell proliferation","IMP","1","0.0511","63.9"
"884","GO:1900430","positive regulation of filamentous growth of a population of unicellular organisms","IMP","1","0.0511","63.9"
"885","GO:0010015","root morphogenesis","IMP","1","0.0511","63.9"
"886","GO:1900436","positive regulation of filamentous growth of a population of unicellular organisms in response to starvation","IMP","1","0.0511","63.9"
"887","GO:1900428","regulation of filamentous growth of a population of unicellular organisms","IMP","1","0.0511","63.9"
"888","GO:0030702","chromatin silencing at centromere","IMP","1","0.0511","63.9"
"889","GO:0034728","nucleosome organization","IMP","1","0.0511","63.9"
"890","GO:0007268","synaptic transmission","IMP","1","0.0511","63.9"
"891","GO:0006348","chromatin silencing at telomere","IMP","1","0.0511","63.9"
"892","GO:0006344","maintenance of chromatin silencing","NAS","1","0.0511","63.9"
"893","GO:0060429","epithelium development","IMP","1","0.0511","63.9"
"894","GO:0060562","epithelial tube morphogenesis","IMP","1","0.0511","63.9"
"895","GO:0016925","protein sumoylation","TAS","1","0.0511","63.9"
"896","GO:0009791","post-embryonic development","IMP","1","0.0511","63.9"
"897","GO:0006082","organic acid metabolic process","IDA","1","0.0511","63.9"
"898","GO:0036170","filamentous growth of a population of unicellular organisms in response to starvation","IMP","1","0.0511","63.9"
"899","GO:0036180","filamentous growth of a population of unicellular organisms in response to biotic stimulus","IMP","1","0.0511","63.9"
"900","GO:0030099","myeloid cell differentiation","IMP","1","0.0511","63.9"
"901","GO:0017144","drug metabolic process","IDA","1","0.0511","63.9"
"902","GO:0001945","lymph vessel development","IMP","1","0.0511","63.9"
"903","GO:0000183","chromatin silencing at rDNA","IMP","1","0.0511","63.9"
"904","GO:0045682","regulation of epidermis development","IMP","1","0.0511","63.9"
"905","GO:0071824","protein-DNA complex subunit organization","IMP","1","0.0511","63.9"
"906","GO:0002009","morphogenesis of an epithelium","IMP","1","0.0511","63.9"
"907","GO:0006475","internal protein amino acid acetylation","IDA","1","0.0511","63.9"
"908","GO:0040008","regulation of growth","IMP","1","0.0511","63.9"
"909","GO:0071467","cellular response to pH","IMP","1","0.0511","63.9"
"910","GO:0051402","neuron apoptotic process","IEP","1","0.0511","63.9"
"911","GO:0009060","aerobic respiration","IDA","1","0.0511","63.9"
"912","GO:0016584","nucleosome positioning","IMP","1","0.0511","63.9"
"913","GO:0044424","intracellular part","CURATED, TAS, ISS, IPI, ISO, IEA, IDA","41","2.1","84"
"914","GO:0044464","cell part","CURATED, TAS, ISS, IPI, ISO, IEA, IDA","41","2.1","84"
"915","GO:0005623","cell","CURATED, TAS, ISS, IPI, ISO, IEA, IDA","41","2.1","84"
"916","GO:0005622","intracellular","CURATED, TAS, ISS, IPI, ISO, IEA, IDA","41","2.1","84"
"917","GO:0043229","intracellular organelle","CURATED, TAS, ISS, IPI, ISO, IEA, IDA","40","2.04","83.9"
"918","GO:0043226","organelle","CURATED, TAS, ISS, IPI, ISO, IEA, IDA","40","2.04","83.9"
"919","GO:0043227","membrane-bounded organelle","CURATED, TAS, ISS, IPI, ISO, IEA, IDA","40","2.04","83.9"
"920","GO:0005634","nucleus","CURATED, TAS, ISS, IPI, ISO, IEA, IDA","40","2.04","83.9"
"921","GO:0043231","intracellular membrane-bounded organelle","CURATED, TAS, ISS, IPI, ISO, IEA, IDA","40","2.04","83.9"
"922","GO:0005737","cytoplasm","CURATED, TAS, ISS, ISO, IEA, IDA","27","1.38","81.7"
"923","GO:0044422","organelle part","CURATED, TAS, ISS, IPI, ISO, IEA, IDA","25","1.28","81.3"
"924","GO:0044446","intracellular organelle part","CURATED, TAS, ISS, IPI, ISO, IEA, IDA","25","1.28","81.3"
"925","GO:0005654","nucleoplasm","TAS, ISS, IPI, ISO, IEA, IDA","25","1.28","81.3"
"926","GO:0031974","membrane-enclosed lumen","TAS, ISS, IPI, ISO, IEA, IDA","25","1.28","81.3"
"927","GO:0031981","nuclear lumen","TAS, ISS, IPI, ISO, IEA, IDA","25","1.28","81.3"
"928","GO:0043233","organelle lumen","TAS, ISS, IPI, ISO, IEA, IDA","25","1.28","81.3"
"929","GO:0044428","nuclear part","TAS, ISS, IPI, ISO, IEA, IDA","25","1.28","81.3"
"930","GO:0032991","macromolecular complex","TAS, ISS, IPI, ISO, IEA, IDA","25","1.28","81.3"
"931","GO:0070013","intracellular organelle lumen","TAS, ISS, IPI, ISO, IEA, IDA","25","1.28","81.3"
"932","GO:0044451","nucleoplasm part","TAS, ISS, IPI, ISO, IEA, IDA","25","1.28","81.3"
"933","GO:1902494","GO:1902494","TAS, ISS, IPI, ISO, IEA, IDA","25","1.28","81.3"
"934","GO:0044444","cytoplasmic part","IEA, ISS, TAS, ISO, IDA","13","0.665","77.8"
"935","GO:0000118","histone deacetylase complex","TAS, ISS, IPI, ISO, IEA, IDA","24","1.23","81.1"
"936","GO:0043232","intracellular non-membrane-bounded organelle","IEA, IPI, ISO, CURATED, IDA","10","0.511","76.4"
"937","GO:0043228","non-membrane-bounded organelle","IEA, IPI, ISO, CURATED, IDA","10","0.511","76.4"
"938","GO:0005856","cytoskeleton","IEA, ISO, IDA","7","0.358","74.4"
"939","GO:0044430","cytoskeletal part","IEA, ISO, IDA","7","0.358","74.4"
"940","GO:0005829","cytosol","ISS, ISO, IDA","13","0.665","77.8"
"941","GO:0015630","microtubule cytoskeleton","IEA, ISO, IDA","4","0.204","71.4"
"942","GO:0099512","GO:0099512","IEA, ISO, IDA","7","0.358","74.4"
"943","GO:0099080","GO:0099080","IEA, ISO, IDA","7","0.358","74.4"
"944","GO:0099081","GO:0099081","IEA, ISO, IDA","7","0.358","74.4"
"945","GO:0016234","inclusion body","ISO, IDA","4","0.204","71.4"
"946","GO:0099513","GO:0099513","IEA, ISO, IDA","4","0.204","71.4"
"947","GO:0005874","microtubule","IEA, ISO, IDA","4","0.204","71.4"
"948","GO:0044297","cell body","ISS, CURATED, IDA","4","0.204","71.4"
"949","GO:0042995","cell projection","ISS, CURATED, IDA","4","0.204","71.4"
"950","GO:0120025","GO:0120025","ISS, CURATED, IDA","4","0.204","71.4"
"951","GO:0043005","neuron projection","ISS, CURATED, IDA","4","0.204","71.4"
"952","GO:0097458","neuron part","ISS, CURATED, IDA","4","0.204","71.4"
"953","GO:0030424","axon","ISS, CURATED, IDA","4","0.204","71.4"
"954","GO:0016020","membrane","ISO, IDA","5","0.256","72.6"
"955","GO:0000790","nuclear chromatin","IPI, IDA","3","0.153","69.8"
"956","GO:0030425","dendrite","ISS, CURATED, IDA","4","0.204","71.4"
"957","GO:0120038","GO:0120038","ISS, CURATED, IDA","4","0.204","71.4"
"958","GO:0043025","neuronal cell body","ISS, CURATED, IDA","4","0.204","71.4"
"959","GO:0043204","perikaryon","ISS, CURATED, IDA","4","0.204","71.4"
"960","GO:0044427","chromosomal part","IPI, CURATED, IDA","3","0.153","69.8"
"961","GO:0012505","endomembrane system","IDA, ISO, TAS","5","0.256","72.6"
"962","GO:0005875","microtubule associated complex","IEA, ISO, IDA","4","0.204","71.4"
"963","GO:0030017","sarcomere","IEA, ISO, IDA","3","0.153","69.8"
"964","GO:0044463","cell projection part","ISS, CURATED, IDA","4","0.204","71.4"
"965","GO:0097447","dendritic tree","ISS, CURATED, IDA","4","0.204","71.4"
"966","GO:0005694","chromosome","IPI, CURATED, IDA","3","0.153","69.8"
"967","GO:0017053","transcriptional repressor complex","IEA, ISO, IDA","5","0.256","72.6"
"968","GO:0036477","GO:0036477","ISS, CURATED, IDA","4","0.204","71.4"
"969","GO:0044853","GO:0044853","ISO, IDA","4","0.204","71.4"
"970","GO:0098589","GO:0098589","ISO, IDA","4","0.204","71.4"
"971","GO:0044425","membrane part","ISO, IDA","4","0.204","71.4"
"972","GO:0098857","GO:0098857","ISO, IDA","4","0.204","71.4"
"973","GO:0098590","GO:0098590","ISO, IDA","4","0.204","71.4"
"974","GO:0000785","chromatin","IPI, IDA","3","0.153","69.8"
"975","GO:0000228","nuclear chromosome","IPI, IDA","3","0.153","69.8"
"976","GO:0048471","perinuclear region of cytoplasm","ISO, IDA","4","0.204","71.4"
"977","GO:0031252","cell leading edge","ISO, IDA","4","0.204","71.4"
"978","GO:0005901","caveola","ISO, IDA","4","0.204","71.4"
"979","GO:0044454","nuclear chromosome part","IPI, IDA","3","0.153","69.8"
"980","GO:0044459","plasma membrane part","ISO, IDA","4","0.204","71.4"
"981","GO:0016235","aggresome","ISO, IDA","4","0.204","71.4"
"982","GO:0071944","cell periphery","ISO, IDA","4","0.204","71.4"
"983","GO:0098805","GO:0098805","ISO, IDA","4","0.204","71.4"
"984","GO:0005886","plasma membrane","ISO, IDA","4","0.204","71.4"
"985","GO:0045121","membrane raft","ISO, IDA","4","0.204","71.4"
"986","GO:0031594","neuromuscular junction","IEA, IDA","3","0.153","69.8"
"987","GO:0031982","vesicle","TAS","3","0.153","69.8"
"988","GO:0005771","multivesicular body","TAS","3","0.153","69.8"
"989","GO:1990234","GO:1990234","ISS, IDA","3","0.153","69.8"
"990","GO:0034708","methyltransferase complex","ISS, IDA","3","0.153","69.8"
"991","GO:0016604","nuclear body","ISO, IDA","2","0.102","67.6"
"992","GO:0031672","A band","IEA, ISO, IDA","3","0.153","69.8"
"993","GO:0031674","I band","IEA, ISO, IDA","3","0.153","69.8"
"994","GO:0097708","GO:0097708","TAS","3","0.153","69.8"
"995","GO:0035097","histone methyltransferase complex","ISS, IDA","3","0.153","69.8"
"996","GO:0005770","late endosome","TAS","3","0.153","69.8"
"997","GO:0030016","myofibril","IEA, ISO, IDA","3","0.153","69.8"
"998","GO:0030018","Z disc","IEA, ISO, IDA","3","0.153","69.8"
"999","GO:0042641","actomyosin","IEA, IDA","3","0.153","69.8"
"1000","GO:0031410","cytoplasmic vesicle","TAS","3","0.153","69.8"
"1001","GO:0015629","actin cytoskeleton","IEA, IDA","3","0.153","69.8"
"1002","GO:0045202","synapse","IEA, IDA","3","0.153","69.8"
"1003","GO:0005881","cytoplasmic microtubule","IEA","3","0.153","69.8"
"1004","GO:0043292","contractile fiber","IEA, ISO, IDA","3","0.153","69.8"
"1005","GO:0044449","contractile fiber part","IEA, ISO, IDA","3","0.153","69.8"
"1006","GO:0005768","endosome","TAS","3","0.153","69.8"
"1007","GO:0005794","Golgi apparatus","ISO, IDA","2","0.102","67.6"
"1008","GO:0005667","transcription factor complex","ISO, IDA","2","0.102","67.6"
"1009","GO:0098687","GO:0098687","CURATED, IDA","1","0.0511","63.9"
"1010","GO:0090568","GO:0090568","IDA","2","0.102","67.6"
"1011","GO:0070823","HDA1 complex","IPI, IDA","1","0.0511","63.9"
"1012","GO:0016607","nuclear speck","ISO, IDA","2","0.102","67.6"
"1013","GO:0000775","chromosome, centromeric region","CURATED, IDA","1","0.0511","63.9"
"1014","GO:0030427","site of polarized growth","IDA","1","0.0511","63.9"
"1015","GO:0031618","nuclear centromeric heterochromatin","IDA","1","0.0511","63.9"
"1016","GO:0042764","ascospore-type prospore","IDA","1","0.0511","63.9"
"1017","GO:0042763","intracellular immature spore","IDA","1","0.0511","63.9"
"1018","GO:0030874","nucleolar chromatin","IDA","1","0.0511","63.9"
"1019","GO:0000792","heterochromatin","IDA","1","0.0511","63.9"
"1020","GO:0033553","rDNA heterochromatin","IDA","1","0.0511","63.9"
"1021","GO:0005935","cellular bud neck","IDA","1","0.0511","63.9"
"1022","GO:0000781","chromosome, telomeric region","CURATED","1","0.0511","63.9"
"1023","GO:0030286","dynein complex","IEA","1","0.0511","63.9"
"1024","GO:1990421","GO:1990421","IDA","1","0.0511","63.9"
"1025","GO:0005720","nuclear heterochromatin","IDA","1","0.0511","63.9"
"1026","GO:0005721","centromeric heterochromatin","IDA","1","0.0511","63.9"
"1027","GO:0031934","mating-type region heterochromatin","IDA","1","0.0511","63.9"
"1028","GO:0090571","GO:0090571","IDA","1","0.0511","63.9"
"1029","GO:0005730","nucleolus","IDA","1","0.0511","63.9"
"1030","GO:0005933","cellular bud","IDA","1","0.0511","63.9"
"1031","GO:0044452","nucleolar part","IDA","1","0.0511","63.9"
"1032","GO:1990707","GO:1990707","IDA","1","0.0511","63.9"
"1033","GO:0005628","prospore membrane","IDA","1","0.0511","63.9"
"1034","GO:0009536","plastid","IDA","1","0.0511","63.9"
"1035","GO:0070824","SHREC complex","IDA","1","0.0511","63.9"
"1036","GO:0005813","centrosome","ISO","1","0.0511","63.9"
"1037","GO:0005815","microtubule organizing center","ISO","1","0.0511","63.9"
"1038","GO:0009507","chloroplast","IDA","1","0.0511","63.9"
