"","V1","V2","V3","V4","V5","V6"
"1","ID","GO term","Evidence","SeqCount","Frequency","relative_fontsize"
"2","GO:0005488","binding","IMP, IBA, IPI, NAS, ISO, IEA, TAS, IDA","21","1.84","83.3"
"3","GO:0003824","catalytic activity","TAS, IBA, IMP, ISO, ISM, IEA, IDA","21","1.84","83.3"
"4","GO:0140096","GO:0140096","TAS, IBA, IMP, ISO, ISM, IDA","21","1.84","83.3"
"5","GO:0032451","demethylase activity","TAS, IBA, IMP, ISO, ISM, IDA","21","1.84","83.3"
"6","GO:0032452","histone demethylase activity","TAS, IBA, IMP, ISO, ISM, IDA","21","1.84","83.3"
"7","GO:0003676","nucleic acid binding","IEA, IBA, NAS, IDA","21","1.84","83.3"
"8","GO:0003677","DNA binding","IEA, IBA, NAS, IDA","21","1.84","83.3"
"9","GO:1901363","heterocyclic compound binding","IEA, IBA, NAS, IDA","21","1.84","83.3"
"10","GO:0097159","organic cyclic compound binding","IEA, IBA, NAS, IDA","21","1.84","83.3"
"11","GO:0000976","transcription regulatory region sequence-specific DNA binding","IEA, IBA, IDA","21","1.84","83.3"
"12","GO:1990837","GO:1990837","IEA, IBA, IDA","21","1.84","83.3"
"13","GO:0003690","double-stranded DNA binding","IEA, IBA, IDA","21","1.84","83.3"
"14","GO:0043565","sequence-specific DNA binding","IEA, IBA, IDA","21","1.84","83.3"
"15","GO:0001067","regulatory region nucleic acid binding","IEA, IBA, IDA","21","1.84","83.3"
"16","GO:0044212","transcription regulatory region DNA binding","IEA, IBA, IDA","21","1.84","83.3"
"17","GO:0032454","histone demethylase activity (H3-K9 specific)","IBA, ISO, IMP, IDA","21","1.84","83.3"
"18","GO:0031490","chromatin DNA binding","IBA","20","1.75","83.1"
"19","GO:0016491","oxidoreductase activity","IEA","20","1.75","83.1"
"20","GO:0043169","cation binding","IEA, IMP, ISO","20","1.75","83.1"
"21","GO:0043167","ion binding","IEA, IMP, ISO","20","1.75","83.1"
"22","GO:0046872","metal ion binding","IEA, IMP, ISO","20","1.75","83.1"
"23","GO:0003682","chromatin binding","IBA","20","1.75","83.1"
"24","GO:0051213","dioxygenase activity","IEA","17","1.49","82.2"
"25","GO:0140110","GO:0140110","IEA, NAS, IDA","8","0.702","78.1"
"26","GO:0005515","protein binding","TAS, IPI, ISO, IDA","8","0.702","78.1"
"27","GO:0035257","nuclear hormone receptor binding","TAS, IPI, ISO, IDA","8","0.702","78.1"
"28","GO:0008134","transcription factor binding","TAS, IPI, ISO, IDA","8","0.702","78.1"
"29","GO:0051427","hormone receptor binding","TAS, IPI, ISO, IDA","8","0.702","78.1"
"30","GO:0005102","receptor binding","TAS, IPI, ISO, IDA","8","0.702","78.1"
"31","GO:0016209","antioxidant activity","IEA, ISO","7","0.614","77.4"
"32","GO:0003700","sequence-specific DNA binding transcription factor activity","IEA, NAS, IDA","6","0.526","76.5"
"33","GO:0001012","RNA polymerase II regulatory region DNA binding","IEA, IDA","5","0.439","75.5"
"34","GO:0046914","transition metal ion binding","IMP, ISO","5","0.439","75.5"
"35","GO:0035258","steroid hormone receptor binding","ISO, IDA","5","0.439","75.5"
"36","GO:0001047","core promoter binding","IEA, IDA","5","0.439","75.5"
"37","GO:0001046","core promoter sequence-specific DNA binding","IEA, IDA","5","0.439","75.5"
"38","GO:0005506","iron ion binding","IMP, ISO","5","0.439","75.5"
"39","GO:0050681","androgen receptor binding","ISO, IDA","5","0.439","75.5"
"40","GO:0000979","RNA polymerase II core promoter sequence-specific DNA binding","IEA, IDA","5","0.439","75.5"
"41","GO:0000977","RNA polymerase II regulatory region sequence-specific DNA binding","IEA, IDA","5","0.439","75.5"
"42","GO:0003714","transcription corepressor activity","IEA, IDA","3","0.263","72.8"
"43","GO:0003712","transcription cofactor activity","IEA, IDA","3","0.263","72.8"
"44","GO:0046966","thyroid hormone receptor binding","IPI, ISO, TAS","3","0.263","72.8"
"45","GO:0019899","enzyme binding","ISO, IDA","2","0.175","70.6"
"46","GO:0042809","vitamin D receptor binding","IPI, ISO","2","0.175","70.6"
"47","GO:0042826","histone deacetylase binding","ISO, IDA","2","0.175","70.6"
"48","GO:0009987","cellular process","TAS, IBA, IMP, ISO, ISM, IEP, IEA, IDA","21","1.84","83.3"
"49","GO:0006807","nitrogen compound metabolic process","TAS, IBA, IMP, ISO, ISM, IEA, IDA","21","1.84","83.3"
"50","GO:0044260","cellular macromolecule metabolic process","TAS, IBA, IMP, ISO, ISM, IEA, IDA","21","1.84","83.3"
"51","GO:0008152","metabolic process","TAS, IBA, IMP, ISO, ISM, IEA, IDA","21","1.84","83.3"
"52","GO:0043170","macromolecule metabolic process","TAS, IBA, IMP, ISO, ISM, IEA, IDA","21","1.84","83.3"
"53","GO:0071704","organic substance metabolic process","TAS, IBA, IMP, ISO, ISM, IEA, IDA","21","1.84","83.3"
"54","GO:0044238","primary metabolic process","TAS, IBA, IMP, ISO, ISM, IEA, IDA","21","1.84","83.3"
"55","GO:0044237","cellular metabolic process","TAS, IBA, IMP, ISO, ISM, IEA, IDA","21","1.84","83.3"
"56","GO:0071840","cellular component organization or biogenesis","TAS, IBA, IMP, ISO, ISM, IEA, IDA","21","1.84","83.3"
"57","GO:0016043","cellular component organization","TAS, IBA, IMP, ISO, ISM, IEA, IDA","21","1.84","83.3"
"58","GO:0016570","histone modification","TAS, IBA, IMP, ISO, ISM, IEA, IDA","21","1.84","83.3"
"59","GO:1901564","organonitrogen compound metabolic process","TAS, IBA, IMP, ISO, ISM, IEA, IDA","21","1.84","83.3"
"60","GO:0019538","protein metabolic process","TAS, IBA, IMP, ISO, ISM, IEA, IDA","21","1.84","83.3"
"61","GO:0016569","covalent chromatin modification","TAS, IBA, IMP, ISO, ISM, IEA, IDA","21","1.84","83.3"
"62","GO:0043412","macromolecule modification","TAS, IBA, IMP, ISO, ISM, IEA, IDA","21","1.84","83.3"
"63","GO:0036211","protein modification process","TAS, IBA, IMP, ISO, ISM, IEA, IDA","21","1.84","83.3"
"64","GO:0033169","histone H3-K9 demethylation","IBA, ISO, IMP, IDA","21","1.84","83.3"
"65","GO:0006325","chromatin organization","TAS, IBA, IMP, ISO, ISM, IEA, IDA","21","1.84","83.3"
"66","GO:0044267","cellular protein metabolic process","TAS, IBA, IMP, ISO, ISM, IEA, IDA","21","1.84","83.3"
"67","GO:0006464","cellular protein modification process","TAS, IBA, IMP, ISO, ISM, IEA, IDA","21","1.84","83.3"
"68","GO:0006996","organelle organization","TAS, IBA, IMP, ISO, ISM, IEA, IDA","21","1.84","83.3"
"69","GO:0051276","chromosome organization","TAS, IBA, IMP, ISO, ISM, IEA, IDA","21","1.84","83.3"
"70","GO:0065007","biological regulation","NAS, IBA, TAS, IMP, ISO, IEA, IGI, IDA","21","1.84","83.3"
"71","GO:0050789","regulation of biological process","NAS, IBA, TAS, IMP, ISO, IEA, IGI, IDA","21","1.84","83.3"
"72","GO:0016577","histone demethylation","TAS, IBA, IMP, ISO, ISM, IDA","21","1.84","83.3"
"73","GO:0070988","demethylation","TAS, IBA, IMP, ISO, ISM, IDA","21","1.84","83.3"
"74","GO:0008214","protein dealkylation","TAS, IBA, IMP, ISO, ISM, IDA","21","1.84","83.3"
"75","GO:0006482","protein demethylation","TAS, IBA, IMP, ISO, ISM, IDA","21","1.84","83.3"
"76","GO:0050794","regulation of cellular process","IMP, IBA, TAS, NAS, ISO, IEA, IDA","21","1.84","83.3"
"77","GO:0019222","regulation of metabolic process","IMP, IBA, TAS, NAS, ISO, IEA, IDA","21","1.84","83.3"
"78","GO:0060255","regulation of macromolecule metabolic process","IMP, IBA, TAS, NAS, ISO, IEA, IDA","21","1.84","83.3"
"79","GO:0010468","regulation of gene expression","IMP, IBA, TAS, NAS, ISO, IEA, IDA","21","1.84","83.3"
"80","GO:0080090","regulation of primary metabolic process","IMP, IBA, TAS, NAS, ISO, IEA, IDA","21","1.84","83.3"
"81","GO:0031323","regulation of cellular metabolic process","IMP, IBA, TAS, NAS, ISO, IEA, IDA","21","1.84","83.3"
"82","GO:0051171","regulation of nitrogen compound metabolic process","IMP, IBA, TAS, NAS, ISO, IEA, IDA","21","1.84","83.3"
"83","GO:2000112","regulation of cellular macromolecule biosynthetic process","IMP, IBA, TAS, NAS, ISO, IEA, IDA","21","1.84","83.3"
"84","GO:2001141","regulation of RNA biosynthetic process","IMP, IBA, TAS, NAS, ISO, IEA, IDA","21","1.84","83.3"
"85","GO:0009889","regulation of biosynthetic process","IMP, IBA, TAS, NAS, ISO, IEA, IDA","21","1.84","83.3"
"86","GO:0006355","regulation of transcription, DNA-dependent","IMP, IBA, TAS, NAS, ISO, IEA, IDA","21","1.84","83.3"
"87","GO:0010556","regulation of macromolecule biosynthetic process","IMP, IBA, TAS, NAS, ISO, IEA, IDA","21","1.84","83.3"
"88","GO:1903506","GO:1903506","IMP, IBA, TAS, NAS, ISO, IEA, IDA","21","1.84","83.3"
"89","GO:0051252","regulation of RNA metabolic process","IMP, IBA, TAS, NAS, ISO, IEA, IDA","21","1.84","83.3"
"90","GO:0031326","regulation of cellular biosynthetic process","IMP, IBA, TAS, NAS, ISO, IEA, IDA","21","1.84","83.3"
"91","GO:0019219","regulation of nucleobase-containing compound metabolic process","IMP, IBA, TAS, NAS, ISO, IEA, IDA","21","1.84","83.3"
"92","GO:0070076","histone lysine demethylation","IBA, ISO, IMP, IDA","21","1.84","83.3"
"93","GO:1901576","organic substance biosynthetic process","IEA, ISO, IDA","20","1.75","83.1"
"94","GO:0044249","cellular biosynthetic process","IEA, ISO, IDA","20","1.75","83.1"
"95","GO:0009058","biosynthetic process","IEA, ISO, IDA","20","1.75","83.1"
"96","GO:1901362","organic cyclic compound biosynthetic process","IEA","20","1.75","83.1"
"97","GO:0055114","oxidation-reduction process","IEA","20","1.75","83.1"
"98","GO:0046483","heterocycle metabolic process","IEA","20","1.75","83.1"
"99","GO:0019438","aromatic compound biosynthetic process","IEA","20","1.75","83.1"
"100","GO:0097659","GO:0097659","IEA","20","1.75","83.1"
"101","GO:1901360","organic cyclic compound metabolic process","IEA","20","1.75","83.1"
"102","GO:0018130","heterocycle biosynthetic process","IEA","20","1.75","83.1"
"103","GO:0034654","nucleobase-containing compound biosynthetic process","IEA","20","1.75","83.1"
"104","GO:0016070","RNA metabolic process","IEA","20","1.75","83.1"
"105","GO:0044271","cellular nitrogen compound biosynthetic process","IEA","20","1.75","83.1"
"106","GO:0006351","transcription, DNA-dependent","IEA","20","1.75","83.1"
"107","GO:0032774","RNA biosynthetic process","IEA","20","1.75","83.1"
"108","GO:0034641","cellular nitrogen compound metabolic process","IEA","20","1.75","83.1"
"109","GO:0034645","cellular macromolecule biosynthetic process","IEA","20","1.75","83.1"
"110","GO:0006139","nucleobase-containing compound metabolic process","IEA","20","1.75","83.1"
"111","GO:0006725","cellular aromatic compound metabolic process","IEA","20","1.75","83.1"
"112","GO:0090304","nucleic acid metabolic process","IEA","20","1.75","83.1"
"113","GO:0010467","gene expression","IEA","20","1.75","83.1"
"114","GO:0009059","macromolecule biosynthetic process","IEA","20","1.75","83.1"
"115","GO:0050896","response to stimulus","IEA, IEP, TAS, ISO, IDA","14","1.23","81.1"
"116","GO:0051716","cellular response to stimulus","IEA, IEP, ISO, IDA","12","1.05","80.3"
"117","GO:0070887","cellular response to chemical stimulus","IEA, IEP, ISO, IDA","12","1.05","80.3"
"118","GO:0042221","response to chemical stimulus","IEA, IEP, ISO, IDA","12","1.05","80.3"
"119","GO:0010628","positive regulation of gene expression","IEA, IMP, ISO, IDA","7","0.614","77.4"
"120","GO:0048518","positive regulation of biological process","IEA, IMP, ISO, IDA","8","0.702","78.1"
"121","GO:0010604","positive regulation of macromolecule metabolic process","IEA, IMP, ISO, IDA","7","0.614","77.4"
"122","GO:0009893","positive regulation of metabolic process","IEA, IMP, ISO, IDA","7","0.614","77.4"
"123","GO:0048522","positive regulation of cellular process","IEA, IMP, ISO, IDA","6","0.526","76.5"
"124","GO:0009755","hormone-mediated signaling pathway","ISO, IDA","5","0.439","75.5"
"125","GO:0071310","cellular response to organic substance","IEA, IEP, ISO, IDA","5","0.439","75.5"
"126","GO:0048519","negative regulation of biological process","IEA, IMP, ISO, IDA","9","0.789","78.7"
"127","GO:1902680","GO:1902680","IEA, IMP, ISO, IDA","5","0.439","75.5"
"128","GO:0010033","response to organic substance","IEA, IEP, ISO, IDA","5","0.439","75.5"
"129","GO:0009891","positive regulation of biosynthetic process","IEA, IMP, ISO, IDA","5","0.439","75.5"
"130","GO:0010557","positive regulation of macromolecule biosynthetic process","IEA, IMP, ISO, IDA","5","0.439","75.5"
"131","GO:0045893","positive regulation of transcription, DNA-dependent","IEA, IMP, ISO, IDA","5","0.439","75.5"
"132","GO:0051254","positive regulation of RNA metabolic process","IEA, IMP, ISO, IDA","5","0.439","75.5"
"133","GO:0031328","positive regulation of cellular biosynthetic process","IEA, IMP, ISO, IDA","5","0.439","75.5"
"134","GO:0031325","positive regulation of cellular metabolic process","IEA, IMP, ISO, IDA","5","0.439","75.5"
"135","GO:1903508","GO:1903508","IEA, IMP, ISO, IDA","5","0.439","75.5"
"136","GO:0045935","positive regulation of nucleobase-containing compound metabolic process","IEA, IMP, ISO, IDA","5","0.439","75.5"
"137","GO:0051173","positive regulation of nitrogen compound metabolic process","IEA, IMP, ISO, IDA","5","0.439","75.5"
"138","GO:0032501","multicellular organismal process","IEA, IMP, TAS, IEP","8","0.702","78.1"
"139","GO:0048523","negative regulation of cellular process","IEA, IMP, IDA","9","0.789","78.7"
"140","GO:0010605","negative regulation of macromolecule metabolic process","IEA, IMP, IDA","8","0.702","78.1"
"141","GO:0009892","negative regulation of metabolic process","IEA, IMP, IDA","8","0.702","78.1"
"142","GO:0000003","reproduction","IEA, IMP, IEP","7","0.614","77.4"
"143","GO:0032502","developmental process","IEA, IMP, IEP","7","0.614","77.4"
"144","GO:0031324","negative regulation of cellular metabolic process","IEA, IMP, IDA","8","0.702","78.1"
"145","GO:0022414","reproductive process","IEA, IMP, IEP","7","0.614","77.4"
"146","GO:0051172","negative regulation of nitrogen compound metabolic process","IEA, IMP, IDA","8","0.702","78.1"
"147","GO:0007283","spermatogenesis","IEA, IMP","6","0.526","76.5"
"148","GO:0048869","cellular developmental process","IEA, IMP","7","0.614","77.4"
"149","GO:0098869","GO:0098869","IEA, ISO","7","0.614","77.4"
"150","GO:0072718","response to cisplatin","IEA, ISO","7","0.614","77.4"
"151","GO:0003006","developmental process involved in reproduction","IEA, IMP, IEP","7","0.614","77.4"
"152","GO:1990748","GO:1990748","IEA, ISO","7","0.614","77.4"
"153","GO:0098754","GO:0098754","IEA, ISO","7","0.614","77.4"
"154","GO:0050793","regulation of developmental process","IEA, IMP, IGI","5","0.439","75.5"
"155","GO:0030154","cell differentiation","IEA, IMP","7","0.614","77.4"
"156","GO:0097237","cellular response to toxic substance","IEA, ISO","7","0.614","77.4"
"157","GO:0042493","response to drug","IEA, ISO","7","0.614","77.4"
"158","GO:0097327","response to antineoplastic agent","IEA, ISO","7","0.614","77.4"
"159","GO:0048856","anatomical structure development","IEA, IMP, IEP","7","0.614","77.4"
"160","GO:0009636","response to toxic substance","IEA, ISO","7","0.614","77.4"
"161","GO:0048468","cell development","IEA, IMP","6","0.526","76.5"
"162","GO:0051704","multi-organism process","IEA, IMP","6","0.526","76.5"
"163","GO:0044703","multi-organism reproductive process","IEA, IMP","6","0.526","76.5"
"164","GO:0033044","regulation of chromosome organization","IEA, IMP","6","0.526","76.5"
"165","GO:0033043","regulation of organelle organization","IEA, IMP","6","0.526","76.5"
"166","GO:0019953","sexual reproduction","IEA, IMP","6","0.526","76.5"
"167","GO:0051128","regulation of cellular component organization","IEA, IMP","6","0.526","76.5"
"168","GO:0048609","multicellular organismal reproductive process","IEA, IMP","6","0.526","76.5"
"169","GO:0032504","multicellular organism reproduction","IEA, IMP","6","0.526","76.5"
"170","GO:0048232","male gamete generation","IEA, IMP","6","0.526","76.5"
"171","GO:1902275","regulation of chromatin organization","IEA, IMP","6","0.526","76.5"
"172","GO:0007276","gamete generation","IEA, IMP","6","0.526","76.5"
"173","GO:0006479","protein methylation","IEA, IDA","5","0.439","75.5"
"174","GO:2000736","regulation of stem cell differentiation","IEA, IMP","5","0.439","75.5"
"175","GO:0007286","spermatid development","IEA, IMP","5","0.439","75.5"
"176","GO:0043401","steroid hormone mediated signaling pathway","ISO, IDA","5","0.439","75.5"
"177","GO:0007290","spermatid nucleus elongation","IEA, IMP","5","0.439","75.5"
"178","GO:0007165","signal transduction","ISO, IDA","5","0.439","75.5"
"179","GO:0031057","negative regulation of histone modification","IEA, IMP","5","0.439","75.5"
"180","GO:0031056","regulation of histone modification","IEA, IMP","5","0.439","75.5"
"181","GO:0051567","histone H3-K9 methylation","IEA, IDA","5","0.439","75.5"
"182","GO:0016999","antibiotic metabolic process","ISO, IDA","5","0.439","75.5"
"183","GO:0018193","peptidyl-amino acid modification","IEA, IDA","5","0.439","75.5"
"184","GO:0048515","spermatid differentiation","IEA, IMP","5","0.439","75.5"
"185","GO:2000036","regulation of stem cell maintenance","IEA, IGI","5","0.439","75.5"
"186","GO:0007281","germ cell development","IEA, IMP","5","0.439","75.5"
"187","GO:0031060","regulation of histone methylation","IEA, IMP","5","0.439","75.5"
"188","GO:0031061","negative regulation of histone methylation","IEA, IMP","5","0.439","75.5"
"189","GO:0007289","spermatid nucleus differentiation","IEA, IMP","5","0.439","75.5"
"190","GO:0010639","negative regulation of organelle organization","IEA, IMP","5","0.439","75.5"
"191","GO:0018205","peptidyl-lysine modification","IEA, IDA","5","0.439","75.5"
"192","GO:0071407","cellular response to organic cyclic compound","ISO, IDA","5","0.439","75.5"
"193","GO:0018027","peptidyl-lysine dimethylation","IEA, IDA","5","0.439","75.5"
"194","GO:0017000","antibiotic biosynthetic process","ISO, IDA","5","0.439","75.5"
"195","GO:0044283","small molecule biosynthetic process","ISO, IDA","5","0.439","75.5"
"196","GO:0061647","GO:0061647","IEA, IDA","5","0.439","75.5"
"197","GO:0045944","positive regulation of transcription from RNA polymerase II promoter","IEA, IDA","5","0.439","75.5"
"198","GO:0032259","methylation","IEA, IDA","5","0.439","75.5"
"199","GO:0044281","small molecule metabolic process","ISO, IDA","5","0.439","75.5"
"200","GO:0034097","response to cytokine stimulus","IEA, IEP","5","0.439","75.5"
"201","GO:0043414","macromolecule methylation","IEA, IDA","5","0.439","75.5"
"202","GO:0071345","cellular response to cytokine stimulus","IEA, IEP","5","0.439","75.5"
"203","GO:2001251","negative regulation of chromosome organization","IEA, IMP","5","0.439","75.5"
"204","GO:0051129","negative regulation of cellular component organization","IEA, IMP","5","0.439","75.5"
"205","GO:1905268","GO:1905268","IEA, IMP","5","0.439","75.5"
"206","GO:0023052","signaling","ISO, IDA","5","0.439","75.5"
"207","GO:0007154","cell communication","ISO, IDA","5","0.439","75.5"
"208","GO:0045595","regulation of cell differentiation","IEA, IMP","5","0.439","75.5"
"209","GO:0014070","response to organic cyclic compound","ISO, IDA","5","0.439","75.5"
"210","GO:0009719","response to endogenous stimulus","ISO, IDA","5","0.439","75.5"
"211","GO:0051248","negative regulation of protein metabolic process","IEA, IMP","5","0.439","75.5"
"212","GO:1990830","GO:1990830","IEA, IEP","5","0.439","75.5"
"213","GO:0030518","intracellular steroid hormone receptor signaling pathway","ISO, IDA","5","0.439","75.5"
"214","GO:0018022","peptidyl-lysine methylation","IEA, IDA","5","0.439","75.5"
"215","GO:0051246","regulation of protein metabolic process","IEA, IMP","5","0.439","75.5"
"216","GO:0036123","histone H3-K9 dimethylation","IEA, IDA","5","0.439","75.5"
"217","GO:0034968","histone lysine methylation","IEA, IDA","5","0.439","75.5"
"218","GO:0031399","regulation of protein modification process","IEA, IMP","5","0.439","75.5"
"219","GO:0016571","histone methylation","IEA, IDA","5","0.439","75.5"
"220","GO:0071383","cellular response to steroid hormone stimulus","ISO, IDA","5","0.439","75.5"
"221","GO:0006997","nucleus organization","IEA, IMP","5","0.439","75.5"
"222","GO:0032870","cellular response to hormone stimulus","ISO, IDA","5","0.439","75.5"
"223","GO:1990823","GO:1990823","IEA, IEP","5","0.439","75.5"
"224","GO:0008213","protein alkylation","IEA, IDA","5","0.439","75.5"
"225","GO:0032269","negative regulation of cellular protein metabolic process","IEA, IMP","5","0.439","75.5"
"226","GO:0032268","regulation of cellular protein metabolic process","IEA, IMP","5","0.439","75.5"
"227","GO:0006081","cellular aldehyde metabolic process","ISO, IDA","5","0.439","75.5"
"228","GO:0009725","response to hormone stimulus","ISO, IDA","5","0.439","75.5"
"229","GO:0051239","regulation of multicellular organismal process","IEA, IGI","5","0.439","75.5"
"230","GO:0017144","drug metabolic process","ISO, IDA","5","0.439","75.5"
"231","GO:0031400","negative regulation of protein modification process","IEA, IMP","5","0.439","75.5"
"232","GO:0048545","response to steroid hormone stimulus","ISO, IDA","5","0.439","75.5"
"233","GO:0071495","cellular response to endogenous stimulus","ISO, IDA","5","0.439","75.5"
"234","GO:0030522","intracellular receptor signaling pathway","ISO, IDA","5","0.439","75.5"
"235","GO:0030521","androgen receptor signaling pathway","ISO, IDA","5","0.439","75.5"
"236","GO:0033993","response to lipid","ISO, IDA","5","0.439","75.5"
"237","GO:0006357","regulation of transcription from RNA polymerase II promoter","IEA, IDA","5","0.439","75.5"
"238","GO:0046184","aldehyde biosynthetic process","ISO, IDA","5","0.439","75.5"
"239","GO:0071396","cellular response to lipid","ISO, IDA","5","0.439","75.5"
"240","GO:0022412","cellular process involved in reproduction in multicellular organism","IEA, IMP","5","0.439","75.5"
"241","GO:0051570","regulation of histone H3-K9 methylation","IEA, IMP","5","0.439","75.5"
"242","GO:0051573","negative regulation of histone H3-K9 methylation","IEA, IMP","5","0.439","75.5"
"243","GO:0046293","formaldehyde biosynthetic process","ISO, IDA","5","0.439","75.5"
"244","GO:0046292","formaldehyde metabolic process","ISO, IDA","5","0.439","75.5"
"245","GO:0008584","male gonad development","IEP, IMP","2","0.175","70.6"
"246","GO:0051253","negative regulation of RNA metabolic process","IEA, IDA","3","0.263","72.8"
"247","GO:0009890","negative regulation of biosynthetic process","IEA, IDA","3","0.263","72.8"
"248","GO:0045934","negative regulation of nucleobase-containing compound metabolic process","IEA, IDA","3","0.263","72.8"
"249","GO:0010558","negative regulation of macromolecule biosynthetic process","IEA, IDA","3","0.263","72.8"
"250","GO:1903507","GO:1903507","IEA, IDA","3","0.263","72.8"
"251","GO:0031327","negative regulation of cellular biosynthetic process","IEA, IDA","3","0.263","72.8"
"252","GO:1902679","GO:1902679","IEA, IDA","3","0.263","72.8"
"253","GO:0043433","negative regulation of sequence-specific DNA binding transcription factor activity","ISO, IDA","2","0.175","70.6"
"254","GO:0048513","organ development","IEP, IMP","2","0.175","70.6"
"255","GO:0051291","protein heterooligomerization","ISO, IDA","2","0.175","70.6"
"256","GO:0051090","regulation of sequence-specific DNA binding transcription factor activity","ISO, IDA","2","0.175","70.6"
"257","GO:0010629","negative regulation of gene expression","IEA, IDA","2","0.175","70.6"
"258","GO:0022607","cellular component assembly","ISO, IDA","2","0.175","70.6"
"259","GO:0008406","gonad development","IEP, IMP","2","0.175","70.6"
"260","GO:0065003","macromolecular complex assembly","ISO, IDA","2","0.175","70.6"
"261","GO:0065009","regulation of molecular function","ISO, IDA","2","0.175","70.6"
"262","GO:0046546","development of primary male sexual characteristics","IEP, IMP","2","0.175","70.6"
"263","GO:0098727","GO:0098727","IMP","1","0.0877","66.8"
"264","GO:0046661","male sex differentiation","IEP, IMP","2","0.175","70.6"
"265","GO:0007548","sex differentiation","IEP, IMP","2","0.175","70.6"
"266","GO:0006950","response to stress","IEP, TAS","2","0.175","70.6"
"267","GO:0044092","negative regulation of molecular function","ISO, IDA","2","0.175","70.6"
"268","GO:0045137","development of primary sexual characteristics","IEP, IMP","2","0.175","70.6"
"269","GO:0043933","macromolecular complex subunit organization","ISO, IDA","2","0.175","70.6"
"270","GO:0048608","reproductive structure development","IEP, IMP","2","0.175","70.6"
"271","GO:0045892","negative regulation of transcription, DNA-dependent","IEA, IDA","2","0.175","70.6"
"272","GO:0051259","protein oligomerization","ISO, IDA","2","0.175","70.6"
"273","GO:0048731","system development","IEP, IMP","2","0.175","70.6"
"274","GO:0007275","multicellular organismal development","IEP, IMP","2","0.175","70.6"
"275","GO:2000113","negative regulation of cellular macromolecule biosynthetic process","IEA, IDA","2","0.175","70.6"
"276","GO:0061458","reproductive system development","IEP, IMP","2","0.175","70.6"
"277","GO:0060968","regulation of gene silencing","IMP","2","0.175","70.6"
"278","GO:0044085","cellular component biogenesis","ISO, IDA","2","0.175","70.6"
"279","GO:0009628","response to abiotic stimulus","IEP","1","0.0877","66.8"
"280","GO:1990636","GO:1990636","IMP","1","0.0877","66.8"
"281","GO:0007599","hemostasis","TAS","1","0.0877","66.8"
"282","GO:0010259","multicellular organismal aging","IMP","1","0.0877","66.8"
"283","GO:1905269","GO:1905269","IMP","1","0.0877","66.8"
"284","GO:0030718","germ-line stem cell maintenance","IMP","1","0.0877","66.8"
"285","GO:0019827","stem cell maintenance","IMP","1","0.0877","66.8"
"286","GO:0065008","regulation of biological quality","TAS","1","0.0877","66.8"
"287","GO:0010638","positive regulation of organelle organization","IMP","1","0.0877","66.8"
"288","GO:0000904","cell morphogenesis involved in differentiation","IMP","1","0.0877","66.8"
"289","GO:0000902","cell morphogenesis","IMP","1","0.0877","66.8"
"290","GO:0003382","epithelial cell morphogenesis","IMP","1","0.0877","66.8"
"291","GO:0051130","positive regulation of cellular component organization","IMP","1","0.0877","66.8"
"292","GO:0009611","response to wounding","TAS","1","0.0877","66.8"
"293","GO:0009888","tissue development","IMP","1","0.0877","66.8"
"294","GO:0042060","wound healing","TAS","1","0.0877","66.8"
"295","GO:0050817","coagulation","TAS","1","0.0877","66.8"
"296","GO:0036293","response to decreased oxygen levels","IEP","1","0.0877","66.8"
"297","GO:0007596","blood coagulation","TAS","1","0.0877","66.8"
"298","GO:2001252","positive regulation of chromosome organization","IMP","1","0.0877","66.8"
"299","GO:0031937","positive regulation of chromatin silencing","IMP","1","0.0877","66.8"
"300","GO:0031935","regulation of chromatin silencing","IMP","1","0.0877","66.8"
"301","GO:0001666","response to hypoxia","IEP","1","0.0877","66.8"
"302","GO:0009653","anatomical structure morphogenesis","IMP","1","0.0877","66.8"
"303","GO:0070482","response to oxygen levels","IEP","1","0.0877","66.8"
"304","GO:0007568","aging","IMP","1","0.0877","66.8"
"305","GO:0002064","epithelial cell development","IMP","1","0.0877","66.8"
"306","GO:0072520","seminiferous tubule development","IMP","1","0.0877","66.8"
"307","GO:0050878","regulation of body fluid levels","TAS","1","0.0877","66.8"
"308","GO:0032989","cellular component morphogenesis","IMP","1","0.0877","66.8"
"309","GO:0030855","epithelial cell differentiation","IMP","1","0.0877","66.8"
"310","GO:0060429","epithelium development","IMP","1","0.0877","66.8"
"311","GO:0035295","tube development","IMP","1","0.0877","66.8"
"312","GO:0036098","male germ-line stem cell maintenance","IMP","1","0.0877","66.8"
"313","GO:0060969","negative regulation of gene silencing","IMP","1","0.0877","66.8"
"314","GO:0044464","cell part","CURATED, TAS, IBA, NAS, ISO, ISM, IEA, IDA","21","1.84","83.3"
"315","GO:0005623","cell","CURATED, TAS, IBA, NAS, ISO, ISM, IEA, IDA","21","1.84","83.3"
"316","GO:0005622","intracellular","CURATED, TAS, IBA, NAS, ISO, ISM, IEA, IDA","21","1.84","83.3"
"317","GO:0044424","intracellular part","CURATED, TAS, IBA, ISO, ISM, IEA, IDA","21","1.84","83.3"
"318","GO:0043229","intracellular organelle","CURATED, TAS, IBA, ISO, ISM, IEA, IDA","21","1.84","83.3"
"319","GO:0043226","organelle","CURATED, TAS, IBA, ISO, ISM, IEA, IDA","21","1.84","83.3"
"320","GO:0043227","membrane-bounded organelle","CURATED, TAS, IBA, ISO, ISM, IEA, IDA","21","1.84","83.3"
"321","GO:0005634","nucleus","CURATED, TAS, IBA, ISO, ISM, IEA, IDA","21","1.84","83.3"
"322","GO:0043231","intracellular membrane-bounded organelle","CURATED, TAS, IBA, ISO, ISM, IEA, IDA","21","1.84","83.3"
"323","GO:0044446","intracellular organelle part","IEA, IBA, TAS, ISO, IDA","21","1.84","83.3"
"324","GO:0044422","organelle part","IEA, IBA, TAS, ISO, IDA","21","1.84","83.3"
"325","GO:0043228","non-membrane-bounded organelle","IBA, IDA","21","1.84","83.3"
"326","GO:0000785","chromatin","IBA, IDA","21","1.84","83.3"
"327","GO:0005694","chromosome","IBA, IDA","21","1.84","83.3"
"328","GO:0043232","intracellular non-membrane-bounded organelle","IBA, IDA","21","1.84","83.3"
"329","GO:0044427","chromosomal part","IBA, IDA","21","1.84","83.3"
"330","GO:0005654","nucleoplasm","IEA, TAS, ISO, IDA","16","1.4","81.8"
"331","GO:0031974","membrane-enclosed lumen","IEA, TAS, ISO, IDA","16","1.4","81.8"
"332","GO:0031981","nuclear lumen","IEA, TAS, ISO, IDA","16","1.4","81.8"
"333","GO:0043233","organelle lumen","IEA, TAS, ISO, IDA","16","1.4","81.8"
"334","GO:0070013","intracellular organelle lumen","IEA, TAS, ISO, IDA","16","1.4","81.8"
"335","GO:0044428","nuclear part","IEA, TAS, ISO, IDA","16","1.4","81.8"
"336","GO:0005737","cytoplasm","IEA, IDA","7","0.614","77.4"
"337","GO:0044451","nucleoplasm part","IEA, ISO, IDA","3","0.263","72.8"
"338","GO:0016604","nuclear body","IEA, IDA","2","0.175","70.6"
"339","GO:1902494","GO:1902494","ISO, IDA","2","0.175","70.6"
"340","GO:0000118","histone deacetylase complex","ISO, IDA","2","0.175","70.6"
"341","GO:0032991","macromolecular complex","ISO, IDA","2","0.175","70.6"
