"","V1","V2","V3","V4","V5","V6"
"1","ID","GO term","Evidence","SeqCount","Frequency","relative_fontsize"
"2","GO:0005488","binding","TAS, ISS, IPI, ISO, IEA, IDA","11","10.6","92.8"
"3","GO:0005515","protein binding","TAS, ISS, IPI, ISO, IEA, IDA","11","10.6","92.8"
"4","GO:0005102","receptor binding","TAS, ISS, IPI, ISO, IEA, IDA","11","10.6","92.8"
"5","GO:0098772","GO:0098772","IEA, TAS, ISO, IDA","11","10.6","92.8"
"6","GO:0030545","receptor regulator activity","IEA, TAS, ISO, IDA","11","10.6","92.8"
"7","GO:0048018","receptor agonist activity","IEA, TAS, ISO, IDA","11","10.6","92.8"
"8","GO:0008083","growth factor activity","IEA, TAS","11","10.6","92.8"
"9","GO:0005179","hormone activity","IEA, ISO, IDA","11","10.6","92.8"
"10","GO:0005159","insulin-like growth factor receptor binding","ISS, IPI, IDA","11","10.6","92.8"
"11","GO:0044877","GO:0044877","IEA, IPI, ISO, IDA","3","2.88","85.8"
"12","GO:0005178","integrin binding","IEA, ISO, IDA","3","2.88","85.8"
"13","GO:0005158","insulin receptor binding","IEA, IPI, IDA","3","2.88","85.8"
"14","GO:0050839","cell adhesion molecule binding","IEA, ISO, IDA","3","2.88","85.8"
"15","GO:0019207","kinase regulator activity","ISO, IDA","2","1.92","83.5"
"16","GO:0019209","kinase activator activity","ISO, IDA","2","1.92","83.5"
"17","GO:0030234","enzyme regulator activity","ISO, IDA","2","1.92","83.5"
"18","GO:0019887","protein kinase regulator activity","ISO, IDA","2","1.92","83.5"
"19","GO:0008289","lipid binding","ISO, IDA","2","1.92","83.5"
"20","GO:0005496","steroid binding","ISO, IDA","2","1.92","83.5"
"21","GO:0030295","protein kinase activator activity","ISO, IDA","2","1.92","83.5"
"22","GO:0043539","protein serine/threonine kinase activator activity","ISO, IDA","2","1.92","83.5"
"23","GO:0097159","organic cyclic compound binding","ISO, IDA","2","1.92","83.5"
"24","GO:0008047","enzyme activator activity","ISO, IDA","2","1.92","83.5"
"25","GO:0065007","biological regulation","TAS, ISS, IEP, IMP, ISO, IEA, IGI, IDA","11","10.6","92.8"
"26","GO:0050789","regulation of biological process","TAS, ISS, IEP, IMP, ISO, IEA, IGI, IDA","11","10.6","92.8"
"27","GO:0050794","regulation of cellular process","TAS, ISS, IMP, ISO, IEA, IGI, IDA","11","10.6","92.8"
"28","GO:0010646","regulation of cell communication","TAS, ISS, IMP, ISO, IEA, IGI, IDA","11","10.6","92.8"
"29","GO:0023051","regulation of signaling","TAS, ISS, IMP, ISO, IEA, IGI, IDA","11","10.6","92.8"
"30","GO:0048583","regulation of response to stimulus","TAS, ISS, IMP, ISO, IEA, IGI, IDA","11","10.6","92.8"
"31","GO:0009966","regulation of signal transduction","TAS, ISS, IMP, ISO, IEA, IGI, IDA","11","10.6","92.8"
"32","GO:0043066","negative regulation of apoptotic process","ISS, IMP, IEA, ISO, IDA","11","10.6","92.8"
"33","GO:0048518","positive regulation of biological process","ISS, IMP, ISO, IEA, IGI, IDA","11","10.6","92.8"
"34","GO:0065009","regulation of molecular function","IEA, IMP, TAS, ISO, IDA","11","10.6","92.8"
"35","GO:0048522","positive regulation of cellular process","ISS, IMP, ISO, IEA, IGI, IDA","11","10.6","92.8"
"36","GO:0048519","negative regulation of biological process","ISS, IMP, ISO, IEA, IGI, IDA","11","10.6","92.8"
"37","GO:0048523","negative regulation of cellular process","ISS, IMP, ISO, IEA, IGI, IDA","11","10.6","92.8"
"38","GO:0050896","response to stimulus","TAS, ISS, IEP, IMP, ISO, IEA, IGI, IDA","11","10.6","92.8"
"39","GO:0019222","regulation of metabolic process","ISS, IMP, ISO, IEA, IGI, IDA","11","10.6","92.8"
"40","GO:0060255","regulation of macromolecule metabolic process","ISS, IMP, ISO, IEA, IGI, IDA","11","10.6","92.8"
"41","GO:0009987","cellular process","TAS, ISS, IEP, IMP, ISO, IEA, IGI, IDA","11","10.6","92.8"
"42","GO:0080090","regulation of primary metabolic process","ISS, IMP, ISO, IEA, IGI, IDA","11","10.6","92.8"
"43","GO:0010469","regulation of receptor activity","IEA, TAS, ISO, IDA","11","10.6","92.8"
"44","GO:0031323","regulation of cellular metabolic process","ISS, IMP, ISO, IEA, IGI, IDA","11","10.6","92.8"
"45","GO:0060548","negative regulation of cell death","ISS, IMP, IEA, ISO, IDA","11","10.6","92.8"
"46","GO:0009893","positive regulation of metabolic process","ISS, IMP, ISO, IEA, IGI, IDA","11","10.6","92.8"
"47","GO:0043067","regulation of programmed cell death","ISS, IMP, IEA, ISO, IDA","11","10.6","92.8"
"48","GO:0043069","negative regulation of programmed cell death","ISS, IMP, IEA, ISO, IDA","11","10.6","92.8"
"49","GO:0042127","regulation of cell proliferation","ISS, IMP, ISO, IEA, IGI, IDA","11","10.6","92.8"
"50","GO:0042981","regulation of apoptotic process","ISS, IMP, IEA, ISO, IDA","11","10.6","92.8"
"51","GO:0010604","positive regulation of macromolecule metabolic process","ISS, IMP, ISO, IEA, IGI, IDA","11","10.6","92.8"
"52","GO:0010941","regulation of cell death","ISS, IMP, IEA, ISO, IDA","11","10.6","92.8"
"53","GO:0008284","positive regulation of cell proliferation","ISS, IMP, ISO, IEA, IGI, IDA","11","10.6","92.8"
"54","GO:0051716","cellular response to stimulus","TAS, ISS, IEP, IMP, ISO, IEA, IGI, IDA","11","10.6","92.8"
"55","GO:0009889","regulation of biosynthetic process","ISS, IMP, IEA, ISO, IDA","11","10.6","92.8"
"56","GO:0031326","regulation of cellular biosynthetic process","ISS, IMP, IEA, ISO, IDA","11","10.6","92.8"
"57","GO:0032879","regulation of localization","ISS, IMP, ISO, IEA, IGI, IDA","11","10.6","92.8"
"58","GO:0023057","negative regulation of signaling","ISS, IMP, ISO, IEA, IGI, IDA","11","10.6","92.8"
"59","GO:0010648","negative regulation of cell communication","ISS, IMP, ISO, IEA, IGI, IDA","11","10.6","92.8"
"60","GO:0031325","positive regulation of cellular metabolic process","ISS, IMP, IEA, ISO, IDA","11","10.6","92.8"
"61","GO:0048585","negative regulation of response to stimulus","ISS, IMP, ISO, IEA, IGI, IDA","11","10.6","92.8"
"62","GO:0009968","negative regulation of signal transduction","ISS, IMP, ISO, IEA, IGI, IDA","11","10.6","92.8"
"63","GO:0051049","regulation of transport","ISS, IMP, IEA, ISO, IDA","11","10.6","92.8"
"64","GO:0009891","positive regulation of biosynthetic process","ISS, IMP, IEA, ISO, IDA","11","10.6","92.8"
"65","GO:0010556","regulation of macromolecule biosynthetic process","ISS, IMP, IEA, ISO, IDA","11","10.6","92.8"
"66","GO:0051128","regulation of cellular component organization","ISS, IEA, ISO, IDA","11","10.6","92.8"
"67","GO:2000112","regulation of cellular macromolecule biosynthetic process","ISS, IMP, IEA, ISO, IDA","11","10.6","92.8"
"68","GO:0007165","signal transduction","TAS, ISS, IMP, ISO, IEA, IDA","11","10.6","92.8"
"69","GO:0031328","positive regulation of cellular biosynthetic process","ISS, IMP, IEA, ISO, IDA","11","10.6","92.8"
"70","GO:0010557","positive regulation of macromolecule biosynthetic process","ISS, IMP, IEA, ISO, IDA","11","10.6","92.8"
"71","GO:0051050","positive regulation of transport","ISS, IMP, IEA, ISO, IDA","11","10.6","92.8"
"72","GO:2001234","negative regulation of apoptotic signaling pathway","ISS, IEA, ISO, IDA","11","10.6","92.8"
"73","GO:2001233","regulation of apoptotic signaling pathway","ISS, IEA, ISO, IDA","11","10.6","92.8"
"74","GO:0023052","signaling","TAS, ISS, IMP, ISO, IEA, IDA","11","10.6","92.8"
"75","GO:0007154","cell communication","TAS, ISS, IMP, ISO, IEA, IDA","11","10.6","92.8"
"76","GO:0051246","regulation of protein metabolic process","IEA, IMP, ISO, IGI, IDA","4","3.85","87.3"
"77","GO:0033043","regulation of organelle organization","ISS, IEA, ISO, IDA","11","10.6","92.8"
"78","GO:0032501","multicellular organismal process","TAS, IEP, IMP, ISO, IEA, IGI, IDA","4","3.85","87.3"
"79","GO:0045913","positive regulation of carbohydrate metabolic process","ISS, IEA, ISO, IDA","11","10.6","92.8"
"80","GO:0062013","GO:0062013","ISS, IEA, ISO, IDA","11","10.6","92.8"
"81","GO:0062012","GO:0062012","ISS, IEA, ISO, IDA","11","10.6","92.8"
"82","GO:0006109","regulation of carbohydrate metabolic process","ISS, IEA, ISO, IDA","11","10.6","92.8"
"83","GO:0043467","regulation of generation of precursor metabolites and energy","ISS, IEA, ISO, IDA","11","10.6","92.8"
"84","GO:0051171","regulation of nitrogen compound metabolic process","IEA, IMP, ISO, IGI, IDA","4","3.85","87.3"
"85","GO:0034762","regulation of transmembrane transport","ISS, IMP, IEA, IDA","11","10.6","92.8"
"86","GO:0034764","positive regulation of transmembrane transport","ISS, IMP, IEA, IDA","11","10.6","92.8"
"87","GO:0010676","positive regulation of cellular carbohydrate metabolic process","ISS, IEA, IDA","11","10.6","92.8"
"88","GO:0010639","negative regulation of organelle organization","ISS, IDA","11","10.6","92.8"
"89","GO:0010906","regulation of glucose metabolic process","ISS, IEA, IDA","11","10.6","92.8"
"90","GO:0010907","positive regulation of glucose metabolic process","ISS, IEA, IDA","11","10.6","92.8"
"91","GO:0051129","negative regulation of cellular component organization","ISS, IDA","11","10.6","92.8"
"92","GO:0010827","regulation of glucose transport","ISS, IEA, IDA","11","10.6","92.8"
"93","GO:0010821","regulation of mitochondrion organization","ISS, IDA","11","10.6","92.8"
"94","GO:0010823","negative regulation of mitochondrion organization","ISS, IDA","11","10.6","92.8"
"95","GO:0010828","positive regulation of glucose transport","ISS, IEA, IDA","11","10.6","92.8"
"96","GO:0007166","cell surface receptor signaling pathway","ISS, IMP, IEA, IDA","11","10.6","92.8"
"97","GO:0007167","enzyme linked receptor protein signaling pathway","ISS, IMP, IEA, IDA","11","10.6","92.8"
"98","GO:0007169","transmembrane receptor protein tyrosine kinase signaling pathway","ISS, IMP, IEA, IDA","11","10.6","92.8"
"99","GO:0046324","regulation of glucose import","ISS, IEA, IDA","11","10.6","92.8"
"100","GO:0046326","positive regulation of glucose import","ISS, IEA, IDA","11","10.6","92.8"
"101","GO:0032885","regulation of polysaccharide biosynthetic process","ISS, IEA, IDA","11","10.6","92.8"
"102","GO:0032881","regulation of polysaccharide metabolic process","ISS, IEA, IDA","11","10.6","92.8"
"103","GO:0005979","regulation of glycogen biosynthetic process","ISS, IEA, IDA","11","10.6","92.8"
"104","GO:0010962","regulation of glucan biosynthetic process","ISS, IEA, IDA","11","10.6","92.8"
"105","GO:0070873","regulation of glycogen metabolic process","ISS, IEA, IDA","11","10.6","92.8"
"106","GO:0070875","positive regulation of glycogen metabolic process","ISS, IEA, IDA","11","10.6","92.8"
"107","GO:0090199","regulation of release of cytochrome c from mitochondria","ISS, IDA","11","10.6","92.8"
"108","GO:0045725","positive regulation of glycogen biosynthetic process","ISS, IEA, IDA","11","10.6","92.8"
"109","GO:0090201","negative regulation of release of cytochrome c from mitochondria","ISS, IDA","11","10.6","92.8"
"110","GO:0032502","developmental process","TAS, IEP, IMP, ISO, IEA, IGI, IDA","4","3.85","87.3"
"111","GO:0043255","regulation of carbohydrate biosynthetic process","ISS, IEA, IDA","11","10.6","92.8"
"112","GO:0032268","regulation of cellular protein metabolic process","IEA, IMP, ISO, IGI, IDA","4","3.85","87.3"
"113","GO:0048009","insulin-like growth factor receptor signaling pathway","ISS, IMP, IEA, IDA","11","10.6","92.8"
"114","GO:0010675","regulation of cellular carbohydrate metabolic process","ISS, IEA, IDA","11","10.6","92.8"
"115","GO:0042325","regulation of phosphorylation","IEA, IMP, ISO, IGI, IDA","4","3.85","87.3"
"116","GO:0007275","multicellular organismal development","TAS, IEP, IMP, ISO, IEA, IGI, IDA","4","3.85","87.3"
"117","GO:0048856","anatomical structure development","TAS, IEP, IMP, ISO, IEA, IGI, IDA","4","3.85","87.3"
"118","GO:0010033","response to organic substance","IEP, IMP, ISO, IEA, IGI, IDA","5","4.81","88.5"
"119","GO:0031399","regulation of protein modification process","IEA, IMP, ISO, IGI, IDA","4","3.85","87.3"
"120","GO:0048731","system development","TAS, IEP, IMP, ISO, IEA, IGI, IDA","4","3.85","87.3"
"121","GO:0019220","regulation of phosphate metabolic process","IEA, IMP, ISO, IGI, IDA","4","3.85","87.3"
"122","GO:0051174","regulation of phosphorus metabolic process","IEA, IMP, ISO, IGI, IDA","4","3.85","87.3"
"123","GO:0051173","positive regulation of nitrogen compound metabolic process","IEA, IMP, ISO, IDA","4","3.85","87.3"
"124","GO:0010468","regulation of gene expression","IEA, IMP, ISO, IGI, IDA","4","3.85","87.3"
"125","GO:0001932","regulation of protein phosphorylation","IEA, IMP, ISO, IGI, IDA","4","3.85","87.3"
"126","GO:0051239","regulation of multicellular organismal process","IEP, IMP, ISO, IEA, IGI, IDA","4","3.85","87.3"
"127","GO:0051247","positive regulation of protein metabolic process","IEA, IMP, ISO, IDA","4","3.85","87.3"
"128","GO:0042221","response to chemical stimulus","IEP, IMP, ISO, IEA, IGI, IDA","5","4.81","88.5"
"129","GO:0048513","organ development","TAS, IEP, IMP, ISO, IEA, IGI, IDA","4","3.85","87.3"
"130","GO:0071704","organic substance metabolic process","IEA, IMP, TAS, ISO, IDA","3","2.88","85.8"
"131","GO:0008283","cell proliferation","IEA, IMP, ISO, IDA","4","3.85","87.3"
"132","GO:1901700","response to oxygen-containing compound","IEP, IMP, ISO, IEA, IGI, IDA","5","4.81","88.5"
"133","GO:0051240","positive regulation of multicellular organismal process","IEA, IMP, ISO, IGI, IDA","4","3.85","87.3"
"134","GO:1902531","GO:1902531","IEA, IMP, ISO, IGI, IDA","4","3.85","87.3"
"135","GO:0065008","regulation of biological quality","IEA, IMP, ISO, IGI, IDA","4","3.85","87.3"
"136","GO:0008152","metabolic process","IEA, IMP, TAS, ISO, IDA","3","2.88","85.8"
"137","GO:0023056","positive regulation of signaling","IEA, IMP, ISO, IDA","4","3.85","87.3"
"138","GO:0010647","positive regulation of cell communication","IEA, IMP, ISO, IDA","4","3.85","87.3"
"139","GO:0042327","positive regulation of phosphorylation","IEA, IMP, ISO, IDA","4","3.85","87.3"
"140","GO:0048869","cellular developmental process","IEA, IEP, IDA, ISO, IMP","4","3.85","87.3"
"141","GO:0044093","positive regulation of molecular function","IEA, IMP, ISO, IDA","5","4.81","88.5"
"142","GO:0010628","positive regulation of gene expression","IEA, ISO, IGI, IDA","3","2.88","85.8"
"143","GO:0050793","regulation of developmental process","IEA, IMP, ISO, IEP, IDA","4","3.85","87.3"
"144","GO:0009892","negative regulation of metabolic process","IEA, IMP, ISO, IGI, IDA","4","3.85","87.3"
"145","GO:0010562","positive regulation of phosphorus metabolic process","IEA, IMP, ISO, IDA","4","3.85","87.3"
"146","GO:0045937","positive regulation of phosphate metabolic process","IEA, IMP, ISO, IDA","4","3.85","87.3"
"147","GO:0044237","cellular metabolic process","IEA, IMP, TAS, ISO, IDA","3","2.88","85.8"
"148","GO:0048584","positive regulation of response to stimulus","IEA, IMP, ISO, IDA","4","3.85","87.3"
"149","GO:0009967","positive regulation of signal transduction","IEA, IMP, ISO, IDA","4","3.85","87.3"
"150","GO:0006950","response to stress","IEA, IMP, ISO, IEP, IDA","5","4.81","88.5"
"151","GO:0031401","positive regulation of protein modification process","IEA, IMP, ISO, IDA","4","3.85","87.3"
"152","GO:1902533","GO:1902533","IEA, IMP, ISO, IDA","4","3.85","87.3"
"153","GO:0009719","response to endogenous stimulus","IEP, IMP, ISO, IEA, IGI, IDA","5","4.81","88.5"
"154","GO:0032270","positive regulation of cellular protein metabolic process","IEA, IMP, ISO, IDA","4","3.85","87.3"
"155","GO:0010605","negative regulation of macromolecule metabolic process","IEA, IMP, ISO, IGI, IDA","4","3.85","87.3"
"156","GO:0030154","cell differentiation","IEA, IEP, IDA, ISO, IMP","4","3.85","87.3"
"157","GO:0009628","response to abiotic stimulus","IMP, ISO, IEP, IDA","5","4.81","88.5"
"158","GO:0043170","macromolecule metabolic process","IEA, IMP, TAS, ISO, IDA","3","2.88","85.8"
"159","GO:0001934","positive regulation of protein phosphorylation","IEA, IMP, ISO, IDA","4","3.85","87.3"
"160","GO:0019538","protein metabolic process","IEA, IMP, TAS, ISO, IDA","3","2.88","85.8"
"161","GO:0071902","positive regulation of protein serine/threonine kinase activity","IEA, IMP, ISO, IDA","4","3.85","87.3"
"162","GO:2000026","regulation of multicellular organismal development","IEA, IMP, ISO, IDA","4","3.85","87.3"
"163","GO:0006807","nitrogen compound metabolic process","IEA, IMP, TAS, ISO, IDA","3","2.88","85.8"
"164","GO:0044260","cellular macromolecule metabolic process","IEA, IMP, TAS, ISO, IDA","3","2.88","85.8"
"165","GO:0070887","cellular response to chemical stimulus","IEP, IMP, ISO, IEA, IGI, IDA","4","3.85","87.3"
"166","GO:1901701","cellular response to oxygen-containing compound","IEP, IMP, ISO, IEA, IGI, IDA","4","3.85","87.3"
"167","GO:1901564","organonitrogen compound metabolic process","IEA, IMP, TAS, ISO, IDA","3","2.88","85.8"
"168","GO:0050731","positive regulation of peptidyl-tyrosine phosphorylation","IEA, ISO, IDA","4","3.85","87.3"
"169","GO:0050730","regulation of peptidyl-tyrosine phosphorylation","IEA, IMP, ISO, IDA","4","3.85","87.3"
"170","GO:0010243","response to organonitrogen compound","IEP, IMP, ISO, IEA, IGI, IDA","5","4.81","88.5"
"171","GO:0010656","negative regulation of muscle cell apoptotic process","IEA, IMP, ISO, IDA","4","3.85","87.3"
"172","GO:0071310","cellular response to organic substance","IEP, IMP, ISO, IEA, IGI, IDA","4","3.85","87.3"
"173","GO:0030335","positive regulation of cell migration","IEA, IMP, ISO, IGI, IDA","4","3.85","87.3"
"174","GO:1901652","response to peptide","IEP, IMP, ISO, IEA, IGI, IDA","5","4.81","88.5"
"175","GO:0044238","primary metabolic process","IEA, IMP, TAS, ISO, IDA","3","2.88","85.8"
"176","GO:1901698","response to nitrogen compound","IEP, IMP, ISO, IEA, IGI, IDA","5","4.81","88.5"
"177","GO:0051094","positive regulation of developmental process","IEA, IMP, ISO, IDA","4","3.85","87.3"
"178","GO:0040008","regulation of growth","IEA, IMP, ISO, IEP, IDA","4","3.85","87.3"
"179","GO:0001501","skeletal system development","IEA, IEP, TAS, ISO, IDA","4","3.85","87.3"
"180","GO:2000145","regulation of cell motility","IEA, IMP, ISO, IGI, IDA","4","3.85","87.3"
"181","GO:0051252","regulation of RNA metabolic process","IEA, ISO, IDA","3","2.88","85.8"
"182","GO:0051254","positive regulation of RNA metabolic process","IEA, ISO, IDA","3","2.88","85.8"
"183","GO:0035556","intracellular signal transduction","IEA, IMP, TAS, ISO, IDA","3","2.88","85.8"
"184","GO:0051223","regulation of protein transport","IEA, IMP, ISO, IDA","3","2.88","85.8"
"185","GO:0070201","regulation of establishment of protein localization","IEA, IMP, ISO, IDA","3","2.88","85.8"
"186","GO:0043410","positive regulation of MAPK cascade","IEA, IMP, ISO, IDA","3","2.88","85.8"
"187","GO:0048638","regulation of developmental growth","IEA, IMP, ISO, IEP, IDA","3","2.88","85.8"
"188","GO:1901699","cellular response to nitrogen compound","IEA, IMP, ISO, IGI, IEP","4","3.85","87.3"
"189","GO:0045927","positive regulation of growth","IEA, IMP, ISO, IDA","4","3.85","87.3"
"190","GO:0060348","bone development","IEA, IEP, ISO, IDA","4","3.85","87.3"
"191","GO:0019219","regulation of nucleobase-containing compound metabolic process","IEA, ISO, IDA","3","2.88","85.8"
"192","GO:0051272","positive regulation of cellular component movement","IEA, IMP, ISO, IGI, IDA","4","3.85","87.3"
"193","GO:0040012","regulation of locomotion","IEA, IMP, ISO, IGI, IDA","4","3.85","87.3"
"194","GO:0040017","positive regulation of locomotion","IEA, IMP, ISO, IGI, IDA","4","3.85","87.3"
"195","GO:2001141","regulation of RNA biosynthetic process","IEA, ISO, IDA","3","2.88","85.8"
"196","GO:0043408","regulation of MAPK cascade","IEA, IMP, ISO, IGI, IDA","3","2.88","85.8"
"197","GO:0050790","regulation of catalytic activity","IEA, IMP, ISO, IDA","5","4.81","88.5"
"198","GO:0009888","tissue development","IEA, IMP, ISO, IDA","3","2.88","85.8"
"199","GO:2000147","positive regulation of cell motility","IEA, IMP, ISO, IGI, IDA","4","3.85","87.3"
"200","GO:0032880","regulation of protein localization","IEA, IMP, ISO, IDA","3","2.88","85.8"
"201","GO:0051270","regulation of cellular component movement","IEA, IMP, ISO, IGI, IDA","4","3.85","87.3"
"202","GO:1902680","GO:1902680","IEA, ISO, IDA","3","2.88","85.8"
"203","GO:0010660","regulation of muscle cell apoptotic process","IEA, IMP, ISO, IDA","4","3.85","87.3"
"204","GO:0045935","positive regulation of nucleobase-containing compound metabolic process","IEA, ISO, IDA","3","2.88","85.8"
"205","GO:0010613","positive regulation of cardiac muscle hypertrophy","IEA, ISO, IDA","3","2.88","85.8"
"206","GO:0003008","system process","IEA, IMP, ISO, TAS","4","3.85","87.3"
"207","GO:0043388","positive regulation of DNA binding","IEA, ISO, IDA","3","2.88","85.8"
"208","GO:0048015","phosphatidylinositol-mediated signaling","IEA, IMP, ISO, IDA","3","2.88","85.8"
"209","GO:0006355","regulation of transcription, DNA-dependent","IEA, ISO, IDA","3","2.88","85.8"
"210","GO:0034392","negative regulation of smooth muscle cell apoptotic process","IEA, IMP, ISO, IDA","3","2.88","85.8"
"211","GO:0050679","positive regulation of epithelial cell proliferation","IEA, ISO, IGI, IDA","4","3.85","87.3"
"212","GO:0030334","regulation of cell migration","IEA, IMP, ISO, IGI, IDA","4","3.85","87.3"
"213","GO:1901653","cellular response to peptide","IEA, IMP, ISO, IGI, IEP","4","3.85","87.3"
"214","GO:0071417","cellular response to organonitrogen compound","IEA, IMP, ISO, IGI, IEP","4","3.85","87.3"
"215","GO:0060284","regulation of cell development","IEA, IMP, ISO, IDA","4","3.85","87.3"
"216","GO:0048661","positive regulation of smooth muscle cell proliferation","IEA, IMP, ISO, IDA","3","2.88","85.8"
"217","GO:0043085","positive regulation of catalytic activity","IEA, IMP, ISO, IDA","5","4.81","88.5"
"218","GO:0045595","regulation of cell differentiation","IEA, IMP, ISO, IDA","4","3.85","87.3"
"219","GO:0045893","positive regulation of transcription, DNA-dependent","IEA, ISO, IDA","3","2.88","85.8"
"220","GO:0071495","cellular response to endogenous stimulus","IEA, IMP, ISO, IGI, IEP","4","3.85","87.3"
"221","GO:0090087","regulation of peptide transport","IEA, IMP, ISO, IDA","3","2.88","85.8"
"222","GO:1903508","GO:1903508","IEA, ISO, IDA","3","2.88","85.8"
"223","GO:0030307","positive regulation of cell growth","IEA, ISO, IDA","4","3.85","87.3"
"224","GO:1903506","GO:1903506","IEA, ISO, IDA","3","2.88","85.8"
"225","GO:0007399","nervous system development","IMP, ISO, IDA","3","2.88","85.8"
"226","GO:0051046","regulation of secretion","IEA, IMP, ISO, IDA","3","2.88","85.8"
"227","GO:0051047","positive regulation of secretion","IEA, IMP, ISO, IDA","3","2.88","85.8"
"228","GO:0001503","ossification","IEA, IEP, ISO, IDA","3","2.88","85.8"
"229","GO:0045859","regulation of protein kinase activity","IEA, IMP, ISO, IDA","4","3.85","87.3"
"230","GO:0051222","positive regulation of protein transport","IEA, IMP, ISO, IDA","3","2.88","85.8"
"231","GO:0009894","regulation of catabolic process","IEA, ISO, IDA","3","2.88","85.8"
"232","GO:0002682","regulation of immune system process","IEA, IMP, ISO, IDA","4","3.85","87.3"
"233","GO:0048639","positive regulation of developmental growth","IEA, IMP, ISO, IDA","3","2.88","85.8"
"234","GO:0001558","regulation of cell growth","IEA, ISO, IDA","4","3.85","87.3"
"235","GO:0090257","regulation of muscle system process","IEA, ISO, IDA","3","2.88","85.8"
"236","GO:0051347","positive regulation of transferase activity","IEA, IMP, ISO, IDA","4","3.85","87.3"
"237","GO:0045667","regulation of osteoblast differentiation","IEA, ISO, IDA","4","3.85","87.3"
"238","GO:0045669","positive regulation of osteoblast differentiation","IEA, ISO, IDA","4","3.85","87.3"
"239","GO:0009605","response to external stimulus","IEP, ISO, IMP, IDA","3","2.88","85.8"
"240","GO:0048468","cell development","IEA, IMP, ISO, IDA","3","2.88","85.8"
"241","GO:1903532","GO:1903532","IEA, IMP, ISO, IDA","3","2.88","85.8"
"242","GO:0044267","cellular protein metabolic process","IEA, IMP, ISO, TAS","3","2.88","85.8"
"243","GO:0051338","regulation of transferase activity","IEA, IMP, ISO, IDA","4","3.85","87.3"
"244","GO:0009896","positive regulation of catabolic process","IEA, ISO, IDA","3","2.88","85.8"
"245","GO:0051248","negative regulation of protein metabolic process","IMP, ISO, IGI, IDA","2","1.92","83.5"
"246","GO:0044057","regulation of system process","IEA, ISO, IDA","3","2.88","85.8"
"247","GO:0014068","positive regulation of phosphatidylinositol 3-kinase cascade","IEA, IDA","4","3.85","87.3"
"248","GO:0014066","regulation of phosphatidylinositol 3-kinase cascade","IEA, IDA","4","3.85","87.3"
"249","GO:1901137","carbohydrate derivative biosynthetic process","IEA, ISO, IDA","3","2.88","85.8"
"250","GO:0009100","glycoprotein metabolic process","IEA, ISO, IDA","3","2.88","85.8"
"251","GO:0009101","glycoprotein biosynthetic process","IEA, ISO, IDA","3","2.88","85.8"
"252","GO:0071900","regulation of protein serine/threonine kinase activity","IEA, IMP, ISO, IDA","4","3.85","87.3"
"253","GO:0022008","neurogenesis","IMP, ISO, IDA","3","2.88","85.8"
"254","GO:0010611","regulation of cardiac muscle hypertrophy","IEA, ISO, IDA","3","2.88","85.8"
"255","GO:0002791","regulation of peptide secretion","IEA, IMP, ISO, IDA","3","2.88","85.8"
"256","GO:0002793","positive regulation of peptide secretion","IEA, IMP, ISO, IDA","3","2.88","85.8"
"257","GO:2001236","regulation of extrinsic apoptotic signaling pathway","IEA, ISO, IDA","4","3.85","87.3"
"258","GO:2001237","negative regulation of extrinsic apoptotic signaling pathway","IEA, ISO, IDA","4","3.85","87.3"
"259","GO:0010720","positive regulation of cell development","IEA, ISO, IDA","4","3.85","87.3"
"260","GO:0032147","activation of protein kinase activity","IEA, IMP, ISO, IDA","4","3.85","87.3"
"261","GO:1901566","organonitrogen compound biosynthetic process","IEA, ISO, IDA","3","2.88","85.8"
"262","GO:1901135","carbohydrate derivative metabolic process","IEA, ISO, IDA","3","2.88","85.8"
"263","GO:0014742","positive regulation of muscle hypertrophy","IEA, ISO, IDA","3","2.88","85.8"
"264","GO:0014743","regulation of muscle hypertrophy","IEA, ISO, IDA","3","2.88","85.8"
"265","GO:0033674","positive regulation of kinase activity","IEA, IMP, ISO, IDA","4","3.85","87.3"
"266","GO:0051101","regulation of DNA binding","IEA, ISO, IDA","3","2.88","85.8"
"267","GO:1903530","GO:1903530","IEA, IMP, ISO, IDA","3","2.88","85.8"
"268","GO:0043549","regulation of kinase activity","IEA, IMP, ISO, IDA","4","3.85","87.3"
"269","GO:0030278","regulation of ossification","IEA, ISO, IDA","4","3.85","87.3"
"270","GO:0048017","inositol lipid-mediated signaling","IEA, IMP, ISO, IDA","3","2.88","85.8"
"271","GO:0061061","muscle structure development","IEA, TAS, ISO, IDA","3","2.88","85.8"
"272","GO:1904951","GO:1904951","IEA, IMP, ISO, IDA","3","2.88","85.8"
"273","GO:0034391","regulation of smooth muscle cell apoptotic process","IEA, IMP, ISO, IDA","3","2.88","85.8"
"274","GO:0050678","regulation of epithelial cell proliferation","IEA, ISO, IGI, IDA","4","3.85","87.3"
"275","GO:1901576","organic substance biosynthetic process","IEA, ISO, IDA","3","2.88","85.8"
"276","GO:0043502","regulation of muscle adaptation","IEA, ISO, IDA","3","2.88","85.8"
"277","GO:0006029","proteoglycan metabolic process","IEA, ISO, IDA","3","2.88","85.8"
"278","GO:0009058","biosynthetic process","IEA, ISO, IDA","3","2.88","85.8"
"279","GO:0009059","macromolecule biosynthetic process","IEA, ISO, IDA","3","2.88","85.8"
"280","GO:0051172","negative regulation of nitrogen compound metabolic process","IMP, ISO, IGI, IDA","2","1.92","83.5"
"281","GO:0030166","proteoglycan biosynthetic process","IEA, ISO, IDA","3","2.88","85.8"
"282","GO:0048589","developmental growth","IEA, ISO, IDA","3","2.88","85.8"
"283","GO:0050708","regulation of protein secretion","IEA, IMP, ISO, IDA","3","2.88","85.8"
"284","GO:0034645","cellular macromolecule biosynthetic process","IEA, ISO, IDA","3","2.88","85.8"
"285","GO:0045597","positive regulation of cell differentiation","IEA, ISO, IDA","4","3.85","87.3"
"286","GO:0032269","negative regulation of cellular protein metabolic process","IMP, ISO, IGI, IDA","2","1.92","83.5"
"287","GO:0009725","response to hormone stimulus","IMP, IEP, IDA","4","3.85","87.3"
"288","GO:0051099","positive regulation of binding","IEA, ISO, IDA","3","2.88","85.8"
"289","GO:0051098","regulation of binding","IEA, ISO, IDA","3","2.88","85.8"
"290","GO:0045860","positive regulation of protein kinase activity","IEA, IMP, ISO, IDA","4","3.85","87.3"
"291","GO:0031324","negative regulation of cellular metabolic process","IMP, ISO, IGI, IDA","2","1.92","83.5"
"292","GO:0040007","growth","IEA, ISO, IDA","3","2.88","85.8"
"293","GO:0048660","regulation of smooth muscle cell proliferation","IEA, IMP, ISO, IDA","3","2.88","85.8"
"294","GO:0045778","positive regulation of ossification","IEA, ISO, IDA","4","3.85","87.3"
"295","GO:0044249","cellular biosynthetic process","IEA, ISO, IDA","3","2.88","85.8"
"296","GO:0033157","regulation of intracellular protein transport","IEA, ISO, IDA","3","2.88","85.8"
"297","GO:0033158","regulation of protein import into nucleus, translocation","IEA, ISO, IDA","3","2.88","85.8"
"298","GO:0050848","regulation of calcium-mediated signaling","IEA, ISO, IDA","3","2.88","85.8"
"299","GO:0032388","positive regulation of intracellular transport","IEA, ISO, IDA","3","2.88","85.8"
"300","GO:0000003","reproduction","IMP, IEP, IDA","2","1.92","83.5"
"301","GO:0000165","MAPK cascade","IEA, IMP, ISO","3","2.88","85.8"
"302","GO:0007088","regulation of mitosis","IEA, ISO, IDA","3","2.88","85.8"
"303","GO:0032386","regulation of intracellular transport","IEA, ISO, IDA","3","2.88","85.8"
"304","GO:0051197","positive regulation of coenzyme metabolic process","IEA, ISO, IDA","3","2.88","85.8"
"305","GO:0051193","regulation of cofactor metabolic process","IEA, ISO, IDA","3","2.88","85.8"
"306","GO:0010638","positive regulation of organelle organization","IEA, ISO, IDA","3","2.88","85.8"
"307","GO:0051783","regulation of nuclear division","IEA, ISO, IDA","3","2.88","85.8"
"308","GO:0051781","positive regulation of cell division","IEA, ISO, IDA","3","2.88","85.8"
"309","GO:0045821","positive regulation of glycolysis","IEA, ISO, IDA","3","2.88","85.8"
"310","GO:1904589","GO:1904589","IEA, ISO, IDA","3","2.88","85.8"
"311","GO:0042692","muscle cell differentiation","IEA, ISO, IDA","3","2.88","85.8"
"312","GO:0043900","regulation of multi-organism process","IEA, IMP, ISO","3","2.88","85.8"
"313","GO:0051346","negative regulation of hydrolase activity","IMP, ISO, IDA","3","2.88","85.8"
"314","GO:0002684","positive regulation of immune system process","IEA, ISO, IDA","3","2.88","85.8"
"315","GO:0006110","regulation of glycolysis","IEA, ISO, IDA","3","2.88","85.8"
"316","GO:1901861","regulation of muscle tissue development","IEA, ISO, IDA","3","2.88","85.8"
"317","GO:0043412","macromolecule modification","IEA, IMP, ISO","3","2.88","85.8"
"318","GO:0009266","response to temperature stimulus","ISO, IDA","3","2.88","85.8"
"319","GO:0048799","organ maturation","IEA, ISO, IDA","3","2.88","85.8"
"320","GO:0010559","regulation of glycoprotein biosynthetic process","IEA, IMP, ISO","3","2.88","85.8"
"321","GO:1905880","GO:1905880","IEA, IMP, ISO","3","2.88","85.8"
"322","GO:0048146","positive regulation of fibroblast proliferation","IEA, ISO, IDA","3","2.88","85.8"
"323","GO:0048145","regulation of fibroblast proliferation","IEA, ISO, IDA","3","2.88","85.8"
"324","GO:0046578","regulation of Ras protein signal transduction","IEA, ISO, IDA","3","2.88","85.8"
"325","GO:0046579","positive regulation of Ras protein signal transduction","IEA, ISO, IDA","3","2.88","85.8"
"326","GO:1903827","GO:1903827","IEA, ISO, IDA","3","2.88","85.8"
"327","GO:0051450","myoblast proliferation","IEA, ISO, IDA","3","2.88","85.8"
"328","GO:1903829","GO:1903829","IEA, ISO, IDA","3","2.88","85.8"
"329","GO:0043567","regulation of insulin-like growth factor receptor signaling pathway","IEA, ISO, IDA","3","2.88","85.8"
"330","GO:0060283","negative regulation of oocyte development","IEA, IMP, ISO","3","2.88","85.8"
"331","GO:0060281","regulation of oocyte development","IEA, IMP, ISO","3","2.88","85.8"
"332","GO:0043568","positive regulation of insulin-like growth factor receptor signaling pathway","IEA, ISO, IDA","3","2.88","85.8"
"333","GO:0030813","positive regulation of nucleotide catabolic process","IEA, ISO, IDA","3","2.88","85.8"
"334","GO:0030810","positive regulation of nucleotide biosynthetic process","IEA, ISO, IDA","3","2.88","85.8"
"335","GO:0030811","regulation of nucleotide catabolic process","IEA, ISO, IDA","3","2.88","85.8"
"336","GO:0055002","striated muscle cell development","IEA, ISO, IDA","3","2.88","85.8"
"337","GO:0050877","neurological system process","IMP, ISO, TAS","2","1.92","83.5"
"338","GO:0050870","positive regulation of T cell activation","IEA, ISO, IDA","3","2.88","85.8"
"339","GO:0051153","regulation of striated muscle cell differentiation","IEA, ISO, IDA","3","2.88","85.8"
"340","GO:0051155","positive regulation of striated muscle cell differentiation","IEA, ISO, IDA","3","2.88","85.8"
"341","GO:0060341","regulation of cellular localization","IEA, ISO, IDA","3","2.88","85.8"
"342","GO:0051196","regulation of coenzyme metabolic process","IEA, ISO, IDA","3","2.88","85.8"
"343","GO:0022407","regulation of cell-cell adhesion","IEA, ISO, IDA","3","2.88","85.8"
"344","GO:0045445","myoblast differentiation","IEA, ISO, IDA","3","2.88","85.8"
"345","GO:0022409","positive regulation of cell-cell adhesion","IEA, ISO, IDA","3","2.88","85.8"
"346","GO:0009636","response to toxic substance","IEP, ISO, IDA","2","1.92","83.5"
"347","GO:0046824","positive regulation of nucleocytoplasmic transport","IEA, ISO, IDA","3","2.88","85.8"
"348","GO:0006468","protein phosphorylation","IEA, IMP, ISO","3","2.88","85.8"
"349","GO:0090316","positive regulation of intracellular protein transport","IEA, ISO, IDA","3","2.88","85.8"
"350","GO:0006464","cellular protein modification process","IEA, IMP, ISO","3","2.88","85.8"
"351","GO:0010959","regulation of metal ion transport","IMP, ISO, IDA","3","2.88","85.8"
"352","GO:0040019","positive regulation of embryonic development","IEA, IMP, ISO","3","2.88","85.8"
"353","GO:0006796","phosphate-containing compound metabolic process","IEA, IMP, ISO","3","2.88","85.8"
"354","GO:0051056","regulation of small GTPase mediated signal transduction","IEA, ISO, IDA","3","2.88","85.8"
"355","GO:0006793","phosphorus metabolic process","IEA, IMP, ISO","3","2.88","85.8"
"356","GO:0006140","regulation of nucleotide metabolic process","IEA, ISO, IDA","3","2.88","85.8"
"357","GO:0032148","activation of protein kinase B activity","IEA, IMP, ISO","3","2.88","85.8"
"358","GO:2000242","negative regulation of reproductive process","IEA, IMP, ISO","3","2.88","85.8"
"359","GO:2000241","regulation of reproductive process","IEA, IMP, ISO","3","2.88","85.8"
"360","GO:1903578","GO:1903578","IEA, ISO, IDA","3","2.88","85.8"
"361","GO:0003012","muscle system process","IEA, IMP, ISO","3","2.88","85.8"
"362","GO:1905207","GO:1905207","IEA, ISO, IDA","3","2.88","85.8"
"363","GO:0045787","positive regulation of cell cycle","IEA, ISO, IDA","3","2.88","85.8"
"364","GO:0045785","positive regulation of cell adhesion","IEA, ISO, IDA","3","2.88","85.8"
"365","GO:0070663","regulation of leukocyte proliferation","IEA, ISO, IDA","3","2.88","85.8"
"366","GO:0044092","negative regulation of molecular function","IMP, ISO, IDA","3","2.88","85.8"
"367","GO:0070665","positive regulation of leukocyte proliferation","IEA, ISO, IDA","3","2.88","85.8"
"368","GO:0051057","positive regulation of small GTPase mediated signal transduction","IEA, ISO, IDA","3","2.88","85.8"
"369","GO:0016202","regulation of striated muscle tissue development","IEA, ISO, IDA","3","2.88","85.8"
"370","GO:1905209","GO:1905209","IEA, ISO, IDA","3","2.88","85.8"
"371","GO:0051194","positive regulation of cofactor metabolic process","IEA, ISO, IDA","3","2.88","85.8"
"372","GO:0106058","GO:0106058","IEA, ISO, IDA","3","2.88","85.8"
"373","GO:0043406","positive regulation of MAP kinase activity","IEA, IMP, ISO","3","2.88","85.8"
"374","GO:0031667","response to nutrient levels","IEP, IDA","2","1.92","83.5"
"375","GO:1900371","regulation of purine nucleotide biosynthetic process","IEA, ISO, IDA","3","2.88","85.8"
"376","GO:0070884","regulation of calcineurin-NFAT signaling cascade","IEA, ISO, IDA","3","2.88","85.8"
"377","GO:0045840","positive regulation of mitosis","IEA, ISO, IDA","3","2.88","85.8"
"378","GO:0045844","positive regulation of striated muscle tissue development","IEA, ISO, IDA","3","2.88","85.8"
"379","GO:0050821","protein stabilization","IEA, IMP, ISO","3","2.88","85.8"
"380","GO:0010629","negative regulation of gene expression","IEA, IDA","3","2.88","85.8"
"381","GO:0030282","bone mineralization","IEA, ISO, IDA","3","2.88","85.8"
"382","GO:0009887","organ morphogenesis","IMP, IEP","3","2.88","85.8"
"383","GO:0051785","positive regulation of nuclear division","IEA, ISO, IDA","3","2.88","85.8"
"384","GO:1901214","regulation of neuron death","IMP, ISO, IDA","3","2.88","85.8"
"385","GO:1901215","negative regulation of neuron death","IMP, ISO, IDA","3","2.88","85.8"
"386","GO:0051336","regulation of hydrolase activity","IMP, ISO, IDA","3","2.88","85.8"
"387","GO:0002694","regulation of leukocyte activation","IEA, ISO, IDA","3","2.88","85.8"
"388","GO:0014896","muscle hypertrophy","IEA, IMP, ISO","3","2.88","85.8"
"389","GO:0002696","positive regulation of leukocyte activation","IEA, ISO, IDA","3","2.88","85.8"
"390","GO:0046822","regulation of nucleocytoplasmic transport","IEA, ISO, IDA","3","2.88","85.8"
"391","GO:0051241","negative regulation of multicellular organismal process","IEA, IMP, ISO","3","2.88","85.8"
"392","GO:0043405","regulation of MAP kinase activity","IEA, IMP, ISO","3","2.88","85.8"
"393","GO:0043403","skeletal muscle tissue regeneration","IEA, ISO, IDA","3","2.88","85.8"
"394","GO:0070886","positive regulation of calcineurin-NFAT signaling cascade","IEA, ISO, IDA","3","2.88","85.8"
"395","GO:0051249","regulation of lymphocyte activation","IEA, ISO, IDA","3","2.88","85.8"
"396","GO:0010560","positive regulation of glycoprotein biosynthetic process","IEA, IMP, ISO","3","2.88","85.8"
"397","GO:0010564","regulation of cell cycle process","IEA, ISO, IDA","3","2.88","85.8"
"398","GO:1903039","GO:1903039","IEA, ISO, IDA","3","2.88","85.8"
"399","GO:0042509","regulation of tyrosine phosphorylation of STAT protein","IEA, ISO, IDA","3","2.88","85.8"
"400","GO:1904073","GO:1904073","IEA, IMP, ISO","3","2.88","85.8"
"401","GO:0014065","phosphatidylinositol 3-kinase cascade","IEA, IMP, ISO","3","2.88","85.8"
"402","GO:0009408","response to heat","ISO, IDA","3","2.88","85.8"
"403","GO:0043470","regulation of carbohydrate catabolic process","IEA, ISO, IDA","3","2.88","85.8"
"404","GO:0030808","regulation of nucleotide biosynthetic process","IEA, ISO, IDA","3","2.88","85.8"
"405","GO:1903037","GO:1903037","IEA, ISO, IDA","3","2.88","85.8"
"406","GO:0070371","ERK1 and ERK2 cascade","IEA, IMP, ISO","3","2.88","85.8"
"407","GO:0050865","regulation of cell activation","IEA, ISO, IDA","3","2.88","85.8"
"408","GO:0043931","ossification involved in bone maturation","IEA, ISO, IDA","3","2.88","85.8"
"409","GO:0050863","regulation of T cell activation","IEA, ISO, IDA","3","2.88","85.8"
"410","GO:0051147","regulation of muscle cell differentiation","IEA, ISO, IDA","3","2.88","85.8"
"411","GO:0051149","positive regulation of muscle cell differentiation","IEA, ISO, IDA","3","2.88","85.8"
"412","GO:0021700","developmental maturation","IEA, ISO, IDA","3","2.88","85.8"
"413","GO:1904707","GO:1904707","IEA, IMP, ISO","3","2.88","85.8"
"414","GO:1904705","GO:1904705","IEA, IMP, ISO","3","2.88","85.8"
"415","GO:0045931","positive regulation of mitotic cell cycle","IEA, ISO, IDA","3","2.88","85.8"
"416","GO:0046620","regulation of organ growth","IEA, ISO, IDA","3","2.88","85.8"
"417","GO:0046622","positive regulation of organ growth","IEA, ISO, IDA","3","2.88","85.8"
"418","GO:0010817","regulation of hormone levels","ISO, IDA","3","2.88","85.8"
"419","GO:0022414","reproductive process","IMP, IEP, IDA","2","1.92","83.5"
"420","GO:0051962","positive regulation of nervous system development","ISO, IDA","2","1.92","83.5"
"421","GO:0014834","satellite cell maintenance involved in skeletal muscle regeneration","IEA, ISO, IDA","3","2.88","85.8"
"422","GO:0045981","positive regulation of nucleotide metabolic process","IEA, ISO, IDA","3","2.88","85.8"
"423","GO:0106056","GO:0106056","IEA, ISO, IDA","3","2.88","85.8"
"424","GO:0042531","positive regulation of tyrosine phosphorylation of STAT protein","IEA, ISO, IDA","3","2.88","85.8"
"425","GO:0010721","negative regulation of cell development","IEA, IMP, ISO","3","2.88","85.8"
"426","GO:0007600","sensory perception","IMP, ISO, TAS","2","1.92","83.5"
"427","GO:0042129","regulation of T cell proliferation","IEA, ISO, IDA","3","2.88","85.8"
"428","GO:0051146","striated muscle cell differentiation","IEA, ISO, IDA","3","2.88","85.8"
"429","GO:0051960","regulation of nervous system development","ISO, IDA","2","1.92","83.5"
"430","GO:0043434","response to peptide hormone stimulus","IMP, IEP, IDA","3","2.88","85.8"
"431","GO:0071695","anatomical structure maturation","IEA, ISO, IDA","3","2.88","85.8"
"432","GO:0046006","regulation of activated T cell proliferation","IEA, ISO, IDA","3","2.88","85.8"
"433","GO:0042493","response to drug","IEP, ISO, IDA","2","1.92","83.5"
"434","GO:1901863","positive regulation of muscle tissue development","IEA, ISO, IDA","3","2.88","85.8"
"435","GO:1905459","GO:1905459","IEA, IMP, ISO","3","2.88","85.8"
"436","GO:0055024","regulation of cardiac muscle tissue development","IEA, ISO, IDA","3","2.88","85.8"
"437","GO:0055025","positive regulation of cardiac muscle tissue development","IEA, ISO, IDA","3","2.88","85.8"
"438","GO:0055023","positive regulation of cardiac muscle tissue growth","IEA, ISO, IDA","3","2.88","85.8"
"439","GO:0055021","regulation of cardiac muscle tissue growth","IEA, ISO, IDA","3","2.88","85.8"
"440","GO:0043901","negative regulation of multi-organism process","IEA, IMP, ISO","3","2.88","85.8"
"441","GO:0042306","regulation of protein import into nucleus","IEA, ISO, IDA","3","2.88","85.8"
"442","GO:1900180","regulation of protein localization to nucleus","IEA, ISO, IDA","3","2.88","85.8"
"443","GO:1900182","positive regulation of protein localization to nucleus","IEA, ISO, IDA","3","2.88","85.8"
"444","GO:0001775","cell activation","IEA, ISO, IDA","3","2.88","85.8"
"445","GO:0006357","regulation of transcription from RNA polymerase II promoter","IEA, IDA","3","2.88","85.8"
"446","GO:0030155","regulation of cell adhesion","IEA, ISO, IDA","3","2.88","85.8"
"447","GO:0042307","positive regulation of protein import into nucleus","IEA, ISO, IDA","3","2.88","85.8"
"448","GO:1904591","GO:1904591","IEA, ISO, IDA","3","2.88","85.8"
"449","GO:0050867","positive regulation of cell activation","IEA, ISO, IDA","3","2.88","85.8"
"450","GO:0014902","myotube differentiation","IEA, ISO, IDA","3","2.88","85.8"
"451","GO:0031331","positive regulation of cellular catabolic process","IEA, ISO, IDA","3","2.88","85.8"
"452","GO:0014904","myotube cell development","IEA, ISO, IDA","3","2.88","85.8"
"453","GO:0051251","positive regulation of lymphocyte activation","IEA, ISO, IDA","3","2.88","85.8"
"454","GO:0050714","positive regulation of protein secretion","IEA, IMP, ISO","3","2.88","85.8"
"455","GO:0050670","regulation of lymphocyte proliferation","IEA, ISO, IDA","3","2.88","85.8"
"456","GO:0050671","positive regulation of lymphocyte proliferation","IEA, ISO, IDA","3","2.88","85.8"
"457","GO:2000677","regulation of transcription regulatory region DNA binding","IEA, ISO, IDA","3","2.88","85.8"
"458","GO:2000679","positive regulation of transcription regulatory region DNA binding","IEA, ISO, IDA","3","2.88","85.8"
"459","GO:1903020","GO:1903020","IEA, IMP, ISO","3","2.88","85.8"
"460","GO:0043269","regulation of ion transport","IMP, ISO, IDA","3","2.88","85.8"
"461","GO:1905879","GO:1905879","IEA, IMP, ISO","3","2.88","85.8"
"462","GO:1904075","GO:1904075","IEA, IMP, ISO","3","2.88","85.8"
"463","GO:0055001","muscle cell development","IEA, ISO, IDA","3","2.88","85.8"
"464","GO:0050850","positive regulation of calcium-mediated signaling","IEA, ISO, IDA","3","2.88","85.8"
"465","GO:0046427","positive regulation of JAK-STAT cascade","IEA, ISO, IDA","3","2.88","85.8"
"466","GO:0046425","regulation of JAK-STAT cascade","IEA, ISO, IDA","3","2.88","85.8"
"467","GO:0051726","regulation of cell cycle","IEA, ISO, IDA","3","2.88","85.8"
"468","GO:0023014","signal transduction by phosphorylation","IEA, IMP, ISO","3","2.88","85.8"
"469","GO:1903580","GO:1903580","IEA, ISO, IDA","3","2.88","85.8"
"470","GO:0009611","response to wounding","IEA, ISO, IDA","3","2.88","85.8"
"471","GO:0009612","response to mechanical stimulus","IEP, ISO, IMP","2","1.92","83.5"
"472","GO:2000725","regulation of cardiac muscle cell differentiation","IEA, ISO, IDA","3","2.88","85.8"
"473","GO:2000727","positive regulation of cardiac muscle cell differentiation","IEA, ISO, IDA","3","2.88","85.8"
"474","GO:1903018","GO:1903018","IEA, IMP, ISO","3","2.88","85.8"
"475","GO:0048634","regulation of muscle organ development","IEA, ISO, IDA","3","2.88","85.8"
"476","GO:2001171","positive regulation of ATP biosynthetic process","IEA, ISO, IDA","3","2.88","85.8"
"477","GO:0045995","regulation of embryonic development","IEA, IMP, ISO","3","2.88","85.8"
"478","GO:0048636","positive regulation of muscle organ development","IEA, ISO, IDA","3","2.88","85.8"
"479","GO:0042246","tissue regeneration","IEA, ISO, IDA","3","2.88","85.8"
"480","GO:1905460","GO:1905460","IEA, IMP, ISO","3","2.88","85.8"
"481","GO:1900373","positive regulation of purine nucleotide biosynthetic process","IEA, ISO, IDA","3","2.88","85.8"
"482","GO:0032946","positive regulation of mononuclear cell proliferation","IEA, ISO, IDA","3","2.88","85.8"
"483","GO:0032944","regulation of mononuclear cell proliferation","IEA, ISO, IDA","3","2.88","85.8"
"484","GO:0090068","positive regulation of cell cycle process","IEA, ISO, IDA","3","2.88","85.8"
"485","GO:0007346","regulation of mitotic cell cycle","IEA, ISO, IDA","3","2.88","85.8"
"486","GO:0051130","positive regulation of cellular component organization","IEA, ISO, IDA","3","2.88","85.8"
"487","GO:2001169","regulation of ATP biosynthetic process","IEA, ISO, IDA","3","2.88","85.8"
"488","GO:0042060","wound healing","IEA, ISO, IDA","3","2.88","85.8"
"489","GO:0098727","GO:0098727","IEA, ISO, IDA","3","2.88","85.8"
"490","GO:0036211","protein modification process","IEA, IMP, ISO","3","2.88","85.8"
"491","GO:0043491","protein kinase B signaling cascade","IEA, IMP, ISO","3","2.88","85.8"
"492","GO:0031647","regulation of protein stability","IEA, IMP, ISO","3","2.88","85.8"
"493","GO:0035630","bone mineralization involved in bone maturation","IEA, ISO, IDA","3","2.88","85.8"
"494","GO:0016310","phosphorylation","IEA, IMP, ISO","3","2.88","85.8"
"495","GO:0009653","anatomical structure morphogenesis","IMP, IEP","3","2.88","85.8"
"496","GO:0043086","negative regulation of catalytic activity","IMP, ISO, IDA","3","2.88","85.8"
"497","GO:0070977","bone maturation","IEA, ISO, IDA","3","2.88","85.8"
"498","GO:1904646","GO:1904646","IEA, ISO, IGI","3","2.88","85.8"
"499","GO:1904645","GO:1904645","IEA, ISO, IGI","3","2.88","85.8"
"500","GO:0033160","positive regulation of protein import into nucleus, translocation","IEA, ISO, IDA","3","2.88","85.8"
"501","GO:0060420","regulation of heart growth","IEA, ISO, IDA","3","2.88","85.8"
"502","GO:0060421","positive regulation of heart growth","IEA, ISO, IDA","3","2.88","85.8"
"503","GO:0045596","negative regulation of cell differentiation","IEA, IMP, ISO","3","2.88","85.8"
"504","GO:1900542","regulation of purine nucleotide metabolic process","IEA, ISO, IDA","3","2.88","85.8"
"505","GO:0061050","regulation of cell growth involved in cardiac muscle cell development","IEA, ISO, IDA","3","2.88","85.8"
"506","GO:0061051","positive regulation of cell growth involved in cardiac muscle cell development","IEA, ISO, IDA","3","2.88","85.8"
"507","GO:0051093","negative regulation of developmental process","IEA, IMP, ISO","3","2.88","85.8"
"508","GO:0045944","positive regulation of transcription from RNA polymerase II promoter","IEA, IDA","3","2.88","85.8"
"509","GO:1904892","GO:1904892","IEA, ISO, IDA","3","2.88","85.8"
"510","GO:1904894","GO:1904894","IEA, ISO, IDA","3","2.88","85.8"
"511","GO:0000187","activation of MAPK activity","IEA, IMP, ISO","3","2.88","85.8"
"512","GO:0031329","regulation of cellular catabolic process","IEA, ISO, IDA","3","2.88","85.8"
"513","GO:0014911","positive regulation of smooth muscle cell migration","IEA, ISO, IDA","3","2.88","85.8"
"514","GO:0014910","regulation of smooth muscle cell migration","IEA, ISO, IDA","3","2.88","85.8"
"515","GO:0031099","regeneration","IEA, ISO, IDA","3","2.88","85.8"
"516","GO:0042104","positive regulation of activated T cell proliferation","IEA, ISO, IDA","3","2.88","85.8"
"517","GO:0042102","positive regulation of T cell proliferation","IEA, ISO, IDA","3","2.88","85.8"
"518","GO:0031214","biomineral tissue development","IEA, ISO, IDA","3","2.88","85.8"
"519","GO:0048699","generation of neurons","IMP, ISO, IDA","3","2.88","85.8"
"520","GO:1900544","positive regulation of purine nucleotide metabolic process","IEA, ISO, IDA","3","2.88","85.8"
"521","GO:0034351","negative regulation of glial cell apoptotic process","ISO, IDA","2","1.92","83.5"
"522","GO:0034350","regulation of glial cell apoptotic process","ISO, IDA","2","1.92","83.5"
"523","GO:0030850","prostate gland development","IMP, IDA","1","0.962","79.8"
"524","GO:0060541","respiratory system development","IMP, IGI","1","0.962","79.8"
"525","GO:0010634","positive regulation of epithelial cell migration","ISO, IGI","2","1.92","83.5"
"526","GO:0042326","negative regulation of phosphorylation","IMP, IGI","1","0.962","79.8"
"527","GO:0010632","regulation of epithelial cell migration","ISO, IGI","2","1.92","83.5"
"528","GO:0002683","negative regulation of immune system process","IMP, ISO","2","1.92","83.5"
"529","GO:0035094","response to nicotine","IEP","1","0.962","79.8"
"530","GO:0048545","response to steroid hormone stimulus","IEP","1","0.962","79.8"
"531","GO:0050974","detection of mechanical stimulus involved in sensory perception","IMP, ISO","2","1.92","83.5"
"532","GO:0001655","urogenital system development","IMP, IDA","1","0.962","79.8"
"533","GO:0046889","positive regulation of lipid biosynthetic process","ISO, IDA","2","1.92","83.5"
"534","GO:0050906","detection of stimulus involved in sensory perception","IMP, ISO","2","1.92","83.5"
"535","GO:0042592","homeostatic process","IGI, IDA","1","0.962","79.8"
"536","GO:0032355","response to estradiol stimulus","IEP","1","0.962","79.8"
"537","GO:0032352","positive regulation of hormone metabolic process","ISO, IDA","2","1.92","83.5"
"538","GO:0032350","regulation of hormone metabolic process","ISO, IDA","2","1.92","83.5"
"539","GO:2000116","regulation of cysteine-type endopeptidase activity","ISO, IDA","2","1.92","83.5"
"540","GO:2000117","negative regulation of cysteine-type endopeptidase activity","ISO, IDA","2","1.92","83.5"
"541","GO:0019216","regulation of lipid metabolic process","ISO, IDA","2","1.92","83.5"
"542","GO:0019218","regulation of steroid metabolic process","ISO, IDA","2","1.92","83.5"
"543","GO:0010595","positive regulation of endothelial cell migration","ISO, IGI","2","1.92","83.5"
"544","GO:0010594","regulation of endothelial cell migration","ISO, IGI","2","1.92","83.5"
"545","GO:0043536","positive regulation of blood vessel endothelial cell migration","ISO, IGI","2","1.92","83.5"
"546","GO:0035295","tube development","IMP, IGI","1","0.962","79.8"
"547","GO:0006417","regulation of translation","IMP, ISO","2","1.92","83.5"
"548","GO:0007613","memory","IMP, ISO","2","1.92","83.5"
"549","GO:0007610","behavior","IMP, ISO","2","1.92","83.5"
"550","GO:0007611","learning or memory","IMP, ISO","2","1.92","83.5"
"551","GO:0045600","positive regulation of fat cell differentiation","ISO, IDA","2","1.92","83.5"
"552","GO:0051051","negative regulation of transport","IMP, IDA","2","1.92","83.5"
"553","GO:0050890","cognition","IMP, ISO","2","1.92","83.5"
"554","GO:0010951","negative regulation of endopeptidase activity","ISO, IDA","2","1.92","83.5"
"555","GO:0050767","regulation of neurogenesis","ISO, IDA","2","1.92","83.5"
"556","GO:0071375","cellular response to peptide hormone stimulus","IMP, IEP","2","1.92","83.5"
"557","GO:0010563","negative regulation of phosphorus metabolic process","IMP, IGI","1","0.962","79.8"
"558","GO:0050769","positive regulation of neurogenesis","ISO, IDA","2","1.92","83.5"
"559","GO:1905564","GO:1905564","ISO, IGI","2","1.92","83.5"
"560","GO:0048608","reproductive structure development","IMP, IDA","1","0.962","79.8"
"561","GO:1905562","GO:1905562","ISO, IGI","2","1.92","83.5"
"562","GO:0034248","regulation of cellular amide metabolic process","IMP, ISO","2","1.92","83.5"
"563","GO:0040014","regulation of multicellular organism growth","IEA, IEP","2","1.92","83.5"
"564","GO:0090030","regulation of steroid hormone biosynthetic process","ISO, IDA","2","1.92","83.5"
"565","GO:0090031","positive regulation of steroid hormone biosynthetic process","ISO, IDA","2","1.92","83.5"
"566","GO:0048732","gland development","IMP, IDA","1","0.962","79.8"
"567","GO:0030323","respiratory tube development","IMP, IGI","1","0.962","79.8"
"568","GO:0030324","lung development","IMP, IGI","1","0.962","79.8"
"569","GO:0043583","ear development","IMP, IDA","2","1.92","83.5"
"570","GO:0045936","negative regulation of phosphate metabolic process","IMP, IGI","1","0.962","79.8"
"571","GO:1900141","regulation of oligodendrocyte apoptotic process","ISO, IDA","2","1.92","83.5"
"572","GO:1900142","negative regulation of oligodendrocyte apoptotic process","ISO, IDA","2","1.92","83.5"
"573","GO:0072359","circulatory system development","IMP, IEP","2","1.92","83.5"
"574","GO:0003006","developmental process involved in reproduction","IMP, IDA","1","0.962","79.8"
"575","GO:0043535","regulation of blood vessel endothelial cell migration","ISO, IGI","2","1.92","83.5"
"576","GO:0014015","positive regulation of gliogenesis","ISO, IDA","2","1.92","83.5"
"577","GO:0014013","regulation of gliogenesis","ISO, IDA","2","1.92","83.5"
"578","GO:1904035","GO:1904035","IMP, ISO","2","1.92","83.5"
"579","GO:1904036","GO:1904036","IMP, ISO","2","1.92","83.5"
"580","GO:0052547","regulation of peptidase activity","ISO, IDA","2","1.92","83.5"
"581","GO:0050954","sensory perception of mechanical stimulus","IMP, ISO","2","1.92","83.5"
"582","GO:0050810","regulation of steroid biosynthetic process","ISO, IDA","2","1.92","83.5"
"583","GO:0051602","response to electrical stimulus","IEP, IDA","2","1.92","83.5"
"584","GO:0051606","detection of stimulus","IMP, ISO","2","1.92","83.5"
"585","GO:0007423","sensory organ development","IMP, IDA","2","1.92","83.5"
"586","GO:0031400","negative regulation of protein modification process","IMP, IGI","1","0.962","79.8"
"587","GO:0046885","regulation of hormone biosynthetic process","ISO, IDA","2","1.92","83.5"
"588","GO:0046677","response to antibiotic","ISO, IDA","2","1.92","83.5"
"589","GO:0046886","positive regulation of hormone biosynthetic process","ISO, IDA","2","1.92","83.5"
"590","GO:0061458","reproductive system development","IMP, IDA","1","0.962","79.8"
"591","GO:0032870","cellular response to hormone stimulus","IMP, IEP","2","1.92","83.5"
"592","GO:0060740","prostate gland epithelium morphogenesis","IMP","1","0.962","79.8"
"593","GO:0048839","inner ear development","IMP, IDA","2","1.92","83.5"
"594","GO:0046890","regulation of lipid biosynthetic process","ISO, IDA","2","1.92","83.5"
"595","GO:0048729","tissue morphogenesis","IMP","2","1.92","83.5"
"596","GO:0060252","positive regulation of glial cell proliferation","ISO, IDA","2","1.92","83.5"
"597","GO:0010608","posttranscriptional regulation of gene expression","IMP, ISO","2","1.92","83.5"
"598","GO:0010893","positive regulation of steroid biosynthetic process","ISO, IDA","2","1.92","83.5"
"599","GO:0045834","positive regulation of lipid metabolic process","ISO, IDA","2","1.92","83.5"
"600","GO:0043281","regulation of cysteine-type endopeptidase activity involved in apoptotic process","ISO, IDA","2","1.92","83.5"
"601","GO:0060251","regulation of glial cell proliferation","ISO, IDA","2","1.92","83.5"
"602","GO:0030162","regulation of proteolysis","ISO, IDA","2","1.92","83.5"
"603","GO:0048878","chemical homeostasis","IGI, IDA","1","0.962","79.8"
"604","GO:0060416","response to growth hormone stimulus","IEP, IDA","2","1.92","83.5"
"605","GO:0097305","response to alcohol","ISO, IDA","2","1.92","83.5"
"606","GO:0052548","regulation of endopeptidase activity","ISO, IDA","2","1.92","83.5"
"607","GO:0014070","response to organic cyclic compound","IEP","1","0.962","79.8"
"608","GO:0051384","response to glucocorticoid stimulus","IEP","1","0.962","79.8"
"609","GO:0045471","response to ethanol","ISO, IDA","2","1.92","83.5"
"610","GO:0045598","regulation of fat cell differentiation","ISO, IDA","2","1.92","83.5"
"611","GO:0043154","negative regulation of cysteine-type endopeptidase activity involved in apoptotic process","ISO, IDA","2","1.92","83.5"
"612","GO:0045940","positive regulation of steroid metabolic process","ISO, IDA","2","1.92","83.5"
"613","GO:0045861","negative regulation of proteolysis","ISO, IDA","2","1.92","83.5"
"614","GO:0009991","response to extracellular stimulus","IEP, IDA","2","1.92","83.5"
"615","GO:0051924","regulation of calcium ion transport","ISO, IDA","2","1.92","83.5"
"616","GO:0032868","response to insulin stimulus","IEP, IDA","2","1.92","83.5"
"617","GO:0050982","detection of mechanical stimulus","IMP, ISO","2","1.92","83.5"
"618","GO:0010466","negative regulation of peptidase activity","ISO, IDA","2","1.92","83.5"
"619","GO:0009581","detection of external stimulus","IMP, ISO","2","1.92","83.5"
"620","GO:0009582","detection of abiotic stimulus","IMP, ISO","2","1.92","83.5"
"621","GO:1904192","GO:1904192","IMP, ISO","2","1.92","83.5"
"622","GO:1904193","GO:1904193","IMP, ISO","2","1.92","83.5"
"623","GO:0001938","positive regulation of endothelial cell proliferation","ISO, IGI","2","1.92","83.5"
"624","GO:0001933","negative regulation of protein phosphorylation","IMP, IGI","1","0.962","79.8"
"625","GO:0001936","regulation of endothelial cell proliferation","ISO, IGI","2","1.92","83.5"
"626","GO:0051048","negative regulation of secretion","IDA","1","0.962","79.8"
"627","GO:0046887","positive regulation of hormone secretion","IDA","1","0.962","79.8"
"628","GO:0001505","regulation of neurotransmitter levels","IMP","1","0.962","79.8"
"629","GO:0043207","response to external biotic stimulus","IEP","1","0.962","79.8"
"630","GO:0001666","response to hypoxia","IEP","1","0.962","79.8"
"631","GO:0030855","epithelial cell differentiation","IMP","1","0.962","79.8"
"632","GO:0061548","ganglion development","IMP","1","0.962","79.8"
"633","GO:0035272","exocrine system development","IMP","1","0.962","79.8"
"634","GO:0009607","response to biotic stimulus","IEP","1","0.962","79.8"
"635","GO:0034284","response to monosaccharide stimulus","IDA","1","0.962","79.8"
"636","GO:0017144","drug metabolic process","TAS","1","0.962","79.8"
"637","GO:2000179","positive regulation of neural precursor cell proliferation","IDA","1","0.962","79.8"
"638","GO:0033993","response to lipid","IEP","1","0.962","79.8"
"639","GO:0044281","small molecule metabolic process","TAS","1","0.962","79.8"
"640","GO:0032414","positive regulation of ion transmembrane transporter activity","IMP","1","0.962","79.8"
"641","GO:0032410","negative regulation of transporter activity","IMP","1","0.962","79.8"
"642","GO:0032412","regulation of ion transmembrane transporter activity","IMP","1","0.962","79.8"
"643","GO:0048568","embryonic organ development","IMP","1","0.962","79.8"
"644","GO:0097094","craniofacial suture morphogenesis","IEP","1","0.962","79.8"
"645","GO:0051224","negative regulation of protein transport","IDA","1","0.962","79.8"
"646","GO:0003205","cardiac chamber development","IEP","1","0.962","79.8"
"647","GO:0032094","response to food","IDA","1","0.962","79.8"
"648","GO:0051345","positive regulation of hydrolase activity","IMP","1","0.962","79.8"
"649","GO:0006887","exocytosis","TAS","1","0.962","79.8"
"650","GO:0060462","lung lobe development","IMP","1","0.962","79.8"
"651","GO:0060463","lung lobe morphogenesis","IMP","1","0.962","79.8"
"652","GO:0007623","circadian rhythm","IEP","1","0.962","79.8"
"653","GO:0032570","response to progesterone stimulus","IEP","1","0.962","79.8"
"654","GO:2000377","regulation of reactive oxygen species metabolic process","IMP","1","0.962","79.8"
"655","GO:0050796","regulation of insulin secretion","IDA","1","0.962","79.8"
"656","GO:0060765","regulation of androgen receptor signaling pathway","IMP","1","0.962","79.8"
"657","GO:0060766","negative regulation of androgen receptor signaling pathway","IMP","1","0.962","79.8"
"658","GO:0050650","chondroitin sulfate proteoglycan biosynthetic process","IDA","1","0.962","79.8"
"659","GO:0050654","chondroitin sulfate proteoglycan metabolic process","IDA","1","0.962","79.8"
"660","GO:0001974","blood vessel remodeling","IMP","1","0.962","79.8"
"661","GO:2000650","negative regulation of sodium ion transmembrane transporter activity","IMP","1","0.962","79.8"
"662","GO:0021940","positive regulation of cerebellar granule cell precursor proliferation","IDA","1","0.962","79.8"
"663","GO:0021648","vestibulocochlear nerve morphogenesis","IMP","1","0.962","79.8"
"664","GO:0009410","response to xenobiotic stimulus","IEP","1","0.962","79.8"
"665","GO:0010001","glial cell differentiation","IMP","1","0.962","79.8"
"666","GO:0014074","response to purine-containing compound","IEP","1","0.962","79.8"
"667","GO:0008285","negative regulation of cell proliferation","IMP","1","0.962","79.8"
"668","GO:0035239","tube morphogenesis","IMP","1","0.962","79.8"
"669","GO:0006970","response to osmotic stress","IMP","1","0.962","79.8"
"670","GO:0006972","hyperosmotic response","IMP","1","0.962","79.8"
"671","GO:0046888","negative regulation of hormone secretion","IDA","1","0.962","79.8"
"672","GO:0007405","neuroblast proliferation","IMP","1","0.962","79.8"
"673","GO:0042593","glucose homeostasis","IDA","1","0.962","79.8"
"674","GO:0097237","cellular response to toxic substance","IEP","1","0.962","79.8"
"675","GO:1902305","regulation of sodium ion transmembrane transport","IMP","1","0.962","79.8"
"676","GO:0009790","embryo development","IMP","1","0.962","79.8"
"677","GO:0097190","apoptotic signaling pathway","IDA","1","0.962","79.8"
"678","GO:0097191","extrinsic apoptotic signaling pathway","IDA","1","0.962","79.8"
"679","GO:0097192","extrinsic apoptotic signaling pathway in absence of ligand","IDA","1","0.962","79.8"
"680","GO:0035690","cellular response to drug","IEP","1","0.962","79.8"
"681","GO:0008219","cell death","IDA","1","0.962","79.8"
"682","GO:0060509","Type I pneumocyte differentiation","IMP","1","0.962","79.8"
"683","GO:0060479","lung cell differentiation","IMP","1","0.962","79.8"
"684","GO:0048598","embryonic morphogenesis","IMP","1","0.962","79.8"
"685","GO:0030104","water homeostasis","IGI","1","0.962","79.8"
"686","GO:0060487","lung epithelial cell differentiation","IMP","1","0.962","79.8"
"687","GO:0071549","cellular response to dexamethasone stimulus","IEP","1","0.962","79.8"
"688","GO:0043523","regulation of neuron apoptotic process","IMP","1","0.962","79.8"
"689","GO:0043524","negative regulation of neuron apoptotic process","IMP","1","0.962","79.8"
"690","GO:0070849","response to epidermal growth factor stimulus","IEP","1","0.962","79.8"
"691","GO:0071331","cellular response to hexose stimulus","IDA","1","0.962","79.8"
"692","GO:0051707","response to other organism","IEP","1","0.962","79.8"
"693","GO:0051704","multi-organism process","IEP","1","0.962","79.8"
"694","GO:0071322","cellular response to carbohydrate stimulus","IDA","1","0.962","79.8"
"695","GO:1903531","GO:1903531","IDA","1","0.962","79.8"
"696","GO:0061559","cranial ganglion morphogenesis","IMP","1","0.962","79.8"
"697","GO:0061554","ganglion formation","IMP","1","0.962","79.8"
"698","GO:0061550","cranial ganglion development","IMP","1","0.962","79.8"
"699","GO:0061552","ganglion morphogenesis","IMP","1","0.962","79.8"
"700","GO:0042471","ear morphogenesis","IMP","1","0.962","79.8"
"701","GO:0043409","negative regulation of MAPK cascade","IGI","1","0.962","79.8"
"702","GO:1902532","GO:1902532","IGI","1","0.962","79.8"
"703","GO:1903407","GO:1903407","IMP","1","0.962","79.8"
"704","GO:1903406","GO:1903406","IMP","1","0.962","79.8"
"705","GO:1903408","GO:1903408","IMP","1","0.962","79.8"
"706","GO:0031000","response to caffeine","IEP","1","0.962","79.8"
"707","GO:0003230","cardiac atrium development","IEP","1","0.962","79.8"
"708","GO:0022898","regulation of transmembrane transporter activity","IMP","1","0.962","79.8"
"709","GO:1990314","GO:1990314","IMP","1","0.962","79.8"
"710","GO:0001944","vasculature development","IMP","1","0.962","79.8"
"711","GO:0055123","digestive system development","IMP","1","0.962","79.8"
"712","GO:0048562","embryonic organ morphogenesis","IMP","1","0.962","79.8"
"713","GO:0061138","morphogenesis of a branching epithelium","IMP","1","0.962","79.8"
"714","GO:0032409","regulation of transporter activity","IMP","1","0.962","79.8"
"715","GO:0010766","negative regulation of sodium ion transport","IMP","1","0.962","79.8"
"716","GO:0002028","regulation of sodium ion transport","IMP","1","0.962","79.8"
"717","GO:0010765","positive regulation of sodium ion transport","IMP","1","0.962","79.8"
"718","GO:0071392","cellular response to estradiol stimulus","IEP","1","0.962","79.8"
"719","GO:0071393","cellular response to progesterone stimulus","IEP","1","0.962","79.8"
"720","GO:0071396","cellular response to lipid","IEP","1","0.962","79.8"
"721","GO:0043270","positive regulation of ion transport","IMP","1","0.962","79.8"
"722","GO:0043271","negative regulation of ion transport","IMP","1","0.962","79.8"
"723","GO:0104004","GO:0104004","IEP","1","0.962","79.8"
"724","GO:1903426","GO:1903426","IMP","1","0.962","79.8"
"725","GO:1904064","GO:1904064","IMP","1","0.962","79.8"
"726","GO:1904062","GO:1904062","IMP","1","0.962","79.8"
"727","GO:1904063","GO:1904063","IMP","1","0.962","79.8"
"728","GO:0002237","response to molecule of bacterial origin","IEP","1","0.962","79.8"
"729","GO:0070373","negative regulation of ERK1 and ERK2 cascade","IGI","1","0.962","79.8"
"730","GO:0070372","regulation of ERK1 and ERK2 cascade","IGI","1","0.962","79.8"
"731","GO:0001763","morphogenesis of a branching structure","IMP","1","0.962","79.8"
"732","GO:0071257","cellular response to electrical stimulus","IEP","1","0.962","79.8"
"733","GO:0001649","osteoblast differentiation","IEP","1","0.962","79.8"
"734","GO:0006066","alcohol metabolic process","TAS","1","0.962","79.8"
"735","GO:0060425","lung morphogenesis","IMP","1","0.962","79.8"
"736","GO:0061351","neural precursor cell proliferation","IMP","1","0.962","79.8"
"737","GO:0007264","small GTPase mediated signal transduction","TAS","1","0.962","79.8"
"738","GO:0070482","response to oxygen levels","IEP","1","0.962","79.8"
"739","GO:0032411","positive regulation of transporter activity","IMP","1","0.962","79.8"
"740","GO:0009743","response to carbohydrate stimulus","IDA","1","0.962","79.8"
"741","GO:0002792","negative regulation of peptide secretion","IDA","1","0.962","79.8"
"742","GO:0009749","response to glucose stimulus","IDA","1","0.962","79.8"
"743","GO:1990418","GO:1990418","IDA","1","0.962","79.8"
"744","GO:0072358","cardiovascular system development","IMP","1","0.962","79.8"
"745","GO:0043279","response to alkaloid","IEP","1","0.962","79.8"
"746","GO:0061140","lung secretory cell differentiation","IMP","1","0.962","79.8"
"747","GO:0032413","negative regulation of ion transmembrane transporter activity","IMP","1","0.962","79.8"
"748","GO:0042538","hyperosmotic salinity response","IMP","1","0.962","79.8"
"749","GO:0071548","response to dexamethasone stimulus","IEP","1","0.962","79.8"
"750","GO:0007265","Ras protein signal transduction","TAS","1","0.962","79.8"
"751","GO:0048511","rhythmic process","IEP","1","0.962","79.8"
"752","GO:1902307","positive regulation of sodium ion transmembrane transport","IMP","1","0.962","79.8"
"753","GO:1902306","negative regulation of sodium ion transmembrane transport","IMP","1","0.962","79.8"
"754","GO:0007608","sensory perception of smell","TAS","1","0.962","79.8"
"755","GO:0007606","sensory perception of chemical stimulus","TAS","1","0.962","79.8"
"756","GO:0009441","glycolate metabolic process","TAS","1","0.962","79.8"
"757","GO:0043436","oxoacid metabolic process","TAS","1","0.962","79.8"
"758","GO:0044703","multi-organism reproductive process","IEP","1","0.962","79.8"
"759","GO:0016192","vesicle-mediated transport","TAS","1","0.962","79.8"
"760","GO:0044706","multi-multicellular organism process","IEP","1","0.962","79.8"
"761","GO:0050732","negative regulation of peptidyl-tyrosine phosphorylation","IMP","1","0.962","79.8"
"762","GO:0071326","cellular response to monosaccharide stimulus","IDA","1","0.962","79.8"
"763","GO:0007565","female pregnancy","IEP","1","0.962","79.8"
"764","GO:0048705","skeletal system morphogenesis","IEP","1","0.962","79.8"
"765","GO:0021603","cranial nerve formation","IMP","1","0.962","79.8"
"766","GO:0021602","cranial nerve morphogenesis","IMP","1","0.962","79.8"
"767","GO:0090102","cochlea development","IMP","1","0.962","79.8"
"768","GO:0090103","cochlea morphogenesis","IMP","1","0.962","79.8"
"769","GO:0045055","regulated secretory pathway","TAS","1","0.962","79.8"
"770","GO:0071214","cellular response to abiotic stimulus","IEP","1","0.962","79.8"
"771","GO:0030879","mammary gland development","IMP","1","0.962","79.8"
"772","GO:0048646","anatomical structure formation involved in morphogenesis","IMP","1","0.962","79.8"
"773","GO:0061560","cranial ganglion formation","IMP","1","0.962","79.8"
"774","GO:1904888","GO:1904888","IEP","1","0.962","79.8"
"775","GO:0012501","programmed cell death","IDA","1","0.962","79.8"
"776","GO:0001678","cellular glucose homeostasis","IDA","1","0.962","79.8"
"777","GO:0072089","stem cell proliferation","IMP","1","0.962","79.8"
"778","GO:0046903","secretion","TAS","1","0.962","79.8"
"779","GO:0036293","response to decreased oxygen levels","IEP","1","0.962","79.8"
"780","GO:0021545","cranial nerve development","IMP","1","0.962","79.8"
"781","GO:1901615","organic hydroxy compound metabolic process","TAS","1","0.962","79.8"
"782","GO:0031016","pancreas development","IMP","1","0.962","79.8"
"783","GO:0060363","cranial suture morphogenesis","IEP","1","0.962","79.8"
"784","GO:0070848","response to growth factor stimulus","IEP","1","0.962","79.8"
"785","GO:0045428","regulation of nitric oxide biosynthetic process","IMP","1","0.962","79.8"
"786","GO:0046676","negative regulation of insulin secretion","IDA","1","0.962","79.8"
"787","GO:1904950","GO:1904950","IDA","1","0.962","79.8"
"788","GO:0034308","primary alcohol metabolic process","TAS","1","0.962","79.8"
"789","GO:0060442","branching involved in prostate gland morphogenesis","IMP","1","0.962","79.8"
"790","GO:0060562","epithelial tube morphogenesis","IMP","1","0.962","79.8"
"791","GO:0038034","signal transduction in absence of ligand","IDA","1","0.962","79.8"
"792","GO:0021562","vestibulocochlear nerve development","IMP","1","0.962","79.8"
"793","GO:0032878","regulation of establishment or maintenance of cell polarity","IDA","1","0.962","79.8"
"794","GO:0048771","tissue remodeling","IMP","1","0.962","79.8"
"795","GO:2000288","positive regulation of myoblast proliferation","IMP","1","0.962","79.8"
"796","GO:0071407","cellular response to organic cyclic compound","IEP","1","0.962","79.8"
"797","GO:0097327","response to antineoplastic agent","IEP","1","0.962","79.8"
"798","GO:0007507","heart development","IEP","1","0.962","79.8"
"799","GO:0033144","negative regulation of intracellular steroid hormone receptor signaling pathway","IMP","1","0.962","79.8"
"800","GO:0071383","cellular response to steroid hormone stimulus","IEP","1","0.962","79.8"
"801","GO:0071385","cellular response to glucocorticoid stimulus","IEP","1","0.962","79.8"
"802","GO:0071384","cellular response to corticosteroid stimulus","IEP","1","0.962","79.8"
"803","GO:0048754","branching morphogenesis of an epithelial tube","IMP","1","0.962","79.8"
"804","GO:0043267","negative regulation of potassium ion transport","IMP","1","0.962","79.8"
"805","GO:0043266","regulation of potassium ion transport","IMP","1","0.962","79.8"
"806","GO:0043268","positive regulation of potassium ion transport","IMP","1","0.962","79.8"
"807","GO:0043462","regulation of ATPase activity","IMP","1","0.962","79.8"
"808","GO:0033143","regulation of intracellular steroid hormone receptor signaling pathway","IMP","1","0.962","79.8"
"809","GO:0002576","platelet degranulation","TAS","1","0.962","79.8"
"810","GO:0071466","cellular response to xenobiotic stimulus","IEP","1","0.962","79.8"
"811","GO:0071316","cellular response to nicotine","IEP","1","0.962","79.8"
"812","GO:0031960","response to corticosteroid stimulus","IEP","1","0.962","79.8"
"813","GO:1901380","negative regulation of potassium ion transmembrane transport","IMP","1","0.962","79.8"
"814","GO:1901381","positive regulation of potassium ion transmembrane transport","IMP","1","0.962","79.8"
"815","GO:0090596","GO:0090596","IMP","1","0.962","79.8"
"816","GO:0007584","response to nutrient","IEP","1","0.962","79.8"
"817","GO:0006915","apoptotic process","IDA","1","0.962","79.8"
"818","GO:0061448","connective tissue development","IMP","1","0.962","79.8"
"819","GO:0021675","nerve development","IMP","1","0.962","79.8"
"820","GO:0051179","localization","TAS","1","0.962","79.8"
"821","GO:0042594","response to starvation","IEP","1","0.962","79.8"
"822","GO:2000651","positive regulation of sodium ion transmembrane transporter activity","IMP","1","0.962","79.8"
"823","GO:1901654","response to ketone","IEP","1","0.962","79.8"
"824","GO:1901655","cellular response to ketone","IEP","1","0.962","79.8"
"825","GO:1901379","regulation of potassium ion transmembrane transport","IMP","1","0.962","79.8"
"826","GO:0051234","establishment of localization","TAS","1","0.962","79.8"
"827","GO:0035264","multicellular organism growth","IDA","1","0.962","79.8"
"828","GO:0035265","organ growth","IDA","1","0.962","79.8"
"829","GO:0034765","regulation of ion transmembrane transport","IMP","1","0.962","79.8"
"830","GO:0034766","negative regulation of ion transmembrane transport","IMP","1","0.962","79.8"
"831","GO:0034767","positive regulation of ion transmembrane transport","IMP","1","0.962","79.8"
"832","GO:0051897","positive regulation of protein kinase B signaling cascade","IDA","1","0.962","79.8"
"833","GO:0051896","regulation of protein kinase B signaling cascade","IDA","1","0.962","79.8"
"834","GO:0034763","negative regulation of transmembrane transport","IMP","1","0.962","79.8"
"835","GO:0007517","muscle organ development","TAS","1","0.962","79.8"
"836","GO:0097066","response to thyroid hormone stimulus","IEP","1","0.962","79.8"
"837","GO:0009617","response to bacterium","IEP","1","0.962","79.8"
"838","GO:0060527","prostate epithelial cord arborization involved in prostate glandular acinus morphogenesis","IMP","1","0.962","79.8"
"839","GO:0060526","prostate glandular acinus morphogenesis","IMP","1","0.962","79.8"
"840","GO:0060525","prostate glandular acinus development","IMP","1","0.962","79.8"
"841","GO:0031017","exocrine pancreas development","IMP","1","0.962","79.8"
"842","GO:0019725","cellular homeostasis","IDA","1","0.962","79.8"
"843","GO:0032780","negative regulation of ATPase activity","IMP","1","0.962","79.8"
"844","GO:0032781","positive regulation of ATPase activity","IMP","1","0.962","79.8"
"845","GO:0014823","response to activity","IEP","1","0.962","79.8"
"846","GO:0090276","regulation of peptide hormone secretion","IDA","1","0.962","79.8"
"847","GO:0090277","positive regulation of peptide hormone secretion","IDA","1","0.962","79.8"
"848","GO:0090278","negative regulation of peptide hormone secretion","IDA","1","0.962","79.8"
"849","GO:0042472","inner ear morphogenesis","IMP","1","0.962","79.8"
"850","GO:0036270","response to diuretic","IEP","1","0.962","79.8"
"851","GO:0042176","regulation of protein catabolic process","IDA","1","0.962","79.8"
"852","GO:0071333","cellular response to glucose stimulus","IDA","1","0.962","79.8"
"853","GO:0032940","secretion by cell","TAS","1","0.962","79.8"
"854","GO:0050709","negative regulation of protein secretion","IDA","1","0.962","79.8"
"855","GO:2000649","regulation of sodium ion transmembrane transporter activity","IMP","1","0.962","79.8"
"856","GO:0021936","regulation of cerebellar granule cell precursor proliferation","IDA","1","0.962","79.8"
"857","GO:0042063","gliogenesis","IMP","1","0.962","79.8"
"858","GO:0021650","vestibulocochlear nerve formation","IMP","1","0.962","79.8"
"859","GO:0045732","positive regulation of protein catabolic process","IDA","1","0.962","79.8"
"860","GO:0032787","monocarboxylic acid metabolic process","TAS","1","0.962","79.8"
"861","GO:0071000","response to magnetism","IDA","1","0.962","79.8"
"862","GO:1904016","GO:1904016","IEP","1","0.962","79.8"
"863","GO:0009651","response to salt stress","IMP","1","0.962","79.8"
"864","GO:2000177","regulation of neural precursor cell proliferation","IDA","1","0.962","79.8"
"865","GO:0006810","transport","TAS","1","0.962","79.8"
"866","GO:0022612","gland morphogenesis","IMP","1","0.962","79.8"
"867","GO:0009746","response to hexose stimulus","IDA","1","0.962","79.8"
"868","GO:0060426","lung vasculature development","IMP","1","0.962","79.8"
"869","GO:0060428","lung epithelium development","IMP","1","0.962","79.8"
"870","GO:0060429","epithelium development","IMP","1","0.962","79.8"
"871","GO:0055082","cellular chemical homeostasis","IDA","1","0.962","79.8"
"872","GO:0007568","aging","IEP","1","0.962","79.8"
"873","GO:0006082","organic acid metabolic process","TAS","1","0.962","79.8"
"874","GO:0060349","bone morphogenesis","IEP","1","0.962","79.8"
"875","GO:0060512","prostate gland morphogenesis","IMP","1","0.962","79.8"
"876","GO:0060510","Type II pneumocyte differentiation","IMP","1","0.962","79.8"
"877","GO:0019752","carboxylic acid metabolic process","TAS","1","0.962","79.8"
"878","GO:0060736","prostate gland growth","IDA","1","0.962","79.8"
"879","GO:0032869","cellular response to insulin stimulus","IEP","1","0.962","79.8"
"880","GO:0032496","response to lipopolysaccharide","IEP","1","0.962","79.8"
"881","GO:0002009","morphogenesis of an epithelium","IMP","1","0.962","79.8"
"882","GO:2000291","regulation of myoblast proliferation","IMP","1","0.962","79.8"
"883","GO:0033500","carbohydrate homeostasis","IDA","1","0.962","79.8"
"884","GO:0010467","gene expression","IDA","1","0.962","79.8"
"885","GO:1901018","positive regulation of potassium ion transmembrane transporter activity","IMP","1","0.962","79.8"
"886","GO:0060741","prostate gland stromal morphogenesis","IMP","1","0.962","79.8"
"887","GO:1901016","regulation of potassium ion transmembrane transporter activity","IMP","1","0.962","79.8"
"888","GO:1901017","negative regulation of potassium ion transmembrane transporter activity","IMP","1","0.962","79.8"
"889","GO:0046883","regulation of hormone secretion","IDA","1","0.962","79.8"
"890","GO:0048286","lung alveolus development","IMP","1","0.962","79.8"
"891","GO:1904017","GO:1904017","IEP","1","0.962","79.8"
"892","GO:0005623","cell","ISS, IEA, TAS, ISO, IDA","11","10.6","92.8"
"893","GO:0044464","cell part","ISS, IEA, TAS, ISO, IDA","11","10.6","92.8"
"894","GO:0005576","extracellular region","CURATED, TAS, ISS, ISO, IEA, IC, IDA","11","10.6","92.8"
"895","GO:0005737","cytoplasm","ISS, TAS, ISO, IDA","10","9.62","92.3"
"896","GO:0044421","extracellular region part","IEA, ISS, IC, ISO, IDA","11","10.6","92.8"
"897","GO:0005615","extracellular space","IEA, ISS, IC, IDA","11","10.6","92.8"
"898","GO:0005622","intracellular","ISS, IEA, TAS, ISO, IDA","11","10.6","92.8"
"899","GO:0071944","cell periphery","ISS, IEA, ISO, IDA","11","10.6","92.8"
"900","GO:0016020","membrane","ISS, IEA, ISO, IDA","11","10.6","92.8"
"901","GO:0005886","plasma membrane","ISS, IEA, ISO, IDA","11","10.6","92.8"
"902","GO:0032991","macromolecular complex","ISS, IEA, IC, IDA","11","10.6","92.8"
"903","GO:0044444","cytoplasmic part","ISS, TAS, ISO, IDA","10","9.62","92.3"
"904","GO:0044424","intracellular part","ISS, TAS, ISO, IDA","10","9.62","92.3"
"905","GO:0043229","intracellular organelle","ISS, TAS, ISO, IDA","10","9.62","92.3"
"906","GO:0043227","membrane-bounded organelle","ISS, TAS, ISO, IDA","10","9.62","92.3"
"907","GO:0043226","organelle","ISS, TAS, ISO, IDA","10","9.62","92.3"
"908","GO:0031410","cytoplasmic vesicle","ISS, TAS, ISO, IDA","10","9.62","92.3"
"909","GO:0099503","GO:0099503","ISS, TAS, ISO, IDA","10","9.62","92.3"
"910","GO:0012505","endomembrane system","ISS, TAS, ISO, IDA","10","9.62","92.3"
"911","GO:0031982","vesicle","ISS, TAS, ISO, IDA","10","9.62","92.3"
"912","GO:0097708","GO:0097708","ISS, TAS, ISO, IDA","10","9.62","92.3"
"913","GO:0035867","alphav-beta3 integrin-IGF-1-IGF1R complex","ISS, IEA, IDA","11","10.6","92.8"
"914","GO:0044459","plasma membrane part","ISS, IEA, IDA","11","10.6","92.8"
"915","GO:0098797","GO:0098797","ISS, IEA, IDA","11","10.6","92.8"
"916","GO:0098796","GO:0098796","ISS, IEA, IDA","11","10.6","92.8"
"917","GO:0044425","membrane part","ISS, IEA, IDA","11","10.6","92.8"
"918","GO:0030133","transport vesicle","ISS, IDA","10","9.62","92.3"
"919","GO:0070382","exocytic vesicle","ISS, IDA","10","9.62","92.3"
"920","GO:0036454","GO:0036454","ISS, IEA, IC, IDA","3","2.88","85.8"
"921","GO:0016942","insulin-like growth factor binding protein complex","ISS, IEA, IC, IDA","3","2.88","85.8"
"922","GO:0030141","secretory granule","IDA, ISO, TAS","3","2.88","85.8"
"923","GO:0042567","insulin-like growth factor ternary complex","ISS, IEA, IDA","3","2.88","85.8"
"924","GO:0031091","platelet alpha granule","IDA, ISO, TAS","3","2.88","85.8"
"925","GO:0031012","extracellular matrix","ISO, IDA","2","1.92","83.5"
"926","GO:0005614","interstitial matrix","ISO, IDA","2","1.92","83.5"
"927","GO:0097458","neuron part","ISO, IDA","2","1.92","83.5"
"928","GO:0044297","cell body","ISO, IDA","2","1.92","83.5"
"929","GO:0062023","GO:0062023","ISO, IDA","2","1.92","83.5"
"930","GO:0036477","GO:0036477","ISO, IDA","2","1.92","83.5"
"931","GO:0043025","neuronal cell body","ISO, IDA","2","1.92","83.5"
"932","GO:0034774","secretory granule lumen","TAS","1","0.962","79.8"
"933","GO:0031974","membrane-enclosed lumen","TAS","1","0.962","79.8"
"934","GO:0060205","cytoplasmic membrane-bounded vesicle lumen","TAS","1","0.962","79.8"
"935","GO:0044433","cytoplasmic vesicle part","TAS","1","0.962","79.8"
"936","GO:0031093","platelet alpha granule lumen","TAS","1","0.962","79.8"
"937","GO:0070013","intracellular organelle lumen","TAS","1","0.962","79.8"
"938","GO:0031983","vesicle lumen","TAS","1","0.962","79.8"
"939","GO:0044446","intracellular organelle part","TAS","1","0.962","79.8"
"940","GO:0043233","organelle lumen","TAS","1","0.962","79.8"
"941","GO:0005829","cytosol","IDA","1","0.962","79.8"
"942","GO:0044422","organelle part","TAS","1","0.962","79.8"
