"","V1","V2","V3","V4","V5","V6"
"1","ID","GO term","Evidence","SeqCount","Frequency","relative_fontsize"
"2","GO:0005515","protein binding","IEA, IMP, IPI, ISO, IDA","15","19","96"
"3","GO:0005488","binding","IEA, IMP, IPI, ISO, IDA","15","19","96"
"4","GO:0005102","receptor binding","IEA, IMP, IPI, ISO, IDA","15","19","96"
"5","GO:0005179","hormone activity","IEA, IMP, ISO","15","19","96"
"6","GO:0030545","receptor regulator activity","IEA, IMP, ISO","15","19","96"
"7","GO:0048018","receptor agonist activity","IEA, IMP, ISO","15","19","96"
"8","GO:0098772","GO:0098772","IEA, IMP, ISO","15","19","96"
"9","GO:0044877","GO:0044877","IEA, IPI, ISO, IDA","11","13.9","94.3"
"10","GO:0005158","insulin receptor binding","IEA, ISO, IDA","10","12.7","93.8"
"11","GO:0019899","enzyme binding","IEA, IPI, ISO","10","12.7","93.8"
"12","GO:0002020","protease binding","IEA, IPI, ISO","10","12.7","93.8"
"13","GO:0042802","identical protein binding","IEA, IPI, ISO","8","10.1","92.6"
"14","GO:0005159","insulin-like growth factor receptor binding","IEA, IMP, IPI, ISO","7","8.86","91.8"
"15","GO:0051087","chaperone binding","IPI, ISO","2","2.53","85"
"16","GO:0050789","regulation of biological process","TAS, ISS, IMP, NAS, IEA, ISO, IGI, IDA","15","19","96"
"17","GO:0065007","biological regulation","TAS, ISS, IMP, NAS, IEA, ISO, IGI, IDA","15","19","96"
"18","GO:0050794","regulation of cellular process","TAS, ISS, IMP, NAS, IEA, ISO, IGI, IDA","15","19","96"
"19","GO:0023051","regulation of signaling","NAS, TAS, IMP, ISO, IEA, IDA","15","19","96"
"20","GO:0010646","regulation of cell communication","NAS, TAS, IMP, ISO, IEA, IDA","15","19","96"
"21","GO:0048583","regulation of response to stimulus","IEA, IMP, NAS, ISO, IDA","15","19","96"
"22","GO:0009966","regulation of signal transduction","IEA, IMP, NAS, ISO, IDA","15","19","96"
"23","GO:0071704","organic substance metabolic process","IEA, IMP, TAS, ISO, IDA","15","19","96"
"24","GO:0008152","metabolic process","IEA, IMP, TAS, ISO, IDA","15","19","96"
"25","GO:0044238","primary metabolic process","IEA, IMP, TAS, ISO, IDA","15","19","96"
"26","GO:0065009","regulation of molecular function","IEA, IMP, NAS, ISO, IDA","15","19","96"
"27","GO:0048518","positive regulation of biological process","TAS, ISS, IMP, NAS, IEA, ISO, IGI, IDA","10","12.7","93.8"
"28","GO:0019222","regulation of metabolic process","NAS, ISS, IMP, ISO, IEA, IGI, IDA","10","12.7","93.8"
"29","GO:0048522","positive regulation of cellular process","TAS, ISS, IMP, NAS, IEA, ISO, IGI, IDA","9","11.4","93.2"
"30","GO:0048519","negative regulation of biological process","NAS, IMP, ISO, IEA, IGI, IDA","10","12.7","93.8"
"31","GO:0009987","cellular process","TAS, IMP, ISO, IEA, IC, IGI, IDA","9","11.4","93.2"
"32","GO:0009893","positive regulation of metabolic process","NAS, ISS, IMP, ISO, IEA, IGI, IDA","10","12.7","93.8"
"33","GO:0080090","regulation of primary metabolic process","NAS, ISS, IMP, ISO, IEA, IDA","9","11.4","93.2"
"34","GO:0060255","regulation of macromolecule metabolic process","NAS, ISS, IMP, ISO, IEA, IGI, IDA","10","12.7","93.8"
"35","GO:0044281","small molecule metabolic process","IEA, IMP","15","19","96"
"36","GO:0009892","negative regulation of metabolic process","NAS, IMP, ISO, IEA, IGI, IDA","9","11.4","93.2"
"37","GO:0050896","response to stimulus","ISS, IEP, IMP, ISO, IEA, IGI, IDA","11","13.9","94.3"
"38","GO:0048523","negative regulation of cellular process","NAS, IMP, ISO, IEA, IGI, IDA","10","12.7","93.8"
"39","GO:0019318","hexose metabolic process","IEA, IMP","15","19","96"
"40","GO:0005975","carbohydrate metabolic process","IEA, IMP","15","19","96"
"41","GO:0006006","glucose metabolic process","IEA, IMP","15","19","96"
"42","GO:0010604","positive regulation of macromolecule metabolic process","ISS, IMP, ISO, IEA, IGI, IDA","10","12.7","93.8"
"43","GO:0005996","monosaccharide metabolic process","IEA, IMP","15","19","96"
"44","GO:0031323","regulation of cellular metabolic process","NAS, ISS, IMP, ISO, IEA, IGI, IDA","8","10.1","92.6"
"45","GO:0010469","regulation of receptor activity","IEA, IMP, ISO","15","19","96"
"46","GO:0010033","response to organic substance","IEA, ISS, IMP, IEP, IDA","11","13.9","94.3"
"47","GO:0010468","regulation of gene expression","IEA, NAS, ISO, IGI, IDA","10","12.7","93.8"
"48","GO:0051171","regulation of nitrogen compound metabolic process","NAS, ISS, IMP, ISO, IEA, IDA","8","10.1","92.6"
"49","GO:0065008","regulation of biological quality","NAS, TAS, IMP, ISO, IEA, IGI, IDA","9","11.4","93.2"
"50","GO:0023056","positive regulation of signaling","IEA, IMP, IDA, ISO, TAS","9","11.4","93.2"
"51","GO:0010647","positive regulation of cell communication","IEA, IMP, IDA, ISO, TAS","9","11.4","93.2"
"52","GO:0009889","regulation of biosynthetic process","IMP, NAS, ISO, IEA, IGI, IDA","8","10.1","92.6"
"53","GO:1901700","response to oxygen-containing compound","IEA, ISS, IMP, IEP, IDA","11","13.9","94.3"
"54","GO:0051246","regulation of protein metabolic process","IEA, IMP, ISO, ISS, IDA","8","10.1","92.6"
"55","GO:0042221","response to chemical stimulus","IEA, ISS, IMP, IEP, IDA","11","13.9","94.3"
"56","GO:0048584","positive regulation of response to stimulus","IEA, IMP, ISO, IDA","9","11.4","93.2"
"57","GO:0032270","positive regulation of cellular protein metabolic process","IEA, IMP, ISO, ISS, IDA","8","10.1","92.6"
"58","GO:0032879","regulation of localization","TAS, ISS, IMP, ISO, IEA, IGI, IDA","8","10.1","92.6"
"59","GO:0023052","signaling","IMP, ISO, IEA, IC, IGI, IDA","9","11.4","93.2"
"60","GO:0007154","cell communication","IMP, ISO, IEA, IC, IGI, IDA","9","11.4","93.2"
"61","GO:0051716","cellular response to stimulus","IEA, IMP, ISO, IGI, IDA","9","11.4","93.2"
"62","GO:0019216","regulation of lipid metabolic process","IEA, IMP, IDA, ISO, NAS","9","11.4","93.2"
"63","GO:0042325","regulation of phosphorylation","IEA, ISS, ISO, IDA","8","10.1","92.6"
"64","GO:0032880","regulation of protein localization","IEA, ISO, IGI, IDA","8","10.1","92.6"
"65","GO:0051247","positive regulation of protein metabolic process","IEA, IMP, ISO, ISS, IDA","8","10.1","92.6"
"66","GO:0009967","positive regulation of signal transduction","IEA, IMP, ISO, IDA","9","11.4","93.2"
"67","GO:0032268","regulation of cellular protein metabolic process","IEA, IMP, ISO, ISS, IDA","8","10.1","92.6"
"68","GO:0010243","response to organonitrogen compound","IEA, ISS, IEP, IDA","11","13.9","94.3"
"69","GO:1902531","GO:1902531","IEA, NAS, ISO, IMP, IDA","9","11.4","93.2"
"70","GO:0051173","positive regulation of nitrogen compound metabolic process","IEA, IMP, ISO, ISS, IDA","8","10.1","92.6"
"71","GO:1901698","response to nitrogen compound","IEA, ISS, IEP, IDA","11","13.9","94.3"
"72","GO:0031326","regulation of cellular biosynthetic process","IEA, NAS, ISO, IMP, IDA","8","10.1","92.6"
"73","GO:0031325","positive regulation of cellular metabolic process","IEA, IMP, ISO, ISS, IDA","8","10.1","92.6"
"74","GO:0031324","negative regulation of cellular metabolic process","NAS, IMP, ISO, IEA, IGI, IDA","8","10.1","92.6"
"75","GO:0042327","positive regulation of phosphorylation","IEA, ISS, ISO, IDA","8","10.1","92.6"
"76","GO:0009894","regulation of catabolic process","IEA, IMP, ISO, IDA","8","10.1","92.6"
"77","GO:0009890","negative regulation of biosynthetic process","IMP, NAS, ISO, IEA, IGI, IDA","8","10.1","92.6"
"78","GO:0010556","regulation of macromolecule biosynthetic process","IEA, NAS, ISO, IDA","8","10.1","92.6"
"79","GO:2000112","regulation of cellular macromolecule biosynthetic process","IEA, NAS, ISO, IDA","8","10.1","92.6"
"80","GO:0019219","regulation of nucleobase-containing compound metabolic process","IEA, NAS, ISO, IDA","8","10.1","92.6"
"81","GO:0007165","signal transduction","IEA, IMP, ISO, IGI, IDA","8","10.1","92.6"
"82","GO:0031399","regulation of protein modification process","IEA, ISS, ISO, IDA","8","10.1","92.6"
"83","GO:0045937","positive regulation of phosphate metabolic process","IEA, ISS, ISO, IDA","8","10.1","92.6"
"84","GO:0019220","regulation of phosphate metabolic process","IEA, ISS, ISO, IDA","8","10.1","92.6"
"85","GO:0043434","response to peptide hormone stimulus","IEA, IEP, IDA","11","13.9","94.3"
"86","GO:0009725","response to hormone stimulus","IEA, IEP, IDA","11","13.9","94.3"
"87","GO:1902533","GO:1902533","IEA, IMP, ISO, IDA","9","11.4","93.2"
"88","GO:0031401","positive regulation of protein modification process","IEA, ISS, ISO, IDA","8","10.1","92.6"
"89","GO:0009719","response to endogenous stimulus","IEA, IEP, IDA","11","13.9","94.3"
"90","GO:0051174","regulation of phosphorus metabolic process","IEA, ISS, ISO, IDA","8","10.1","92.6"
"91","GO:1901652","response to peptide","IEA, IEP, IDA","11","13.9","94.3"
"92","GO:0050708","regulation of protein secretion","IEA, ISO, IDA","8","10.1","92.6"
"93","GO:0010562","positive regulation of phosphorus metabolic process","IEA, ISS, ISO, IDA","8","10.1","92.6"
"94","GO:0001932","regulation of protein phosphorylation","IEA, ISS, ISO, IDA","8","10.1","92.6"
"95","GO:0001934","positive regulation of protein phosphorylation","IEA, ISS, ISO, IDA","8","10.1","92.6"
"96","GO:0051046","regulation of secretion","IEA, TAS, ISO, IDA","8","10.1","92.6"
"97","GO:0051049","regulation of transport","IEA, TAS, ISO, IDA","8","10.1","92.6"
"98","GO:0009895","negative regulation of catabolic process","IEA, IMP, ISO, IDA","8","10.1","92.6"
"99","GO:0010906","regulation of glucose metabolic process","IEA, IMP, NAS, ISO, IDA","7","8.86","91.8"
"100","GO:0010675","regulation of cellular carbohydrate metabolic process","IEA, IMP, NAS, ISO, IDA","7","8.86","91.8"
"101","GO:0044093","positive regulation of molecular function","IEA, NAS, ISO, IDA","8","10.1","92.6"
"102","GO:2001141","regulation of RNA biosynthetic process","IEA, NAS, ISO, IDA","8","10.1","92.6"
"103","GO:0050793","regulation of developmental process","IEA, NAS, TAS, ISO, IDA","8","10.1","92.6"
"104","GO:0050790","regulation of catalytic activity","IEA, NAS, ISO, IDA","8","10.1","92.6"
"105","GO:0006109","regulation of carbohydrate metabolic process","IEA, IMP, NAS, ISO, IDA","7","8.86","91.8"
"106","GO:1903530","GO:1903530","IEA, TAS, ISO, IDA","8","10.1","92.6"
"107","GO:0002791","regulation of peptide secretion","IEA, TAS, ISO, IDA","8","10.1","92.6"
"108","GO:0090087","regulation of peptide transport","IEA, TAS, ISO, IDA","8","10.1","92.6"
"109","GO:0006950","response to stress","IEA, IMP, ISO, IDA","9","11.4","93.2"
"110","GO:0006355","regulation of transcription, DNA-dependent","IEA, NAS, ISO, IDA","8","10.1","92.6"
"111","GO:1903506","GO:1903506","IEA, NAS, ISO, IDA","8","10.1","92.6"
"112","GO:0051252","regulation of RNA metabolic process","IEA, NAS, ISO, IDA","8","10.1","92.6"
"113","GO:0062012","GO:0062012","IEA, IMP, NAS, ISO, IDA","7","8.86","91.8"
"114","GO:0051172","negative regulation of nitrogen compound metabolic process","IEA, IMP, ISO, IDA","8","10.1","92.6"
"115","GO:0010605","negative regulation of macromolecule metabolic process","IEA, IMP, ISO, IDA","8","10.1","92.6"
"116","GO:0043085","positive regulation of catalytic activity","IEA, NAS, ISO, IDA","8","10.1","92.6"
"117","GO:0045595","regulation of cell differentiation","IEA, NAS, TAS, ISO, IDA","8","10.1","92.6"
"118","GO:0043170","macromolecule metabolic process","IEA, IMP, TAS, ISO, IDA","8","10.1","92.6"
"119","GO:0051047","positive regulation of secretion","IEA, IDA, ISO, TAS","8","10.1","92.6"
"120","GO:0045859","regulation of protein kinase activity","IEA, ISO, IDA","8","10.1","92.6"
"121","GO:0019538","protein metabolic process","IEA, IMP, TAS, ISO, IDA","7","8.86","91.8"
"122","GO:0009891","positive regulation of biosynthetic process","IEA, NAS, ISO, IDA","7","8.86","91.8"
"123","GO:0051347","positive regulation of transferase activity","IEA, ISO, IDA","8","10.1","92.6"
"124","GO:0045912","negative regulation of carbohydrate metabolic process","IEA, IMP, ISO, NAS","7","8.86","91.8"
"125","GO:0070201","regulation of establishment of protein localization","IEA, ISO, IDA","8","10.1","92.6"
"126","GO:0043410","positive regulation of MAPK cascade","IEA, ISO, IDA","8","10.1","92.6"
"127","GO:0050714","positive regulation of protein secretion","IEA, ISO, IDA","8","10.1","92.6"
"128","GO:0051128","regulation of cellular component organization","IEA, NAS, ISO, IGI, IDA","7","8.86","91.8"
"129","GO:0010677","negative regulation of cellular carbohydrate metabolic process","IEA, IMP, ISO, NAS","7","8.86","91.8"
"130","GO:0042592","homeostatic process","IEA, IMP, ISO","8","10.1","92.6"
"131","GO:1901701","cellular response to oxygen-containing compound","IEA, IDA","9","11.4","93.2"
"132","GO:0032147","activation of protein kinase activity","IEA, ISO, IDA","8","10.1","92.6"
"133","GO:0007166","cell surface receptor signaling pathway","IEA, IGI, IDA","8","10.1","92.6"
"134","GO:0051050","positive regulation of transport","IEA, IDA, ISO, TAS","8","10.1","92.6"
"135","GO:1900076","regulation of cellular response to insulin stimulus","IEA, ISO, IDA","7","8.86","91.8"
"136","GO:1900078","positive regulation of cellular response to insulin stimulus","IEA, ISO, IDA","7","8.86","91.8"
"137","GO:0006807","nitrogen compound metabolic process","IEA, IMP, TAS, ISO, IDA","7","8.86","91.8"
"138","GO:0046326","positive regulation of glucose import","IEA, ISO, IDA","7","8.86","91.8"
"139","GO:0044260","cellular macromolecule metabolic process","IEA, IMP, TAS, ISO, IDA","7","8.86","91.8"
"140","GO:0051239","regulation of multicellular organismal process","IEA, ISO, IDA","8","10.1","92.6"
"141","GO:0051338","regulation of transferase activity","IEA, ISO, IDA","8","10.1","92.6"
"142","GO:0070887","cellular response to chemical stimulus","IEA, IDA","9","11.4","93.2"
"143","GO:1903532","GO:1903532","IEA, IDA, ISO, TAS","8","10.1","92.6"
"144","GO:0043408","regulation of MAPK cascade","IEA, ISO, IDA","8","10.1","92.6"
"145","GO:0071375","cellular response to peptide hormone stimulus","IEA, IDA","9","11.4","93.2"
"146","GO:0035556","intracellular signal transduction","IEA, IMP, ISO, IDA","8","10.1","92.6"
"147","GO:0051223","regulation of protein transport","IEA, ISO, IDA","8","10.1","92.6"
"148","GO:0002793","positive regulation of peptide secretion","IEA, IDA, ISO, TAS","8","10.1","92.6"
"149","GO:0044237","cellular metabolic process","IEA, IMP, TAS, ISO, IDA","7","8.86","91.8"
"150","GO:0048585","negative regulation of response to stimulus","IEA, NAS, ISO, IDA","8","10.1","92.6"
"151","GO:1901564","organonitrogen compound metabolic process","IEA, IMP, TAS, ISO, IDA","7","8.86","91.8"
"152","GO:0033674","positive regulation of kinase activity","IEA, ISO, IDA","8","10.1","92.6"
"153","GO:0043549","regulation of kinase activity","IEA, ISO, IDA","8","10.1","92.6"
"154","GO:0071495","cellular response to endogenous stimulus","IEA, IDA","9","11.4","93.2"
"155","GO:0032870","cellular response to hormone stimulus","IEA, IDA","9","11.4","93.2"
"156","GO:0062014","GO:0062014","IEA, IMP, ISO, NAS","7","8.86","91.8"
"157","GO:0071310","cellular response to organic substance","IEA, IDA","9","11.4","93.2"
"158","GO:1901653","cellular response to peptide","IEA, IDA","9","11.4","93.2"
"159","GO:0045833","negative regulation of lipid metabolic process","IEA, IMP, ISO, IDA","8","10.1","92.6"
"160","GO:0048878","chemical homeostasis","IEA, IMP, ISO","8","10.1","92.6"
"161","GO:0043255","regulation of carbohydrate biosynthetic process","IEA, NAS, ISO, IMP, IDA","7","8.86","91.8"
"162","GO:1901699","cellular response to nitrogen compound","IEA, IDA","9","11.4","93.2"
"163","GO:0010628","positive regulation of gene expression","IEA, ISO, IGI, IDA","9","11.4","93.2"
"164","GO:0045860","positive regulation of protein kinase activity","IEA, ISO, IDA","8","10.1","92.6"
"165","GO:0032869","cellular response to insulin stimulus","IEA, IDA","9","11.4","93.2"
"166","GO:0032868","response to insulin stimulus","IEA, IDA","9","11.4","93.2"
"167","GO:0071417","cellular response to organonitrogen compound","IEA, IDA","9","11.4","93.2"
"168","GO:0051048","negative regulation of secretion","IEA, ISO, IDA","8","10.1","92.6"
"169","GO:0051222","positive regulation of protein transport","IEA, ISO, IDA","8","10.1","92.6"
"170","GO:0051341","regulation of oxidoreductase activity","IEA, NAS, ISO, IDA","7","8.86","91.8"
"171","GO:0010557","positive regulation of macromolecule biosynthetic process","IEA, ISO, IDA","7","8.86","91.8"
"172","GO:1903827","GO:1903827","IEA, ISO, IGI, IDA","7","8.86","91.8"
"173","GO:0060284","regulation of cell development","IEA, ISO, IDA","8","10.1","92.6"
"174","GO:0008284","positive regulation of cell proliferation","IEA, ISO, IDA","8","10.1","92.6"
"175","GO:0008286","insulin receptor signaling pathway","IEA, IDA","8","10.1","92.6"
"176","GO:0060341","regulation of cellular localization","IEA, ISO, IGI, IDA","7","8.86","91.8"
"177","GO:0042593","glucose homeostasis","IEA, IMP","8","10.1","92.6"
"178","GO:0050995","negative regulation of lipid catabolic process","IEA, IMP, ISO, IDA","8","10.1","92.6"
"179","GO:0050994","regulation of lipid catabolic process","IEA, IMP, ISO, IDA","8","10.1","92.6"
"180","GO:0007167","enzyme linked receptor protein signaling pathway","IEA, IDA","8","10.1","92.6"
"181","GO:0007169","transmembrane receptor protein tyrosine kinase signaling pathway","IEA, IDA","8","10.1","92.6"
"182","GO:0032101","regulation of response to external stimulus","IEA, ISO, IDA","8","10.1","92.6"
"183","GO:0051051","negative regulation of transport","IEA, ISO, IDA","8","10.1","92.6"
"184","GO:0044267","cellular protein metabolic process","IEA, TAS, ISO, IDA","7","8.86","91.8"
"185","GO:0032102","negative regulation of response to external stimulus","IEA, ISO, IDA","8","10.1","92.6"
"186","GO:0032881","regulation of polysaccharide metabolic process","IEA, IMP, ISO, IDA","7","8.86","91.8"
"187","GO:0051248","negative regulation of protein metabolic process","IEA, IMP, ISO, IDA","7","8.86","91.8"
"188","GO:0051240","positive regulation of multicellular organismal process","IEA, ISO, IDA","8","10.1","92.6"
"189","GO:0051241","negative regulation of multicellular organismal process","IEA, ISO, IDA","8","10.1","92.6"
"190","GO:0014068","positive regulation of phosphatidylinositol 3-kinase cascade","IEA, ISO, IDA","8","10.1","92.6"
"191","GO:0014066","regulation of phosphatidylinositol 3-kinase cascade","IEA, ISO, IDA","8","10.1","92.6"
"192","GO:0043470","regulation of carbohydrate catabolic process","IEA, IMP, ISO, IDA","7","8.86","91.8"
"193","GO:0045935","positive regulation of nucleobase-containing compound metabolic process","IEA, ISO, IDA","7","8.86","91.8"
"194","GO:0042127","regulation of cell proliferation","IEA, ISO, IDA","8","10.1","92.6"
"195","GO:0070873","regulation of glycogen metabolic process","IEA, IMP, ISO, IDA","7","8.86","91.8"
"196","GO:0050731","positive regulation of peptidyl-tyrosine phosphorylation","IEA, IDA","8","10.1","92.6"
"197","GO:0050730","regulation of peptidyl-tyrosine phosphorylation","IEA, IDA","8","10.1","92.6"
"198","GO:0080134","regulation of response to stress","IEA, NAS, ISO, IDA","7","8.86","91.8"
"199","GO:1904951","GO:1904951","IEA, ISO, IDA","8","10.1","92.6"
"200","GO:0043467","regulation of generation of precursor metabolites and energy","IEA, IMP, ISO, IDA","7","8.86","91.8"
"201","GO:0034762","regulation of transmembrane transport","IEA, ISO, IDA","7","8.86","91.8"
"202","GO:0051130","positive regulation of cellular component organization","IEA, ISO, IGI, IDA","7","8.86","91.8"
"203","GO:0031329","regulation of cellular catabolic process","IEA, IMP, ISO, IDA","7","8.86","91.8"
"204","GO:0031328","positive regulation of cellular biosynthetic process","IEA, ISO, IDA","7","8.86","91.8"
"205","GO:0033500","carbohydrate homeostasis","IEA, IMP","8","10.1","92.6"
"206","GO:0000165","MAPK cascade","IEA, ISO, IDA","7","8.86","91.8"
"207","GO:0033238","regulation of cellular amine metabolic process","IEA, IMP, ISO","7","8.86","91.8"
"208","GO:0099175","GO:0099175","IEA, ISO, IGI","7","8.86","91.8"
"209","GO:0007088","regulation of mitosis","IEA, ISO, IDA","7","8.86","91.8"
"210","GO:0002673","regulation of acute inflammatory response","IEA, ISO, IDA","7","8.86","91.8"
"211","GO:0002674","negative regulation of acute inflammatory response","IEA, ISO, IDA","7","8.86","91.8"
"212","GO:0051196","regulation of coenzyme metabolic process","IEA, ISO, IDA","7","8.86","91.8"
"213","GO:0051197","positive regulation of coenzyme metabolic process","IEA, ISO, IDA","7","8.86","91.8"
"214","GO:0051193","regulation of cofactor metabolic process","IEA, ISO, IDA","7","8.86","91.8"
"215","GO:0010638","positive regulation of organelle organization","IEA, ISO, IDA","7","8.86","91.8"
"216","GO:0051783","regulation of nuclear division","IEA, ISO, IDA","7","8.86","91.8"
"217","GO:0051781","positive regulation of cell division","IEA, ISO, IDA","7","8.86","91.8"
"218","GO:0045824","negative regulation of innate immune response","IEA, ISO, IDA","7","8.86","91.8"
"219","GO:0045821","positive regulation of glycolysis","IEA, ISO, IDA","7","8.86","91.8"
"220","GO:0009896","positive regulation of catabolic process","IEA, ISO, IDA","7","8.86","91.8"
"221","GO:0060268","negative regulation of respiratory burst","IEA, ISO, IDA","7","8.86","91.8"
"222","GO:0010907","positive regulation of glucose metabolic process","IEA, ISO, IDA","7","8.86","91.8"
"223","GO:0120036","GO:0120036","IEA, ISO, IGI","7","8.86","91.8"
"224","GO:0120035","GO:0120035","IEA, ISO, IGI","7","8.86","91.8"
"225","GO:0051224","negative regulation of protein transport","IEA, ISO, IDA","7","8.86","91.8"
"226","GO:0002682","regulation of immune system process","IEA, ISO, IDA","7","8.86","91.8"
"227","GO:0071840","cellular component organization or biogenesis","IEA, ISO, IGI","7","8.86","91.8"
"228","GO:0006110","regulation of glycolysis","IEA, ISO, IDA","7","8.86","91.8"
"229","GO:0045913","positive regulation of carbohydrate metabolic process","IEA, ISO, IDA","7","8.86","91.8"
"230","GO:2000377","regulation of reactive oxygen species metabolic process","IEA, ISO, IGI","7","8.86","91.8"
"231","GO:0043412","macromolecule modification","IEA, ISO, IDA","7","8.86","91.8"
"232","GO:0002526","acute inflammatory response","IEA, ISO, IDA","7","8.86","91.8"
"233","GO:0050715","positive regulation of cytokine secretion","IEA, ISO, IDA","7","8.86","91.8"
"234","GO:0051129","negative regulation of cellular component organization","IEA, ISO, IDA","7","8.86","91.8"
"235","GO:0042176","regulation of protein catabolic process","IEA, ISO, IDA","7","8.86","91.8"
"236","GO:0042177","negative regulation of protein catabolic process","IEA, ISO, IDA","7","8.86","91.8"
"237","GO:1903829","GO:1903829","IEA, ISO, IDA","7","8.86","91.8"
"238","GO:0030813","positive regulation of nucleotide catabolic process","IEA, ISO, IDA","7","8.86","91.8"
"239","GO:0030811","regulation of nucleotide catabolic process","IEA, ISO, IDA","7","8.86","91.8"
"240","GO:1904375","GO:1904375","IEA, ISO, IGI","7","8.86","91.8"
"241","GO:0010676","positive regulation of cellular carbohydrate metabolic process","IEA, ISO, IDA","7","8.86","91.8"
"242","GO:0045922","negative regulation of fatty acid metabolic process","IEA, IMP, ISO","7","8.86","91.8"
"243","GO:0030030","cell projection organization","IEA, ISO, IGI","7","8.86","91.8"
"244","GO:0010827","regulation of glucose transport","IEA, ISO, IDA","7","8.86","91.8"
"245","GO:0010828","positive regulation of glucose transport","IEA, ISO, IDA","7","8.86","91.8"
"246","GO:0006521","regulation of cellular amino acid metabolic process","IEA, IMP, ISO","7","8.86","91.8"
"247","GO:0045818","negative regulation of glycogen catabolic process","IEA, IMP, ISO","7","8.86","91.8"
"248","GO:0006468","protein phosphorylation","IEA, ISO, IDA","7","8.86","91.8"
"249","GO:0045088","regulation of innate immune response","IEA, ISO, IDA","7","8.86","91.8"
"250","GO:0019217","regulation of fatty acid metabolic process","IEA, IMP, ISO","7","8.86","91.8"
"251","GO:1903076","GO:1903076","IEA, ISO, IGI","7","8.86","91.8"
"252","GO:0006464","cellular protein modification process","IEA, ISO, IDA","7","8.86","91.8"
"253","GO:0006796","phosphate-containing compound metabolic process","IEA, ISO, IDA","7","8.86","91.8"
"254","GO:0010750","positive regulation of nitric oxide mediated signal transduction","IEA, IMP, ISO","7","8.86","91.8"
"255","GO:0006793","phosphorus metabolic process","IEA, ISO, IDA","7","8.86","91.8"
"256","GO:0032459","regulation of protein oligomerization","IEA, ISO, IDA","7","8.86","91.8"
"257","GO:0048521","negative regulation of behavior","IEA, ISO, IDA","7","8.86","91.8"
"258","GO:0032148","activation of protein kinase B activity","IEA, ISO, IDA","7","8.86","91.8"
"259","GO:0031348","negative regulation of defense response","IEA, ISO, IDA","7","8.86","91.8"
"260","GO:0031344","regulation of cell projection organization","IEA, ISO, IGI","7","8.86","91.8"
"261","GO:0031347","regulation of defense response","IEA, ISO, IDA","7","8.86","91.8"
"262","GO:0031346","positive regulation of cell projection organization","IEA, ISO, IGI","7","8.86","91.8"
"263","GO:0050728","negative regulation of inflammatory response","IEA, ISO, IDA","7","8.86","91.8"
"264","GO:0045787","positive regulation of cell cycle","IEA, ISO, IDA","7","8.86","91.8"
"265","GO:0050727","regulation of inflammatory response","IEA, ISO, IDA","7","8.86","91.8"
"266","GO:0044092","negative regulation of molecular function","IEA, ISO, IDA","7","8.86","91.8"
"267","GO:1902950","GO:1902950","IEA, ISO, IGI","7","8.86","91.8"
"268","GO:1902952","GO:1902952","IEA, ISO, IGI","7","8.86","91.8"
"269","GO:0051194","positive regulation of cofactor metabolic process","IEA, ISO, IDA","7","8.86","91.8"
"270","GO:1900373","positive regulation of purine nucleotide biosynthetic process","IEA, ISO, IDA","7","8.86","91.8"
"271","GO:1900371","regulation of purine nucleotide biosynthetic process","IEA, ISO, IDA","7","8.86","91.8"
"272","GO:0045840","positive regulation of mitosis","IEA, ISO, IDA","7","8.86","91.8"
"273","GO:0045321","leukocyte activation","IEA, ISO, IDA","7","8.86","91.8"
"274","GO:0046324","regulation of glucose import","IEA, ISO, IDA","7","8.86","91.8"
"275","GO:0007186","G-protein coupled receptor signaling pathway","IEA, ISO, IDA","7","8.86","91.8"
"276","GO:0051785","positive regulation of nuclear division","IEA, ISO, IDA","7","8.86","91.8"
"277","GO:0050795","regulation of behavior","IEA, ISO, IDA","7","8.86","91.8"
"278","GO:0022898","regulation of transmembrane transporter activity","IEA, ISO, IDA","7","8.86","91.8"
"279","GO:0033860","regulation of NAD(P)H oxidase activity","IEA, ISO, IDA","7","8.86","91.8"
"280","GO:0033861","negative regulation of NAD(P)H oxidase activity","IEA, ISO, IDA","7","8.86","91.8"
"281","GO:0002697","regulation of immune effector process","IEA, ISO, IDA","7","8.86","91.8"
"282","GO:0002698","negative regulation of immune effector process","IEA, ISO, IDA","7","8.86","91.8"
"283","GO:0033043","regulation of organelle organization","IEA, ISO, IDA","7","8.86","91.8"
"284","GO:0010564","regulation of cell cycle process","IEA, ISO, IDA","7","8.86","91.8"
"285","GO:0010565","regulation of cellular ketone metabolic process","IEA, IMP, ISO","7","8.86","91.8"
"286","GO:0060263","regulation of respiratory burst","IEA, ISO, IDA","7","8.86","91.8"
"287","GO:1903531","GO:1903531","IEA, ISO, IDA","7","8.86","91.8"
"288","GO:0060264","regulation of respiratory burst involved in inflammatory response","IEA, ISO, IDA","7","8.86","91.8"
"289","GO:0032885","regulation of polysaccharide biosynthetic process","IEA, ISO, IDA","7","8.86","91.8"
"290","GO:0032409","regulation of transporter activity","IEA, ISO, IDA","7","8.86","91.8"
"291","GO:0043471","regulation of cellular carbohydrate catabolic process","IEA, IMP, ISO","7","8.86","91.8"
"292","GO:0030808","regulation of nucleotide biosynthetic process","IEA, ISO, IDA","7","8.86","91.8"
"293","GO:0046628","positive regulation of insulin receptor signaling pathway","IEA, ISO, IDA","7","8.86","91.8"
"294","GO:0046626","regulation of insulin receptor signaling pathway","IEA, ISO, IDA","7","8.86","91.8"
"295","GO:0006140","regulation of nucleotide metabolic process","IEA, ISO, IDA","7","8.86","91.8"
"296","GO:0005979","regulation of glycogen biosynthetic process","IEA, ISO, IDA","7","8.86","91.8"
"297","GO:0002792","negative regulation of peptide secretion","IEA, ISO, IDA","7","8.86","91.8"
"298","GO:0045981","positive regulation of nucleotide metabolic process","IEA, ISO, IDA","7","8.86","91.8"
"299","GO:0010962","regulation of glucan biosynthetic process","IEA, ISO, IDA","7","8.86","91.8"
"300","GO:0002683","negative regulation of immune system process","IEA, ISO, IDA","7","8.86","91.8"
"301","GO:2000252","negative regulation of feeding behavior","IEA, ISO, IDA","7","8.86","91.8"
"302","GO:0051091","positive regulation of sequence-specific DNA binding transcription factor activity","IEA, ISO, IDA","7","8.86","91.8"
"303","GO:0070874","negative regulation of glycogen metabolic process","IEA, IMP, ISO","7","8.86","91.8"
"304","GO:0070875","positive regulation of glycogen metabolic process","IEA, ISO, IDA","7","8.86","91.8"
"305","GO:1903578","GO:1903578","IEA, ISO, IDA","7","8.86","91.8"
"306","GO:0002376","immune system process","IEA, ISO, IDA","7","8.86","91.8"
"307","GO:2000378","negative regulation of reactive oxygen species metabolic process","IEA, ISO, IGI","7","8.86","91.8"
"308","GO:0090068","positive regulation of cell cycle process","IEA, ISO, IDA","7","8.86","91.8"
"309","GO:0023014","signal transduction by phosphorylation","IEA, ISO, IDA","7","8.86","91.8"
"310","GO:0045725","positive regulation of glycogen biosynthetic process","IEA, ISO, IDA","7","8.86","91.8"
"311","GO:0006952","defense response","IEA, ISO, IDA","7","8.86","91.8"
"312","GO:0006953","acute-phase response","IEA, ISO, IDA","7","8.86","91.8"
"313","GO:0001775","cell activation","IEA, ISO, IDA","7","8.86","91.8"
"314","GO:0006954","inflammatory response","IEA, ISO, IDA","7","8.86","91.8"
"315","GO:1900180","regulation of protein localization to nucleus","IEA, ISO, IDA","7","8.86","91.8"
"316","GO:1900182","positive regulation of protein localization to nucleus","IEA, ISO, IDA","7","8.86","91.8"
"317","GO:1904950","GO:1904950","IEA, ISO, IDA","7","8.86","91.8"
"318","GO:0005981","regulation of glycogen catabolic process","IEA, IMP, ISO","7","8.86","91.8"
"319","GO:0031330","negative regulation of cellular catabolic process","IEA, IMP, ISO","7","8.86","91.8"
"320","GO:0031331","positive regulation of cellular catabolic process","IEA, ISO, IDA","7","8.86","91.8"
"321","GO:0050777","negative regulation of immune response","IEA, ISO, IDA","7","8.86","91.8"
"322","GO:0050776","regulation of immune response","IEA, ISO, IDA","7","8.86","91.8"
"323","GO:0001817","regulation of cytokine production","IEA, ISO, IDA","7","8.86","91.8"
"324","GO:2001273","regulation of glucose import in response to insulin stimulus","IEA, ISO, IDA","7","8.86","91.8"
"325","GO:2001275","positive regulation of glucose import in response to insulin stimulus","IEA, ISO, IDA","7","8.86","91.8"
"326","GO:0001819","positive regulation of cytokine production","IEA, ISO, IDA","7","8.86","91.8"
"327","GO:1905475","GO:1905475","IEA, ISO, IGI","7","8.86","91.8"
"328","GO:0042110","T cell activation","IEA, ISO, IDA","7","8.86","91.8"
"329","GO:0062013","GO:0062013","IEA, ISO, IDA","7","8.86","91.8"
"330","GO:0051726","regulation of cell cycle","IEA, ISO, IDA","7","8.86","91.8"
"331","GO:1990535","GO:1990535","IEA, ISO, IGI","7","8.86","91.8"
"332","GO:0046631","alpha-beta T cell activation","IEA, ISO, IDA","7","8.86","91.8"
"333","GO:0034764","positive regulation of transmembrane transport","IEA, ISO, IDA","7","8.86","91.8"
"334","GO:0051897","positive regulation of protein kinase B signaling cascade","IEA, ISO, IDA","7","8.86","91.8"
"335","GO:0051896","regulation of protein kinase B signaling cascade","IEA, ISO, IDA","7","8.86","91.8"
"336","GO:0009611","response to wounding","IEA, ISO, IDA","7","8.86","91.8"
"337","GO:0060259","regulation of feeding behavior","IEA, ISO, IDA","7","8.86","91.8"
"338","GO:0046649","lymphocyte activation","IEA, ISO, IDA","7","8.86","91.8"
"339","GO:0030162","regulation of proteolysis","IEA, IMP, ISO","7","8.86","91.8"
"340","GO:2001171","positive regulation of ATP biosynthetic process","IEA, ISO, IDA","7","8.86","91.8"
"341","GO:0051354","negative regulation of oxidoreductase activity","IEA, ISO, IDA","7","8.86","91.8"
"342","GO:1903427","GO:1903427","IEA, ISO, IGI","7","8.86","91.8"
"343","GO:0032460","negative regulation of protein oligomerization","IEA, ISO, IDA","7","8.86","91.8"
"344","GO:0045931","positive regulation of mitotic cell cycle","IEA, ISO, IDA","7","8.86","91.8"
"345","GO:0007346","regulation of mitotic cell cycle","IEA, ISO, IDA","7","8.86","91.8"
"346","GO:0050709","negative regulation of protein secretion","IEA, ISO, IDA","7","8.86","91.8"
"347","GO:0050707","regulation of cytokine secretion","IEA, ISO, IDA","7","8.86","91.8"
"348","GO:0016043","cellular component organization","IEA, ISO, IGI","7","8.86","91.8"
"349","GO:2001169","regulation of ATP biosynthetic process","IEA, ISO, IDA","7","8.86","91.8"
"350","GO:0042060","wound healing","IEA, ISO, IDA","7","8.86","91.8"
"351","GO:0036211","protein modification process","IEA, ISO, IDA","7","8.86","91.8"
"352","GO:0043254","regulation of protein complex assembly","IEA, ISO, IDA","7","8.86","91.8"
"353","GO:0050803","regulation of synapse structure and activity","IEA, ISO, IGI","7","8.86","91.8"
"354","GO:0016310","phosphorylation","IEA, ISO, IDA","7","8.86","91.8"
"355","GO:0050801","ion homeostasis","IEA, IMP, ISO","7","8.86","91.8"
"356","GO:0050807","regulation of synapse organization","IEA, ISO, IGI","7","8.86","91.8"
"357","GO:0030810","positive regulation of nucleotide biosynthetic process","IEA, ISO, IDA","7","8.86","91.8"
"358","GO:0043086","negative regulation of catalytic activity","IEA, ISO, IDA","7","8.86","91.8"
"359","GO:0055088","lipid homeostasis","IEA, IMP, ISO","7","8.86","91.8"
"360","GO:0055089","fatty acid homeostasis","IEA, IMP, ISO","7","8.86","91.8"
"361","GO:0055081","anion homeostasis","IEA, IMP, ISO","7","8.86","91.8"
"362","GO:0051092","positive regulation of NF-kappaB transcription factor activity","IEA, ISO, IDA","7","8.86","91.8"
"363","GO:0032269","negative regulation of cellular protein metabolic process","IEA, IMP, ISO","7","8.86","91.8"
"364","GO:0051090","regulation of sequence-specific DNA binding transcription factor activity","IEA, ISO, IDA","7","8.86","91.8"
"365","GO:0045861","negative regulation of proteolysis","IEA, IMP, ISO","7","8.86","91.8"
"366","GO:1903580","GO:1903580","IEA, ISO, IDA","7","8.86","91.8"
"367","GO:0010749","regulation of nitric oxide mediated signal transduction","IEA, IMP, ISO","7","8.86","91.8"
"368","GO:1903426","GO:1903426","IEA, ISO, IGI","7","8.86","91.8"
"369","GO:0060266","negative regulation of respiratory burst involved in inflammatory response","IEA, ISO, IDA","7","8.86","91.8"
"370","GO:0031333","negative regulation of protein complex assembly","IEA, ISO, IDA","7","8.86","91.8"
"371","GO:0060267","positive regulation of respiratory burst","IEA, ISO, IDA","7","8.86","91.8"
"372","GO:1900542","regulation of purine nucleotide metabolic process","IEA, ISO, IDA","7","8.86","91.8"
"373","GO:1900544","positive regulation of purine nucleotide metabolic process","IEA, ISO, IDA","7","8.86","91.8"
"374","GO:0106027","GO:0106027","IEA, ISO, IGI","7","8.86","91.8"
"375","GO:0044087","regulation of cellular component biogenesis","IEA, ISO, IDA","7","8.86","91.8"
"376","GO:0051234","establishment of localization","IMP, IDA, TAS","4","5.06","88.8"
"377","GO:0006810","transport","IMP, IDA, TAS","4","5.06","88.8"
"378","GO:0051179","localization","IMP, IDA, TAS","4","5.06","88.8"
"379","GO:0048856","anatomical structure development","IEA, IGI, TAS","4","5.06","88.8"
"380","GO:0007267","cell-cell signaling","IEA, IC, IGI, IDA","4","5.06","88.8"
"381","GO:0032501","multicellular organismal process","NAS, TAS","3","3.8","87.2"
"382","GO:0071702","organic substance transport","IMP, IDA, TAS","3","3.8","87.2"
"383","GO:0032502","developmental process","IEA, IGI, TAS","4","5.06","88.8"
"384","GO:0031327","negative regulation of cellular biosynthetic process","IEA, NAS, IMP, IDA","4","5.06","88.8"
"385","GO:0034219","carbohydrate transmembrane transport","IDA, TAS","3","3.8","87.2"
"386","GO:0060548","negative regulation of cell death","NAS, IMP, IDA","3","3.8","87.2"
"387","GO:0008645","hexose transport","IDA, TAS","3","3.8","87.2"
"388","GO:0008643","carbohydrate transport","IDA, TAS","3","3.8","87.2"
"389","GO:0006629","lipid metabolic process","IEA, IMP, IDA","3","3.8","87.2"
"390","GO:1904659","GO:1904659","IDA, TAS","3","3.8","87.2"
"391","GO:0043067","regulation of programmed cell death","NAS, IMP, IDA","3","3.8","87.2"
"392","GO:0043066","negative regulation of apoptotic process","NAS, IMP, IDA","3","3.8","87.2"
"393","GO:0043069","negative regulation of programmed cell death","NAS, IMP, IDA","3","3.8","87.2"
"394","GO:0042981","regulation of apoptotic process","NAS, IMP, IDA","3","3.8","87.2"
"395","GO:0045597","positive regulation of cell differentiation","NAS, IDA, TAS","2","2.53","85"
"396","GO:0090277","positive regulation of peptide hormone secretion","IDA, TAS","2","2.53","85"
"397","GO:0045834","positive regulation of lipid metabolic process","IEA, NAS, IDA","3","3.8","87.2"
"398","GO:0031667","response to nutrient levels","ISS, IDA","2","2.53","85"
"399","GO:0055085","transmembrane transport","IDA, TAS","3","3.8","87.2"
"400","GO:0051094","positive regulation of developmental process","NAS, IDA, TAS","2","2.53","85"
"401","GO:0010941","regulation of cell death","NAS, IMP, IDA","3","3.8","87.2"
"402","GO:0014902","myotube differentiation","IEA, IGI","2","2.53","85"
"403","GO:0015749","monosaccharide transport","IDA, TAS","3","3.8","87.2"
"404","GO:0046887","positive regulation of hormone secretion","IDA, TAS","2","2.53","85"
"405","GO:0000768","syncytium formation by plasma membrane fusion","IEA, IGI","2","2.53","85"
"406","GO:0043200","response to amino acid stimulus","ISS, IDA","2","2.53","85"
"407","GO:0009607","response to biotic stimulus","IEA, IMP","2","2.53","85"
"408","GO:0009605","response to external stimulus","ISS, IDA","2","2.53","85"
"409","GO:0042692","muscle cell differentiation","IEA, IGI","2","2.53","85"
"410","GO:0031952","regulation of protein autophosphorylation","ISS, IDA","2","2.53","85"
"411","GO:0071902","positive regulation of protein serine/threonine kinase activity","IEA, IDA","2","2.53","85"
"412","GO:0006111","regulation of gluconeogenesis","NAS, IMP","2","2.53","85"
"413","GO:0007520","myoblast fusion","IEA, IGI","2","2.53","85"
"414","GO:0048869","cellular developmental process","IEA, IGI","2","2.53","85"
"415","GO:0010558","negative regulation of macromolecule biosynthetic process","IEA, IDA","2","2.53","85"
"416","GO:0014074","response to purine-containing compound","IEA, IEP","2","2.53","85"
"417","GO:1903727","GO:1903727","IEA, IDA","2","2.53","85"
"418","GO:0000122","negative regulation of transcription from RNA polymerase II promoter","IEA, IDA","2","2.53","85"
"419","GO:0051591","response to cAMP","IEA, IEP","2","2.53","85"
"420","GO:0097190","apoptotic signaling pathway","IEA, IMP","2","2.53","85"
"421","GO:0097193","intrinsic apoptotic signaling pathway","IEA, IMP","2","2.53","85"
"422","GO:0008219","cell death","IEA, IMP","2","2.53","85"
"423","GO:2000113","negative regulation of cellular macromolecule biosynthetic process","IEA, IDA","2","2.53","85"
"424","GO:0007275","multicellular organismal development","TAS","2","2.53","85"
"425","GO:0046683","response to organophosphorus","IEA, IEP","2","2.53","85"
"426","GO:0040012","regulation of locomotion","ISS, IMP","2","2.53","85"
"427","GO:0040017","positive regulation of locomotion","ISS, IMP","2","2.53","85"
"428","GO:0033036","macromolecule localization","IMP, IDA","1","1.27","81.3"
"429","GO:1905114","GO:1905114","IEA, IGI","2","2.53","85"
"430","GO:0010629","negative regulation of gene expression","IEA, IDA","2","2.53","85"
"431","GO:0009653","anatomical structure morphogenesis","IEA, IGI","2","2.53","85"
"432","GO:0090218","positive regulation of lipid kinase activity","IEA, IDA","2","2.53","85"
"433","GO:0060070","canonical Wnt receptor signaling pathway","IEA, IGI","2","2.53","85"
"434","GO:1902679","GO:1902679","IEA, IDA","2","2.53","85"
"435","GO:0070059","intrinsic apoptotic signaling pathway in response to endoplasmic reticulum stress","IEA, IMP","2","2.53","85"
"436","GO:2000145","regulation of cell motility","ISS, IMP","2","2.53","85"
"437","GO:2000147","positive regulation of cell motility","ISS, IMP","2","2.53","85"
"438","GO:0043406","positive regulation of MAP kinase activity","IEA, IDA","2","2.53","85"
"439","GO:0043405","regulation of MAP kinase activity","IEA, IDA","2","2.53","85"
"440","GO:0031954","positive regulation of protein autophosphorylation","ISS, IDA","2","2.53","85"
"441","GO:0051272","positive regulation of cellular component movement","ISS, IMP","2","2.53","85"
"442","GO:0051270","regulation of cellular component movement","ISS, IMP","2","2.53","85"
"443","GO:0048731","system development","TAS","2","2.53","85"
"444","GO:0198738","GO:0198738","IEA, IGI","2","2.53","85"
"445","GO:0045934","negative regulation of nucleobase-containing compound metabolic process","IEA, IDA","2","2.53","85"
"446","GO:0010817","regulation of hormone levels","IDA, TAS","2","2.53","85"
"447","GO:0048513","organ development","TAS","2","2.53","85"
"448","GO:0071216","cellular response to biotic stimulus","IEA, IMP","2","2.53","85"
"449","GO:0003008","system process","NAS, TAS","1","1.27","81.3"
"450","GO:0016055","Wnt receptor signaling pathway","IEA, IGI","2","2.53","85"
"451","GO:0033554","cellular response to stress","IEA, IMP","2","2.53","85"
"452","GO:0042493","response to drug","ISS, IDA","2","2.53","85"
"453","GO:0048167","regulation of synaptic plasticity","TAS","1","1.27","81.3"
"454","GO:1903576","GO:1903576","ISS, IDA","2","2.53","85"
"455","GO:0045721","negative regulation of gluconeogenesis","NAS, IMP","2","2.53","85"
"456","GO:0048646","anatomical structure formation involved in morphogenesis","IEA, IGI","2","2.53","85"
"457","GO:0034097","response to cytokine stimulus","IEA, IEP","2","2.53","85"
"458","GO:0046903","secretion","IMP, IDA","1","1.27","81.3"
"459","GO:0012501","programmed cell death","IEA, IMP","2","2.53","85"
"460","GO:0006357","regulation of transcription from RNA polymerase II promoter","IEA, IDA","2","2.53","85"
"461","GO:0030154","cell differentiation","IEA, IGI","2","2.53","85"
"462","GO:0061061","muscle structure development","IEA, IGI","2","2.53","85"
"463","GO:1903507","GO:1903507","IEA, IDA","2","2.53","85"
"464","GO:0051253","negative regulation of RNA metabolic process","IEA, IDA","2","2.53","85"
"465","GO:0051146","striated muscle cell differentiation","IEA, IGI","2","2.53","85"
"466","GO:0030335","positive regulation of cell migration","ISS, IMP","2","2.53","85"
"467","GO:0030334","regulation of cell migration","ISS, IMP","2","2.53","85"
"468","GO:0007584","response to nutrient","ISS, IDA","2","2.53","85"
"469","GO:0006915","apoptotic process","IEA, IMP","2","2.53","85"
"470","GO:0009056","catabolic process","IEA, IDA","2","2.53","85"
"471","GO:0006984","ER-nucleus signaling pathway","IEA, IMP","2","2.53","85"
"472","GO:0006983","ER overload response","IEA, IMP","2","2.53","85"
"473","GO:0090276","regulation of peptide hormone secretion","IDA, TAS","2","2.53","85"
"474","GO:0032940","secretion by cell","IMP, IDA","1","1.27","81.3"
"475","GO:0016042","lipid catabolic process","IEA, IDA","2","2.53","85"
"476","GO:0014070","response to organic cyclic compound","IEA, IEP","2","2.53","85"
"477","GO:0043393","regulation of protein binding","IEA, IDA","2","2.53","85"
"478","GO:1903725","GO:1903725","IEA, IDA","2","2.53","85"
"479","GO:0043551","regulation of phosphatidylinositol 3-kinase activity","IEA, IDA","2","2.53","85"
"480","GO:0043550","regulation of lipid kinase activity","IEA, IDA","2","2.53","85"
"481","GO:0043552","positive regulation of phosphatidylinositol 3-kinase activity","IEA, IDA","2","2.53","85"
"482","GO:0006949","syncytium formation","IEA, IGI","2","2.53","85"
"483","GO:0045892","negative regulation of transcription, DNA-dependent","IEA, IDA","2","2.53","85"
"484","GO:0001101","response to acid","ISS, IDA","2","2.53","85"
"485","GO:0051098","regulation of binding","IEA, IDA","2","2.53","85"
"486","GO:0071900","regulation of protein serine/threonine kinase activity","IEA, IDA","2","2.53","85"
"487","GO:0034976","response to endoplasmic reticulum stress","IEA, IMP","2","2.53","85"
"488","GO:0000187","activation of MAPK activity","IEA, IDA","2","2.53","85"
"489","GO:0009991","response to extracellular stimulus","ISS, IDA","2","2.53","85"
"490","GO:1901575","organic substance catabolic process","IEA, IDA","2","2.53","85"
"491","GO:0046883","regulation of hormone secretion","IDA, TAS","2","2.53","85"
"492","GO:2001234","negative regulation of apoptotic signaling pathway","NAS","1","1.27","81.3"
"493","GO:0006888","ER to Golgi vesicle-mediated transport","TAS","1","1.27","81.3"
"494","GO:0099177","GO:0099177","TAS","1","1.27","81.3"
"495","GO:0035270","endocrine system development","TAS","1","1.27","81.3"
"496","GO:0051000","positive regulation of nitric-oxide synthase activity","NAS","1","1.27","81.3"
"497","GO:0034284","response to monosaccharide stimulus","IMP","1","1.27","81.3"
"498","GO:0006275","regulation of DNA replication","IDA","1","1.27","81.3"
"499","GO:0070542","response to fatty acid","IDA","1","1.27","81.3"
"500","GO:0044283","small molecule biosynthetic process","IMP","1","1.27","81.3"
"501","GO:0032095","regulation of response to food","IDA","1","1.27","81.3"
"502","GO:0032096","negative regulation of response to food","IDA","1","1.27","81.3"
"503","GO:0032098","regulation of appetite","IDA","1","1.27","81.3"
"504","GO:0009306","protein secretion","IMP","1","1.27","81.3"
"505","GO:1903488","GO:1903488","IDA","1","1.27","81.3"
"506","GO:1903522","GO:1903522","IDA","1","1.27","81.3"
"507","GO:0009266","response to temperature stimulus","IDA","1","1.27","81.3"
"508","GO:1903487","GO:1903487","IDA","1","1.27","81.3"
"509","GO:0050679","positive regulation of epithelial cell proliferation","IDA","1","1.27","81.3"
"510","GO:0007631","feeding behavior","IDA","1","1.27","81.3"
"511","GO:0046578","regulation of Ras protein signal transduction","IDA","1","1.27","81.3"
"512","GO:0046579","positive regulation of Ras protein signal transduction","IDA","1","1.27","81.3"
"513","GO:0045740","positive regulation of DNA replication","IDA","1","1.27","81.3"
"514","GO:0050878","regulation of body fluid levels","IDA","1","1.27","81.3"
"515","GO:0008283","cell proliferation","IDA","1","1.27","81.3"
"516","GO:0050877","neurological system process","TAS","1","1.27","81.3"
"517","GO:0001558","regulation of cell growth","NAS","1","1.27","81.3"
"518","GO:0001654","eye development","TAS","1","1.27","81.3"
"519","GO:0046889","positive regulation of lipid biosynthetic process","NAS","1","1.27","81.3"
"520","GO:0032094","response to food","IDA","1","1.27","81.3"
"521","GO:0045927","positive regulation of growth","NAS","1","1.27","81.3"
"522","GO:0033993","response to lipid","IDA","1","1.27","81.3"
"523","GO:1902176","negative regulation of intrinsic apoptotic signaling pathway in response to oxidative stress","NAS","1","1.27","81.3"
"524","GO:0035296","regulation of tube diameter","NAS","1","1.27","81.3"
"525","GO:1902882","GO:1902882","NAS","1","1.27","81.3"
"526","GO:1902883","GO:1902883","NAS","1","1.27","81.3"
"527","GO:0043010","camera-type eye development","TAS","1","1.27","81.3"
"528","GO:0009914","hormone transport","IDA","1","1.27","81.3"
"529","GO:2000026","regulation of multicellular organismal development","IDA","1","1.27","81.3"
"530","GO:1903429","GO:1903429","IDA","1","1.27","81.3"
"531","GO:0051056","regulation of small GTPase mediated signal transduction","IDA","1","1.27","81.3"
"532","GO:0008104","protein localization","IMP","1","1.27","81.3"
"533","GO:0007610","behavior","IDA","1","1.27","81.3"
"534","GO:0003013","circulatory system process","NAS","1","1.27","81.3"
"535","GO:0003018","vascular process in circulatory system","NAS","1","1.27","81.3"
"536","GO:0035938","estradiol secretion","IDA","1","1.27","81.3"
"537","GO:0051057","positive regulation of small GTPase mediated signal transduction","IDA","1","1.27","81.3"
"538","GO:0051054","positive regulation of DNA metabolic process","IDA","1","1.27","81.3"
"539","GO:0051052","regulation of DNA metabolic process","IDA","1","1.27","81.3"
"540","GO:0033599","regulation of mammary gland epithelial cell proliferation","IDA","1","1.27","81.3"
"541","GO:1900273","positive regulation of long-term synaptic potentiation","TAS","1","1.27","81.3"
"542","GO:1900271","regulation of long-term synaptic potentiation","TAS","1","1.27","81.3"
"543","GO:0044249","cellular biosynthetic process","IMP","1","1.27","81.3"
"544","GO:0010648","negative regulation of cell communication","NAS","1","1.27","81.3"
"545","GO:0015850","organic hydroxy compound transport","IDA","1","1.27","81.3"
"546","GO:1902175","regulation of intrinsic apoptotic signaling pathway in response to oxidative stress","NAS","1","1.27","81.3"
"547","GO:0032768","regulation of monooxygenase activity","NAS","1","1.27","81.3"
"548","GO:0050796","regulation of insulin secretion","IDA","1","1.27","81.3"
"549","GO:0046394","carboxylic acid biosynthetic process","IMP","1","1.27","81.3"
"550","GO:0050890","cognition","TAS","1","1.27","81.3"
"551","GO:0032107","regulation of response to nutrient levels","IDA","1","1.27","81.3"
"552","GO:0032104","regulation of response to extracellular stimulus","IDA","1","1.27","81.3"
"553","GO:0032105","negative regulation of response to extracellular stimulus","IDA","1","1.27","81.3"
"554","GO:0051649","establishment of localization in cell","TAS","1","1.27","81.3"
"555","GO:0032108","negative regulation of response to nutrient levels","IDA","1","1.27","81.3"
"556","GO:0044057","regulation of system process","IDA","1","1.27","81.3"
"557","GO:2001243","negative regulation of intrinsic apoptotic signaling pathway","NAS","1","1.27","81.3"
"558","GO:2001242","regulation of intrinsic apoptotic signaling pathway","NAS","1","1.27","81.3"
"559","GO:0050999","regulation of nitric-oxide synthase activity","NAS","1","1.27","81.3"
"560","GO:0009408","response to heat","IDA","1","1.27","81.3"
"561","GO:1901137","carbohydrate derivative biosynthetic process","IMP","1","1.27","81.3"
"562","GO:1901135","carbohydrate derivative metabolic process","IMP","1","1.27","81.3"
"563","GO:0097746","GO:0097746","NAS","1","1.27","81.3"
"564","GO:1900408","negative regulation of cellular response to oxidative stress","NAS","1","1.27","81.3"
"565","GO:0046890","regulation of lipid biosynthetic process","NAS","1","1.27","81.3"
"566","GO:0009100","glycoprotein metabolic process","IMP","1","1.27","81.3"
"567","GO:0097756","GO:0097756","NAS","1","1.27","81.3"
"568","GO:0097755","GO:0097755","NAS","1","1.27","81.3"
"569","GO:0072330","monocarboxylic acid biosynthetic process","IMP","1","1.27","81.3"
"570","GO:0008610","lipid biosynthetic process","IMP","1","1.27","81.3"
"571","GO:0009746","response to hexose stimulus","IMP","1","1.27","81.3"
"572","GO:0009743","response to carbohydrate stimulus","IMP","1","1.27","81.3"
"573","GO:0009749","response to glucose stimulus","IMP","1","1.27","81.3"
"574","GO:0032099","negative regulation of appetite","IDA","1","1.27","81.3"
"575","GO:1900407","regulation of cellular response to oxidative stress","NAS","1","1.27","81.3"
"576","GO:0032024","positive regulation of insulin secretion","IDA","1","1.27","81.3"
"577","GO:2001233","regulation of apoptotic signaling pathway","NAS","1","1.27","81.3"
"578","GO:0009968","negative regulation of signal transduction","NAS","1","1.27","81.3"
"579","GO:0046879","hormone secretion","IDA","1","1.27","81.3"
"580","GO:0010720","positive regulation of cell development","IDA","1","1.27","81.3"
"581","GO:0045184","establishment of protein localization","IMP","1","1.27","81.3"
"582","GO:0043436","oxoacid metabolic process","IMP","1","1.27","81.3"
"583","GO:0016192","vesicle-mediated transport","TAS","1","1.27","81.3"
"584","GO:1901566","organonitrogen compound biosynthetic process","IMP","1","1.27","81.3"
"585","GO:0016053","organic acid biosynthetic process","IMP","1","1.27","81.3"
"586","GO:0042157","lipoprotein metabolic process","IMP","1","1.27","81.3"
"587","GO:0042158","lipoprotein biosynthetic process","IMP","1","1.27","81.3"
"588","GO:0090066","regulation of anatomical structure size","NAS","1","1.27","81.3"
"589","GO:0035150","regulation of tube size","NAS","1","1.27","81.3"
"590","GO:1902532","GO:1902532","NAS","1","1.27","81.3"
"591","GO:0046907","intracellular transport","TAS","1","1.27","81.3"
"592","GO:1901617","organic hydroxy compound biosynthetic process","IMP","1","1.27","81.3"
"593","GO:1901615","organic hydroxy compound metabolic process","IMP","1","1.27","81.3"
"594","GO:0032770","positive regulation of monooxygenase activity","NAS","1","1.27","81.3"
"595","GO:0031018","endocrine pancreas development","TAS","1","1.27","81.3"
"596","GO:0035025","positive regulation of Rho protein signal transduction","IDA","1","1.27","81.3"
"597","GO:0015833","peptide transport","IMP","1","1.27","81.3"
"598","GO:0060041","retina development in camera-type eye","TAS","1","1.27","81.3"
"599","GO:0035023","regulation of Rho protein signal transduction","IDA","1","1.27","81.3"
"600","GO:0050880","regulation of blood vessel size","NAS","1","1.27","81.3"
"601","GO:0090335","regulation of brown fat cell differentiation","TAS","1","1.27","81.3"
"602","GO:0090336","positive regulation of brown fat cell differentiation","TAS","1","1.27","81.3"
"603","GO:0050678","regulation of epithelial cell proliferation","IDA","1","1.27","81.3"
"604","GO:0007423","sensory organ development","TAS","1","1.27","81.3"
"605","GO:1903544","GO:1903544","IDA","1","1.27","81.3"
"606","GO:0080135","regulation of cellular response to stress","NAS","1","1.27","81.3"
"607","GO:0044381","glucose import in response to insulin stimulus","IDA","1","1.27","81.3"
"608","GO:0009101","glycoprotein biosynthetic process","IMP","1","1.27","81.3"
"609","GO:0071705","nitrogen compound transport","IMP","1","1.27","81.3"
"610","GO:0045600","positive regulation of fat cell differentiation","TAS","1","1.27","81.3"
"611","GO:0051353","positive regulation of oxidoreductase activity","NAS","1","1.27","81.3"
"612","GO:0023061","signal release","IDA","1","1.27","81.3"
"613","GO:0009058","biosynthetic process","IMP","1","1.27","81.3"
"614","GO:0009059","macromolecule biosynthetic process","IMP","1","1.27","81.3"
"615","GO:0051641","cellular localization","TAS","1","1.27","81.3"
"616","GO:0040008","regulation of growth","NAS","1","1.27","81.3"
"617","GO:1903431","GO:1903431","IDA","1","1.27","81.3"
"618","GO:1903202","GO:1903202","NAS","1","1.27","81.3"
"619","GO:1903201","GO:1903201","NAS","1","1.27","81.3"
"620","GO:0019249","lactate biosynthetic process","IMP","1","1.27","81.3"
"621","GO:0031016","pancreas development","TAS","1","1.27","81.3"
"622","GO:0032787","monocarboxylic acid metabolic process","IMP","1","1.27","81.3"
"623","GO:0010876","lipid localization","IDA","1","1.27","81.3"
"624","GO:0003407","neural retina development","TAS","1","1.27","81.3"
"625","GO:0060416","response to growth hormone stimulus","IDA","1","1.27","81.3"
"626","GO:1901576","organic substance biosynthetic process","IMP","1","1.27","81.3"
"627","GO:1903524","GO:1903524","IDA","1","1.27","81.3"
"628","GO:0046323","glucose import","IDA","1","1.27","81.3"
"629","GO:0033601","positive regulation of mammary gland epithelial cell proliferation","IDA","1","1.27","81.3"
"630","GO:0008015","blood circulation","NAS","1","1.27","81.3"
"631","GO:1903489","GO:1903489","IDA","1","1.27","81.3"
"632","GO:0006869","lipid transport","IDA","1","1.27","81.3"
"633","GO:0050806","positive regulation of synaptic transmission","TAS","1","1.27","81.3"
"634","GO:0050804","regulation of synaptic transmission","TAS","1","1.27","81.3"
"635","GO:0023057","negative regulation of signaling","NAS","1","1.27","81.3"
"636","GO:0034645","cellular macromolecule biosynthetic process","IMP","1","1.27","81.3"
"637","GO:0042886","amide transport","IMP","1","1.27","81.3"
"638","GO:0009628","response to abiotic stimulus","IDA","1","1.27","81.3"
"639","GO:0045598","regulation of fat cell differentiation","TAS","1","1.27","81.3"
"640","GO:0051093","negative regulation of developmental process","IDA","1","1.27","81.3"
"641","GO:0006082","organic acid metabolic process","IMP","1","1.27","81.3"
"642","GO:0006089","lactate metabolic process","IMP","1","1.27","81.3"
"643","GO:0002790","peptide secretion","IMP","1","1.27","81.3"
"644","GO:0019752","carboxylic acid metabolic process","IMP","1","1.27","81.3"
"645","GO:0010467","gene expression","IDA","1","1.27","81.3"
"646","GO:0048193","Golgi vesicle transport","TAS","1","1.27","81.3"
"647","GO:0030307","positive regulation of cell growth","NAS","1","1.27","81.3"
"648","GO:0015031","protein transport","IMP","1","1.27","81.3"
"649","GO:0005576","extracellular region","CURATED, TAS, ISS, ISO, IEA, IDA","15","19","96"
"650","GO:0044464","cell part","IEA, IDA, ISO, TAS","10","12.7","93.8"
"651","GO:0005623","cell","IEA, IDA, ISO, TAS","10","12.7","93.8"
"652","GO:0005622","intracellular","IEA, IDA, ISO, TAS","10","12.7","93.8"
"653","GO:0005615","extracellular space","IEA, ISS, ISO, IDA","12","15.2","94.8"
"654","GO:0044421","extracellular region part","IEA, ISS, ISO, IDA","12","15.2","94.8"
"655","GO:0005737","cytoplasm","IEA, IDA, ISO, TAS","5","6.33","90"
"656","GO:0044444","cytoplasmic part","IEA, IDA, ISO, TAS","5","6.33","90"
"657","GO:0044424","intracellular part","IEA, IDA, ISO, TAS","5","6.33","90"
"658","GO:0043229","intracellular organelle","IEA, IDA, ISO, TAS","5","6.33","90"
"659","GO:0043227","membrane-bounded organelle","IEA, IDA, ISO, TAS","5","6.33","90"
"660","GO:0043226","organelle","IEA, IDA, ISO, TAS","5","6.33","90"
"661","GO:0031410","cytoplasmic vesicle","IDA, ISO, TAS","5","6.33","90"
"662","GO:0030141","secretory granule","IDA, ISO, TAS","5","6.33","90"
"663","GO:0031982","vesicle","IDA, ISO, TAS","5","6.33","90"
"664","GO:0012505","endomembrane system","IDA, ISO, TAS","5","6.33","90"
"665","GO:0099503","GO:0099503","IDA, ISO, TAS","5","6.33","90"
"666","GO:0097708","GO:0097708","IDA, ISO, TAS","5","6.33","90"
"667","GO:0005829","cytosol","IEA, IDA","4","5.06","88.8"
"668","GO:0031974","membrane-enclosed lumen","TAS","3","3.8","87.2"
"669","GO:0060205","cytoplasmic membrane-bounded vesicle lumen","TAS","3","3.8","87.2"
"670","GO:0031983","vesicle lumen","TAS","3","3.8","87.2"
"671","GO:0044433","cytoplasmic vesicle part","TAS","3","3.8","87.2"
"672","GO:0034774","secretory granule lumen","TAS","3","3.8","87.2"
"673","GO:0043231","intracellular membrane-bounded organelle","IEA, IDA, TAS","3","3.8","87.2"
"674","GO:0043233","organelle lumen","TAS","3","3.8","87.2"
"675","GO:0044446","intracellular organelle part","TAS","3","3.8","87.2"
"676","GO:0070013","intracellular organelle lumen","TAS","3","3.8","87.2"
"677","GO:0044422","organelle part","TAS","3","3.8","87.2"
"678","GO:1990904","GO:1990904","IEA, IDA","2","2.53","85"
"679","GO:0005634","nucleus","IEA, IDA","2","2.53","85"
"680","GO:0032991","macromolecular complex","IEA, IDA","2","2.53","85"
"681","GO:0005732","small nucleolar ribonucleoprotein complex","IEA, IDA","2","2.53","85"
"682","GO:0005783","endoplasmic reticulum","TAS","1","1.27","81.3"
"683","GO:0033116","endoplasmic reticulum-Golgi intermediate compartment membrane","TAS","1","1.27","81.3"
"684","GO:0005788","endoplasmic reticulum lumen","TAS","1","1.27","81.3"
"685","GO:0030133","transport vesicle","TAS","1","1.27","81.3"
"686","GO:0000139","Golgi membrane","TAS","1","1.27","81.3"
"687","GO:0031984","organelle subcompartment","TAS","1","1.27","81.3"
"688","GO:0016020","membrane","TAS","1","1.27","81.3"
"689","GO:0044432","endoplasmic reticulum part","TAS","1","1.27","81.3"
"690","GO:0044431","Golgi apparatus part","TAS","1","1.27","81.3"
"691","GO:0031904","endosome lumen","TAS","1","1.27","81.3"
"692","GO:0005794","Golgi apparatus","TAS","1","1.27","81.3"
"693","GO:0005796","Golgi lumen","TAS","1","1.27","81.3"
"694","GO:0098791","GO:0098791","TAS","1","1.27","81.3"
"695","GO:0005793","endoplasmic reticulum-Golgi intermediate compartment","TAS","1","1.27","81.3"
"696","GO:0098588","GO:0098588","TAS","1","1.27","81.3"
"697","GO:0031090","organelle membrane","TAS","1","1.27","81.3"
"698","GO:0044440","endosomal part","TAS","1","1.27","81.3"
"699","GO:0005768","endosome","TAS","1","1.27","81.3"
