"","V1","V2","V3","V4","V5","V6"
"1","ID","GO term","Evidence","SeqCount","Frequency","relative_fontsize"
"2","GO:0005488","binding","ISS, NAS, ISO, IDA","2","1.5","82.2"
"3","GO:0140110","GO:0140110","ISS, ISA, ISO, IDA","2","1.5","82.2"
"4","GO:0003700","sequence-specific DNA binding transcription factor activity","ISS, ISA, ISO, IDA","2","1.5","82.2"
"5","GO:0003676","nucleic acid binding","ISS, ISO, IDA","2","1.5","82.2"
"6","GO:0003677","DNA binding","ISS, ISO, IDA","2","1.5","82.2"
"7","GO:1901363","heterocyclic compound binding","ISS, ISO, IDA","2","1.5","82.2"
"8","GO:0043565","sequence-specific DNA binding","ISS, ISO, IDA","2","1.5","82.2"
"9","GO:0097159","organic cyclic compound binding","ISS, ISO, IDA","2","1.5","82.2"
"10","GO:0000981","sequence-specific DNA binding RNA polymerase II transcription factor activity","ISA, ISO, IDA","2","1.5","82.2"
"11","GO:0001012","RNA polymerase II regulatory region DNA binding","ISO, IDA","2","1.5","82.2"
"12","GO:0016278","lysine N-methyltransferase activity","IEA, IDA","2","1.5","82.2"
"13","GO:0016279","protein-lysine N-methyltransferase activity","IEA, IDA","2","1.5","82.2"
"14","GO:0008276","protein methyltransferase activity","IEA, IDA","2","1.5","82.2"
"15","GO:0008168","methyltransferase activity","IEA, IDA","2","1.5","82.2"
"16","GO:0140096","GO:0140096","IEA, IDA","2","1.5","82.2"
"17","GO:1990837","GO:1990837","ISO, IDA","2","1.5","82.2"
"18","GO:0016740","transferase activity","IEA, IDA","2","1.5","82.2"
"19","GO:0016741","transferase activity, transferring one-carbon groups","IEA, IDA","2","1.5","82.2"
"20","GO:0000987","core promoter proximal region sequence-specific DNA binding","ISO, IDA","2","1.5","82.2"
"21","GO:0003690","double-stranded DNA binding","ISO, IDA","2","1.5","82.2"
"22","GO:0000982","RNA polymerase II core promoter proximal region sequence-specific DNA binding transcription factor activity","ISO, IDA","2","1.5","82.2"
"23","GO:0008757","S-adenosylmethionine-dependent methyltransferase activity","IEA, IDA","2","1.5","82.2"
"24","GO:0001067","regulatory region nucleic acid binding","ISO, IDA","2","1.5","82.2"
"25","GO:0003824","catalytic activity","IEA, IDA","2","1.5","82.2"
"26","GO:0008170","N-methyltransferase activity","IEA, IDA","2","1.5","82.2"
"27","GO:0044212","transcription regulatory region DNA binding","ISO, IDA","2","1.5","82.2"
"28","GO:0001228","RNA polymerase II transcription regulatory region sequence-specific DNA binding transcription factor activity involved in positive regulation of transcription","ISO, IDA","2","1.5","82.2"
"29","GO:0001077","RNA polymerase II core promoter proximal region sequence-specific DNA binding transcription factor activity involved in positive regulation of transcription","ISO, IDA","2","1.5","82.2"
"30","GO:0000976","transcription regulatory region sequence-specific DNA binding","ISO, IDA","2","1.5","82.2"
"31","GO:0000977","RNA polymerase II regulatory region sequence-specific DNA binding","ISO, IDA","2","1.5","82.2"
"32","GO:0000978","RNA polymerase II core promoter proximal region sequence-specific DNA binding","ISO, IDA","2","1.5","82.2"
"33","GO:0008134","transcription factor binding","NAS","1","0.752","78.5"
"34","GO:0005515","protein binding","NAS","1","0.752","78.5"
"35","GO:0050789","regulation of biological process","NAS, TAS, ISS, IMP, ISO, IEA, ISA, IDA","2","1.5","82.2"
"36","GO:0050794","regulation of cellular process","NAS, TAS, ISS, IMP, ISO, IEA, ISA, IDA","2","1.5","82.2"
"37","GO:0065007","biological regulation","NAS, TAS, ISS, IMP, ISO, IEA, ISA, IDA","2","1.5","82.2"
"38","GO:0009987","cellular process","NAS, TAS, ISS, IMP, ISO, IEA, IDA","2","1.5","82.2"
"39","GO:0080090","regulation of primary metabolic process","ISS, IMP, ISA, ISO, IDA","2","1.5","82.2"
"40","GO:0019222","regulation of metabolic process","ISS, IMP, ISA, ISO, IDA","2","1.5","82.2"
"41","GO:2000112","regulation of cellular macromolecule biosynthetic process","ISS, IMP, ISA, ISO, IDA","2","1.5","82.2"
"42","GO:0060255","regulation of macromolecule metabolic process","ISS, IMP, ISA, ISO, IDA","2","1.5","82.2"
"43","GO:2001141","regulation of RNA biosynthetic process","ISS, IMP, ISA, ISO, IDA","2","1.5","82.2"
"44","GO:0051252","regulation of RNA metabolic process","ISS, IMP, ISA, ISO, IDA","2","1.5","82.2"
"45","GO:0009889","regulation of biosynthetic process","ISS, IMP, ISA, ISO, IDA","2","1.5","82.2"
"46","GO:0006355","regulation of transcription, DNA-dependent","ISS, IMP, ISA, ISO, IDA","2","1.5","82.2"
"47","GO:0010556","regulation of macromolecule biosynthetic process","ISS, IMP, ISA, ISO, IDA","2","1.5","82.2"
"48","GO:1903506","GO:1903506","ISS, IMP, ISA, ISO, IDA","2","1.5","82.2"
"49","GO:0031326","regulation of cellular biosynthetic process","ISS, IMP, ISA, ISO, IDA","2","1.5","82.2"
"50","GO:0031323","regulation of cellular metabolic process","ISS, IMP, ISA, ISO, IDA","2","1.5","82.2"
"51","GO:0010468","regulation of gene expression","ISS, IMP, ISA, ISO, IDA","2","1.5","82.2"
"52","GO:0019219","regulation of nucleobase-containing compound metabolic process","ISS, IMP, ISA, ISO, IDA","2","1.5","82.2"
"53","GO:0051171","regulation of nitrogen compound metabolic process","ISS, IMP, ISA, ISO, IDA","2","1.5","82.2"
"54","GO:0010604","positive regulation of macromolecule metabolic process","ISS, IMP, ISO, IDA","2","1.5","82.2"
"55","GO:0048518","positive regulation of biological process","ISS, IMP, ISO, IDA","2","1.5","82.2"
"56","GO:1902680","GO:1902680","ISS, IMP, ISO, IDA","2","1.5","82.2"
"57","GO:0002376","immune system process","IEA, IMP, NAS, ISS, TAS","2","1.5","82.2"
"58","GO:0009893","positive regulation of metabolic process","ISS, IMP, ISO, IDA","2","1.5","82.2"
"59","GO:0009891","positive regulation of biosynthetic process","ISS, IMP, ISO, IDA","2","1.5","82.2"
"60","GO:0006807","nitrogen compound metabolic process","IEA, IMP, ISO, IDA","2","1.5","82.2"
"61","GO:0044260","cellular macromolecule metabolic process","IEA, IMP, ISO, IDA","2","1.5","82.2"
"62","GO:0008152","metabolic process","IEA, IMP, ISO, IDA","2","1.5","82.2"
"63","GO:0010557","positive regulation of macromolecule biosynthetic process","ISS, IMP, ISO, IDA","2","1.5","82.2"
"64","GO:0045893","positive regulation of transcription, DNA-dependent","ISS, IMP, ISO, IDA","2","1.5","82.2"
"65","GO:0051254","positive regulation of RNA metabolic process","ISS, IMP, ISO, IDA","2","1.5","82.2"
"66","GO:0043170","macromolecule metabolic process","IEA, IMP, ISO, IDA","2","1.5","82.2"
"67","GO:0010628","positive regulation of gene expression","ISS, IMP, ISO, IDA","2","1.5","82.2"
"68","GO:1903508","GO:1903508","ISS, IMP, ISO, IDA","2","1.5","82.2"
"69","GO:0031328","positive regulation of cellular biosynthetic process","ISS, IMP, ISO, IDA","2","1.5","82.2"
"70","GO:0031325","positive regulation of cellular metabolic process","ISS, IMP, ISO, IDA","2","1.5","82.2"
"71","GO:0071704","organic substance metabolic process","IEA, IMP, ISO, IDA","2","1.5","82.2"
"72","GO:0045935","positive regulation of nucleobase-containing compound metabolic process","ISS, IMP, ISO, IDA","2","1.5","82.2"
"73","GO:0051173","positive regulation of nitrogen compound metabolic process","ISS, IMP, ISO, IDA","2","1.5","82.2"
"74","GO:0044238","primary metabolic process","IEA, IMP, ISO, IDA","2","1.5","82.2"
"75","GO:0044237","cellular metabolic process","IEA, IMP, ISO, IDA","2","1.5","82.2"
"76","GO:0048522","positive regulation of cellular process","ISS, IMP, ISO, IDA","2","1.5","82.2"
"77","GO:0045321","leukocyte activation","IEA, IMP, ISS, NAS","2","1.5","82.2"
"78","GO:0001775","cell activation","IEA, IMP, ISS, NAS","2","1.5","82.2"
"79","GO:0045944","positive regulation of transcription from RNA polymerase II promoter","IMP, ISO, IDA","2","1.5","82.2"
"80","GO:0006357","regulation of transcription from RNA polymerase II promoter","IMP, ISA, ISO, IDA","2","1.5","82.2"
"81","GO:0006479","protein methylation","IEA, IDA","2","1.5","82.2"
"82","GO:0048869","cellular developmental process","IEA, IMP, ISS","2","1.5","82.2"
"83","GO:0018193","peptidyl-amino acid modification","IEA, IMP, IDA","2","1.5","82.2"
"84","GO:0048513","organ development","IEA, IMP, ISS","2","1.5","82.2"
"85","GO:0048583","regulation of response to stimulus","IEA, IMP, NAS","2","1.5","82.2"
"86","GO:0048731","system development","IEA, IMP, ISS","2","1.5","82.2"
"87","GO:0046649","lymphocyte activation","ISS, IMP, NAS","2","1.5","82.2"
"88","GO:1901564","organonitrogen compound metabolic process","IEA, IMP, IDA","2","1.5","82.2"
"89","GO:0019538","protein metabolic process","IEA, IMP, IDA","2","1.5","82.2"
"90","GO:0018205","peptidyl-lysine modification","IEA, IMP, IDA","2","1.5","82.2"
"91","GO:0002682","regulation of immune system process","IEA, IMP, NAS","2","1.5","82.2"
"92","GO:0006952","defense response","ISS, IMP, TAS","2","1.5","82.2"
"93","GO:0036211","protein modification process","IEA, IMP, IDA","2","1.5","82.2"
"94","GO:0006955","immune response","ISS, IMP, TAS","2","1.5","82.2"
"95","GO:0002521","leukocyte differentiation","IEA, IMP, ISS","2","1.5","82.2"
"96","GO:0002520","immune system development","IEA, IMP, ISS","2","1.5","82.2"
"97","GO:0043412","macromolecule modification","IEA, IMP, IDA","2","1.5","82.2"
"98","GO:0050896","response to stimulus","ISS, IMP, TAS","2","1.5","82.2"
"99","GO:0006950","response to stress","ISS, IMP, TAS","2","1.5","82.2"
"100","GO:0030154","cell differentiation","IEA, IMP, ISS","2","1.5","82.2"
"101","GO:0032502","developmental process","IEA, IMP, ISS","2","1.5","82.2"
"102","GO:0032501","multicellular organismal process","IEA, IMP, ISS","2","1.5","82.2"
"103","GO:0050776","regulation of immune response","IEA, IMP, NAS","2","1.5","82.2"
"104","GO:0051239","regulation of multicellular organismal process","ISS, NAS, IDA","2","1.5","82.2"
"105","GO:0030097","hemopoiesis","IEA, IMP, ISS","2","1.5","82.2"
"106","GO:0042110","T cell activation","ISS, IMP, NAS","2","1.5","82.2"
"107","GO:0007275","multicellular organismal development","IEA, IMP, ISS","2","1.5","82.2"
"108","GO:0048534","hematopoietic or lymphoid organ development","IEA, IMP, ISS","2","1.5","82.2"
"109","GO:0044267","cellular protein metabolic process","IEA, IMP, IDA","2","1.5","82.2"
"110","GO:0006464","cellular protein modification process","IEA, IMP, IDA","2","1.5","82.2"
"111","GO:0048856","anatomical structure development","IEA, IMP, ISS","2","1.5","82.2"
"112","GO:0006473","protein acetylation","IEA, IMP","2","1.5","82.2"
"113","GO:0006475","internal protein amino acid acetylation","IEA, IMP","2","1.5","82.2"
"114","GO:0046632","alpha-beta T cell differentiation","ISS, IMP","2","1.5","82.2"
"115","GO:0046631","alpha-beta T cell activation","ISS, IMP","2","1.5","82.2"
"116","GO:0042035","regulation of cytokine biosynthetic process","ISS, IDA","2","1.5","82.2"
"117","GO:1901576","organic substance biosynthetic process","ISO, IDA","2","1.5","82.2"
"118","GO:1901362","organic cyclic compound biosynthetic process","ISO, IDA","2","1.5","82.2"
"119","GO:0031347","regulation of defense response","IEA, IMP","2","1.5","82.2"
"120","GO:0019221","cytokine-mediated signaling pathway","TAS","1","0.752","78.5"
"121","GO:0009968","negative regulation of signal transduction","IEA, IMP","2","1.5","82.2"
"122","GO:0009966","regulation of signal transduction","IEA, IMP","2","1.5","82.2"
"123","GO:0071840","cellular component organization or biogenesis","IEA, IMP","2","1.5","82.2"
"124","GO:0002263","cell activation involved in immune response","ISS, IMP","2","1.5","82.2"
"125","GO:0044093","positive regulation of molecular function","IEA, IMP","2","1.5","82.2"
"126","GO:0048519","negative regulation of biological process","IEA, IMP","2","1.5","82.2"
"127","GO:0051704","multi-organism process","ISS, IMP","2","1.5","82.2"
"128","GO:0048585","negative regulation of response to stimulus","IEA, IMP","2","1.5","82.2"
"129","GO:0002683","negative regulation of immune system process","IEA, IMP","2","1.5","82.2"
"130","GO:0032656","regulation of interleukin-13 production","ISS, IDA","2","1.5","82.2"
"131","GO:0016573","histone acetylation","IEA, IMP","2","1.5","82.2"
"132","GO:0043966","histone H3 acetylation","IEA, IMP","2","1.5","82.2"
"133","GO:0030217","T cell differentiation","ISS, IMP","2","1.5","82.2"
"134","GO:0051707","response to other organism","ISS, IMP","2","1.5","82.2"
"135","GO:0046483","heterocycle metabolic process","ISO, IDA","2","1.5","82.2"
"136","GO:0016570","histone modification","IEA, IMP","2","1.5","82.2"
"137","GO:0072540","T-helper 17 cell lineage commitment","ISS, IMP","2","1.5","82.2"
"138","GO:0009607","response to biotic stimulus","ISS, IMP","2","1.5","82.2"
"139","GO:0009605","response to external stimulus","ISS, IMP","2","1.5","82.2"
"140","GO:0044249","cellular biosynthetic process","ISO, IDA","2","1.5","82.2"
"141","GO:0002274","myeloid leukocyte activation","IEA, IMP","2","1.5","82.2"
"142","GO:0019438","aromatic compound biosynthetic process","ISO, IDA","2","1.5","82.2"
"143","GO:0032736","positive regulation of interleukin-13 production","ISS, IDA","2","1.5","82.2"
"144","GO:0032733","positive regulation of interleukin-10 production","ISS, IDA","2","1.5","82.2"
"145","GO:0016569","covalent chromatin modification","IEA, IMP","2","1.5","82.2"
"146","GO:0051101","regulation of DNA binding","IEA, IMP","2","1.5","82.2"
"147","GO:0043388","positive regulation of DNA binding","IEA, IMP","2","1.5","82.2"
"148","GO:0097659","GO:0097659","ISO, IDA","2","1.5","82.2"
"149","GO:0045088","regulation of innate immune response","IEA, IMP","2","1.5","82.2"
"150","GO:0001562","response to protozoan","ISS, IMP","2","1.5","82.2"
"151","GO:0043543","protein acylation","IEA, IMP","2","1.5","82.2"
"152","GO:0045058","T cell selection","ISS, IMP","2","1.5","82.2"
"153","GO:0045402","regulation of interleukin-4 biosynthetic process","ISS, IDA","2","1.5","82.2"
"154","GO:0002286","T cell activation involved in immune response","ISS, IMP","2","1.5","82.2"
"155","GO:0002287","alpha-beta T cell activation involved in immune response","ISS, IMP","2","1.5","82.2"
"156","GO:0002285","lymphocyte activation involved in immune response","ISS, IMP","2","1.5","82.2"
"157","GO:0016043","cellular component organization","IEA, IMP","2","1.5","82.2"
"158","GO:0002366","leukocyte activation involved in immune response","ISS, IMP","2","1.5","82.2"
"159","GO:0002360","T cell lineage commitment","ISS, IMP","2","1.5","82.2"
"160","GO:0002363","alpha-beta T cell lineage commitment","ISS, IMP","2","1.5","82.2"
"161","GO:0006366","transcription from RNA polymerase II promoter","ISO, IDA","2","1.5","82.2"
"162","GO:0065009","regulation of molecular function","IEA, IMP","2","1.5","82.2"
"163","GO:0032259","methylation","IEA, IDA","2","1.5","82.2"
"164","GO:0018130","heterocycle biosynthetic process","ISO, IDA","2","1.5","82.2"
"165","GO:0018393","internal peptidyl-lysine acetylation","IEA, IMP","2","1.5","82.2"
"166","GO:0018394","peptidyl-lysine acetylation","IEA, IMP","2","1.5","82.2"
"167","GO:0051240","positive regulation of multicellular organismal process","ISS, IDA","2","1.5","82.2"
"168","GO:0001773","myeloid dendritic cell activation","IEA, IMP","2","1.5","82.2"
"169","GO:0034654","nucleobase-containing compound biosynthetic process","ISO, IDA","2","1.5","82.2"
"170","GO:0016070","RNA metabolic process","ISO, IDA","2","1.5","82.2"
"171","GO:0002293","alpha-beta T cell differentiation involved in immune response","ISS, IMP","2","1.5","82.2"
"172","GO:0002292","T cell differentiation involved in immune response","ISS, IMP","2","1.5","82.2"
"173","GO:0002295","T-helper cell lineage commitment","ISS, IMP","2","1.5","82.2"
"174","GO:0002294","CD4-positive, alpha-beta T cell differentiation involved in immune response","ISS, IMP","2","1.5","82.2"
"175","GO:0006351","transcription, DNA-dependent","ISO, IDA","2","1.5","82.2"
"176","GO:0043414","macromolecule methylation","IEA, IDA","2","1.5","82.2"
"177","GO:0042832","defense response to protozoan","ISS, IMP","2","1.5","82.2"
"178","GO:0043011","myeloid dendritic cell differentiation","IEA, IMP","2","1.5","82.2"
"179","GO:0035710","CD4-positive, alpha-beta T cell activation","ISS, IMP","2","1.5","82.2"
"180","GO:0032774","RNA biosynthetic process","ISO, IDA","2","1.5","82.2"
"181","GO:0023057","negative regulation of signaling","IEA, IMP","2","1.5","82.2"
"182","GO:0034641","cellular nitrogen compound metabolic process","ISO, IDA","2","1.5","82.2"
"183","GO:0010648","negative regulation of cell communication","IEA, IMP","2","1.5","82.2"
"184","GO:0034645","cellular macromolecule biosynthetic process","ISO, IDA","2","1.5","82.2"
"185","GO:0023051","regulation of signaling","IEA, IMP","2","1.5","82.2"
"186","GO:0010646","regulation of cell communication","IEA, IMP","2","1.5","82.2"
"187","GO:0006139","nucleobase-containing compound metabolic process","ISO, IDA","2","1.5","82.2"
"188","GO:0072538","T-helper 17 type immune response","ISS, IMP","2","1.5","82.2"
"189","GO:0045074","regulation of interleukin-10 biosynthetic process","ISS, IDA","2","1.5","82.2"
"190","GO:0045076","regulation of interleukin-2 biosynthetic process","ISS, IDA","2","1.5","82.2"
"191","GO:0018022","peptidyl-lysine methylation","IEA, IDA","2","1.5","82.2"
"192","GO:0051246","regulation of protein metabolic process","ISS, IDA","2","1.5","82.2"
"193","GO:0051247","positive regulation of protein metabolic process","ISS, IDA","2","1.5","82.2"
"194","GO:0043368","positive T cell selection","ISS, IMP","2","1.5","82.2"
"195","GO:0043369","CD4-positive or CD8-positive, alpha-beta T cell lineage commitment","ISS, IMP","2","1.5","82.2"
"196","GO:0032673","regulation of interleukin-4 production","ISS, IDA","2","1.5","82.2"
"197","GO:0097028","dendritic cell differentiation","IEA, IMP","2","1.5","82.2"
"198","GO:0043367","CD4-positive, alpha-beta T cell differentiation","ISS, IMP","2","1.5","82.2"
"199","GO:0032743","positive regulation of interleukin-2 production","ISS, IDA","2","1.5","82.2"
"200","GO:0006725","cellular aromatic compound metabolic process","ISO, IDA","2","1.5","82.2"
"201","GO:0034121","regulation of toll-like receptor signaling pathway","IEA, IMP","2","1.5","82.2"
"202","GO:0045165","cell fate commitment","ISS, IMP","2","1.5","82.2"
"203","GO:0098542","GO:0098542","ISS, IMP","2","1.5","82.2"
"204","GO:0044271","cellular nitrogen compound biosynthetic process","ISO, IDA","2","1.5","82.2"
"205","GO:0090304","nucleic acid metabolic process","ISO, IDA","2","1.5","82.2"
"206","GO:0002460","adaptive immune response based on somatic recombination of immune receptors built from immunoglobulin superfamily domains","ISS, IMP","2","1.5","82.2"
"207","GO:0051099","positive regulation of binding","IEA, IMP","2","1.5","82.2"
"208","GO:0051098","regulation of binding","IEA, IMP","2","1.5","82.2"
"209","GO:0001817","regulation of cytokine production","ISS, IDA","2","1.5","82.2"
"210","GO:0030098","lymphocyte differentiation","ISS, IMP","2","1.5","82.2"
"211","GO:0030099","myeloid cell differentiation","IEA, IMP","2","1.5","82.2"
"212","GO:0043373","CD4-positive, alpha-beta T cell lineage commitment","ISS, IMP","2","1.5","82.2"
"213","GO:0032663","regulation of interleukin-2 production","ISS, IDA","2","1.5","82.2"
"214","GO:0080134","regulation of response to stress","IEA, IMP","2","1.5","82.2"
"215","GO:0001819","positive regulation of cytokine production","ISS, IDA","2","1.5","82.2"
"216","GO:0008213","protein alkylation","IEA, IDA","2","1.5","82.2"
"217","GO:0032653","regulation of interleukin-10 production","ISS, IDA","2","1.5","82.2"
"218","GO:0045366","regulation of interleukin-13 biosynthetic process","ISS, IDA","2","1.5","82.2"
"219","GO:0006325","chromatin organization","IEA, IMP","2","1.5","82.2"
"220","GO:1901360","organic cyclic compound metabolic process","ISO, IDA","2","1.5","82.2"
"221","GO:0043967","histone H4 acetylation","IEA, IMP","2","1.5","82.2"
"222","GO:0045368","positive regulation of interleukin-13 biosynthetic process","ISS, IDA","2","1.5","82.2"
"223","GO:0002573","myeloid leukocyte differentiation","IEA, IMP","2","1.5","82.2"
"224","GO:0010467","gene expression","ISO, IDA","2","1.5","82.2"
"225","GO:0042093","T-helper cell differentiation","ISS, IMP","2","1.5","82.2"
"226","GO:0042108","positive regulation of cytokine biosynthetic process","ISS, IDA","2","1.5","82.2"
"227","GO:0034122","negative regulation of toll-like receptor signaling pathway","IEA, IMP","2","1.5","82.2"
"228","GO:0045086","positive regulation of interleukin-2 biosynthetic process","ISS, IDA","2","1.5","82.2"
"229","GO:0045082","positive regulation of interleukin-10 biosynthetic process","ISS, IDA","2","1.5","82.2"
"230","GO:0009058","biosynthetic process","ISO, IDA","2","1.5","82.2"
"231","GO:0009059","macromolecule biosynthetic process","ISO, IDA","2","1.5","82.2"
"232","GO:0072539","T-helper 17 cell differentiation","ISS, IMP","2","1.5","82.2"
"233","GO:0045404","positive regulation of interleukin-4 biosynthetic process","ISS, IDA","2","1.5","82.2"
"234","GO:0006996","organelle organization","IEA, IMP","2","1.5","82.2"
"235","GO:0051276","chromosome organization","IEA, IMP","2","1.5","82.2"
"236","GO:0043207","response to external biotic stimulus","ISS, IMP","2","1.5","82.2"
"237","GO:0002250","adaptive immune response","ISS, IMP","2","1.5","82.2"
"238","GO:0002252","immune effector process","ISS, IMP","2","1.5","82.2"
"239","GO:0032753","positive regulation of interleukin-4 production","ISS, IDA","2","1.5","82.2"
"240","GO:0048523","negative regulation of cellular process","IEA, IMP","2","1.5","82.2"
"241","GO:0046637","regulation of alpha-beta T cell differentiation","NAS","1","0.752","78.5"
"242","GO:0046634","regulation of alpha-beta T cell activation","NAS","1","0.752","78.5"
"243","GO:0007165","signal transduction","TAS","1","0.752","78.5"
"244","GO:0007166","cell surface receptor signaling pathway","TAS","1","0.752","78.5"
"245","GO:0051716","cellular response to stimulus","TAS","1","0.752","78.5"
"246","GO:0071310","cellular response to organic substance","TAS","1","0.752","78.5"
"247","GO:0042221","response to chemical stimulus","TAS","1","0.752","78.5"
"248","GO:0010033","response to organic substance","TAS","1","0.752","78.5"
"249","GO:0071357","cellular response to type I interferon","TAS","1","0.752","78.5"
"250","GO:0070887","cellular response to chemical stimulus","TAS","1","0.752","78.5"
"251","GO:0045622","regulation of T-helper cell differentiation","NAS","1","0.752","78.5"
"252","GO:0034097","response to cytokine stimulus","TAS","1","0.752","78.5"
"253","GO:0050793","regulation of developmental process","NAS","1","0.752","78.5"
"254","GO:0034340","response to type I interferon","TAS","1","0.752","78.5"
"255","GO:0034341","response to interferon-gamma","TAS","1","0.752","78.5"
"256","GO:0071346","cellular response to interferon-gamma","TAS","1","0.752","78.5"
"257","GO:0060337","type I interferon-mediated signaling pathway","TAS","1","0.752","78.5"
"258","GO:0050863","regulation of T cell activation","NAS","1","0.752","78.5"
"259","GO:0045580","regulation of T cell differentiation","NAS","1","0.752","78.5"
"260","GO:0023052","signaling","TAS","1","0.752","78.5"
"261","GO:1903706","GO:1903706","NAS","1","0.752","78.5"
"262","GO:0051249","regulation of lymphocyte activation","NAS","1","0.752","78.5"
"263","GO:2000514","regulation of CD4-positive, alpha-beta T cell activation","NAS","1","0.752","78.5"
"264","GO:0045595","regulation of cell differentiation","NAS","1","0.752","78.5"
"265","GO:0043370","regulation of CD4-positive, alpha-beta T cell differentiation","NAS","1","0.752","78.5"
"266","GO:0045619","regulation of lymphocyte differentiation","NAS","1","0.752","78.5"
"267","GO:0071345","cellular response to cytokine stimulus","TAS","1","0.752","78.5"
"268","GO:0050865","regulation of cell activation","NAS","1","0.752","78.5"
"269","GO:0002694","regulation of leukocyte activation","NAS","1","0.752","78.5"
"270","GO:0002697","regulation of immune effector process","NAS","1","0.752","78.5"
"271","GO:0045087","innate immune response","TAS","1","0.752","78.5"
"272","GO:0060333","interferon-gamma-mediated signaling pathway","TAS","1","0.752","78.5"
"273","GO:0007154","cell communication","TAS","1","0.752","78.5"
"274","GO:1902105","regulation of leukocyte differentiation","NAS","1","0.752","78.5"
"275","GO:2000026","regulation of multicellular organismal development","NAS","1","0.752","78.5"
"276","GO:0044464","cell part","CURATED, TAS, ISO, IEA, IC, IDA","2","1.5","82.2"
"277","GO:0005623","cell","CURATED, TAS, ISO, IEA, IC, IDA","2","1.5","82.2"
"278","GO:0005622","intracellular","CURATED, TAS, ISO, IEA, IC, IDA","2","1.5","82.2"
"279","GO:0044424","intracellular part","CURATED, TAS, ISO, IEA, IC, IDA","2","1.5","82.2"
"280","GO:0043229","intracellular organelle","IEA, IC, ISO, CURATED, IDA","2","1.5","82.2"
"281","GO:0043227","membrane-bounded organelle","IEA, IC, ISO, CURATED, IDA","2","1.5","82.2"
"282","GO:0043226","organelle","IEA, IC, ISO, CURATED, IDA","2","1.5","82.2"
"283","GO:0005634","nucleus","IEA, IC, ISO, CURATED, IDA","2","1.5","82.2"
"284","GO:0043231","intracellular membrane-bounded organelle","IEA, IC, ISO, CURATED, IDA","2","1.5","82.2"
"285","GO:0031974","membrane-enclosed lumen","IEA, ISO, IDA","2","1.5","82.2"
"286","GO:0031981","nuclear lumen","IEA, ISO, IDA","2","1.5","82.2"
"287","GO:0043233","organelle lumen","IEA, ISO, IDA","2","1.5","82.2"
"288","GO:0044446","intracellular organelle part","IEA, ISO, IDA","2","1.5","82.2"
"289","GO:0070013","intracellular organelle lumen","IEA, ISO, IDA","2","1.5","82.2"
"290","GO:0044428","nuclear part","IEA, ISO, IDA","2","1.5","82.2"
"291","GO:0044422","organelle part","IEA, ISO, IDA","2","1.5","82.2"
"292","GO:0044815","GO:0044815","IEA, IDA","2","1.5","82.2"
"293","GO:0043228","non-membrane-bounded organelle","IEA, IDA","2","1.5","82.2"
"294","GO:0000785","chromatin","IEA, IDA","2","1.5","82.2"
"295","GO:0000786","nucleosome","IEA, IDA","2","1.5","82.2"
"296","GO:0000788","nuclear nucleosome","IEA, IDA","2","1.5","82.2"
"297","GO:0000228","nuclear chromosome","IEA, IDA","2","1.5","82.2"
"298","GO:0005654","nucleoplasm","ISO, IDA","2","1.5","82.2"
"299","GO:0044454","nuclear chromosome part","IEA, IDA","2","1.5","82.2"
"300","GO:0005694","chromosome","IEA, IDA","2","1.5","82.2"
"301","GO:0000790","nuclear chromatin","IEA, IDA","2","1.5","82.2"
"302","GO:0032991","macromolecular complex","IEA, IDA","2","1.5","82.2"
"303","GO:0043232","intracellular non-membrane-bounded organelle","IEA, IDA","2","1.5","82.2"
"304","GO:0032993","protein-DNA complex","IEA, IDA","2","1.5","82.2"
"305","GO:0044427","chromosomal part","IEA, IDA","2","1.5","82.2"
"306","GO:0005737","cytoplasm","TAS","1","0.752","78.5"
"307","GO:0005829","cytosol","TAS","1","0.752","78.5"
"308","GO:0044444","cytoplasmic part","TAS","1","0.752","78.5"
