"","V1","V2","V3","V4","V5","V6"
"1","ID","GO term","Evidence","SeqCount","Frequency","relative_fontsize"
"2","GO:0003824","catalytic activity","EXP, TAS, ISS, NAS, ISM, IEA, ISA, IMP, IDA","8143","83.5","99"
"3","GO:0016787","hydrolase activity","EXP, TAS, ISS, NAS, ISM, IEA, ISA, IMP, IDA","8133","83.4","99"
"4","GO:0008233","peptidase activity","EXP, TAS, ISS, NAS, ISM, IEA, ISA, IMP, IDA","8130","83.3","99"
"5","GO:0008236","serine-type peptidase activity","EXP, TAS, ISS, NAS, ISM, IEA, ISA, IMP, IDA","8130","83.3","99"
"6","GO:0070011","peptidase activity, acting on L-amino acid peptides","EXP, TAS, ISS, NAS, ISM, IEA, ISA, IMP, IDA","8130","83.3","99"
"7","GO:0017171","serine hydrolase activity","EXP, TAS, ISS, NAS, ISM, IEA, ISA, IMP, IDA","8130","83.3","99"
"8","GO:0004175","endopeptidase activity","EXP, TAS, ISS, NAS, ISM, IEA, ISA, IMP, IDA","8130","83.3","99"
"9","GO:0004252","serine-type endopeptidase activity","EXP, TAS, ISS, NAS, ISM, IEA, ISA, IMP, IDA","8130","83.3","99"
"10","GO:0008152","metabolic process","EXP, TAS, ISS, IEP, NAS, IGI, ISM, IEA, IC, ISA, IMP, IDA","8157","83.6","99"
"11","GO:0071704","organic substance metabolic process","TAS, ISS, IEP, NAS, IGI, ISM, IEA, IC, IMP, IDA","8147","83.5","99"
"12","GO:0044238","primary metabolic process","IMP, ISS, TAS, NAS, ISM, IEA, IC, IGI, IDA","8143","83.5","99"
"13","GO:0043170","macromolecule metabolic process","IMP, ISS, TAS, NAS, ISM, IEA, IC, IGI, IDA","8144","83.5","99"
"14","GO:0019538","protein metabolic process","IMP, ISS, TAS, NAS, ISM, IEA, IC, IGI, IDA","8142","83.4","99"
"15","GO:0006508","proteolysis","TAS, ISS, NAS, ISM, IEA, IC, IMP, IDA","8141","83.4","99"
"16","GO:0044699","single-organism process","NAS, ISS, IEP, TAS, IMP, ISO, IEA, IC, IGI, IDA","678","6.95","85.5"
"17","GO:0065007","biological regulation","TAS, ISS, IEP, IMP, NAS, IEA, ISO, IC, IGI, IDA","617","6.32","85"
"18","GO:0050789","regulation of biological process","TAS, ISS, IEP, IMP, NAS, IEA, IC, IGI, IDA","521","5.34","84.1"
"19","GO:0051179","localization","TAS, ISS, NAS, IEA, IMP, IDA","548","5.62","84.4"
"20","GO:0050896","response to stimulus","TAS, ISS, IEP, IMP, NAS, IEA, IC, IGI, IDA","489","5.01","83.7"
"21","GO:0051234","establishment of localization","TAS, ISS, NAS, IEA, IMP, IDA","515","5.28","84"
"22","GO:0006810","transport","TAS, ISS, NAS, IEA, IMP, IDA","515","5.28","84"
"23","GO:0016192","vesicle-mediated transport","NAS, ISS, TAS, IMP, IEA, IDA","505","5.18","83.9"
"24","GO:0005576","extracellular region","CURATED, IMP, ISS, TAS, NAS, POTENTIAL, BY SIMILARITY, ISM, IEA, PROBABLE, IC, IDA","914","9.37","87.1"
"25","GO:0016020","membrane","CURATED, TAS, ISS, NAS, ISO, IEA, IDA","849","8.7","86.7"
"26","GO:0044464","cell part","CURATED, TAS, ISS, NAS, ISO, BY SIMILARITY, IEA, PROBABLE, ISA, IDA","649","6.65","85.3"
"27","GO:0005623","cell","CURATED, TAS, ISS, NAS, ISO, BY SIMILARITY, IEA, PROBABLE, ISA, IDA","649","6.65","85.3"
