"","V1","V2","V3","V4","V5","V6"
"1","ID","GO term","Evidence","SeqCount","Frequency","relative_fontsize"
"2","GO:0005198","structural molecule activity","IEA, TAS","4","6.67","90.3"
"3","GO:0030154","cell differentiation","IEA, IMP, TAS","4","6.67","90.3"
"4","GO:0007275","multicellular organismal development","IEA, IMP, TAS","4","6.67","90.3"
"5","GO:0048869","cellular developmental process","IEA, IMP, TAS","4","6.67","90.3"
"6","GO:0048513","organ development","IEA, IMP, TAS","4","6.67","90.3"
"7","GO:0032502","developmental process","IEA, IMP, TAS","4","6.67","90.3"
"8","GO:0032501","multicellular organismal process","IEA, IMP, TAS","4","6.67","90.3"
"9","GO:0009987","cellular process","IEA, IMP, TAS","4","6.67","90.3"
"10","GO:0048856","anatomical structure development","IEA, IMP, TAS","4","6.67","90.3"
"11","GO:0048731","system development","IEA, IMP, TAS","4","6.67","90.3"
"12","GO:0002244","hematopoietic progenitor cell differentiation","IEA, IMP","4","6.67","90.3"
"13","GO:0048534","hematopoietic or lymphoid organ development","IEA, IMP","4","6.67","90.3"
"14","GO:0030097","hemopoiesis","IEA, IMP","4","6.67","90.3"
"15","GO:0002520","immune system development","IEA, IMP","4","6.67","90.3"
"16","GO:0002376","immune system process","IEA, IMP","4","6.67","90.3"
"17","GO:0031424","keratinization","TAS","1","1.67","82.8"
"18","GO:0060429","epithelium development","TAS","1","1.67","82.8"
"19","GO:0008219","cell death","TAS","1","1.67","82.8"
"20","GO:0008544","epidermis development","TAS","1","1.67","82.8"
"21","GO:0030855","epithelial cell differentiation","TAS","1","1.67","82.8"
"22","GO:0043588","skin development","TAS","1","1.67","82.8"
"23","GO:0030216","keratinocyte differentiation","TAS","1","1.67","82.8"
"24","GO:0009888","tissue development","TAS","1","1.67","82.8"
"25","GO:0070268","cornification","TAS","1","1.67","82.8"
"26","GO:0012501","programmed cell death","TAS","1","1.67","82.8"
"27","GO:0009913","epidermal cell differentiation","TAS","1","1.67","82.8"
"28","GO:0044464","cell part","IEA, TAS, ISO, IDA","4","6.67","90.3"
"29","GO:0005623","cell","IEA, TAS, ISO, IDA","4","6.67","90.3"
"30","GO:0005622","intracellular","IEA, TAS, ISO, IDA","4","6.67","90.3"
"31","GO:0044424","intracellular part","IEA, TAS, ISO, IDA","4","6.67","90.3"
"32","GO:0099512","GO:0099512","IEA, ISO, IDA","4","6.67","90.3"
"33","GO:0099513","GO:0099513","IEA, ISO, IDA","4","6.67","90.3"
"34","GO:0043229","intracellular organelle","IEA, ISO, IDA","4","6.67","90.3"
"35","GO:0043228","non-membrane-bounded organelle","IEA, ISO, IDA","4","6.67","90.3"
"36","GO:0043226","organelle","IEA, ISO, IDA","4","6.67","90.3"
"37","GO:0005856","cytoskeleton","IEA, ISO, IDA","4","6.67","90.3"
"38","GO:0044446","intracellular organelle part","IEA, ISO, IDA","4","6.67","90.3"
"39","GO:0045111","intermediate filament cytoskeleton","IEA, ISO, IDA","4","6.67","90.3"
"40","GO:0044430","cytoskeletal part","IEA, ISO, IDA","4","6.67","90.3"
"41","GO:0005882","intermediate filament","IEA, ISO, IDA","4","6.67","90.3"
"42","GO:0043232","intracellular non-membrane-bounded organelle","IEA, ISO, IDA","4","6.67","90.3"
"43","GO:0099080","GO:0099080","IEA, ISO, IDA","4","6.67","90.3"
"44","GO:0099081","GO:0099081","IEA, ISO, IDA","4","6.67","90.3"
"45","GO:0044422","organelle part","IEA, ISO, IDA","4","6.67","90.3"
"46","GO:0045095","keratin filament","IEA","4","6.67","90.3"
"47","GO:0005737","cytoplasm","TAS","1","1.67","82.8"
"48","GO:0005829","cytosol","TAS","1","1.67","82.8"
"49","GO:0044444","cytoplasmic part","TAS","1","1.67","82.8"
