"","V1","V2","V3","V4","V5","V6"
"1","ID","GO term","Evidence","SeqCount","Frequency","relative_fontsize"
"2","GO:0005198","structural molecule activity","IEA","3","5.36","89.1"
"3","GO:0031424","keratinization","TAS","1","1.79","83.1"
"4","GO:0032502","developmental process","TAS","1","1.79","83.1"
"5","GO:0030154","cell differentiation","TAS","1","1.79","83.1"
"6","GO:0030216","keratinocyte differentiation","TAS","1","1.79","83.1"
"7","GO:0009913","epidermal cell differentiation","TAS","1","1.79","83.1"
"8","GO:0048513","organ development","TAS","1","1.79","83.1"
"9","GO:0060429","epithelium development","TAS","1","1.79","83.1"
"10","GO:0009987","cellular process","TAS","1","1.79","83.1"
"11","GO:0009888","tissue development","TAS","1","1.79","83.1"
"12","GO:0070268","cornification","TAS","1","1.79","83.1"
"13","GO:0012501","programmed cell death","TAS","1","1.79","83.1"
"14","GO:0032501","multicellular organismal process","TAS","1","1.79","83.1"
"15","GO:0048869","cellular developmental process","TAS","1","1.79","83.1"
"16","GO:0030855","epithelial cell differentiation","TAS","1","1.79","83.1"
"17","GO:0048731","system development","TAS","1","1.79","83.1"
"18","GO:0008219","cell death","TAS","1","1.79","83.1"
"19","GO:0008544","epidermis development","TAS","1","1.79","83.1"
"20","GO:0007275","multicellular organismal development","TAS","1","1.79","83.1"
"21","GO:0043588","skin development","TAS","1","1.79","83.1"
"22","GO:0048856","anatomical structure development","TAS","1","1.79","83.1"
"23","GO:0044464","cell part","IEA, TAS","3","5.36","89.1"
"24","GO:0005623","cell","IEA, TAS","3","5.36","89.1"
"25","GO:0005622","intracellular","IEA, TAS","3","5.36","89.1"
"26","GO:0044424","intracellular part","IEA, TAS","3","5.36","89.1"
"27","GO:0099512","GO:0099512","IEA","3","5.36","89.1"
"28","GO:0099513","GO:0099513","IEA","3","5.36","89.1"
"29","GO:0045095","keratin filament","IEA","3","5.36","89.1"
"30","GO:0043229","intracellular organelle","IEA","3","5.36","89.1"
"31","GO:0043228","non-membrane-bounded organelle","IEA","3","5.36","89.1"
"32","GO:0043226","organelle","IEA","3","5.36","89.1"
"33","GO:0099080","GO:0099080","IEA","3","5.36","89.1"
"34","GO:0045111","intermediate filament cytoskeleton","IEA","3","5.36","89.1"
"35","GO:0044430","cytoskeletal part","IEA","3","5.36","89.1"
"36","GO:0005856","cytoskeleton","IEA","3","5.36","89.1"
"37","GO:0005882","intermediate filament","IEA","3","5.36","89.1"
"38","GO:0043232","intracellular non-membrane-bounded organelle","IEA","3","5.36","89.1"
"39","GO:0044446","intracellular organelle part","IEA","3","5.36","89.1"
"40","GO:0099081","GO:0099081","IEA","3","5.36","89.1"
"41","GO:0044422","organelle part","IEA","3","5.36","89.1"
"42","GO:0005737","cytoplasm","TAS","1","1.79","83.1"
"43","GO:0005829","cytosol","TAS","1","1.79","83.1"
"44","GO:0044444","cytoplasmic part","TAS","1","1.79","83.1"
