"","V1","V2","V3","V4","V5","V6"
"1","ID","GO term","Evidence","SeqCount","Frequency","relative_fontsize"
"2","GO:0005488","binding","TAS, ISS, IPI, IMP, NAS, IEA, ISO, IC, ISA, IDA","8338","31.9","93.8"
"3","GO:0043167","ion binding","IEA, ISS, ISA, NAS, IDA","7921","30.3","93.5"
"4","GO:0097159","organic cyclic compound binding","TAS, ISS, IMP, IEA, IC, ISA, IDA","7815","29.9","93.4"
"5","GO:1901363","heterocyclic compound binding","TAS, ISS, IMP, IEA, IC, ISA, IDA","7810","29.9","93.4"
"6","GO:0043168","anion binding","IEA, ISA, IDA","7600","29.1","93.3"
"7","GO:0036094","small molecule binding","TAS, ISS, IMP, IEA, ISA, IDA","7547","28.9","93.3"
"8","GO:0000166","nucleotide binding","TAS, ISS, IMP, IEA, ISA, IDA","7542","28.9","93.3"
"9","GO:1901265","nucleoside phosphate binding","TAS, ISS, IMP, IEA, ISA, IDA","7542","28.9","93.3"
"10","GO:0032549","ribonucleoside binding","IEA, ISA, IDA","7516","28.8","93.2"
"11","GO:0017076","purine nucleotide binding","IEA, ISA, IDA","7516","28.8","93.2"
"12","GO:0032555","purine ribonucleotide binding","IEA, ISA, IDA","7516","28.8","93.2"
"13","GO:0032553","ribonucleotide binding","IEA, ISA, IDA","7516","28.8","93.2"
"14","GO:0032550","purine ribonucleoside binding","IEA, ISA, IDA","7516","28.8","93.2"
"15","GO:0001883","purine nucleoside binding","IEA, ISA, IDA","7516","28.8","93.2"
"16","GO:0001882","nucleoside binding","IEA, ISA, IDA","7516","28.8","93.2"
"17","GO:0032559","adenyl ribonucleotide binding","IEA, IDA","7431","28.4","93.2"
"18","GO:0030554","adenyl nucleotide binding","IEA, IDA","7431","28.4","93.2"
"19","GO:0043531","ADP binding","IEA","4657","17.8","90.6"
"20","GO:0003824","catalytic activity","TAS, ISS, IBA, NAS, IGI, IEA, ISA, IMP, IDA","3821","14.6","89.6"
"21","GO:0035639","purine ribonucleoside triphosphate binding","IEA, ISA, IDA","3331","12.8","88.8"
"22","GO:0005524","ATP binding","IEA, IDA","3246","12.4","88.7"
"23","GO:0016740","transferase activity","TAS, ISS, IMP, IEA, ISA, IDA","2871","11","88"
"24","GO:0016772","transferase activity, transferring phosphorus-containing groups","TAS, ISS, IMP, IEA, ISA, IDA","2855","10.9","88"
"25","GO:0004672","protein kinase activity","TAS, ISS, IMP, IEA, ISA, IDA","2786","10.7","87.8"
"26","GO:0016301","kinase activity","TAS, ISS, IMP, IEA, ISA, IDA","2825","10.8","87.9"
"27","GO:0016773","phosphotransferase activity, alcohol group as acceptor","TAS, ISS, IMP, IEA, ISA, IDA","2786","10.7","87.8"
"28","GO:0004674","protein serine/threonine kinase activity","IEA, IMP, ISA, ISS, IDA","2122","8.12","86.4"
"29","GO:0050896","response to stimulus","TAS, ISS, IEP, IPI, IMP, NAS, IEA, ISO, IC, ISA, IGI, IDA","5840","22.4","91.9"
"30","GO:0009987","cellular process","TAS, ISS, IEP, IPI, NAS, ISO, IGI, IBA, IEA, IC, ISA, IMP, IDA","5541","21.2","91.6"
"31","GO:0006950","response to stress","TAS, ISS, IEP, IMP, NAS, IEA, IC, IGI, IDA","4547","17.4","90.5"
"32","GO:0006952","defense response","TAS, ISS, IEP, IMP, NAS, IEA, IC, IGI, IDA","4379","16.8","90.3"
"33","GO:0008152","metabolic process","TAS, ISS, IBA, NAS, ISO, IGI, IEA, IC, ISA, IMP, IDA","4021","15.4","89.8"
"34","GO:0044237","cellular metabolic process","TAS, ISS, IBA, NAS, ISO, IGI, IEA, IC, ISA, IMP, IDA","3301","12.6","88.8"
"35","GO:0071704","organic substance metabolic process","TAS, ISS, NAS, ISO, IGI, IEA, IC, ISA, IMP, IDA","3212","12.3","88.6"
"36","GO:0044238","primary metabolic process","TAS, ISS, NAS, ISO, IGI, IEA, IC, ISA, IMP, IDA","3210","12.3","88.6"
"37","GO:0044699","single-organism process","TAS, ISS, IEP, IPI, NAS, ISO, IGI, IEA, IC, ISA, IMP, IDA","2880","11","88"
"38","GO:0043170","macromolecule metabolic process","TAS, ISS, NAS, ISO, IGI, IEA, IC, ISA, IMP, IDA","3101","11.9","88.4"
"39","GO:0006796","phosphate-containing compound metabolic process","NAS, ISS, IBA, TAS, IMP, IEA, ISA, IDA","3116","11.9","88.5"
"40","GO:0006793","phosphorus metabolic process","NAS, ISS, IBA, TAS, IMP, IEA, ISA, IDA","3116","11.9","88.5"
"41","GO:0044260","cellular macromolecule metabolic process","TAS, ISS, NAS, ISO, IGI, IEA, IC, ISA, IMP, IDA","3066","11.7","88.4"
"42","GO:0019538","protein metabolic process","TAS, ISS, NAS, IEA, ISA, IMP, IDA","2989","11.4","88.2"
"43","GO:0044267","cellular protein metabolic process","IMP, ISS, TAS, NAS, IEA, ISA, IDA","2962","11.3","88.2"
"44","GO:0043412","macromolecule modification","IMP, ISS, TAS, NAS, IEA, ISA, IDA","2958","11.3","88.2"
"45","GO:0006464","cellular protein modification process","IMP, ISS, TAS, NAS, IEA, ISA, IDA","2957","11.3","88.2"
"46","GO:0036211","protein modification process","IMP, ISS, TAS, NAS, IEA, ISA, IDA","2957","11.3","88.2"
"47","GO:0016310","phosphorylation","TAS, ISS, IMP, IEA, ISA, IDA","2908","11.1","88.1"
"48","GO:0044763","single-organism cellular process","TAS, ISS, IEP, IPI, NAS, ISO, IGI, IEA, IC, ISA, IMP, IDA","2663","10.2","87.6"
"49","GO:0065007","biological regulation","TAS, ISS, IEP, IPI, IMP, NAS, IEA, ISO, IC, ISA, IGI, IDA","2640","10.1","87.6"
"50","GO:0006468","protein phosphorylation","TAS, ISS, IMP, IEA, ISA, IDA","2869","11","88"
"51","GO:0050789","regulation of biological process","TAS, ISS, IEP, IPI, IMP, NAS, IEA, ISO, IC, ISA, IGI, IDA","2628","10.1","87.5"
"52","GO:0050794","regulation of cellular process","TAS, ISS, IEP, IPI, IMP, NAS, IEA, ISO, IC, ISA, IGI, IDA","2568","9.83","87.4"
"53","GO:0051716","cellular response to stimulus","TAS, ISS, IEP, IPI, IMP, NAS, IEA, ISO, IC, ISA, IGI, IDA","2065","7.9","86.2"
"54","GO:0007154","cell communication","TAS, ISS, IPI, IMP, NAS, IEA, ISO, IC, ISA, IGI, IDA","2078","7.95","86.3"
"55","GO:0044700","single organism signaling","TAS, ISS, IPI, IMP, NAS, IEA, ISO, IC, ISA, IGI, IDA","2074","7.94","86.2"
"56","GO:0023052","signaling","TAS, ISS, IPI, IMP, NAS, IEA, ISO, IC, ISA, IGI, IDA","2074","7.94","86.2"
"57","GO:0007165","signal transduction","TAS, ISS, IPI, IMP, NAS, IEA, ISO, IC, ISA, IGI, IDA","2010","7.69","86.1"
"58","GO:0016020","membrane","CURATED, TAS, ISS, IPI, NAS, ISO, BY SIMILARITY, ISM, IEA, IC, IDA","3566","13.7","89.2"
"59","GO:0044425","membrane part","CURATED, TAS, ISS, IPI, NAS, ISO, ISM, IEA, IC, IDA","3286","12.6","88.7"
"60","GO:0031224","intrinsic to membrane","TAS, ISS, NAS, ISM, IEA, IC, IDA","3227","12.4","88.6"
"61","GO:0016021","integral to membrane","TAS, ISS, NAS, ISM, IEA, IC, IDA","3176","12.2","88.6"
"62","GO:0005623","cell","IPI, CURATED, PROBABLE, ISS, TAS, ND, NAS, POTENTIAL, ISO, BY SIMILARITY, ISM, IEA, IC, IDA","1689","6.47","85.1"
"63","GO:0044464","cell part","IPI, CURATED, PROBABLE, ISS, TAS, ND, NAS, POTENTIAL, ISO, BY SIMILARITY, ISM, IEA, IC, IDA","1689","6.47","85.1"
