"","V1","V2","V3","V4","V5","V6"
"1","ID","GO term","Evidence","SeqCount","Frequency","relative_fontsize"
"2","GO:0016787","hydrolase activity","IEA, ISO, IDA","7","3.4","86.6"
"3","GO:0016788","hydrolase activity, acting on ester bonds","IEA, ISO, IDA","7","3.4","86.6"
"4","GO:0003824","catalytic activity","IEA, ISO, IDA","7","3.4","86.6"
"5","GO:0052689","carboxylic ester hydrolase activity","IEA","7","3.4","86.6"
"6","GO:0043168","anion binding","ISO, IDA","3","1.46","82"
"7","GO:0097367","carbohydrate derivative binding","ISO, IDA","3","1.46","82"
"8","GO:1901681","sulfur compound binding","ISO, IDA","3","1.46","82"
"9","GO:0008201","heparin binding","ISO, IDA","3","1.46","82"
"10","GO:0005488","binding","ISO, IDA","3","1.46","82"
"11","GO:0004620","phospholipase activity","ISO, IDA","3","1.46","82"
"12","GO:0043167","ion binding","ISO, IDA","3","1.46","82"
"13","GO:0016298","lipase activity","ISO, IDA","3","1.46","82"
"14","GO:0005539","glycosaminoglycan binding","ISO, IDA","3","1.46","82"
"15","GO:0071704","organic substance metabolic process","IEA, IDA, ISO, TAS","7","3.4","86.6"
"16","GO:0006629","lipid metabolic process","IEA, IDA, ISO, TAS","7","3.4","86.6"
"17","GO:0008152","metabolic process","IEA, IDA, ISO, TAS","7","3.4","86.6"
"18","GO:0044238","primary metabolic process","IEA, IDA, ISO, TAS","7","3.4","86.6"
"19","GO:1901575","organic substance catabolic process","IEA, ISO, IDA","7","3.4","86.6"
"20","GO:0016042","lipid catabolic process","IEA, ISO, IDA","7","3.4","86.6"
"21","GO:0009056","catabolic process","IEA, ISO, IDA","7","3.4","86.6"
"22","GO:0006654","phosphatidic acid biosynthetic process","TAS","2","0.971","79.8"
"23","GO:0006650","glycerophospholipid metabolic process","TAS","2","0.971","79.8"
"24","GO:0044249","cellular biosynthetic process","TAS","2","0.971","79.8"
"25","GO:0046486","glycerolipid metabolic process","TAS","2","0.971","79.8"
"26","GO:0045017","glycerolipid biosynthetic process","TAS","2","0.971","79.8"
"27","GO:0090407","organophosphate biosynthetic process","TAS","2","0.971","79.8"
"28","GO:0006644","phospholipid metabolic process","TAS","2","0.971","79.8"
"29","GO:1901576","organic substance biosynthetic process","TAS","2","0.971","79.8"
"30","GO:0009987","cellular process","TAS","2","0.971","79.8"
"31","GO:0009058","biosynthetic process","TAS","2","0.971","79.8"
"32","GO:0044255","cellular lipid metabolic process","TAS","2","0.971","79.8"
"33","GO:0008610","lipid biosynthetic process","TAS","2","0.971","79.8"
"34","GO:0008654","phospholipid biosynthetic process","TAS","2","0.971","79.8"
"35","GO:0044237","cellular metabolic process","TAS","2","0.971","79.8"
"36","GO:0006796","phosphate-containing compound metabolic process","TAS","2","0.971","79.8"
"37","GO:0006793","phosphorus metabolic process","TAS","2","0.971","79.8"
"38","GO:0019637","organophosphate metabolic process","TAS","2","0.971","79.8"
"39","GO:0046474","glycerophospholipid biosynthetic process","TAS","2","0.971","79.8"
"40","GO:0046473","phosphatidic acid metabolic process","TAS","2","0.971","79.8"
"41","GO:0005576","extracellular region","IEA, ISO, CURATED, IDA","7","3.4","86.6"
"42","GO:0016020","membrane","IEA, ISO, CURATED, IDA","7","3.4","86.6"
"43","GO:0005615","extracellular space","ISO, IDA","3","1.46","82"
"44","GO:0071944","cell periphery","ISO, IDA","3","1.46","82"
"45","GO:0044464","cell part","ISO, IDA","3","1.46","82"
"46","GO:0005623","cell","ISO, IDA","3","1.46","82"
"47","GO:0005886","plasma membrane","ISO, IDA","3","1.46","82"
"48","GO:0044421","extracellular region part","ISO, IDA","3","1.46","82"
