"","V1","V2","V3","V4","V5","V6"
"1","ID","GO term","Evidence","SeqCount","Frequency","relative_fontsize"
"2","GO:0004930","G-protein coupled receptor activity","IBA","3","2.7","85.4"
"3","GO:0038023","signaling receptor activity","IBA","3","2.7","85.4"
"4","GO:0070915","lysophosphatidic acid receptor activity","IBA","3","2.7","85.4"
"5","GO:0045125","bioactive lipid receptor activity","IBA","3","2.7","85.4"
"6","GO:0060089","molecular transducer activity","IBA","3","2.7","85.4"
"7","GO:0004888","transmembrane signaling receptor activity","IBA","3","2.7","85.4"
"8","GO:0023052","signaling","IBA, TAS","3","2.7","85.4"
"9","GO:0007165","signal transduction","IBA, TAS","3","2.7","85.4"
"10","GO:0050789","regulation of biological process","IBA, TAS","3","2.7","85.4"
"11","GO:0051716","cellular response to stimulus","IBA, TAS","3","2.7","85.4"
"12","GO:0065007","biological regulation","IBA, TAS","3","2.7","85.4"
"13","GO:0007186","G-protein coupled receptor signaling pathway","IBA, TAS","3","2.7","85.4"
"14","GO:0009987","cellular process","IBA, TAS","3","2.7","85.4"
"15","GO:0050794","regulation of cellular process","IBA, TAS","3","2.7","85.4"
"16","GO:0007154","cell communication","IBA, TAS","3","2.7","85.4"
"17","GO:0050896","response to stimulus","IBA, TAS","3","2.7","85.4"
"18","GO:0051057","positive regulation of small GTPase mediated signal transduction","IBA","3","2.7","85.4"
"19","GO:0050801","ion homeostasis","IBA","3","2.7","85.4"
"20","GO:0023051","regulation of signaling","IBA","3","2.7","85.4"
"21","GO:0046578","regulation of Ras protein signal transduction","IBA","3","2.7","85.4"
"22","GO:0046579","positive regulation of Ras protein signal transduction","IBA","3","2.7","85.4"
"23","GO:0023056","positive regulation of signaling","IBA","3","2.7","85.4"
"24","GO:0035025","positive regulation of Rho protein signal transduction","IBA","3","2.7","85.4"
"25","GO:0035023","regulation of Rho protein signal transduction","IBA","3","2.7","85.4"
"26","GO:0098771","GO:0098771","IBA","3","2.7","85.4"
"27","GO:0010647","positive regulation of cell communication","IBA","3","2.7","85.4"
"28","GO:0010646","regulation of cell communication","IBA","3","2.7","85.4"
"29","GO:0072507","divalent inorganic cation homeostasis","IBA","3","2.7","85.4"
"30","GO:0072503","cellular divalent inorganic cation homeostasis","IBA","3","2.7","85.4"
"31","GO:0009966","regulation of signal transduction","IBA","3","2.7","85.4"
"32","GO:0009967","positive regulation of signal transduction","IBA","3","2.7","85.4"
"33","GO:0055074","calcium ion homeostasis","IBA","3","2.7","85.4"
"34","GO:0048583","regulation of response to stimulus","IBA","3","2.7","85.4"
"35","GO:0048518","positive regulation of biological process","IBA","3","2.7","85.4"
"36","GO:0065008","regulation of biological quality","IBA","3","2.7","85.4"
"37","GO:1902533","GO:1902533","IBA","3","2.7","85.4"
"38","GO:0019725","cellular homeostasis","IBA","3","2.7","85.4"
"39","GO:0051056","regulation of small GTPase mediated signal transduction","IBA","3","2.7","85.4"
"40","GO:0048584","positive regulation of response to stimulus","IBA","3","2.7","85.4"
"41","GO:0006875","cellular metal ion homeostasis","IBA","3","2.7","85.4"
"42","GO:0006874","cellular calcium ion homeostasis","IBA","3","2.7","85.4"
"43","GO:0006873","cellular ion homeostasis","IBA","3","2.7","85.4"
"44","GO:0030003","cellular cation homeostasis","IBA","3","2.7","85.4"
"45","GO:0055065","metal ion homeostasis","IBA","3","2.7","85.4"
"46","GO:0055080","cation homeostasis","IBA","3","2.7","85.4"
"47","GO:0055082","cellular chemical homeostasis","IBA","3","2.7","85.4"
"48","GO:1902531","GO:1902531","IBA","3","2.7","85.4"
"49","GO:0042592","homeostatic process","IBA","3","2.7","85.4"
"50","GO:0051480","cytosolic calcium ion homeostasis","IBA","3","2.7","85.4"
"51","GO:0007200","phospholipase C-activating G-protein coupled receptor signaling pathway","IBA","3","2.7","85.4"
"52","GO:0007204","elevation of cytosolic calcium ion concentration","IBA","3","2.7","85.4"
"53","GO:0048878","chemical homeostasis","IBA","3","2.7","85.4"
"54","GO:0051482","elevation of cytosolic calcium ion concentration involved in phospholipase C-activating G-protein coupled signaling pathway","IBA","3","2.7","85.4"
"55","GO:0048522","positive regulation of cellular process","IBA","3","2.7","85.4"
"56","GO:0044464","cell part","IEA, IBA, ISO, CURATED, IDA","3","2.7","85.4"
"57","GO:0005623","cell","IEA, IBA, ISO, CURATED, IDA","3","2.7","85.4"
"58","GO:0016020","membrane","IBA, ISO, CURATED, IDA","3","2.7","85.4"
"59","GO:0071944","cell periphery","IBA, ISO, CURATED, IDA","3","2.7","85.4"
"60","GO:0005886","plasma membrane","IBA, ISO, CURATED, IDA","3","2.7","85.4"
"61","GO:0043231","intracellular membrane-bounded organelle","IEA, ISO, IDA","3","2.7","85.4"
"62","GO:0044459","plasma membrane part","IBA","3","2.7","85.4"
"63","GO:0043227","membrane-bounded organelle","IEA, ISO, IDA","3","2.7","85.4"
"64","GO:0016021","integral to membrane","IBA","3","2.7","85.4"
"65","GO:0005622","intracellular","IEA, ISO, IDA","3","2.7","85.4"
"66","GO:0043229","intracellular organelle","IEA, ISO, IDA","3","2.7","85.4"
"67","GO:0005887","integral to plasma membrane","IBA","3","2.7","85.4"
"68","GO:0044424","intracellular part","IEA, ISO, IDA","3","2.7","85.4"
"69","GO:0044425","membrane part","IBA","3","2.7","85.4"
"70","GO:0031226","intrinsic to plasma membrane","IBA","3","2.7","85.4"
"71","GO:0043226","organelle","IEA, ISO, IDA","3","2.7","85.4"
"72","GO:0031224","intrinsic to membrane","IBA","3","2.7","85.4"
