"","V1","V2","V3","V4","V5","V6"
"1","ID","GO term","Evidence","SeqCount","Frequency","relative_fontsize"
"2","GO:0003824","catalytic activity","TAS, ISS, IMP, ISO, IEA, IGI, IDA","38","2.78","85.6"
"3","GO:0016853","isomerase activity","TAS, ISS, IMP, ISO, IEA, IGI, IDA","38","2.78","85.6"
"4","GO:0016866","intramolecular transferase activity","TAS, ISS, IMP, ISO, IEA, IGI, IDA","38","2.78","85.6"
"5","GO:0031559","oxidosqualene cyclase activity","TAS, ISS, IMP, ISO, IEA, IGI, IDA","30","2.2","84.3"
"6","GO:0000250","lanosterol synthase activity","ISS, IMP, ISO, IEA, IGI, IDA","9","0.659","77.7"
"7","GO:0042299","lupeol synthase activity","ISS, TAS, IDA","8","0.586","77.1"
"8","GO:0016871","cycloartenol synthase activity","IEA, IDA","5","0.366","74.5"
"9","GO:0042300","beta-amyrin synthase activity","IDA","5","0.366","74.5"
"10","GO:0016829","lyase activity","IEA","2","0.147","69.6"
"11","GO:0016836","hydro-lyase activity","IEA","1","0.0733","65.8"
"12","GO:0080011","baruol synthase activity","IDA","1","0.0733","65.8"
"13","GO:0016835","carbon-oxygen lyase activity","IEA","1","0.0733","65.8"
"14","GO:0090438","camelliol C synthase activity","IDA","1","0.0733","65.8"
"15","GO:0034075","arabidiol synthase activity","IDA","1","0.0733","65.8"
"16","GO:0034074","marneral synthase activity","IDA","1","0.0733","65.8"
"17","GO:0102245","GO:0102245","IEA","1","0.0733","65.8"
"18","GO:0051746","thalianol synthase activity","IDA","1","0.0733","65.8"
"19","GO:0006629","lipid metabolic process","ISS, IMP, ISO, IEA, IGI, IDA","24","1.76","83.1"
"20","GO:0008152","metabolic process","ISS, IMP, ISO, IEA, IGC, IGI, IDA","24","1.76","83.1"
"21","GO:0071704","organic substance metabolic process","ISS, IMP, ISO, IEA, IGI, IDA","24","1.76","83.1"
"22","GO:0044238","primary metabolic process","ISS, IMP, ISO, IEA, IGI, IDA","24","1.76","83.1"
"23","GO:1901576","organic substance biosynthetic process","ISS, IMP, ISO, IEA, IGI, IDA","24","1.76","83.1"
"24","GO:0009058","biosynthetic process","ISS, IMP, ISO, IEA, IGI, IDA","24","1.76","83.1"
"25","GO:0008610","lipid biosynthetic process","ISS, IMP, ISO, IEA, IGI, IDA","24","1.76","83.1"
"26","GO:1901360","organic cyclic compound metabolic process","ISS, IMP, ISO, IEA, IGI, IDA","22","1.61","82.6"
"27","GO:1901362","organic cyclic compound biosynthetic process","ISS, IMP, ISO, IEA, IGI, IDA","22","1.61","82.6"
"28","GO:0009987","cellular process","IMP, ISO, IGI, IDA","17","1.25","81.2"
"29","GO:0044255","cellular lipid metabolic process","IMP, ISO, IGI, IDA","17","1.25","81.2"
"30","GO:0044237","cellular metabolic process","IMP, ISO, IGI, IDA","17","1.25","81.2"
"31","GO:0044249","cellular biosynthetic process","IMP, ISO, IGI, IDA","17","1.25","81.2"
"32","GO:0006721","terpenoid metabolic process","IMP, IDA","14","1.03","80.1"
"33","GO:0006720","isoprenoid metabolic process","IMP, IDA","14","1.03","80.1"
"34","GO:0006722","triterpenoid metabolic process","IMP, IDA","14","1.03","80.1"
"35","GO:0016114","terpenoid biosynthetic process","IMP, IDA","14","1.03","80.1"
"36","GO:0016104","triterpenoid biosynthetic process","IMP, IDA","14","1.03","80.1"
"37","GO:0008202","steroid metabolic process","ISS, IMP, ISO, IEA, IGI, IDA","11","0.806","78.8"
"38","GO:0008299","isoprenoid biosynthetic process","IMP, IDA","14","1.03","80.1"
"39","GO:0006694","steroid biosynthetic process","ISS, IMP, ISO, IEA, IGI, IDA","11","0.806","78.8"
"40","GO:1901615","organic hydroxy compound metabolic process","IMP, ISO, IGI, IDA","7","0.513","76.4"
"41","GO:0016125","sterol metabolic process","IMP, ISO, IGI, IDA","6","0.44","75.5"
"42","GO:0044281","small molecule metabolic process","IMP, ISO, IGI, IDA","7","0.513","76.4"
"43","GO:0044283","small molecule biosynthetic process","IMP, ISO, IGI, IDA","7","0.513","76.4"
"44","GO:1902653","GO:1902653","IMP, ISO, IGI, IDA","7","0.513","76.4"
"45","GO:1902652","GO:1902652","IMP, ISO, IGI, IDA","7","0.513","76.4"
"46","GO:1901617","organic hydroxy compound biosynthetic process","IMP, ISO, IGI, IDA","7","0.513","76.4"
"47","GO:0046165","alcohol biosynthetic process","IMP, ISO, IGI, IDA","7","0.513","76.4"
"48","GO:0019742","pentacyclic triterpenoid metabolic process","IDA","7","0.513","76.4"
"49","GO:0019745","pentacyclic triterpenoid biosynthetic process","IDA","7","0.513","76.4"
"50","GO:0006066","alcohol metabolic process","IMP, ISO, IGI, IDA","7","0.513","76.4"
"51","GO:0016126","sterol biosynthetic process","IMP, ISO, IGI, IDA","6","0.44","75.5"
"52","GO:0044419","interspecies interaction between organisms","IEA","3","0.22","71.8"
"53","GO:0010683","tricyclic triterpenoid metabolic process","IMP, IDA","2","0.147","69.6"
"54","GO:0008203","cholesterol metabolic process","IMP, ISO, IDA","3","0.22","71.8"
"55","GO:0010685","tetracyclic triterpenoid metabolic process","IMP, IDA","3","0.22","71.8"
"56","GO:0010686","tetracyclic triterpenoid biosynthetic process","IMP, IDA","3","0.22","71.8"
"57","GO:0051704","multi-organism process","IEA","3","0.22","71.8"
"58","GO:0065007","biological regulation","IMP, ISO, TAS","2","0.147","69.6"
"59","GO:0097384","cellular lipid biosynthetic process","IMP, ISO, IGI","3","0.22","71.8"
"60","GO:0006696","ergosterol biosynthetic process","IMP, ISO, IGI","3","0.22","71.8"
"61","GO:0032502","developmental process","IMP, IDA","3","0.22","71.8"
"62","GO:0032501","multicellular organismal process","IMP, IDA","3","0.22","71.8"
"63","GO:0016128","phytosteroid metabolic process","IMP, ISO, IGI","3","0.22","71.8"
"64","GO:0016129","phytosteroid biosynthetic process","IMP, ISO, IGI","3","0.22","71.8"
"65","GO:0044107","cellular alcohol metabolic process","IMP, ISO, IGI","3","0.22","71.8"
"66","GO:0009405","pathogenesis","IEA","3","0.22","71.8"
"67","GO:0008204","ergosterol metabolic process","IMP, ISO, IGI","3","0.22","71.8"
"68","GO:0044108","cellular alcohol biosynthetic process","IMP, ISO, IGI","3","0.22","71.8"
"69","GO:0007275","multicellular organismal development","IMP, IDA","3","0.22","71.8"
"70","GO:0006695","cholesterol biosynthetic process","IMP, ISO, IDA","3","0.22","71.8"
"71","GO:0048856","anatomical structure development","IMP, IDA","3","0.22","71.8"
"72","GO:0065008","regulation of biological quality","IMP, ISO","2","0.147","69.6"
"73","GO:0010263","tricyclic triterpenoid biosynthetic process","IDA","2","0.147","69.6"
"74","GO:0031647","regulation of protein stability","IMP, ISO","2","0.147","69.6"
"75","GO:0019748","secondary metabolic process","IMP, IGC","1","0.0733","65.8"
"76","GO:0022622","root system development","IMP","1","0.0733","65.8"
"77","GO:0080090","regulation of primary metabolic process","TAS","1","0.0733","65.8"
"78","GO:0019222","regulation of metabolic process","TAS","1","0.0733","65.8"
"79","GO:0061024","membrane organization","IMP","1","0.0733","65.8"
"80","GO:0042335","cuticle development","IDA","1","0.0733","65.8"
"81","GO:0044550","secondary metabolite biosynthetic process","IMP","1","0.0733","65.8"
"82","GO:1900579","(17Z)-protosta-17(20),24-dien-3beta-ol metabolic process","IMP","1","0.0733","65.8"
"83","GO:0090181","regulation of cholesterol metabolic process","TAS","1","0.0733","65.8"
"84","GO:0010027","thylakoid membrane organization","IMP","1","0.0733","65.8"
"85","GO:0050789","regulation of biological process","TAS","1","0.0733","65.8"
"86","GO:0016043","cellular component organization","IMP","1","0.0733","65.8"
"87","GO:0071840","cellular component organization or biogenesis","IMP","1","0.0733","65.8"
"88","GO:1902930","GO:1902930","TAS","1","0.0733","65.8"
"89","GO:0009657","plastid organization","IMP","1","0.0733","65.8"
"90","GO:0009889","regulation of biosynthetic process","TAS","1","0.0733","65.8"
"91","GO:0099402","GO:0099402","IMP","1","0.0733","65.8"
"92","GO:0050810","regulation of steroid biosynthetic process","TAS","1","0.0733","65.8"
"93","GO:0009668","plastid membrane organization","IMP","1","0.0733","65.8"
"94","GO:0048364","root development","IMP","1","0.0733","65.8"
"95","GO:1900581","(17Z)-protosta-17(20),24-dien-3beta-ol biosynthetic process","IMP","1","0.0733","65.8"
"96","GO:0080003","thalianol metabolic process","IMP","1","0.0733","65.8"
"97","GO:0048229","gametophyte development","IMP","1","0.0733","65.8"
"98","GO:0106118","GO:0106118","TAS","1","0.0733","65.8"
"99","GO:0009555","pollen development","IMP","1","0.0733","65.8"
"100","GO:0045540","regulation of cholesterol biosynthetic process","TAS","1","0.0733","65.8"
"101","GO:0048731","system development","IMP","1","0.0733","65.8"
"102","GO:0046890","regulation of lipid biosynthetic process","TAS","1","0.0733","65.8"
"103","GO:0062012","GO:0062012","TAS","1","0.0733","65.8"
"104","GO:0019216","regulation of lipid metabolic process","TAS","1","0.0733","65.8"
"105","GO:0019218","regulation of steroid metabolic process","TAS","1","0.0733","65.8"
"106","GO:0006996","organelle organization","IMP","1","0.0733","65.8"
"107","GO:0043229","intracellular organelle","IEA, ISS, IDA, ISO, TAS","8","0.586","77.1"
"108","GO:0043226","organelle","IEA, ISS, IDA, ISO, TAS","8","0.586","77.1"
"109","GO:0044464","cell part","IEA, ISS, IDA, ISO, TAS","8","0.586","77.1"
"110","GO:0005623","cell","IEA, ISS, IDA, ISO, TAS","8","0.586","77.1"
"111","GO:0005622","intracellular","IEA, ISS, IDA, ISO, TAS","8","0.586","77.1"
"112","GO:0044424","intracellular part","IEA, ISS, IDA, ISO, TAS","8","0.586","77.1"
"113","GO:0043227","membrane-bounded organelle","IEA, ISS, IDA, ISO, TAS","8","0.586","77.1"
"114","GO:0043231","intracellular membrane-bounded organelle","IEA, ISS, IDA, ISO, TAS","8","0.586","77.1"
"115","GO:0005783","endoplasmic reticulum","IEA, ISS, IDA, TAS","7","0.513","76.4"
"116","GO:0005737","cytoplasm","IEA, ISS, IDA, TAS","8","0.586","77.1"
"117","GO:0016020","membrane","IEA, TAS","7","0.513","76.4"
"118","GO:0044444","cytoplasmic part","IEA, ISS, IDA, TAS","8","0.586","77.1"
"119","GO:0012505","endomembrane system","IEA, ISS, IDA, TAS","7","0.513","76.4"
"120","GO:0044425","membrane part","IEA, TAS","7","0.513","76.4"
"121","GO:0005789","endoplasmic reticulum membrane","IEA, TAS","5","0.366","74.5"
"122","GO:0042175","nuclear outer membrane-endoplasmic reticulum membrane network","IEA, TAS","5","0.366","74.5"
"123","GO:0031984","organelle subcompartment","IEA, TAS","5","0.366","74.5"
"124","GO:0044432","endoplasmic reticulum part","IEA, TAS","5","0.366","74.5"
"125","GO:0098827","GO:0098827","IEA, TAS","5","0.366","74.5"
"126","GO:0044446","intracellular organelle part","IEA, TAS","5","0.366","74.5"
"127","GO:0044422","organelle part","IEA, TAS","5","0.366","74.5"
"128","GO:0005811","lipid particle","IEA, ISO, IDA","3","0.22","71.8"
"129","GO:0043228","non-membrane-bounded organelle","IEA, ISO, IDA","3","0.22","71.8"
"130","GO:0043232","intracellular non-membrane-bounded organelle","IEA, ISO, IDA","3","0.22","71.8"
"131","GO:0031224","intrinsic to membrane","IEA","2","0.147","69.6"
"132","GO:0016021","integral to membrane","IEA","2","0.147","69.6"
"133","GO:0005773","vacuole","IDA","1","0.0733","65.8"
"134","GO:0030054","cell junction","IDA","1","0.0733","65.8"
"135","GO:0055044","symplast","IDA","1","0.0733","65.8"
"136","GO:0005911","cell-cell junction","IDA","1","0.0733","65.8"
"137","GO:0009506","plasmodesma","IDA","1","0.0733","65.8"
