"","V1","V2","V3","V4","V5","V6"
"1","ID","GO term","Evidence","SeqCount","Frequency","relative_fontsize"
"2","GO:0005488","binding","TAS, ISS, IBA, IPI, IMP, ISO, IEA, IDA","17","3.7","87.1"
"3","GO:0005515","protein binding","TAS, ISS, IBA, IPI, IMP, ISO, IEA, IDA","17","3.7","87.1"
"4","GO:0008092","cytoskeletal protein binding","TAS, ISS, IBA, IPI, IMP, ISO, IEA, IDA","17","3.7","87.1"
"5","GO:0015631","tubulin binding","ISS, IBA, IMP, ISO, IEA, IDA","17","3.7","87.1"
"6","GO:0008017","microtubule binding","ISS, IBA, IMP, ISO, IEA, IDA","17","3.7","87.1"
"7","GO:0019899","enzyme binding","IEA, IPI, ISO, TAS","6","1.31","81.5"
"8","GO:0031072","heat shock protein binding","IEA, IPI, ISO","4","0.871","79.3"
"9","GO:0019901","protein kinase binding","IEA, IPI, ISO","6","1.31","81.5"
"10","GO:0019900","kinase binding","IEA, IPI, ISO","6","1.31","81.5"
"11","GO:0044877","GO:0044877","IEA, IPI, ISO","4","0.871","79.3"
"12","GO:0042802","identical protein binding","IEA, IMP, ISO","3","0.654","77.7"
"13","GO:0019904","protein domain specific binding","IEA, IMP, IPI, ISO","4","0.871","79.3"
"14","GO:0003676","nucleic acid binding","IEA, ISS, TAS, IDA","3","0.654","77.7"
"15","GO:0003677","DNA binding","IEA, ISS, TAS, IDA","3","0.654","77.7"
"16","GO:1901363","heterocyclic compound binding","IEA, ISS, TAS, IDA","3","0.654","77.7"
"17","GO:0051087","chaperone binding","IEA, IPI, ISO","4","0.871","79.3"
"18","GO:0051879","Hsp90 protein binding","IEA, IPI, ISO","4","0.871","79.3"
"19","GO:0097159","organic cyclic compound binding","IEA, ISS, TAS, IDA","3","0.654","77.7"
"20","GO:0017124","SH3 domain binding","IEA, IPI, ISO","3","0.654","77.7"
"21","GO:0098772","GO:0098772","IEA, ISO, IDA","3","0.654","77.7"
"22","GO:0030545","receptor regulator activity","IEA, ISO, IDA","3","0.654","77.7"
"23","GO:0003779","actin binding","IMP, ISO, TAS","3","0.654","77.7"
"24","GO:0042803","protein homodimerization activity","IEA, IMP, ISO","3","0.654","77.7"
"25","GO:0019903","protein phosphatase binding","IPI, ISO, TAS","3","0.654","77.7"
"26","GO:0019902","phosphatase binding","IPI, ISO, TAS","3","0.654","77.7"
"27","GO:0034185","apolipoprotein binding","IEA, IPI, ISO","3","0.654","77.7"
"28","GO:0051721","protein phosphatase 2A binding","IPI, ISO, TAS","3","0.654","77.7"
"29","GO:0071813","lipoprotein particle binding","IEA, IPI, ISO","3","0.654","77.7"
"30","GO:0071814","protein-lipid complex binding","IEA, IPI, ISO","3","0.654","77.7"
"31","GO:0048018","receptor agonist activity","IEA, ISO, IDA","3","0.654","77.7"
"32","GO:0046983","protein dimerization activity","IEA, IMP, ISO","3","0.654","77.7"
"33","GO:0005516","calmodulin binding","IEA","3","0.654","77.7"
"34","GO:0099609","GO:0099609","IEA, IMP, ISO","3","0.654","77.7"
"35","GO:0005102","receptor binding","IEA, ISO, IDA","3","0.654","77.7"
"36","GO:0043565","sequence-specific DNA binding","TAS","1","0.218","71.7"
"37","GO:0005198","structural molecule activity","NAS, TAS","2","0.436","75.5"
"38","GO:0003690","double-stranded DNA binding","TAS","1","0.218","71.7"
"39","GO:0035091","phosphatidylinositol binding","TAS","1","0.218","71.7"
"40","GO:0002162","dystroglycan binding","IPI, ISO","2","0.436","75.5"
"41","GO:0019894","kinesin binding","IPI","1","0.218","71.7"
"42","GO:0003723","RNA binding","TAS","1","0.218","71.7"
"43","GO:0043168","anion binding","TAS","1","0.218","71.7"
"44","GO:1990837","GO:1990837","TAS","1","0.218","71.7"
"45","GO:0043167","ion binding","TAS","1","0.218","71.7"
"46","GO:0003697","single-stranded DNA binding","TAS","1","0.218","71.7"
"47","GO:0034452","dynactin binding","TAS","1","0.218","71.7"
"48","GO:1902936","GO:1902936","TAS","1","0.218","71.7"
"49","GO:0008289","lipid binding","TAS","1","0.218","71.7"
"50","GO:1901981","phosphatidylinositol phosphate binding","TAS","1","0.218","71.7"
"51","GO:0099077","GO:0099077","TAS","1","0.218","71.7"
"52","GO:0060090","binding, bridging","TAS","1","0.218","71.7"
"53","GO:0005543","phospholipid binding","TAS","1","0.218","71.7"
"54","GO:0005519","cytoskeletal regulatory protein binding","TAS","1","0.218","71.7"
"55","GO:0030674","protein binding, bridging","TAS","1","0.218","71.7"
"56","GO:0003680","AT DNA binding","TAS","1","0.218","71.7"
"57","GO:0009987","cellular process","NAS, ISS, IBA, TAS, IMP, ISO, IEP, IEA, IGI, IDA","17","3.7","87.1"
"58","GO:0071840","cellular component organization or biogenesis","NAS, TAS, ISS, IBA, IMP, ISO, IEP, IEA, IGI, IDA","17","3.7","87.1"
"59","GO:0016043","cellular component organization","NAS, TAS, ISS, IBA, IMP, ISO, IEP, IEA, IGI, IDA","17","3.7","87.1"
"60","GO:0065007","biological regulation","TAS, ISS, IMP, ISO, IEA, IC, IGI, IDA","13","2.83","85.7"
"61","GO:0050789","regulation of biological process","TAS, ISS, IMP, ISO, IEA, IC, IGI, IDA","13","2.83","85.7"
"62","GO:0032501","multicellular organismal process","NAS, ISS, IEP, TAS, IMP, ISO, IBA, IEA, IGI, IDA","16","3.49","86.8"
"63","GO:0007275","multicellular organismal development","NAS, ISS, IEP, TAS, IMP, ISO, IBA, IEA, IGI, IDA","16","3.49","86.8"
"64","GO:0048856","anatomical structure development","NAS, ISS, IEP, TAS, IMP, ISO, IBA, IEA, IGI, IDA","16","3.49","86.8"
"65","GO:0050794","regulation of cellular process","TAS, ISS, IMP, ISO, IEA, IC, IGI, IDA","13","2.83","85.7"
"66","GO:0048731","system development","NAS, ISS, IEP, TAS, IMP, ISO, IBA, IEA, IGI, IDA","16","3.49","86.8"
"67","GO:0032502","developmental process","NAS, ISS, IEP, TAS, IMP, ISO, IBA, IEA, IGI, IDA","16","3.49","86.8"
"68","GO:0007399","nervous system development","NAS, ISS, IEP, TAS, IMP, ISO, IBA, IEA, IGI, IDA","16","3.49","86.8"
"69","GO:0022008","neurogenesis","TAS, ISS, IBA, IMP, NAS, IEP, IEA, IGI, IDA","16","3.49","86.8"
"70","GO:0048869","cellular developmental process","TAS, ISS, IBA, IMP, NAS, IEP, IEA, IGI, IDA","16","3.49","86.8"
"71","GO:0030154","cell differentiation","TAS, ISS, IBA, IMP, NAS, IEP, IEA, IGI, IDA","16","3.49","86.8"
"72","GO:0048699","generation of neurons","TAS, ISS, IBA, IMP, NAS, IEP, IEA, IGI, IDA","16","3.49","86.8"
"73","GO:0007017","microtubule-based process","NAS, ISS, IBA, TAS, IMP, ISO, IEA, IGI, IDA","17","3.7","87.1"
"74","GO:0006996","organelle organization","TAS, ISS, IBA, IMP, ISO, IEA, IDA","17","3.7","87.1"
"75","GO:0000226","microtubule cytoskeleton organization","TAS, ISS, IBA, IMP, ISO, IEA, IDA","17","3.7","87.1"
"76","GO:0007010","cytoskeleton organization","TAS, ISS, IBA, IMP, ISO, IEA, IDA","17","3.7","87.1"
"77","GO:0030182","neuron differentiation","TAS, IBA, IMP, NAS, IEP, IEA, IGI","15","3.27","86.4"
"78","GO:0031175","neuron projection development","TAS, IBA, IMP, IEP, IEA, IGI","15","3.27","86.4"
"79","GO:0048468","cell development","TAS, IBA, IMP, IEP, IEA, IGI","15","3.27","86.4"
"80","GO:0048666","neuron development","TAS, IBA, IMP, IEP, IEA, IGI","15","3.27","86.4"
"81","GO:0120036","GO:0120036","TAS, IBA, IMP, IEP, IEA, IGI","15","3.27","86.4"
"82","GO:0051128","regulation of cellular component organization","TAS, ISS, IMP, ISO, IEA, IC, IDA","11","2.4","84.7"
"83","GO:0030030","cell projection organization","TAS, IBA, IMP, IEP, IEA, IGI","15","3.27","86.4"
"84","GO:0033043","regulation of organelle organization","TAS, ISS, IMP, ISO, IEA, IC, IDA","11","2.4","84.7"
"85","GO:0048518","positive regulation of biological process","TAS, ISS, IMP, ISO, IEA, IDA","8","1.74","83"
"86","GO:0048519","negative regulation of biological process","IEA, IMP, ISO, IGI, ISS","10","2.18","84.2"
"87","GO:0070507","regulation of microtubule cytoskeleton organization","TAS, ISS, IMP, ISO, IEA, IDA","9","1.96","83.7"
"88","GO:0032886","regulation of microtubule-based process","TAS, ISS, IMP, ISO, IEA, IDA","9","1.96","83.7"
"89","GO:0051493","regulation of cytoskeleton organization","TAS, ISS, IMP, ISO, IEA, IDA","9","1.96","83.7"
"90","GO:0048523","negative regulation of cellular process","IEA, IMP, ISO, IGI, ISS","10","2.18","84.2"
"91","GO:0048522","positive regulation of cellular process","TAS, ISS, IMP, ISO, IEA, IDA","8","1.74","83"
"92","GO:0031110","regulation of microtubule polymerization or depolymerization","TAS, ISS, IMP, ISO, IEA, IDA","9","1.96","83.7"
"93","GO:0050793","regulation of developmental process","ISS, IMP, ISO, IEA, IC, IDA","9","1.96","83.7"
"94","GO:0022603","regulation of anatomical structure morphogenesis","ISS, IMP, ISO, IEA, IC, IDA","9","1.96","83.7"
"95","GO:0065008","regulation of biological quality","TAS, ISS, IMP, ISO, IEA, IDA","9","1.96","83.7"
"96","GO:0120035","GO:0120035","ISS, IMP, IEA, ISO, IDA","11","2.4","84.7"
"97","GO:0031344","regulation of cell projection organization","ISS, IMP, IEA, ISO, IDA","11","2.4","84.7"
"98","GO:1902903","GO:1902903","TAS, ISS, IMP, ISO, IEA, IDA","9","1.96","83.7"
"99","GO:0044087","regulation of cellular component biogenesis","TAS, ISS, IMP, ISO, IEA, IDA","10","2.18","84.2"
"100","GO:0051129","negative regulation of cellular component organization","IEA, IMP, ISO, ISS","8","1.74","83"
"101","GO:0060284","regulation of cell development","ISS, IMP, IEA, IDA","9","1.96","83.7"
"102","GO:2000026","regulation of multicellular organismal development","ISS, IMP, IEA, IDA","9","1.96","83.7"
"103","GO:0045664","regulation of neuron differentiation","ISS, IMP, IEA, IDA","9","1.96","83.7"
"104","GO:0051239","regulation of multicellular organismal process","ISS, IMP, IEA, IDA","9","1.96","83.7"
"105","GO:0051960","regulation of nervous system development","ISS, IMP, IEA, IDA","9","1.96","83.7"
"106","GO:0050767","regulation of neurogenesis","ISS, IMP, IEA, IDA","9","1.96","83.7"
"107","GO:0010769","regulation of cell morphogenesis involved in differentiation","ISS, IMP, IEA, IDA","9","1.96","83.7"
"108","GO:0019222","regulation of metabolic process","TAS, ISS, IMP, ISO, IEA, IGI, IDA","3","0.654","77.7"
"109","GO:0022604","regulation of cell morphogenesis","ISS, IMP, IEA, IDA","9","1.96","83.7"
"110","GO:0032271","regulation of protein polymerization","ISS, IMP, IEA, IDA, TAS","8","1.74","83"
"111","GO:0050770","regulation of axonogenesis","ISS, IMP, IEA, IDA","9","1.96","83.7"
"112","GO:0031113","regulation of microtubule polymerization","ISS, IMP, IEA, IDA, TAS","8","1.74","83"
"113","GO:0010975","regulation of neuron projection development","ISS, IMP, IEA, IDA","9","1.96","83.7"
"114","GO:0065009","regulation of molecular function","TAS, ISS, IMP, ISO, IEA, IDA","5","1.09","80.5"
"115","GO:0043254","regulation of protein complex assembly","ISS, IMP, IEA, IDA, TAS","8","1.74","83"
"116","GO:0045595","regulation of cell differentiation","ISS, IMP, IEA, IDA","9","1.96","83.7"
"117","GO:0008361","regulation of cell size","ISS, IMP, IEA, IDA","9","1.96","83.7"
"118","GO:0010639","negative regulation of organelle organization","IEA, IMP, ISO, ISS","8","1.74","83"
"119","GO:0000904","cell morphogenesis involved in differentiation","IEA, IMP, IGI, IEP","6","1.31","81.5"
"120","GO:0048812","neuron projection morphogenesis","IEA, IMP, IGI, IEP","6","1.31","81.5"
"121","GO:0048638","regulation of developmental growth","ISS, IMP, IEA, IDA","9","1.96","83.7"
"122","GO:0001558","regulation of cell growth","ISS, IMP, IEA, IDA","9","1.96","83.7"
"123","GO:0048858","cell projection morphogenesis","IEA, IMP, IGI, IEP","6","1.31","81.5"
"124","GO:0009653","anatomical structure morphogenesis","IEA, IMP, IGI, IEP","6","1.31","81.5"
"125","GO:0050896","response to stimulus","TAS, ISS, IEP, ISO, IEA, IDA","6","1.31","81.5"
"126","GO:0120039","GO:0120039","IEA, IMP, IGI, IEP","6","1.31","81.5"
"127","GO:0000902","cell morphogenesis","IEA, IMP, IGI, IEP","6","1.31","81.5"
"128","GO:0032535","regulation of cellular component size","ISS, IMP, IEA, IDA","9","1.96","83.7"
"129","GO:0090066","regulation of anatomical structure size","ISS, IMP, IEA, IDA","9","1.96","83.7"
"130","GO:0032879","regulation of localization","IEA, IMP, ISO, ISS, IDA","6","1.31","81.5"
"131","GO:0032989","cellular component morphogenesis","IEA, IMP, IGI, IEP","6","1.31","81.5"
"132","GO:0061387","regulation of extent of cell growth","ISS, IMP, IEA, IDA","9","1.96","83.7"
"133","GO:0030516","regulation of axon extension","ISS, IMP, IEA, IDA","9","1.96","83.7"
"134","GO:0031323","regulation of cellular metabolic process","TAS, ISS, IMP, ISO, IEA, IGI, IDA","3","0.654","77.7"
"135","GO:0040008","regulation of growth","ISS, IMP, IEA, IDA","9","1.96","83.7"
"136","GO:0048667","cell morphogenesis involved in neuron differentiation","IEA, IMP, IGI, IEP","6","1.31","81.5"
"137","GO:0032990","cell part morphogenesis","IEA, IMP, IGI, IEP","6","1.31","81.5"
"138","GO:0060341","regulation of cellular localization","IEA, IMP, ISO, ISS","6","1.31","81.5"
"139","GO:0050790","regulation of catalytic activity","TAS, ISS, IMP, ISO, IEA, IDA","5","1.09","80.5"
"140","GO:0042221","response to chemical stimulus","TAS, ISS, IEP, ISO, IEA, IDA","6","1.31","81.5"
"141","GO:0097435","fibril organization","IEA, IMP, TAS, ISO, IDA","4","0.871","79.3"
"142","GO:0051179","localization","TAS, IMP, ISO, IEA, IGI, IDA","5","1.09","80.5"
"143","GO:0051641","cellular localization","TAS, IMP, ISO, IEA, IGI, IDA","5","1.09","80.5"
"144","GO:1903827","GO:1903827","IEA, IMP, ISO, ISS","6","1.31","81.5"
"145","GO:0032880","regulation of protein localization","IEA, IMP, ISO, ISS","6","1.31","81.5"
"146","GO:0022607","cellular component assembly","NAS, IMP, TAS, ISO, IDA","3","0.654","77.7"
"147","GO:0051640","organelle localization","IEA, IMP, IDA, ISO, TAS","5","1.09","80.5"
"148","GO:0051130","positive regulation of cellular component organization","ISS, IEA, IDA, IMP","6","1.31","81.5"
"149","GO:0044085","cellular component biogenesis","NAS, IMP, TAS, ISO, IDA","3","0.654","77.7"
"150","GO:0051716","cellular response to stimulus","IEA, TAS, ISO, IDA","5","1.09","80.5"
"151","GO:0051495","positive regulation of cytoskeleton organization","ISS, IEA, IDA","6","1.31","81.5"
"152","GO:0010638","positive regulation of organelle organization","ISS, IEA, IDA","6","1.31","81.5"
"153","GO:0009892","negative regulation of metabolic process","IEA, IMP, ISO, IGI","3","0.654","77.7"
"154","GO:0009893","positive regulation of metabolic process","TAS, ISS, IMP, ISO, IEA, IDA","3","0.654","77.7"
"155","GO:0048639","positive regulation of developmental growth","ISS, IEA, IDA, IMP","6","1.31","81.5"
"156","GO:0051234","establishment of localization","IEA, IMP, IDA, IGI, TAS","5","1.09","80.5"
"157","GO:0045927","positive regulation of growth","ISS, IEA, IDA, IMP","6","1.31","81.5"
"158","GO:0007610","behavior","IEA, IEP, ISO, IGI, IMP","4","0.871","79.3"
"159","GO:0007611","learning or memory","IEA, IEP, ISO, IMP","4","0.871","79.3"
"160","GO:0031346","positive regulation of cell projection organization","ISS, IEA, IDA, IMP","6","1.31","81.5"
"161","GO:0045666","positive regulation of neuron differentiation","ISS, IEA, IDA, IMP","6","1.31","81.5"
"162","GO:0044092","negative regulation of molecular function","IEA, IMP, ISO, ISS, IDA","5","1.09","80.5"
"163","GO:0010033","response to organic substance","IEA, IEP, TAS, ISO, IDA","6","1.31","81.5"
"164","GO:0051962","positive regulation of nervous system development","ISS, IEA, IDA, IMP","6","1.31","81.5"
"165","GO:0051240","positive regulation of multicellular organismal process","ISS, IEA, IDA, IMP","6","1.31","81.5"
"166","GO:0050769","positive regulation of neurogenesis","ISS, IEA, IDA, IMP","6","1.31","81.5"
"167","GO:0043933","macromolecular complex subunit organization","IMP, TAS, ISO, IDA","3","0.654","77.7"
"168","GO:0010720","positive regulation of cell development","ISS, IEA, IDA, IMP","6","1.31","81.5"
"169","GO:0006928","cellular component movement","IEA, IMP, IDA, IGI, TAS","5","1.09","80.5"
"170","GO:0061564","axon development","IEA, IMP, IGI, TAS","5","1.09","80.5"
"171","GO:0032273","positive regulation of protein polymerization","ISS, IEA, IDA","6","1.31","81.5"
"172","GO:0031334","positive regulation of protein complex assembly","ISS, IEA, IDA","6","1.31","81.5"
"173","GO:0050772","positive regulation of axonogenesis","ISS, IEA, IDA, IMP","6","1.31","81.5"
"174","GO:1902905","GO:1902905","ISS, IEA, IDA","6","1.31","81.5"
"175","GO:0010770","positive regulation of cell morphogenesis involved in differentiation","ISS, IEA, IDA, IMP","6","1.31","81.5"
"176","GO:0051649","establishment of localization in cell","IEA, IMP, IDA, IGI, TAS","5","1.09","80.5"
"177","GO:0031112","positive regulation of microtubule polymerization or depolymerization","ISS, IEA, IDA","6","1.31","81.5"
"178","GO:0031116","positive regulation of microtubule polymerization","ISS, IEA, IDA","6","1.31","81.5"
"179","GO:0060255","regulation of macromolecule metabolic process","IEA, IMP, ISO, IGI, TAS","3","0.654","77.7"
"180","GO:0010976","positive regulation of neuron projection development","ISS, IEA, IDA, IMP","6","1.31","81.5"
"181","GO:0065003","macromolecular complex assembly","IMP, TAS, ISO, IDA","3","0.654","77.7"
"182","GO:0030307","positive regulation of cell growth","ISS, IEA, IDA, IMP","6","1.31","81.5"
"183","GO:0007417","central nervous system development","IEA, IEP, TAS","5","1.09","80.5"
"184","GO:0045597","positive regulation of cell differentiation","ISS, IEA, IDA, IMP","6","1.31","81.5"
"185","GO:0051093","negative regulation of developmental process","IEA, IMP, ISO, ISS","6","1.31","81.5"
"186","GO:0051094","positive regulation of developmental process","ISS, IEA, IDA, IMP","6","1.31","81.5"
"187","GO:0045773","positive regulation of axon extension","ISS, IEA, IDA, IMP","6","1.31","81.5"
"188","GO:0031325","positive regulation of cellular metabolic process","TAS, ISS, IMP, ISO, IEA, IDA","3","0.654","77.7"
"189","GO:0010941","regulation of cell death","IEA, IMP, ISO, TAS","5","1.09","80.5"
"190","GO:0007018","microtubule-based movement","IEA, IMP, IDA, IGI, TAS","5","1.09","80.5"
"191","GO:0044089","positive regulation of cellular component biogenesis","ISS, IEA, IDA","6","1.31","81.5"
"192","GO:0019220","regulation of phosphate metabolic process","IEA, IMP, ISO, ISS, IDA","3","0.654","77.7"
"193","GO:0051656","establishment of organelle localization","IEA, IMP, IDA, TAS","5","1.09","80.5"
"194","GO:0042325","regulation of phosphorylation","IEA, IMP, ISO, ISS, IDA","3","0.654","77.7"
"195","GO:0050877","neurological system process","IEA, IEP, ISO, IMP","4","0.871","79.3"
"196","GO:0007409","axonogenesis","IEA, IMP, IGI","4","0.871","79.3"
"197","GO:0031345","negative regulation of cell projection organization","ISS, IMP, ISO","5","1.09","80.5"
"198","GO:1901214","regulation of neuron death","IEA, IMP, ISO","5","1.09","80.5"
"199","GO:0050890","cognition","IEA, IEP, ISO, IMP","4","0.871","79.3"
"200","GO:0051338","regulation of transferase activity","IEA, IMP, ISO, ISS, IDA","3","0.654","77.7"
"201","GO:0070887","cellular response to chemical stimulus","IEA, TAS, ISO, IDA","5","1.09","80.5"
"202","GO:0003008","system process","IEA, IEP, ISO, IMP","4","0.871","79.3"
"203","GO:0043549","regulation of kinase activity","IEA, IMP, ISO, ISS, IDA","3","0.654","77.7"
"204","GO:0051174","regulation of phosphorus metabolic process","IEA, IMP, ISO, ISS, IDA","3","0.654","77.7"
"205","GO:0051646","mitochondrion localization","IEA, IMP, ISO, TAS","3","0.654","77.7"
"206","GO:0010605","negative regulation of macromolecule metabolic process","IEA, IMP, ISO, IGI","3","0.654","77.7"
"207","GO:0050808","synapse organization","IEA, IMP, ISO","3","0.654","77.7"
"208","GO:0023051","regulation of signaling","IEA, IMP, TAS, ISO, IDA","4","0.871","79.3"
"209","GO:0010646","regulation of cell communication","IEA, IMP, TAS, ISO, IDA","4","0.871","79.3"
"210","GO:0043086","negative regulation of catalytic activity","IEA, IMP, ISO, ISS","5","1.09","80.5"
"211","GO:0048583","regulation of response to stimulus","IEA, IMP, ISO, IDA","3","0.654","77.7"
"212","GO:0031324","negative regulation of cellular metabolic process","IEA, IMP, ISO, IGI","3","0.654","77.7"
"213","GO:0051049","regulation of transport","IEA, IMP, ISS","4","0.871","79.3"
"214","GO:0016358","dendrite development","IEA, IEP, IMP, TAS","2","0.436","75.5"
"215","GO:0051494","negative regulation of cytoskeleton organization","ISS, IMP, ISO","3","0.654","77.7"
"216","GO:0019538","protein metabolic process","IEA, IMP, ISO, TAS","3","0.654","77.7"
"217","GO:0030705","cytoskeleton-dependent intracellular transport","IEA, IMP, IGI, TAS","3","0.654","77.7"
"218","GO:1902513","GO:1902513","ISS, IMP","2","0.436","75.5"
"219","GO:0010821","regulation of mitochondrion organization","IEA, IMP, IC, ISO","3","0.654","77.7"
"220","GO:0051270","regulation of cellular component movement","IEA, IMP, ISS, IDA","4","0.871","79.3"
"221","GO:0007613","memory","IEA, IEP, ISO, IMP","4","0.871","79.3"
"222","GO:0007163","establishment or maintenance of cell polarity","IEA, IMP, IDA","4","0.871","79.3"
"223","GO:0099111","GO:0099111","IEA, IMP, IGI, TAS","3","0.654","77.7"
"224","GO:0006807","nitrogen compound metabolic process","IEA, IMP, ISO, TAS","3","0.654","77.7"
"225","GO:0051246","regulation of protein metabolic process","IEA, IGI, TAS","3","0.654","77.7"
"226","GO:0021954","central nervous system neuron development","IEA, IEP, TAS","4","0.871","79.3"
"227","GO:0021953","central nervous system neuron differentiation","IEA, IEP, TAS","4","0.871","79.3"
"228","GO:0034622","cellular macromolecular complex assembly","TAS, ISO, IDA","3","0.654","77.7"
"229","GO:0090140","regulation of mitochondrial fission","IEA, IMP, IC, ISO","3","0.654","77.7"
"230","GO:0044238","primary metabolic process","IEA, IMP, ISO, TAS","3","0.654","77.7"
"231","GO:0032386","regulation of intracellular transport","IEA, IMP, ISS","4","0.871","79.3"
"232","GO:0080090","regulation of primary metabolic process","IEA, IGI, TAS","3","0.654","77.7"
"233","GO:0046907","intracellular transport","IEA, IMP, IGI, TAS","3","0.654","77.7"
"234","GO:1901564","organonitrogen compound metabolic process","IEA, IMP, ISO, TAS","3","0.654","77.7"
"235","GO:0033554","cellular response to stress","TAS, ISO, IDA","3","0.654","77.7"
"236","GO:0048167","regulation of synaptic plasticity","IMP, ISO, TAS","3","0.654","77.7"
"237","GO:0006810","transport","IEA, IMP, IGI, TAS","3","0.654","77.7"
"238","GO:0006950","response to stress","TAS, ISO, IDA","3","0.654","77.7"
"239","GO:0030010","establishment of cell polarity","IEA, IMP, IDA","4","0.871","79.3"
"240","GO:1902904","GO:1902904","ISS, IMP, ISO","3","0.654","77.7"
"241","GO:0071704","organic substance metabolic process","IEA, IMP, ISO, TAS","3","0.654","77.7"
"242","GO:0006915","apoptotic process","ISO, IDA","2","0.436","75.5"
"243","GO:0051171","regulation of nitrogen compound metabolic process","IEA, IGI, TAS","3","0.654","77.7"
"244","GO:0031111","negative regulation of microtubule polymerization or depolymerization","ISS, IMP, ISO","3","0.654","77.7"
"245","GO:0010970","microtubule-based transport","IEA, IMP, IGI, TAS","3","0.654","77.7"
"246","GO:0008152","metabolic process","IEA, IMP, ISO, TAS","3","0.654","77.7"
"247","GO:0032268","regulation of cellular protein metabolic process","IEA, IGI, TAS","3","0.654","77.7"
"248","GO:0043170","macromolecule metabolic process","IEA, IMP, ISO, TAS","3","0.654","77.7"
"249","GO:0060632","regulation of microtubule-based movement","IEA, IMP, ISS, IDA","4","0.871","79.3"
"250","GO:0010942","positive regulation of cell death","IEA, IMP, ISO, TAS","3","0.654","77.7"
"251","GO:0050848","regulation of calcium-mediated signaling","IEA, ISO, IDA","3","0.654","77.7"
"252","GO:0099177","GO:0099177","IMP, ISO, TAS","3","0.654","77.7"
"253","GO:0031109","microtubule polymerization or depolymerization","ISO, IDA","3","0.654","77.7"
"254","GO:0042326","negative regulation of phosphorylation","IEA, IMP, ISO","3","0.654","77.7"
"255","GO:0009894","regulation of catabolic process","IEA, ISO, IGI","3","0.654","77.7"
"256","GO:0051348","negative regulation of transferase activity","IEA, IMP, ISO","3","0.654","77.7"
"257","GO:0048312","intracellular distribution of mitochondria","IEA, IMP, ISO","3","0.654","77.7"
"258","GO:0070201","regulation of establishment of protein localization","IEA, IMP, ISO","3","0.654","77.7"
"259","GO:0048311","mitochondrion distribution","IEA, IMP, ISO","3","0.654","77.7"
"260","GO:2000377","regulation of reactive oxygen species metabolic process","IEA, IMP, ISO","3","0.654","77.7"
"261","GO:0051241","negative regulation of multicellular organismal process","ISS, IMP","3","0.654","77.7"
"262","GO:0072384","organelle transport along microtubule","IEA, IMP, TAS","3","0.654","77.7"
"263","GO:0090043","regulation of tubulin deacetylation","IEA, IGI","3","0.654","77.7"
"264","GO:0006979","response to oxidative stress","TAS, ISO, IDA","3","0.654","77.7"
"265","GO:0045926","negative regulation of growth","ISS, IMP","3","0.654","77.7"
"266","GO:0010823","negative regulation of mitochondrion organization","IEA, IMP, ISO","3","0.654","77.7"
"267","GO:0090258","negative regulation of mitochondrial fission","IEA, IMP, ISO","3","0.654","77.7"
"268","GO:0007005","mitochondrion organization","IEA, IMP, ISO","3","0.654","77.7"
"269","GO:0045665","negative regulation of neuron differentiation","ISS, IMP","3","0.654","77.7"
"270","GO:1990000","amyloid fibril formation","IEA, IMP, ISO","3","0.654","77.7"
"271","GO:0044093","positive regulation of molecular function","ISS, TAS, IDA","2","0.436","75.5"
"272","GO:0010038","response to metal ion","ISS, ISO, IDA","3","0.654","77.7"
"273","GO:2001020","regulation of response to DNA damage stimulus","IEA, IMP","3","0.654","77.7"
"274","GO:0010035","response to inorganic substance","ISS, ISO, IDA","3","0.654","77.7"
"275","GO:0010629","negative regulation of gene expression","IEA, IMP, ISO","3","0.654","77.7"
"276","GO:0008088","axon cargo transport","IEA, IGI, TAS","3","0.654","77.7"
"277","GO:0090311","regulation of protein deacetylation","IEA, IGI","3","0.654","77.7"
"278","GO:1902474","GO:1902474","IEA, IMP, ISO","3","0.654","77.7"
"279","GO:0010917","negative regulation of mitochondrial membrane potential","IEA, IMP, ISO","3","0.654","77.7"
"280","GO:1901216","positive regulation of neuron death","IEA, IMP, ISO","3","0.654","77.7"
"281","GO:0051336","regulation of hydrolase activity","ISS, IMP, TAS","3","0.654","77.7"
"282","GO:0051961","negative regulation of nervous system development","ISS, IMP","3","0.654","77.7"
"283","GO:0033673","negative regulation of kinase activity","IEA, IMP, ISO","3","0.654","77.7"
"284","GO:0010563","negative regulation of phosphorus metabolic process","IEA, IMP, ISO","3","0.654","77.7"
"285","GO:0090322","regulation of superoxide metabolic process","IEA, IMP, ISO","3","0.654","77.7"
"286","GO:0051248","negative regulation of protein metabolic process","IEA, IGI","3","0.654","77.7"
"287","GO:0050768","negative regulation of neurogenesis","ISS, IMP","3","0.654","77.7"
"288","GO:0031399","regulation of protein modification process","IEA, IGI","3","0.654","77.7"
"289","GO:1903747","GO:1903747","IEA, IMP, ISO","3","0.654","77.7"
"290","GO:1903748","GO:1903748","IEA, IMP, ISO","3","0.654","77.7"
"291","GO:1900034","regulation of cellular response to heat","IEA, IMP","3","0.654","77.7"
"292","GO:1903828","GO:1903828","IEA, IMP, ISO","3","0.654","77.7"
"293","GO:0045936","negative regulation of phosphate metabolic process","IEA, IMP, ISO","3","0.654","77.7"
"294","GO:0051881","regulation of mitochondrial membrane potential","IEA, IMP, ISO","3","0.654","77.7"
"295","GO:0032928","regulation of superoxide anion generation","IEA, IMP, ISO","3","0.654","77.7"
"296","GO:0009966","regulation of signal transduction","IEA, ISO, IDA","3","0.654","77.7"
"297","GO:0048513","organ development","IEP, IMP","3","0.654","77.7"
"298","GO:0010721","negative regulation of cell development","ISS, IMP","3","0.654","77.7"
"299","GO:0042391","regulation of membrane potential","IEA, IMP, ISO","3","0.654","77.7"
"300","GO:1904428","GO:1904428","IEA, IGI","3","0.654","77.7"
"301","GO:0048640","negative regulation of developmental growth","ISS, IMP","3","0.654","77.7"
"302","GO:1902531","GO:1902531","IEA, ISO, IDA","3","0.654","77.7"
"303","GO:0001578","microtubule bundle formation","IEA, IMP","3","0.654","77.7"
"304","GO:0031400","negative regulation of protein modification process","IEA, IGI","3","0.654","77.7"
"305","GO:0080135","regulation of cellular response to stress","IEA, IMP","3","0.654","77.7"
"306","GO:0051654","establishment of mitochondrion localization","IEA, IMP, TAS","3","0.654","77.7"
"307","GO:1904950","GO:1904950","IEA, IMP, ISO","3","0.654","77.7"
"308","GO:0051259","protein oligomerization","IMP, ISO, TAS","2","0.436","75.5"
"309","GO:0051258","protein polymerization","ISO, IDA","3","0.654","77.7"
"310","GO:0050771","negative regulation of axonogenesis","ISS, IMP","3","0.654","77.7"
"311","GO:0010771","negative regulation of cell morphogenesis involved in differentiation","ISS, IMP","3","0.654","77.7"
"312","GO:0080134","regulation of response to stress","IEA, IMP","3","0.654","77.7"
"313","GO:0071310","cellular response to organic substance","IEA, TAS, IDA","3","0.654","77.7"
"314","GO:0010506","regulation of autophagy","IEA, ISO, IGI","3","0.654","77.7"
"315","GO:1902473","GO:1902473","IEA, IMP, ISO","3","0.654","77.7"
"316","GO:0051172","negative regulation of nitrogen compound metabolic process","IEA, IGI","3","0.654","77.7"
"317","GO:0034599","cellular response to oxidative stress","TAS, ISO, IDA","3","0.654","77.7"
"318","GO:0045837","negative regulation of membrane potential","IEA, IMP, ISO","3","0.654","77.7"
"319","GO:0032930","positive regulation of superoxide anion generation","IEA, IMP, ISO","3","0.654","77.7"
"320","GO:0010977","negative regulation of neuron projection development","ISS, IMP","3","0.654","77.7"
"321","GO:0030517","negative regulation of axon extension","ISS, IMP","3","0.654","77.7"
"322","GO:1900452","regulation of long term synaptic depression","IMP, ISO, TAS","3","0.654","77.7"
"323","GO:2000379","positive regulation of reactive oxygen species metabolic process","IEA, IMP, ISO","3","0.654","77.7"
"324","GO:1903829","GO:1903829","IEA, IMP, ISO","3","0.654","77.7"
"325","GO:0030308","negative regulation of cell growth","ISS, IMP","3","0.654","77.7"
"326","GO:0050804","regulation of synaptic transmission","IMP, ISO, TAS","3","0.654","77.7"
"327","GO:0034643","establishment of mitochondrion localization, microtubule-mediated","IEA, IMP, TAS","3","0.654","77.7"
"328","GO:0023052","signaling","NAS, ISO, IDA","3","0.654","77.7"
"329","GO:0043085","positive regulation of catalytic activity","ISS, TAS, IDA","2","0.436","75.5"
"330","GO:0047497","mitochondrion transport along microtubule","IEA, IMP, TAS","3","0.654","77.7"
"331","GO:0046785","microtubule polymerization","ISO, IDA","3","0.654","77.7"
"332","GO:0010288","response to lead ion","ISS, ISO, IDA","3","0.654","77.7"
"333","GO:0045596","negative regulation of cell differentiation","ISS, IMP","3","0.654","77.7"
"334","GO:0032269","negative regulation of cellular protein metabolic process","IEA, IGI","3","0.654","77.7"
"335","GO:0031329","regulation of cellular catabolic process","IEA, ISO, IGI","3","0.654","77.7"
"336","GO:0010469","regulation of receptor activity","IEA, ISO, IDA","3","0.654","77.7"
"337","GO:0010468","regulation of gene expression","IEA, IMP, ISO","3","0.654","77.7"
"338","GO:0007154","cell communication","NAS, ISO, IDA","3","0.654","77.7"
"339","GO:1902855","GO:1902855","IMP, ISO","2","0.436","75.5"
"340","GO:0051653","spindle localization","IMP, IDA","2","0.436","75.5"
"341","GO:1902018","negative regulation of cilium assembly","IMP, ISO","2","0.436","75.5"
"342","GO:1990138","neuron projection extension","IEA, IMP","2","0.436","75.5"
"343","GO:0060548","negative regulation of cell death","IMP","2","0.436","75.5"
"344","GO:0061541","rhabdomere morphogenesis","IMP","2","0.436","75.5"
"345","GO:0001754","eye photoreceptor cell differentiation","IMP","2","0.436","75.5"
"346","GO:0001751","compound eye photoreceptor cell differentiation","IMP","2","0.436","75.5"
"347","GO:1902017","regulation of cilium assembly","IMP, ISO","2","0.436","75.5"
"348","GO:0042327","positive regulation of phosphorylation","ISS, IDA","2","0.436","75.5"
"349","GO:0009605","response to external stimulus","ISO, IDA","2","0.436","75.5"
"350","GO:0035556","intracellular signal transduction","ISO, IDA","2","0.436","75.5"
"351","GO:0120032","GO:0120032","IMP, ISO","2","0.436","75.5"
"352","GO:0032091","negative regulation of protein binding","ISS, IDA","2","0.436","75.5"
"353","GO:0051347","positive regulation of transferase activity","ISS, IDA","2","0.436","75.5"
"354","GO:0051346","negative regulation of hydrolase activity","ISS, IMP","2","0.436","75.5"
"355","GO:0007626","locomotory behavior","IEA, IGI","2","0.436","75.5"
"356","GO:1903649","GO:1903649","ISS, IMP","2","0.436","75.5"
"357","GO:0007628","adult walking behavior","IEA, IGI","2","0.436","75.5"
"358","GO:0007051","spindle organization","IMP, IDA","2","0.436","75.5"
"359","GO:0007052","mitotic spindle organization","IMP, IDA","2","0.436","75.5"
"360","GO:0098930","GO:0098930","TAS","1","0.218","71.7"
"361","GO:0048813","dendrite morphogenesis","IEA, IEP","2","0.436","75.5"
"362","GO:0043244","regulation of protein complex disassembly","IMP, ISO","2","0.436","75.5"
"363","GO:0043242","negative regulation of protein complex disassembly","IMP, ISO","2","0.436","75.5"
"364","GO:1902850","GO:1902850","IMP, IDA","2","0.436","75.5"
"365","GO:2000574","regulation of microtubule motor activity","ISS, IMP","2","0.436","75.5"
"366","GO:2000575","negative regulation of microtubule motor activity","ISS, IMP","2","0.436","75.5"
"367","GO:1902856","GO:1902856","IMP, ISO","2","0.436","75.5"
"368","GO:0001654","eye development","IMP","2","0.436","75.5"
"369","GO:0022402","cell cycle process","IMP, IDA","2","0.436","75.5"
"370","GO:0097190","apoptotic signaling pathway","ISO, IDA","2","0.436","75.5"
"371","GO:0097193","intrinsic apoptotic signaling pathway","ISO, IDA","2","0.436","75.5"
"372","GO:0008219","cell death","ISO, IDA","2","0.436","75.5"
"373","GO:0051301","cell division","IMP, ISO","2","0.436","75.5"
"374","GO:0051294","establishment of spindle orientation","IMP, IDA","2","0.436","75.5"
"375","GO:0000278","mitotic cell cycle","IMP, IDA","2","0.436","75.5"
"376","GO:0048592","eye morphogenesis","IMP","2","0.436","75.5"
"377","GO:0051293","establishment of spindle localization","IMP, IDA","2","0.436","75.5"
"378","GO:0040011","locomotion","IEA, IMP","2","0.436","75.5"
"379","GO:0030534","adult behavior","IEA, IGI","2","0.436","75.5"
"380","GO:1901951","regulation of anterograde dense core granule transport","ISS, IMP","2","0.436","75.5"
"381","GO:1901953","positive regulation of anterograde dense core granule transport","ISS, IMP","2","0.436","75.5"
"382","GO:0007165","signal transduction","ISO, IDA","2","0.436","75.5"
"383","GO:0051051","negative regulation of transport","IEA, IMP","2","0.436","75.5"
"384","GO:0051050","positive regulation of transport","ISS, IMP","2","0.436","75.5"
"385","GO:1905689","GO:1905689","ISS, IDA","2","0.436","75.5"
"386","GO:1905687","GO:1905687","ISS, IDA","2","0.436","75.5"
"387","GO:0031667","response to nutrient levels","ISO, IDA","2","0.436","75.5"
"388","GO:0046530","photoreceptor cell differentiation","IMP","2","0.436","75.5"
"389","GO:1904527","GO:1904527","ISS, IDA","2","0.436","75.5"
"390","GO:1904526","GO:1904526","ISS, IDA","2","0.436","75.5"
"391","GO:0001764","neuron migration","IEA, IMP","2","0.436","75.5"
"392","GO:0007416","synapse assembly","IMP, ISO","2","0.436","75.5"
"393","GO:0009887","organ morphogenesis","IMP","2","0.436","75.5"
"394","GO:1904809","GO:1904809","ISS, IMP","2","0.436","75.5"
"395","GO:1901215","negative regulation of neuron death","IMP","2","0.436","75.5"
"396","GO:0007049","cell cycle","IMP, IDA","2","0.436","75.5"
"397","GO:0010562","positive regulation of phosphorus metabolic process","ISS, IDA","2","0.436","75.5"
"398","GO:0033674","positive regulation of kinase activity","ISS, IDA","2","0.436","75.5"
"399","GO:1901700","response to oxygen-containing compound","IEP, TAS","2","0.436","75.5"
"400","GO:0051272","positive regulation of cellular component movement","ISS, IMP","2","0.436","75.5"
"401","GO:1903744","GO:1903744","ISS, IMP","2","0.436","75.5"
"402","GO:1903742","GO:1903742","ISS, IMP","2","0.436","75.5"
"403","GO:0120033","GO:0120033","IMP, ISO","2","0.436","75.5"
"404","GO:0045937","positive regulation of phosphate metabolic process","ISS, IDA","2","0.436","75.5"
"405","GO:0008594","photoreceptor cell morphogenesis","IMP","2","0.436","75.5"
"406","GO:0008344","adult locomotory behavior","IEA, IGI","2","0.436","75.5"
"407","GO:0048675","axon extension","IEA, IMP","2","0.436","75.5"
"408","GO:0032388","positive regulation of intracellular transport","ISS, IMP","2","0.436","75.5"
"409","GO:0048588","developmental cell growth","IEA, IMP","2","0.436","75.5"
"410","GO:0032387","negative regulation of intracellular transport","IEA, IMP","2","0.436","75.5"
"411","GO:0060491","regulation of cell projection assembly","IMP, ISO","2","0.436","75.5"
"412","GO:1901880","negative regulation of protein depolymerization","IMP, ISO","2","0.436","75.5"
"413","GO:0036473","GO:0036473","ISO, IDA","2","0.436","75.5"
"414","GO:0051100","negative regulation of binding","ISS, IDA","2","0.436","75.5"
"415","GO:0051674","localization of cell","IEA, IMP","2","0.436","75.5"
"416","GO:0001745","compound eye morphogenesis","IMP","2","0.436","75.5"
"417","GO:0016477","cell migration","IEA, IMP","2","0.436","75.5"
"418","GO:0012501","programmed cell death","ISO, IDA","2","0.436","75.5"
"419","GO:0007423","sensory organ development","IMP","2","0.436","75.5"
"420","GO:1901610","positive regulation of vesicle transport along microtubule","ISS, IMP","2","0.436","75.5"
"421","GO:1990090","cellular response to nerve growth factor stimulus","TAS","1","0.218","71.7"
"422","GO:1904811","GO:1904811","ISS, IMP","2","0.436","75.5"
"423","GO:0009719","response to endogenous stimulus","IEP, TAS","2","0.436","75.5"
"424","GO:0032272","negative regulation of protein polymerization","ISS, IMP","2","0.436","75.5"
"425","GO:0060560","developmental growth involved in morphogenesis","IEA, IMP","2","0.436","75.5"
"426","GO:0060627","regulation of vesicle-mediated transport","ISS, IMP","2","0.436","75.5"
"427","GO:0042052","rhabdomere development","IMP","2","0.436","75.5"
"428","GO:0042051","compound eye photoreceptor development","IMP","2","0.436","75.5"
"429","GO:0042462","eye photoreceptor cell development","IMP","2","0.436","75.5"
"430","GO:0042461","photoreceptor cell development","IMP","2","0.436","75.5"
"431","GO:0007026","negative regulation of microtubule depolymerization","IMP, ISO","2","0.436","75.5"
"432","GO:0090596","GO:0090596","IMP","2","0.436","75.5"
"433","GO:0007584","response to nutrient","ISO, IDA","2","0.436","75.5"
"434","GO:0090659","GO:0090659","IEA, IGI","2","0.436","75.5"
"435","GO:0031114","regulation of microtubule depolymerization","IMP, ISO","2","0.436","75.5"
"436","GO:0031115","negative regulation of microtubule polymerization","ISS, IMP","2","0.436","75.5"
"437","GO:0048870","cell motility","IEA, IMP","2","0.436","75.5"
"438","GO:1903651","GO:1903651","ISS, IMP","2","0.436","75.5"
"439","GO:1901879","regulation of protein depolymerization","IMP, ISO","2","0.436","75.5"
"440","GO:1900454","positive regulation of long term synaptic depression","IMP, ISO","2","0.436","75.5"
"441","GO:0048589","developmental growth","IEA, IMP","2","0.436","75.5"
"442","GO:0016049","cell growth","IEA, IMP","2","0.436","75.5"
"443","GO:0043393","regulation of protein binding","ISS, IDA","2","0.436","75.5"
"444","GO:1901608","regulation of vesicle transport along microtubule","ISS, IMP","2","0.436","75.5"
"445","GO:0008631","intrinsic apoptotic signaling pathway in response to oxidative stress","ISO, IDA","2","0.436","75.5"
"446","GO:0051098","regulation of binding","ISS, IDA","2","0.436","75.5"
"447","GO:0009991","response to extracellular stimulus","ISO, IDA","2","0.436","75.5"
"448","GO:1903047","GO:1903047","IMP, IDA","2","0.436","75.5"
"449","GO:0040007","growth","IEA, IMP","2","0.436","75.5"
"450","GO:0051260","protein homooligomerization","IMP, ISO","2","0.436","75.5"
"451","GO:1902805","GO:1902805","ISS, IMP","2","0.436","75.5"
"452","GO:1902115","regulation of organelle assembly","IMP, ISO","2","0.436","75.5"
"453","GO:1902116","negative regulation of organelle assembly","IMP, ISO","2","0.436","75.5"
"454","GO:0051012","microtubule sliding","IMP, IDA","2","0.436","75.5"
"455","GO:0048749","compound eye development","IMP","2","0.436","75.5"
"456","GO:0031333","negative regulation of protein complex assembly","ISS, IMP","2","0.436","75.5"
"457","GO:1902803","GO:1902803","ISS, IMP","2","0.436","75.5"
"458","GO:0034605","cellular response to heat","TAS","1","0.218","71.7"
"459","GO:0000003","reproduction","IEP","1","0.218","71.7"
"460","GO:0071363","cellular response to growth factor stimulus","TAS","1","0.218","71.7"
"461","GO:0006473","protein acetylation","TAS","1","0.218","71.7"
"462","GO:0046483","heterocycle metabolic process","TAS","1","0.218","71.7"
"463","GO:0000302","response to reactive oxygen species","TAS","1","0.218","71.7"
"464","GO:0051345","positive regulation of hydrolase activity","TAS","1","0.218","71.7"
"465","GO:0061900","GO:0061900","TAS","1","0.218","71.7"
"466","GO:0009266","response to temperature stimulus","TAS","1","0.218","71.7"
"467","GO:0016070","RNA metabolic process","TAS","1","0.218","71.7"
"468","GO:0016072","rRNA metabolic process","TAS","1","0.218","71.7"
"469","GO:0043412","macromolecule modification","TAS","1","0.218","71.7"
"470","GO:0072386","plus-end-directed organelle transport along microtubule","TAS","1","0.218","71.7"
"471","GO:0048143","astrocyte activation","TAS","1","0.218","71.7"
"472","GO:0010001","glial cell differentiation","TAS","1","0.218","71.7"
"473","GO:0014070","response to organic cyclic compound","IEP","1","0.218","71.7"
"474","GO:0032355","response to estradiol stimulus","IEP","1","0.218","71.7"
"475","GO:2000116","regulation of cysteine-type endopeptidase activity","TAS","1","0.218","71.7"
"476","GO:0033993","response to lipid","IEP","1","0.218","71.7"
"477","GO:0043065","positive regulation of apoptotic process","TAS","1","0.218","71.7"
"478","GO:0043067","regulation of programmed cell death","TAS","1","0.218","71.7"
"479","GO:0043068","positive regulation of programmed cell death","TAS","1","0.218","71.7"
"480","GO:1990089","response to nerve growth factor stimulus","TAS","1","0.218","71.7"
"481","GO:0006464","cellular protein modification process","TAS","1","0.218","71.7"
"482","GO:0010950","positive regulation of endopeptidase activity","TAS","1","0.218","71.7"
"483","GO:0010952","positive regulation of peptidase activity","TAS","1","0.218","71.7"
"484","GO:0019896","axon transport of mitochondrion","TAS","1","0.218","71.7"
"485","GO:0070841","inclusion body assembly","NAS","1","0.218","71.7"
"486","GO:0070848","response to growth factor stimulus","TAS","1","0.218","71.7"
"487","GO:0051704","multi-organism process","IEP","1","0.218","71.7"
"488","GO:0034063","stress granule assembly","TAS","1","0.218","71.7"
"489","GO:0045321","leukocyte activation","TAS","1","0.218","71.7"
"490","GO:0034660","ncRNA metabolic process","TAS","1","0.218","71.7"
"491","GO:0044267","cellular protein metabolic process","TAS","1","0.218","71.7"
"492","GO:0044260","cellular macromolecule metabolic process","TAS","1","0.218","71.7"
"493","GO:0034614","cellular response to reactive oxygen species","TAS","1","0.218","71.7"
"494","GO:0033044","regulation of chromosome organization","TAS","1","0.218","71.7"
"495","GO:0051173","positive regulation of nitrogen compound metabolic process","TAS","1","0.218","71.7"
"496","GO:0051247","positive regulation of protein metabolic process","TAS","1","0.218","71.7"
"497","GO:0009408","response to heat","TAS","1","0.218","71.7"
"498","GO:0042493","response to drug","IEP","1","0.218","71.7"
"499","GO:0052548","regulation of endopeptidase activity","TAS","1","0.218","71.7"
"500","GO:0031122","cytoplasmic microtubule organization","TAS","1","0.218","71.7"
"501","GO:0022414","reproductive process","IEP","1","0.218","71.7"
"502","GO:0007267","cell-cell signaling","NAS","1","0.218","71.7"
"503","GO:0044237","cellular metabolic process","TAS","1","0.218","71.7"
"504","GO:1990416","GO:1990416","TAS","1","0.218","71.7"
"505","GO:0060322","head development","IEP","1","0.218","71.7"
"506","GO:1901701","cellular response to oxygen-containing compound","TAS","1","0.218","71.7"
"507","GO:0044703","multi-organism reproductive process","IEP","1","0.218","71.7"
"508","GO:0044706","multi-multicellular organism process","IEP","1","0.218","71.7"
"509","GO:0002274","myeloid leukocyte activation","TAS","1","0.218","71.7"
"510","GO:0002376","immune system process","TAS","1","0.218","71.7"
"511","GO:0009725","response to hormone stimulus","IEP","1","0.218","71.7"
"512","GO:0042981","regulation of apoptotic process","TAS","1","0.218","71.7"
"513","GO:0043543","protein acylation","TAS","1","0.218","71.7"
"514","GO:0006475","internal protein amino acid acetylation","TAS","1","0.218","71.7"
"515","GO:0048708","astrocyte differentiation","TAS","1","0.218","71.7"
"516","GO:0001774","microglial cell activation","TAS","1","0.218","71.7"
"517","GO:0007420","brain development","IEP","1","0.218","71.7"
"518","GO:0001775","cell activation","TAS","1","0.218","71.7"
"519","GO:1901360","organic cyclic compound metabolic process","TAS","1","0.218","71.7"
"520","GO:0006139","nucleobase-containing compound metabolic process","TAS","1","0.218","71.7"
"521","GO:0032270","positive regulation of cellular protein metabolic process","TAS","1","0.218","71.7"
"522","GO:0032570","response to progesterone stimulus","IEP","1","0.218","71.7"
"523","GO:0048545","response to steroid hormone stimulus","IEP","1","0.218","71.7"
"524","GO:0042116","macrophage activation","TAS","1","0.218","71.7"
"525","GO:2001056","positive regulation of cysteine-type endopeptidase activity","TAS","1","0.218","71.7"
"526","GO:0006919","activation of cysteine-type endopeptidase activity involved in apoptotic process","TAS","1","0.218","71.7"
"527","GO:0070925","organelle assembly","TAS","1","0.218","71.7"
"528","GO:1901654","response to ketone","IEP","1","0.218","71.7"
"529","GO:0030162","regulation of proteolysis","TAS","1","0.218","71.7"
"530","GO:0010604","positive regulation of macromolecule metabolic process","TAS","1","0.218","71.7"
"531","GO:0043281","regulation of cysteine-type endopeptidase activity involved in apoptotic process","TAS","1","0.218","71.7"
"532","GO:0043280","positive regulation of cysteine-type endopeptidase activity involved in apoptotic process","TAS","1","0.218","71.7"
"533","GO:0021782","glial cell development","TAS","1","0.218","71.7"
"534","GO:0052547","regulation of peptidase activity","TAS","1","0.218","71.7"
"535","GO:0042063","gliogenesis","TAS","1","0.218","71.7"
"536","GO:0036211","protein modification process","TAS","1","0.218","71.7"
"537","GO:0014002","astrocyte development","TAS","1","0.218","71.7"
"538","GO:0034641","cellular nitrogen compound metabolic process","TAS","1","0.218","71.7"
"539","GO:0022618","ribonucleoprotein complex assembly","TAS","1","0.218","71.7"
"540","GO:0022613","ribonucleoprotein complex biogenesis","TAS","1","0.218","71.7"
"541","GO:0009628","response to abiotic stimulus","TAS","1","0.218","71.7"
"542","GO:1902988","GO:1902988","NAS","1","0.218","71.7"
"543","GO:0007565","female pregnancy","IEP","1","0.218","71.7"
"544","GO:0045862","positive regulation of proteolysis","TAS","1","0.218","71.7"
"545","GO:0071495","cellular response to endogenous stimulus","TAS","1","0.218","71.7"
"546","GO:0090304","nucleic acid metabolic process","TAS","1","0.218","71.7"
"547","GO:0071826","ribonucleoprotein complex subunit organization","TAS","1","0.218","71.7"
"548","GO:0006725","cellular aromatic compound metabolic process","TAS","1","0.218","71.7"
"549","GO:0044464","cell part","CURATED, TAS, ISS, IBA, IMP, ISO, IEA, IDA","17","3.7","87.1"
"550","GO:0005623","cell","CURATED, TAS, ISS, IBA, IMP, ISO, IEA, IDA","17","3.7","87.1"
"551","GO:0005622","intracellular","CURATED, TAS, ISS, IBA, IMP, ISO, IEA, IDA","17","3.7","87.1"
"552","GO:0044424","intracellular part","CURATED, TAS, ISS, IBA, IMP, ISO, IEA, IDA","17","3.7","87.1"
"553","GO:0043226","organelle","CURATED, TAS, ISS, IBA, IMP, ISO, IEA, IDA","17","3.7","87.1"
"554","GO:0043229","intracellular organelle","CURATED, TAS, ISS, IBA, IMP, ISO, IEA, IDA","17","3.7","87.1"
"555","GO:0043232","intracellular non-membrane-bounded organelle","CURATED, TAS, ISS, IBA, IMP, ISO, IEA, IDA","17","3.7","87.1"
"556","GO:0043228","non-membrane-bounded organelle","CURATED, TAS, ISS, IBA, IMP, ISO, IEA, IDA","17","3.7","87.1"
"557","GO:0005856","cytoskeleton","CURATED, TAS, ISS, IBA, IMP, ISO, IEA, IDA","17","3.7","87.1"
"558","GO:0044422","organelle part","TAS, ISS, IBA, ISO, IEA, IDA","17","3.7","87.1"
"559","GO:0044446","intracellular organelle part","TAS, ISS, IBA, ISO, IEA, IDA","17","3.7","87.1"
"560","GO:0042995","cell projection","TAS, ISS, IBA, IMP, ISO, IEA, IDA","17","3.7","87.1"
"561","GO:0120025","GO:0120025","TAS, ISS, IBA, IMP, ISO, IEA, IDA","17","3.7","87.1"
"562","GO:0043005","neuron projection","TAS, ISS, IBA, ISO, IEA, IDA","17","3.7","87.1"
"563","GO:0097458","neuron part","TAS, ISS, IBA, IMP, ISO, IEA, IDA","17","3.7","87.1"
"564","GO:0044430","cytoskeletal part","TAS, ISS, IBA, ISO, IEA, IDA","17","3.7","87.1"
"565","GO:0015630","microtubule cytoskeleton","TAS, ISS, IBA, IMP, ISO, IEA, IDA","17","3.7","87.1"
"566","GO:0005737","cytoplasm","IEA, ISS, TAS, ISO, IDA","15","3.27","86.4"
"567","GO:0120038","GO:0120038","TAS, ISS, IMP, ISO, IEA, IDA","14","3.05","86.1"
"568","GO:0044463","cell projection part","TAS, ISS, IMP, ISO, IEA, IDA","14","3.05","86.1"
"569","GO:0030424","axon","ISS, IEA, ISO, IDA","16","3.49","86.8"
"570","GO:0032991","macromolecular complex","TAS, ISS, IBA, ISO, IEA, IDA","16","3.49","86.8"
"571","GO:0036477","GO:0036477","TAS, ISS, IMP, ISO, IEA, IDA","12","2.61","85.2"
"572","GO:0044444","cytoplasmic part","IEA, ISS, TAS, ISO, IDA","12","2.61","85.2"
"573","GO:0030425","dendrite","ISS, IEA, TAS, ISO, IDA","12","2.61","85.2"
"574","GO:0097447","dendritic tree","ISS, IEA, TAS, ISO, IDA","12","2.61","85.2"
"575","GO:0005875","microtubule associated complex","ISS, IBA, TAS","15","3.27","86.4"
"576","GO:0033267","axon part","ISS, IEA, ISO, IDA","9","1.96","83.7"
"577","GO:0099512","GO:0099512","IEA, ISO, IDA","15","3.27","86.4"
"578","GO:0099513","GO:0099513","IEA, ISO, IDA","15","3.27","86.4"
"579","GO:0016020","membrane","IEA, IMP, ISO, ISS, IDA","11","2.4","84.7"
"580","GO:0005874","microtubule","IEA, ISO, IDA","15","3.27","86.4"
"581","GO:0099080","GO:0099080","IEA, ISO, IDA","15","3.27","86.4"
"582","GO:0099081","GO:0099081","IEA, ISO, IDA","15","3.27","86.4"
"583","GO:0005886","plasma membrane","IEA, IMP, ISO, ISS, IDA","11","2.4","84.7"
"584","GO:0071944","cell periphery","IEA, IMP, ISO, ISS, IDA","11","2.4","84.7"
"585","GO:0043231","intracellular membrane-bounded organelle","IEA, ISS, TAS, ISO, IDA","6","1.31","81.5"
"586","GO:0043227","membrane-bounded organelle","IEA, ISS, TAS, ISO, IDA","6","1.31","81.5"
"587","GO:0150034","GO:0150034","ISS, IEA, ISO, IDA","9","1.96","83.7"
"588","GO:0030427","site of polarized growth","ISS, IEA, ISO, IDA","9","1.96","83.7"
"589","GO:0030426","growth cone","ISS, IEA, ISO, IDA","9","1.96","83.7"
"590","GO:0005829","cytosol","IEA, ISO, IDA","11","2.4","84.7"
"591","GO:0005634","nucleus","IEA, ISS, ISO, IDA","5","1.09","80.5"
"592","GO:0044297","cell body","IEA, ISS, ISO, IMP, IDA","6","1.31","81.5"
"593","GO:0043025","neuronal cell body","IEA, ISS, ISO, IMP, IDA","6","1.31","81.5"
"594","GO:0044304","main axon","IEA, ISS, ISO, IDA","7","1.53","82.3"
"595","GO:0031974","membrane-enclosed lumen","IEA, ISO, IDA","5","1.09","80.5"
"596","GO:0031981","nuclear lumen","IEA, ISO, IDA","5","1.09","80.5"
"597","GO:0032838","cell projection cytoplasm","IEA, ISS, ISO, IDA","8","1.74","83"
"598","GO:0043233","organelle lumen","IEA, ISO, IDA","5","1.09","80.5"
"599","GO:0044425","membrane part","IEA, IMP, ISO, ISS, IDA","6","1.31","81.5"
"600","GO:0044428","nuclear part","IEA, ISO, IDA","5","1.09","80.5"
"601","GO:0099568","GO:0099568","IEA, ISS, ISO, IDA","8","1.74","83"
"602","GO:0070013","intracellular organelle lumen","IEA, ISO, IDA","5","1.09","80.5"
"603","GO:0044456","synapse part","IEA, TAS, IDA","7","1.53","82.3"
"604","GO:0045202","synapse","IEA, TAS, IDA","7","1.53","82.3"
"605","GO:0098794","GO:0098794","IEA, TAS, IDA","7","1.53","82.3"
"606","GO:0098984","GO:0098984","IEA, IDA","6","1.31","81.5"
"607","GO:0150002","GO:0150002","ISS, ISO, IDA","3","0.654","77.7"
"608","GO:0044459","plasma membrane part","IEA, IMP, ISO, IDA","6","1.31","81.5"
"609","GO:0032279","asymmetric synapse","IEA, IDA","6","1.31","81.5"
"610","GO:0014069","postsynaptic density","IEA, IDA","6","1.31","81.5"
"611","GO:0099572","GO:0099572","IEA, IDA","6","1.31","81.5"
"612","GO:0045298","tubulin complex","ISS, IEA, IDA","6","1.31","81.5"
"613","GO:0098590","GO:0098590","IEA, IMP, ISO, IDA","5","1.09","80.5"
"614","GO:0034399","nuclear periphery","IEA, ISO, IDA","5","1.09","80.5"
"615","GO:0031256","leading edge membrane","IEA, IMP, ISO, IDA","5","1.09","80.5"
"616","GO:0031253","cell projection membrane","IEA, IMP, ISO, IDA","5","1.09","80.5"
"617","GO:0031252","cell leading edge","IEA, IMP, ISO, IDA","5","1.09","80.5"
"618","GO:0120111","GO:0120111","ISS, IEA, ISO, IDA","4","0.871","79.3"
"619","GO:0005929","cilium","IEA, ISO, IDA","4","0.871","79.3"
"620","GO:0044441","cilium part","IEA, ISO, IDA","4","0.871","79.3"
"621","GO:0005930","axoneme","IEA, ISO, IDA","4","0.871","79.3"
"622","GO:0097014","cilium cytoplasm","IEA, ISO, IDA","4","0.871","79.3"
"623","GO:1990635","GO:1990635","ISS, ISO, IDA","3","0.654","77.7"
"624","GO:0035770","ribonucleoprotein granule","IEA, ISO, IDA","3","0.654","77.7"
"625","GO:0043203","axon hillock","ISS, IDA","3","0.654","77.7"
"626","GO:0150001","GO:0150001","ISS, ISO, IDA","3","0.654","77.7"
"627","GO:0032839","dendrite cytoplasm","ISS, ISO, IDA","3","0.654","77.7"
"628","GO:0044292","dendrite terminus","ISS, ISO, IDA","3","0.654","77.7"
"629","GO:0098589","GO:0098589","IEA, ISS, IDA","3","0.654","77.7"
"630","GO:0044294","dendritic growth cone","ISS, ISO, IDA","3","0.654","77.7"
"631","GO:0098858","GO:0098858","ISS, ISO, IDA","3","0.654","77.7"
"632","GO:0098857","GO:0098857","IEA, ISS, IDA","3","0.654","77.7"
"633","GO:0150014","GO:0150014","ISS, ISO, IDA","3","0.654","77.7"
"634","GO:1990904","GO:1990904","IEA, ISO, IDA","3","0.654","77.7"
"635","GO:0030175","filopodium","ISS, ISO, IDA","3","0.654","77.7"
"636","GO:0036464","GO:0036464","IEA, ISO, IDA","3","0.654","77.7"
"637","GO:0016604","nuclear body","IEA, ISO, IDA","3","0.654","77.7"
"638","GO:0005654","nucleoplasm","IEA, ISO, IDA","3","0.654","77.7"
"639","GO:0097418","neurofibrillary tangle","IEA, ISO, IDA","3","0.654","77.7"
"640","GO:1902737","GO:1902737","ISS, ISO, IDA","3","0.654","77.7"
"641","GO:1990769","GO:1990769","ISS, IDA","3","0.654","77.7"
"642","GO:0030673","axolemma","IEA, ISO, IDA","3","0.654","77.7"
"643","GO:0097386","glial cell projection","IEA, ISS, IDA","3","0.654","77.7"
"644","GO:0044451","nucleoplasm part","IEA, ISO, IDA","3","0.654","77.7"
"645","GO:0032589","neuron projection membrane","IEA, ISO, IDA","3","0.654","77.7"
"646","GO:0097440","apical dendrite","ISS, ISO, IDA","3","0.654","77.7"
"647","GO:0097441","basilar dendrite","ISS, ISO, IDA","3","0.654","77.7"
"648","GO:0016234","inclusion body","IEA, ISO, IDA","3","0.654","77.7"
"649","GO:0098805","GO:0098805","IEA, ISS, IDA","3","0.654","77.7"
"650","GO:0016607","nuclear speck","IEA, ISO, IDA","3","0.654","77.7"
"651","GO:0044307","dendritic branch","ISS, ISO, IDA","3","0.654","77.7"
"652","GO:0043194","axon initial segment","ISS, IDA","3","0.654","77.7"
"653","GO:0043198","dendritic shaft","ISS, IDA","3","0.654","77.7"
"654","GO:0045121","membrane raft","IEA, ISS, IDA","3","0.654","77.7"
"655","GO:0005783","endoplasmic reticulum","ISO, IDA","2","0.436","75.5"
"656","GO:0005791","rough endoplasmic reticulum","ISO, IDA","2","0.436","75.5"
"657","GO:0005790","smooth endoplasmic reticulum","ISO, IDA","2","0.436","75.5"
"658","GO:0044295","axonal growth cone","ISO, IDA","2","0.436","75.5"
"659","GO:0009898","internal side of plasma membrane","ISO, IDA","2","0.436","75.5"
"660","GO:0012505","endomembrane system","ISO, IDA","2","0.436","75.5"
"661","GO:0005730","nucleolus","ISO, IDA","2","0.436","75.5"
"662","GO:0032587","ruffle membrane","IMP, ISO","2","0.436","75.5"
"663","GO:0097442","CA3 pyramidal cell dendrite","IEA, IDA","2","0.436","75.5"
"664","GO:0015629","actin cytoskeleton","IMP, ISO","2","0.436","75.5"
"665","GO:0098552","GO:0098552","ISO, IDA","2","0.436","75.5"
"666","GO:0001726","ruffle","IMP, ISO","2","0.436","75.5"
"667","GO:0005819","spindle","ISO, IDA","2","0.436","75.5"
"668","GO:0098562","GO:0098562","ISO, IDA","2","0.436","75.5"
"669","GO:0072686","mitotic spindle","ISO, IDA","2","0.436","75.5"
"670","GO:1904115","GO:1904115","IEA","1","0.218","71.7"
"671","GO:0005739","mitochondrion","TAS","1","0.218","71.7"
"672","GO:0044309","neuron spine","TAS","1","0.218","71.7"
"673","GO:0005576","extracellular region","NAS","1","0.218","71.7"
"674","GO:0043197","dendritic spine","TAS","1","0.218","71.7"
