"","V1","V2","V3","V4","V5","V6"
"1","ID","GO term","Evidence","SeqCount","Frequency","relative_fontsize"
"2","GO:0016491","oxidoreductase activity","IEA, IBA, IDA, ISS, IMP","16","2.27","84.5"
"3","GO:0016646","oxidoreductase activity, acting on the CH-NH group of donors, NAD or NADP as acceptor","IEA, IBA, IDA, ISS, IMP","16","2.27","84.5"
"4","GO:0016645","oxidoreductase activity, acting on the CH-NH group of donors","IEA, IBA, IDA, ISS, IMP","16","2.27","84.5"
"5","GO:0003824","catalytic activity","IEA, IBA, IDA, ISS, IMP","16","2.27","84.5"
"6","GO:0004489","methylenetetrahydrofolate reductase (NADPH) activity","IEA, IBA, IDA, ISS, IMP","16","2.27","84.5"
"7","GO:0005488","binding","IEA, IPI, ISO, IDA","2","0.284","73.2"
"8","GO:0050662","coenzyme binding","IEA, ISO, IDA","2","0.284","73.2"
"9","GO:0097159","organic cyclic compound binding","IEA, ISO, IDA","2","0.284","73.2"
"10","GO:0000166","nucleotide binding","IEA, ISO, IDA","2","0.284","73.2"
"11","GO:0036094","small molecule binding","IEA, ISO, IDA","2","0.284","73.2"
"12","GO:0048037","cofactor binding","IEA, ISO, IDA","2","0.284","73.2"
"13","GO:1901363","heterocyclic compound binding","IEA, ISO, IDA","2","0.284","73.2"
"14","GO:1901265","nucleoside phosphate binding","IEA, ISO, IDA","2","0.284","73.2"
"15","GO:0043168","anion binding","ISO, IDA","2","0.284","73.2"
"16","GO:0050661","NADP binding","IEA, ISO","2","0.284","73.2"
"17","GO:0050660","flavin adenine dinucleotide binding","ISO, IDA","2","0.284","73.2"
"18","GO:0072341","modified amino acid binding","ISO, IDA","2","0.284","73.2"
"19","GO:0043167","ion binding","ISO, IDA","2","0.284","73.2"
"20","GO:0044877","GO:0044877","IPI, ISO","2","0.284","73.2"
"21","GO:0008152","metabolic process","TAS, ISS, IBA, IMP, ISO, IEA, IGI, IDA","16","2.27","84.5"
"22","GO:0009987","cellular process","TAS, ISS, IBA, IMP, ISO, IEA, IGI, IDA","16","2.27","84.5"
"23","GO:0044237","cellular metabolic process","TAS, ISS, IBA, IMP, ISO, IEA, IGI, IDA","16","2.27","84.5"
"24","GO:0044281","small molecule metabolic process","TAS, ISS, IBA, IMP, ISO, IEA, IGI, IDA","16","2.27","84.5"
"25","GO:0071704","organic substance metabolic process","TAS, ISS, IMP, ISO, IEA, IGI, IDA","16","2.27","84.5"
"26","GO:0043436","oxoacid metabolic process","TAS, ISS, IMP, ISO, IEA, IGI, IDA","16","2.27","84.5"
"27","GO:1901564","organonitrogen compound metabolic process","TAS, ISS, IMP, ISO, IEA, IGI, IDA","16","2.27","84.5"
"28","GO:0006807","nitrogen compound metabolic process","TAS, ISS, IMP, ISO, IEA, IGI, IDA","16","2.27","84.5"
"29","GO:0006082","organic acid metabolic process","TAS, ISS, IMP, ISO, IEA, IGI, IDA","16","2.27","84.5"
"30","GO:0019752","carboxylic acid metabolic process","TAS, ISS, IMP, ISO, IEA, IGI, IDA","16","2.27","84.5"
"31","GO:0055114","oxidation-reduction process","IEA, IBA, IDA, ISS, IMP","16","2.27","84.5"
"32","GO:0006730","one-carbon metabolic process","IEA, IBA, ISO, ISS, IDA","16","2.27","84.5"
"33","GO:0044238","primary metabolic process","TAS, IMP, ISO, IEA, IGI, IDA","16","2.27","84.5"
"34","GO:0006520","cellular amino acid metabolic process","TAS, IMP, ISO, IEA, IGI, IDA","16","2.27","84.5"
"35","GO:0006790","sulfur compound metabolic process","IEA, IMP, ISO, IGI, IDA","16","2.27","84.5"
"36","GO:0000096","sulfur amino acid metabolic process","IEA, IMP, ISO, IGI, IDA","16","2.27","84.5"
"37","GO:1901605","alpha-amino acid metabolic process","IEA, IMP, ISO, IGI, IDA","16","2.27","84.5"
"38","GO:0009066","aspartate family amino acid metabolic process","IEA, IMP, ISO, IGI","16","2.27","84.5"
"39","GO:0006555","methionine metabolic process","IEA, IMP, ISO, IGI","16","2.27","84.5"
"40","GO:0051186","cofactor metabolic process","IEA, ISS, TAS, ISO, IDA","15","2.13","84.1"
"41","GO:0006732","coenzyme metabolic process","IEA, ISS, TAS, ISO, IDA","15","2.13","84.1"
"42","GO:0042558","pteridine-containing compound metabolic process","IEA, ISS, TAS, ISO, IDA","15","2.13","84.1"
"43","GO:1901360","organic cyclic compound metabolic process","IEA, ISS, TAS, ISO, IDA","15","2.13","84.1"
"44","GO:0046483","heterocycle metabolic process","IEA, ISS, TAS, ISO, IDA","15","2.13","84.1"
"45","GO:0006760","folic acid-containing compound metabolic process","IEA, ISS, TAS, ISO, IDA","15","2.13","84.1"
"46","GO:0046653","tetrahydrofolate metabolic process","IEA, ISS, ISO, IDA","15","2.13","84.1"
"47","GO:0006575","cellular modified amino acid metabolic process","IEA, ISS, TAS, ISO, IDA","15","2.13","84.1"
"48","GO:0043603","cellular amide metabolic process","IEA, ISS, TAS, ISO, IDA","15","2.13","84.1"
"49","GO:0034641","cellular nitrogen compound metabolic process","IEA, ISS, TAS, ISO, IDA","15","2.13","84.1"
"50","GO:0006725","cellular aromatic compound metabolic process","IEA, ISS, TAS, ISO, IDA","15","2.13","84.1"
"51","GO:0035999","tetrahydrofolate interconversion","IEA, ISS, ISO, IDA","15","2.13","84.1"
"52","GO:0000097","sulfur amino acid biosynthetic process","IEA, IMP","5","0.71","78.1"
"53","GO:1901566","organonitrogen compound biosynthetic process","IEA, IMP","5","0.71","78.1"
"54","GO:0044283","small molecule biosynthetic process","IEA, IMP","5","0.71","78.1"
"55","GO:0016053","organic acid biosynthetic process","IEA, IMP","5","0.71","78.1"
"56","GO:0009067","aspartate family amino acid biosynthetic process","IEA, IMP","5","0.71","78.1"
"57","GO:1901576","organic substance biosynthetic process","IEA, IMP","5","0.71","78.1"
"58","GO:0008652","cellular amino acid biosynthetic process","IEA, IMP","5","0.71","78.1"
"59","GO:0009086","methionine biosynthetic process","IEA, IMP","5","0.71","78.1"
"60","GO:0044272","sulfur compound biosynthetic process","IEA, IMP","5","0.71","78.1"
"61","GO:0046394","carboxylic acid biosynthetic process","IEA, IMP","5","0.71","78.1"
"62","GO:0044249","cellular biosynthetic process","IEA, IMP","5","0.71","78.1"
"63","GO:1901607","alpha-amino acid biosynthetic process","IEA, IMP","5","0.71","78.1"
"64","GO:0009058","biosynthetic process","IEA, IMP","5","0.71","78.1"
"65","GO:0070828","heterochromatin organization","ISO, IDA","2","0.284","73.2"
"66","GO:0080090","regulation of primary metabolic process","ISO, IDA","2","0.284","73.2"
"67","GO:0019222","regulation of metabolic process","ISO, IDA","2","0.284","73.2"
"68","GO:0043954","cellular component maintenance","ISO, IDA","2","0.284","73.2"
"69","GO:0031056","regulation of histone modification","ISO, IDA","2","0.284","73.2"
"70","GO:0060255","regulation of macromolecule metabolic process","ISO, IDA","2","0.284","73.2"
"71","GO:0031060","regulation of histone methylation","ISO, IDA","2","0.284","73.2"
"72","GO:0050789","regulation of biological process","ISO, IDA","2","0.284","73.2"
"73","GO:0016043","cellular component organization","ISO, IDA","2","0.284","73.2"
"74","GO:0065007","biological regulation","ISO, IDA","2","0.284","73.2"
"75","GO:0071840","cellular component organization or biogenesis","ISO, IDA","2","0.284","73.2"
"76","GO:0050794","regulation of cellular process","ISO, IDA","2","0.284","73.2"
"77","GO:0070827","chromatin maintenance","ISO, IDA","2","0.284","73.2"
"78","GO:0033044","regulation of chromosome organization","ISO, IDA","2","0.284","73.2"
"79","GO:0033043","regulation of organelle organization","ISO, IDA","2","0.284","73.2"
"80","GO:0051128","regulation of cellular component organization","ISO, IDA","2","0.284","73.2"
"81","GO:0051246","regulation of protein metabolic process","ISO, IDA","2","0.284","73.2"
"82","GO:0031399","regulation of protein modification process","ISO, IDA","2","0.284","73.2"
"83","GO:0032268","regulation of cellular protein metabolic process","ISO, IDA","2","0.284","73.2"
"84","GO:0017144","drug metabolic process","IEA, TAS","1","0.142","69.4"
"85","GO:1902275","regulation of chromatin organization","ISO, IDA","2","0.284","73.2"
"86","GO:0031323","regulation of cellular metabolic process","ISO, IDA","2","0.284","73.2"
"87","GO:0050667","homocysteine metabolic process","ISO, IDA","2","0.284","73.2"
"88","GO:0006325","chromatin organization","ISO, IDA","2","0.284","73.2"
"89","GO:0051171","regulation of nitrogen compound metabolic process","ISO, IDA","2","0.284","73.2"
"90","GO:0006996","organelle organization","ISO, IDA","2","0.284","73.2"
"91","GO:0051276","chromosome organization","ISO, IDA","2","0.284","73.2"
"92","GO:0070829","heterochromatin maintenance","ISO, IDA","2","0.284","73.2"
"93","GO:0003013","circulatory system process","TAS","1","0.142","69.4"
"94","GO:0043200","response to amino acid stimulus","IEA","1","0.142","69.4"
"95","GO:0046500","S-adenosylmethionine metabolic process","IEA","1","0.142","69.4"
"96","GO:0006767","water-soluble vitamin metabolic process","TAS","1","0.142","69.4"
"97","GO:0006766","vitamin metabolic process","TAS","1","0.142","69.4"
"98","GO:0051593","response to folic acid","IEA","1","0.142","69.4"
"99","GO:0010033","response to organic substance","IEA","1","0.142","69.4"
"100","GO:0003008","system process","TAS","1","0.142","69.4"
"101","GO:0043648","dicarboxylic acid metabolic process","TAS","1","0.142","69.4"
"102","GO:0009605","response to external stimulus","IEA","1","0.142","69.4"
"103","GO:0010243","response to organonitrogen compound","IEA","1","0.142","69.4"
"104","GO:0031667","response to nutrient levels","IEA","1","0.142","69.4"
"105","GO:0046655","folic acid metabolic process","TAS","1","0.142","69.4"
"106","GO:0034097","response to cytokine stimulus","IEA","1","0.142","69.4"
"107","GO:0008015","blood circulation","TAS","1","0.142","69.4"
"108","GO:0006950","response to stress","IEA","1","0.142","69.4"
"109","GO:0036293","response to decreased oxygen levels","IEA","1","0.142","69.4"
"110","GO:0050896","response to stimulus","IEA","1","0.142","69.4"
"111","GO:0001666","response to hypoxia","IEA","1","0.142","69.4"
"112","GO:0014070","response to organic cyclic compound","IEA","1","0.142","69.4"
"113","GO:0033274","response to vitamin B2","IEA","1","0.142","69.4"
"114","GO:0033273","response to vitamin","IEA","1","0.142","69.4"
"115","GO:1901700","response to oxygen-containing compound","IEA","1","0.142","69.4"
"116","GO:0032501","multicellular organismal process","TAS","1","0.142","69.4"
"117","GO:0001101","response to acid","IEA","1","0.142","69.4"
"118","GO:0042493","response to drug","IEA","1","0.142","69.4"
"119","GO:1901698","response to nitrogen compound","IEA","1","0.142","69.4"
"120","GO:0009991","response to extracellular stimulus","IEA","1","0.142","69.4"
"121","GO:0070555","response to interleukin-1","IEA","1","0.142","69.4"
"122","GO:0007584","response to nutrient","IEA","1","0.142","69.4"
"123","GO:0042221","response to chemical stimulus","IEA","1","0.142","69.4"
"124","GO:0070482","response to oxygen levels","IEA","1","0.142","69.4"
"125","GO:0009628","response to abiotic stimulus","IEA","1","0.142","69.4"
"126","GO:0005737","cytoplasm","ISS, IBA, ISO, IDA","13","1.85","83.3"
"127","GO:0044464","cell part","ISS, IBA, ISO, IDA","13","1.85","83.3"
"128","GO:0005623","cell","ISS, IBA, ISO, IDA","13","1.85","83.3"
"129","GO:0005622","intracellular","ISS, IBA, ISO, IDA","13","1.85","83.3"
"130","GO:0044424","intracellular part","ISS, IBA, ISO, IDA","13","1.85","83.3"
"131","GO:0044444","cytoplasmic part","ISS, IBA, ISO, IDA","13","1.85","83.3"
"132","GO:0005829","cytosol","IBA, ISO, IDA","13","1.85","83.3"
"133","GO:0043231","intracellular membrane-bounded organelle","ISS, IDA","2","0.284","73.2"
"134","GO:0043229","intracellular organelle","ISS, IDA","2","0.284","73.2"
"135","GO:0005739","mitochondrion","ISS, IDA","2","0.284","73.2"
"136","GO:0043227","membrane-bounded organelle","ISS, IDA","2","0.284","73.2"
"137","GO:0043226","organelle","ISS, IDA","2","0.284","73.2"
"138","GO:0045202","synapse","IEA, ISO","2","0.284","73.2"
