"","V1","V2","V3","V4","V5","V6"
"1","ID","GO term","Evidence","SeqCount","Frequency","relative_fontsize"
"2","GO:0005488","binding","TAS, ISS, IPI, NAS, ISO, IEA, IC, IMP, IDA","2083","9.48","87.2"
"3","GO:0043167","ion binding","IEA, NAS, TAS, ISS, IDA","1528","6.95","85.5"
"4","GO:0003824","catalytic activity","IMP, ISS, IBA, TAS, NAS, ISO, IEA, IGI, IDA","1494","6.8","85.4"
"5","GO:0009987","cellular process","TAS, ISS, IBA, IPI, IMP, NAS, IEP, IEA, ISO, IC, IGI, IDA","3164","14.4","89.5"
"6","GO:0044699","single-organism process","TAS, ISS, IEP, IPI, IMP, NAS, IEA, ISO, IC, IGI, IDA","2467","11.2","88.1"
"7","GO:0065007","biological regulation","IPI, IMP, ISS, IEP, TAS, NAS, ISO, IEA, IC, IGI, IDA","2479","11.3","88.2"
"8","GO:0050789","regulation of biological process","IPI, IMP, ISS, IEP, TAS, NAS, ISO, IEA, IC, IGI, IDA","2451","11.2","88.1"
"9","GO:0050794","regulation of cellular process","IPI, IMP, ISS, IEP, TAS, NAS, ISO, IEA, IC, IGI, IDA","2382","10.8","87.9"
"10","GO:0044763","single-organism cellular process","TAS, ISS, IEP, IPI, IMP, NAS, IEA, ISO, IC, IGI, IDA","2327","10.6","87.8"
"11","GO:0008152","metabolic process","NAS, ISS, IBA, IPI, IMP, ISO, IEA, TAS, IGI, IDA","2343","10.7","87.8"
"12","GO:0071704","organic substance metabolic process","NAS, ISS, IBA, IPI, IMP, ISO, IEA, TAS, IDA","1933","8.8","86.8"
"13","GO:0044237","cellular metabolic process","NAS, ISS, IBA, IPI, IMP, ISO, IEA, TAS, IDA","1912","8.7","86.7"
"14","GO:0044238","primary metabolic process","NAS, ISS, IBA, IPI, IMP, ISO, IEA, TAS, IDA","1894","8.62","86.7"
"15","GO:0050896","response to stimulus","IPI, NAS, ISS, IEP, TAS, IMP, ISO, IEA, IC, IGI, IDA","1772","8.07","86.3"
"16","GO:0051716","cellular response to stimulus","TAS, ISS, IEP, IPI, IMP, NAS, IEA, ISO, IC, IGI, IDA","1613","7.34","85.8"
"17","GO:0043170","macromolecule metabolic process","NAS, ISS, IBA, IPI, IMP, ISO, IEA, TAS, IDA","1583","7.21","85.7"
"18","GO:0007154","cell communication","TAS, ISS, IEP, IPI, IMP, NAS, IEA, ISO, IC, IGI, IDA","1559","7.1","85.6"
"19","GO:0044260","cellular macromolecule metabolic process","NAS, ISS, IBA, IPI, IMP, ISO, IEA, TAS, IDA","1533","6.98","85.5"
"20","GO:0044700","single organism signaling","TAS, ISS, IEP, IPI, IMP, NAS, IEA, ISO, IC, IGI, IDA","1541","7.01","85.6"
"21","GO:0023052","signaling","TAS, ISS, IEP, IPI, IMP, NAS, IEA, ISO, IC, IGI, IDA","1541","7.01","85.6"
"22","GO:0007165","signal transduction","TAS, ISS, IEP, IPI, IMP, NAS, IEA, ISO, IC, IGI, IDA","1525","6.94","85.5"
"23","GO:0019538","protein metabolic process","IPI, NAS, ISS, IBA, TAS, IMP, ISO, IEA, IDA","1383","6.29","85"
"24","GO:0043412","macromolecule modification","NAS, ISS, IBA, TAS, IMP, ISO, IEA, IDA","1342","6.11","84.8"
"25","GO:0044267","cellular protein metabolic process","NAS, ISS, IBA, TAS, IMP, ISO, IEA, IDA","1336","6.08","84.8"
"26","GO:0006464","cellular protein modification process","NAS, ISS, IBA, TAS, IMP, ISO, IEA, IDA","1316","5.99","84.7"
"27","GO:0036211","protein modification process","NAS, ISS, IBA, TAS, IMP, ISO, IEA, IDA","1316","5.99","84.7"
"28","GO:0044464","cell part","NAS, CURATED, TAS, ISS, IBA, IPI, IMP, POTENTIAL, ISO, BY SIMILARITY, IEA, PROBABLE, IC, IGI, IDA","1812","8.25","86.5"
"29","GO:0005623","cell","NAS, CURATED, TAS, ISS, IBA, IPI, IMP, POTENTIAL, ISO, BY SIMILARITY, IEA, PROBABLE, IC, IGI, IDA","1812","8.25","86.5"
"30","GO:0005622","intracellular","NAS, CURATED, TAS, ISS, IBA, IPI, IMP, POTENTIAL, ISO, BY SIMILARITY, IEA, PROBABLE, IC, IGI, IDA","1649","7.51","85.9"
"31","GO:0044424","intracellular part","NAS, CURATED, TAS, ISS, IBA, IPI, IMP, POTENTIAL, ISO, BY SIMILARITY, IEA, PROBABLE, IC, IGI, IDA","1593","7.25","85.8"
"32","GO:0043229","intracellular organelle","IPI, NAS, CURATED, PROBABLE, ISS, IBA, TAS, IMP, POTENTIAL, ISO, BY SIMILARITY, IEA, IC, IGI, IDA","1465","6.67","85.3"
"33","GO:0043226","organelle","IPI, NAS, CURATED, PROBABLE, ISS, IBA, TAS, IMP, POTENTIAL, ISO, BY SIMILARITY, IEA, IC, IGI, IDA","1465","6.67","85.3"
"34","GO:0043231","intracellular membrane-bounded organelle","IPI, CURATED, NAS, ISS, IBA, TAS, IMP, POTENTIAL, ISO, BY SIMILARITY, IEA, PROBABLE, IC, IGI, IDA","1236","5.63","84.4"
"35","GO:0043227","membrane-bounded organelle","IPI, CURATED, NAS, ISS, IBA, TAS, IMP, POTENTIAL, ISO, BY SIMILARITY, IEA, PROBABLE, IC, IGI, IDA","1236","5.63","84.4"
