"","V1","V2","V3","V4","V5","V6"
"1","ID","GO term","Evidence","SeqCount","Frequency","relative_fontsize"
"2","GO:0005488","binding","IEA, NAS, IPI, ISO, IDA","5","1.59","82.5"
"3","GO:0038023","signaling receptor activity","IEA, IMP, NAS, TAS","7","2.22","84.3"
"4","GO:0060089","molecular transducer activity","IEA, IMP, NAS, TAS","7","2.22","84.3"
"5","GO:0004888","transmembrane signaling receptor activity","IEA, IMP, NAS, TAS","7","2.22","84.3"
"6","GO:0008158","hedgehog receptor activity","IEA, IMP, TAS","7","2.22","84.3"
"7","GO:0005515","protein binding","IEA, IPI, ISO, IDA","5","1.59","82.5"
"8","GO:0005102","receptor binding","IEA, IPI, ISO, IDA","4","1.27","81.3"
"9","GO:0001664","G-protein coupled receptor binding","IPI, ISO","4","1.27","81.3"
"10","GO:0097108","hedgehog family protein binding","IPI, ISO","4","1.27","81.3"
"11","GO:0005119","smoothened binding","IPI, ISO","4","1.27","81.3"
"12","GO:0043167","ion binding","IEA, NAS, IDA","2","0.635","77.5"
"13","GO:0044877","GO:0044877","IEA, IDA","2","0.635","77.5"
"14","GO:0043168","anion binding","IEA, IDA","2","0.635","77.5"
"15","GO:0005113","patched binding","IEA, IDA","2","0.635","77.5"
"16","GO:1901681","sulfur compound binding","IEA, IDA","2","0.635","77.5"
"17","GO:0032934","sterol binding","ISO, IDA","2","0.635","77.5"
"18","GO:0030332","cyclin binding","IPI","2","0.635","77.5"
"19","GO:0008289","lipid binding","ISO, IDA","2","0.635","77.5"
"20","GO:0036094","small molecule binding","ISO, IDA","2","0.635","77.5"
"21","GO:0005496","steroid binding","ISO, IDA","2","0.635","77.5"
"22","GO:0008201","heparin binding","IEA, IDA","2","0.635","77.5"
"23","GO:0015485","cholesterol binding","ISO, IDA","2","0.635","77.5"
"24","GO:0043178","alcohol binding","ISO, IDA","2","0.635","77.5"
"25","GO:0097367","carbohydrate derivative binding","IEA, IDA","2","0.635","77.5"
"26","GO:0097159","organic cyclic compound binding","ISO, IDA","2","0.635","77.5"
"27","GO:0005539","glycosaminoglycan binding","IEA, IDA","2","0.635","77.5"
"28","GO:0038024","cargo receptor activity","IDA","1","0.317","73.8"
"29","GO:0030228","lipoprotein particle receptor activity","IDA","1","0.317","73.8"
"30","GO:0043169","cation binding","NAS","1","0.317","73.8"
"31","GO:0046914","transition metal ion binding","NAS","1","0.317","73.8"
"32","GO:0046872","metal ion binding","NAS","1","0.317","73.8"
"33","GO:0008270","zinc ion binding","NAS","1","0.317","73.8"
"34","GO:0065007","biological regulation","IMP, ISS, IEP, TAS, NAS, ISO, IEA, IGI, IDA","7","2.22","84.3"
"35","GO:0050789","regulation of biological process","IMP, ISS, IEP, TAS, NAS, ISO, IEA, IGI, IDA","7","2.22","84.3"
"36","GO:0050794","regulation of cellular process","IMP, ISS, IEP, TAS, NAS, ISO, IEA, IGI, IDA","7","2.22","84.3"
"37","GO:0009987","cellular process","TAS, NAS, IEP, IMP, ISO, IEA, IGI, IDA","8","2.54","85.1"
"38","GO:0050896","response to stimulus","TAS, NAS, IEP, IMP, ISO, IEA, IGI, IDA","7","2.22","84.3"
"39","GO:0032501","multicellular organismal process","NAS, ISS, IEP, TAS, IMP, ISO, IEA, IGI, IDA","8","2.54","85.1"
"40","GO:0051716","cellular response to stimulus","IMP, TAS, IEP, NAS, IEA, IGI, IDA","7","2.22","84.3"
"41","GO:0048856","anatomical structure development","NAS, ISS, IEP, TAS, IMP, ISO, IEA, IGI, IDA","6","1.9","83.5"
"42","GO:0032502","developmental process","NAS, ISS, IEP, TAS, IMP, ISO, IEA, IGI, IDA","6","1.9","83.5"
"43","GO:0007275","multicellular organismal development","NAS, ISS, IEP, TAS, IMP, ISO, IEA, IGI, IDA","6","1.9","83.5"
"44","GO:0007165","signal transduction","TAS, IEP, IMP, NAS, IEA, IGI, IDA","7","2.22","84.3"
"45","GO:0048731","system development","TAS, ISS, IEP, IMP, ISO, IEA, IGI, IDA","6","1.9","83.5"
"46","GO:0023052","signaling","TAS, IEP, IMP, NAS, IEA, IGI, IDA","7","2.22","84.3"
"47","GO:0007154","cell communication","TAS, IEP, IMP, NAS, IEA, IGI, IDA","7","2.22","84.3"
"48","GO:0009888","tissue development","TAS, ISS, IMP, ISO, IEA, IGI, IDA","5","1.59","82.5"
"49","GO:0048513","organ development","IEA, IMP, ISS, IGI, TAS","6","1.9","83.5"
"50","GO:0048519","negative regulation of biological process","TAS, ISS, IMP, ISO, IEA, IGI","5","1.59","82.5"
"51","GO:0007389","pattern specification process","NAS, TAS, ISS, IMP, ISO, IEA, IGI","4","1.27","81.3"
"52","GO:0060429","epithelium development","TAS, ISS, IMP, ISO, IEA, IGI, IDA","5","1.59","82.5"
"53","GO:0048523","negative regulation of cellular process","TAS, ISS, IMP, ISO, IEA, IGI","5","1.59","82.5"
"54","GO:0007399","nervous system development","TAS, ISS, IMP, ISO, IEA, IGI, IDA","4","1.27","81.3"
"55","GO:0007166","cell surface receptor signaling pathway","TAS, IEP, IMP, NAS, IEA, IGI, IDA","5","1.59","82.5"
"56","GO:0009790","embryo development","TAS, ISS, IMP, ISO, IEA, IGI, IDA","3","0.952","79.7"
"57","GO:0050793","regulation of developmental process","IEA, IMP, ISO, IGI, ISS","6","1.9","83.5"
"58","GO:0051239","regulation of multicellular organismal process","IEA, IMP, ISO, IGI, ISS","6","1.9","83.5"
"59","GO:0007224","smoothened signaling pathway","TAS, IEP, IMP, NAS, IEA, IGI, IDA","5","1.59","82.5"
"60","GO:0048869","cellular developmental process","IEA, IMP, ISO, IGI, TAS","6","1.9","83.5"
"61","GO:0030154","cell differentiation","IEA, IMP, ISO, IGI, TAS","6","1.9","83.5"
"62","GO:0003002","regionalization","TAS, NAS, ISS, IMP, ISO, IEA, IGI","4","1.27","81.3"
"63","GO:0009653","anatomical structure morphogenesis","IEA, IMP, ISO, ISS, IDA","4","1.27","81.3"
"64","GO:0042221","response to chemical stimulus","IEA, IEP, ISO, IMP, IDA","4","1.27","81.3"
"65","GO:0043009","chordate embryonic development","ISS, IMP, ISO, IEA, IGI, IDA","2","0.635","77.5"
"66","GO:0008589","regulation of smoothened signaling pathway","ISS, IMP, IGI, TAS","5","1.59","82.5"
"67","GO:0009792","embryo development ending in birth or egg hatching","ISS, IMP, ISO, IEA, IGI, IDA","2","0.635","77.5"
"68","GO:0048583","regulation of response to stimulus","ISS, IMP, IGI, TAS","5","1.59","82.5"
"69","GO:0035295","tube development","IEA, IMP, TAS, ISO, IDA","3","0.952","79.7"
"70","GO:0009966","regulation of signal transduction","ISS, IMP, IGI, TAS","5","1.59","82.5"
"71","GO:0048518","positive regulation of biological process","IEA, IMP, ISO, IGI, IDA","4","1.27","81.3"
"72","GO:0023051","regulation of signaling","ISS, IMP, IGI, TAS","5","1.59","82.5"
"73","GO:0010646","regulation of cell communication","ISS, IMP, IGI, TAS","5","1.59","82.5"
"74","GO:0030855","epithelial cell differentiation","IEA, IMP, IGI, TAS","5","1.59","82.5"
"75","GO:0048585","negative regulation of response to stimulus","ISS, IMP, IGI, TAS","5","1.59","82.5"
"76","GO:2000026","regulation of multicellular organismal development","IEA, IMP, IGI","6","1.9","83.5"
"77","GO:0048736","appendage development","IEA, IMP, ISO, ISS","3","0.952","79.7"
"78","GO:0009968","negative regulation of signal transduction","ISS, IMP, IGI, TAS","5","1.59","82.5"
"79","GO:0045879","negative regulation of smoothened signaling pathway","ISS, IMP, IGI, TAS","5","1.59","82.5"
"80","GO:0008544","epidermis development","IEA, IMP, IGI","4","1.27","81.3"
"81","GO:0035107","appendage morphogenesis","IEA, IMP, ISO, ISS","3","0.952","79.7"
"82","GO:0023057","negative regulation of signaling","ISS, IMP, IGI, TAS","5","1.59","82.5"
"83","GO:0010648","negative regulation of cell communication","ISS, IMP, IGI, TAS","5","1.59","82.5"
"84","GO:0045595","regulation of cell differentiation","IEA, IMP, ISO, IGI","4","1.27","81.3"
"85","GO:0001655","urogenital system development","IEA, IMP, IGI, IEP","2","0.635","77.5"
"86","GO:0021915","neural tube development","IEA, IMP, ISO, IDA","2","0.635","77.5"
"87","GO:1901700","response to oxygen-containing compound","IEA, IEP, IMP, IDA","2","0.635","77.5"
"88","GO:0009605","response to external stimulus","IEA, IMP, ISO","4","1.27","81.3"
"89","GO:0009887","organ morphogenesis","IEA, IMP, ISS","3","0.952","79.7"
"90","GO:0051241","negative regulation of multicellular organismal process","ISS, IMP, ISO, IGI","3","0.952","79.7"
"91","GO:0030182","neuron differentiation","IEA, IMP, ISO, IGI","4","1.27","81.3"
"92","GO:0048522","positive regulation of cellular process","IEA, IMP, IGI","4","1.27","81.3"
"93","GO:0048468","cell development","IEA, IMP, ISO, TAS","4","1.27","81.3"
"94","GO:0032879","regulation of localization","IEA, IMP, ISO, IDA","3","0.952","79.7"
"95","GO:0035108","limb morphogenesis","IEA, IMP, ISO, ISS","2","0.635","77.5"
"96","GO:0060173","limb development","IEA, IMP, ISO, ISS","2","0.635","77.5"
"97","GO:0045165","cell fate commitment","IEA, IMP, IGI","5","1.59","82.5"
"98","GO:0022008","neurogenesis","IEA, IMP, ISO, IGI","4","1.27","81.3"
"99","GO:0051093","negative regulation of developmental process","ISS, IMP, ISO, IGI","3","0.952","79.7"
"100","GO:0048699","generation of neurons","IEA, IMP, ISO, IGI","4","1.27","81.3"
"101","GO:0007409","axonogenesis","IEA, IMP, ISO","4","1.27","81.3"
"102","GO:0000003","reproduction","IEA, IMP, TAS","3","0.952","79.7"
"103","GO:0030856","regulation of epithelial cell differentiation","IEA, IGI","4","1.27","81.3"
"104","GO:0030858","positive regulation of epithelial cell differentiation","IEA, IGI","4","1.27","81.3"
"105","GO:0097485","neuron projection guidance","IEA, IMP, ISO","4","1.27","81.3"
"106","GO:0120039","GO:0120039","IEA, IMP, ISO","4","1.27","81.3"
"107","GO:0120036","GO:0120036","IEA, IMP, ISO","4","1.27","81.3"
"108","GO:0000904","cell morphogenesis involved in differentiation","IEA, IMP, ISO","4","1.27","81.3"
"109","GO:0000902","cell morphogenesis","IEA, IMP, ISO","4","1.27","81.3"
"110","GO:0048812","neuron projection morphogenesis","IEA, IMP, ISO","4","1.27","81.3"
"111","GO:0014070","response to organic cyclic compound","IEA, IEP, IMP","2","0.635","77.5"
"112","GO:0035239","tube morphogenesis","IEA, IMP, IDA","3","0.952","79.7"
"113","GO:0030030","cell projection organization","IEA, IMP, ISO","4","1.27","81.3"
"114","GO:0021532","neural tube patterning","IEA, IMP, ISO","2","0.635","77.5"
"115","GO:0033993","response to lipid","IEA, IEP, IMP","2","0.635","77.5"
"116","GO:2000112","regulation of cellular macromolecule biosynthetic process","IEA, IMP, ISO","2","0.635","77.5"
"117","GO:0048598","embryonic morphogenesis","IEA, IMP, ISS, IDA","2","0.635","77.5"
"118","GO:0019219","regulation of nucleobase-containing compound metabolic process","IEA, IMP, ISO","2","0.635","77.5"
"119","GO:0048858","cell projection morphogenesis","IEA, IMP, ISO","4","1.27","81.3"
"120","GO:0009913","epidermal cell differentiation","IEA, IGI","4","1.27","81.3"
"121","GO:0006935","chemotaxis","IEA, IMP, ISO","4","1.27","81.3"
"122","GO:2001141","regulation of RNA biosynthetic process","IEA, IMP, ISO","2","0.635","77.5"
"123","GO:0010033","response to organic substance","IEA, IEP, IMP","2","0.635","77.5"
"124","GO:0009889","regulation of biosynthetic process","IEA, IMP, ISO","2","0.635","77.5"
"125","GO:0009957","epidermal cell fate specification","IEA, IGI","4","1.27","81.3"
"126","GO:0009953","dorsal/ventral pattern formation","IEA, IMP, IGI, ISS","2","0.635","77.5"
"127","GO:0031175","neuron projection development","IEA, IMP, ISO","4","1.27","81.3"
"128","GO:0022414","reproductive process","IEA, IMP, TAS","3","0.952","79.7"
"129","GO:0040011","locomotion","IEA, IMP, ISO","4","1.27","81.3"
"130","GO:0019222","regulation of metabolic process","IEA, IMP, ISO","2","0.635","77.5"
"131","GO:0071840","cellular component organization or biogenesis","IEA, IMP, ISO","4","1.27","81.3"
"132","GO:0042127","regulation of cell proliferation","IEA, IMP","2","0.635","77.5"
"133","GO:0003006","developmental process involved in reproduction","IEA, IMP, TAS","3","0.952","79.7"
"134","GO:0006928","cellular component movement","IEA, IMP, ISO","4","1.27","81.3"
"135","GO:0061564","axon development","IEA, IMP, ISO","4","1.27","81.3"
"136","GO:0042303","molting cycle","IEA, IMP","4","1.27","81.3"
"137","GO:0006355","regulation of transcription, DNA-dependent","IEA, IMP, ISO","2","0.635","77.5"
"138","GO:0001708","cell fate specification","IEA, IGI","4","1.27","81.3"
"139","GO:0060562","epithelial tube morphogenesis","IEA, IMP, IDA","3","0.952","79.7"
"140","GO:1903506","GO:1903506","IEA, IMP, ISO","2","0.635","77.5"
"141","GO:0072001","renal system development","IEA, IMP, IGI, IEP","2","0.635","77.5"
"142","GO:0051252","regulation of RNA metabolic process","IEA, IMP, ISO","2","0.635","77.5"
"143","GO:0032989","cellular component morphogenesis","IEA, IMP, ISO","4","1.27","81.3"
"144","GO:0010556","regulation of macromolecule biosynthetic process","IEA, IMP, ISO","2","0.635","77.5"
"145","GO:0045606","positive regulation of epidermal cell differentiation","IEA, IGI","4","1.27","81.3"
"146","GO:0048729","tissue morphogenesis","IEA, IMP, IDA","3","0.952","79.7"
"147","GO:0045604","regulation of epidermal cell differentiation","IEA, IGI","4","1.27","81.3"
"148","GO:0051171","regulation of nitrogen compound metabolic process","IEA, IMP, ISO","2","0.635","77.5"
"149","GO:0080090","regulation of primary metabolic process","IEA, IMP, ISO","2","0.635","77.5"
"150","GO:0042330","taxis","IEA, IMP, ISO","4","1.27","81.3"
"151","GO:0060255","regulation of macromolecule metabolic process","IEA, IMP, ISO","2","0.635","77.5"
"152","GO:0016043","cellular component organization","IEA, IMP, ISO","4","1.27","81.3"
"153","GO:0001709","cell fate determination","IEA, IGI","4","1.27","81.3"
"154","GO:0007411","axon guidance","IEA, IMP, ISO","4","1.27","81.3"
"155","GO:0007417","central nervous system development","ISS, IMP, IEA, IGI","2","0.635","77.5"
"156","GO:0045597","positive regulation of cell differentiation","IEA, IGI","4","1.27","81.3"
"157","GO:0051094","positive regulation of developmental process","IEA, IGI","4","1.27","81.3"
"158","GO:0031326","regulation of cellular biosynthetic process","IEA, IMP, ISO","2","0.635","77.5"
"159","GO:0031323","regulation of cellular metabolic process","IEA, IMP, ISO","2","0.635","77.5"
"160","GO:0045682","regulation of epidermis development","IEA, IGI","4","1.27","81.3"
"161","GO:0045684","positive regulation of epidermis development","IEA, IGI","4","1.27","81.3"
"162","GO:0002009","morphogenesis of an epithelium","IEA, IMP, IDA","3","0.952","79.7"
"163","GO:0010468","regulation of gene expression","IEA, IMP, ISO","2","0.635","77.5"
"164","GO:0048666","neuron development","IEA, IMP, ISO","4","1.27","81.3"
"165","GO:0048667","cell morphogenesis involved in neuron differentiation","IEA, IMP, ISO","4","1.27","81.3"
"166","GO:0032990","cell part morphogenesis","IEA, IMP, ISO","4","1.27","81.3"
"167","GO:0019538","protein metabolic process","ISS, IMP, TAS","3","0.952","79.7"
"168","GO:0009892","negative regulation of metabolic process","IMP, ISO","2","0.635","77.5"
"169","GO:0009890","negative regulation of biosynthetic process","IMP, ISO","2","0.635","77.5"
"170","GO:0010558","negative regulation of macromolecule biosynthetic process","IMP, ISO","2","0.635","77.5"
"171","GO:0008285","negative regulation of cell proliferation","IEA, IMP","2","0.635","77.5"
"172","GO:0042592","homeostatic process","IEA, IMP","3","0.952","79.7"
"173","GO:2000113","negative regulation of cellular macromolecule biosynthetic process","IMP, ISO","2","0.635","77.5"
"174","GO:0001101","response to acid","IEA, IDA","2","0.635","77.5"
"175","GO:0006807","nitrogen compound metabolic process","ISS, IMP, TAS","3","0.952","79.7"
"176","GO:0009880","embryonic pattern specification","ISS, IMP, TAS","3","0.952","79.7"
"177","GO:0001838","embryonic epithelial tube formation","IEA, IMP, IDA","2","0.635","77.5"
"178","GO:0048608","reproductive structure development","IEA, IMP","3","0.952","79.7"
"179","GO:0048732","gland development","IEA, IMP","2","0.635","77.5"
"180","GO:0016331","morphogenesis of embryonic epithelium","IEA, IMP, IDA","2","0.635","77.5"
"181","GO:0061458","reproductive system development","IEA, IMP","3","0.952","79.7"
"182","GO:0045934","negative regulation of nucleobase-containing compound metabolic process","IMP, ISO","2","0.635","77.5"
"183","GO:0044238","primary metabolic process","ISS, IMP, TAS","3","0.952","79.7"
"184","GO:0072359","circulatory system development","IEA, IMP, IGI","3","0.952","79.7"
"185","GO:0001822","kidney development","IEA, IMP, IGI","2","0.635","77.5"
"186","GO:1901564","organonitrogen compound metabolic process","ISS, IMP, TAS","3","0.952","79.7"
"187","GO:0030879","mammary gland development","IEA, IMP","2","0.635","77.5"
"188","GO:0048646","anatomical structure formation involved in morphogenesis","IEA, IMP, IDA","2","0.635","77.5"
"189","GO:1903507","GO:1903507","IMP, ISO","2","0.635","77.5"
"190","GO:0051253","negative regulation of RNA metabolic process","IMP, ISO","2","0.635","77.5"
"191","GO:0071704","organic substance metabolic process","ISS, IMP, TAS","3","0.952","79.7"
"192","GO:1902679","GO:1902679","IMP, ISO","2","0.635","77.5"
"193","GO:0051172","negative regulation of nitrogen compound metabolic process","IMP, ISO","2","0.635","77.5"
"194","GO:0051179","localization","ISO, IDA","3","0.952","79.7"
"195","GO:0051726","regulation of cell cycle","IEA, IMP","3","0.952","79.7"
"196","GO:0010605","negative regulation of macromolecule metabolic process","IMP, ISO","2","0.635","77.5"
"197","GO:0048878","chemical homeostasis","IEA, IMP","3","0.952","79.7"
"198","GO:0007346","regulation of mitotic cell cycle","IEA, IMP","3","0.952","79.7"
"199","GO:0001841","neural tube formation","IEA, IMP, IDA","2","0.635","77.5"
"200","GO:0065008","regulation of biological quality","IEA, IMP","3","0.952","79.7"
"201","GO:0008152","metabolic process","ISS, IMP, TAS","3","0.952","79.7"
"202","GO:0035148","tube formation","IEA, IMP, IDA","2","0.635","77.5"
"203","GO:0007507","heart development","IEA, IMP, IGI","3","0.952","79.7"
"204","GO:0045892","negative regulation of transcription, DNA-dependent","IMP, ISO","2","0.635","77.5"
"205","GO:0006508","proteolysis","ISS, IMP, TAS","3","0.952","79.7"
"206","GO:0010629","negative regulation of gene expression","IMP, ISO","2","0.635","77.5"
"207","GO:0043170","macromolecule metabolic process","ISS, IMP, TAS","3","0.952","79.7"
"208","GO:0021904","dorsal/ventral neural tube patterning","IEA, IMP","2","0.635","77.5"
"209","GO:0031327","negative regulation of cellular biosynthetic process","IMP, ISO","2","0.635","77.5"
"210","GO:0031324","negative regulation of cellular metabolic process","IMP, ISO","2","0.635","77.5"
"211","GO:0072175","epithelial tube formation","IEA, IMP, IDA","2","0.635","77.5"
"212","GO:0040008","regulation of growth","ISS, IMP","2","0.635","77.5"
"213","GO:0051049","regulation of transport","ISO, IDA","2","0.635","77.5"
"214","GO:0030850","prostate gland development","IEA","2","0.635","77.5"
"215","GO:0031100","organ regeneration","IEA","2","0.635","77.5"
"216","GO:0007281","germ cell development","IMP, TAS","1","0.317","73.8"
"217","GO:0009628","response to abiotic stimulus","IEA","2","0.635","77.5"
"218","GO:0001843","neural tube closure","IEA, IMP","2","0.635","77.5"
"219","GO:0007444","imaginal disc development","IMP, TAS","1","0.317","73.8"
"220","GO:0051782","negative regulation of cell division","IEA, IMP","2","0.635","77.5"
"221","GO:0009893","positive regulation of metabolic process","IEA, IMP","2","0.635","77.5"
"222","GO:0009891","positive regulation of biosynthetic process","IEA, IMP","2","0.635","77.5"
"223","GO:0048568","embryonic organ development","IEA, IGI","2","0.635","77.5"
"224","GO:0000578","embryonic axis specification","ISS, IMP","2","0.635","77.5"
"225","GO:0060606","tube closure","IEA, IMP","2","0.635","77.5"
"226","GO:0060603","mammary gland duct morphogenesis","IEA, IMP","2","0.635","77.5"
"227","GO:0072028","nephron morphogenesis","IEA, IMP","2","0.635","77.5"
"228","GO:0010557","positive regulation of macromolecule biosynthetic process","IEA, IMP","2","0.635","77.5"
"229","GO:0097305","response to alcohol","IEP, IMP","2","0.635","77.5"
"230","GO:0097306","cellular response to alcohol","IEP, IMP","2","0.635","77.5"
"231","GO:0048638","regulation of developmental growth","ISS, IMP","2","0.635","77.5"
"232","GO:0000122","negative regulation of transcription from RNA polymerase II promoter","IMP, ISO","2","0.635","77.5"
"233","GO:1905954","GO:1905954","ISO, IDA","2","0.635","77.5"
"234","GO:1905952","GO:1905952","ISO, IDA","2","0.635","77.5"
"235","GO:0008283","cell proliferation","IEA, IMP","2","0.635","77.5"
"236","GO:0001654","eye development","IMP","2","0.635","77.5"
"237","GO:0001656","metanephros development","IEA, IMP","2","0.635","77.5"
"238","GO:0001657","ureteric bud development","IEA, IMP","2","0.635","77.5"
"239","GO:0001658","branching involved in ureteric bud morphogenesis","IEA, IMP","2","0.635","77.5"
"240","GO:0045926","negative regulation of growth","ISS, IMP","2","0.635","77.5"
"241","GO:0042593","glucose homeostasis","IEA, IMP","2","0.635","77.5"
"242","GO:0001889","liver development","IEA","2","0.635","77.5"
"243","GO:0051302","regulation of cell division","IEA, IMP","2","0.635","77.5"
"244","GO:0007276","gamete generation","IMP, TAS","1","0.317","73.8"
"245","GO:0072203","cell proliferation involved in metanephros development","IEA, IMP","2","0.635","77.5"
"246","GO:0051301","cell division","IEA, TAS","2","0.635","77.5"
"247","GO:0032526","response to retinoic acid","IEA","2","0.635","77.5"
"248","GO:0032355","response to estradiol stimulus","IEA","2","0.635","77.5"
"249","GO:1901701","cellular response to oxygen-containing compound","IEP, IMP","2","0.635","77.5"
"250","GO:0040015","negative regulation of multicellular organism growth","ISS, IMP","2","0.635","77.5"
"251","GO:0072657","protein localization to membrane","ISO, IDA","2","0.635","77.5"
"252","GO:0008104","protein localization","ISO, IDA","2","0.635","77.5"
"253","GO:0072111","cell proliferation involved in kidney development","IEA, IMP","2","0.635","77.5"
"254","GO:0045667","regulation of osteoblast differentiation","IMP, ISO","2","0.635","77.5"
"255","GO:0044092","negative regulation of molecular function","IMP, ISO","2","0.635","77.5"
"256","GO:0060993","kidney morphogenesis","IEA, IMP","2","0.635","77.5"
"257","GO:0033036","macromolecule localization","ISO, IDA","2","0.635","77.5"
"258","GO:0045668","negative regulation of osteoblast differentiation","IMP, ISO","2","0.635","77.5"
"259","GO:0051050","positive regulation of transport","ISO, IDA","2","0.635","77.5"
"260","GO:0010035","response to inorganic substance","IEA, IDA","2","0.635","77.5"
"261","GO:0051704","multi-organism process","IMP, TAS","1","0.317","73.8"
"262","GO:0014020","primary neural tube formation","IEA, IMP","2","0.635","77.5"
"263","GO:0061008","hepaticobiliary system development","IEA","2","0.635","77.5"
"264","GO:0061005","cell differentiation involved in kidney development","IEA, IGI","2","0.635","77.5"
"265","GO:0009798","axis specification","ISS, IMP","2","0.635","77.5"
"266","GO:0009952","anterior/posterior pattern specification","NAS, TAS","1","0.317","73.8"
"267","GO:0032368","regulation of lipid transport","ISO, IDA","2","0.635","77.5"
"268","GO:0097421","liver regeneration","IEA","2","0.635","77.5"
"269","GO:0019953","sexual reproduction","IMP, TAS","1","0.317","73.8"
"270","GO:0070887","cellular response to chemical stimulus","IEP, IMP","2","0.635","77.5"
"271","GO:1990778","GO:1990778","ISO, IDA","2","0.635","77.5"
"272","GO:0032880","regulation of protein localization","IEA, IDA","2","0.635","77.5"
"273","GO:0031099","regeneration","IEA","2","0.635","77.5"
"274","GO:0021953","central nervous system neuron differentiation","IEA, IGI","2","0.635","77.5"
"275","GO:0048609","multicellular organismal reproductive process","IMP, TAS","1","0.317","73.8"
"276","GO:0071396","cellular response to lipid","IEP, IMP","2","0.635","77.5"
"277","GO:0071397","cellular response to cholesterol","IEP, IMP","2","0.635","77.5"
"278","GO:0040014","regulation of multicellular organism growth","ISS, IMP","2","0.635","77.5"
"279","GO:0042493","response to drug","IEA","2","0.635","77.5"
"280","GO:1902680","GO:1902680","IEA, IMP","2","0.635","77.5"
"281","GO:0072080","nephron tubule development","IEA, IMP","2","0.635","77.5"
"282","GO:0072088","nephron epithelium morphogenesis","IEA, IMP","2","0.635","77.5"
"283","GO:0061326","renal tubule development","IEA, IMP","2","0.635","77.5"
"284","GO:0030326","embryonic limb morphogenesis","ISS, IMP","2","0.635","77.5"
"285","GO:0001763","morphogenesis of a branching structure","IEA, IMP","2","0.635","77.5"
"286","GO:0043588","skin development","IEA, IMP","2","0.635","77.5"
"287","GO:0045935","positive regulation of nucleobase-containing compound metabolic process","IEA, IMP","2","0.635","77.5"
"288","GO:0061138","morphogenesis of a branching epithelium","IEA, IMP","2","0.635","77.5"
"289","GO:0060037","pharyngeal system development","IMP, ISO","2","0.635","77.5"
"290","GO:0035113","embryonic appendage morphogenesis","ISS, IMP","2","0.635","77.5"
"291","GO:0035137","hindlimb morphogenesis","IEA, IMP","2","0.635","77.5"
"292","GO:0021515","cell differentiation in spinal cord","IEA, IGI","2","0.635","77.5"
"293","GO:0021517","ventral spinal cord development","IEA, IGI","2","0.635","77.5"
"294","GO:0021510","spinal cord development","IEA, IGI","2","0.635","77.5"
"295","GO:0060322","head development","ISS, IMP","2","0.635","77.5"
"296","GO:0001823","mesonephros development","IEA, IMP","2","0.635","77.5"
"297","GO:0003007","heart morphogenesis","IEA, IMP","2","0.635","77.5"
"298","GO:0072659","protein localization to plasma membrane","ISO, IDA","2","0.635","77.5"
"299","GO:0043433","negative regulation of sequence-specific DNA binding transcription factor activity","IMP, ISO","2","0.635","77.5"
"300","GO:0044703","multi-organism reproductive process","IMP, TAS","1","0.317","73.8"
"301","GO:0048640","negative regulation of developmental growth","ISS, IMP","2","0.635","77.5"
"302","GO:0030278","regulation of ossification","IMP, ISO","2","0.635","77.5"
"303","GO:0030279","negative regulation of ossification","IMP, ISO","2","0.635","77.5"
"304","GO:0010157","response to chlorate","IEA, IDA","2","0.635","77.5"
"305","GO:0007420","brain development","ISS, IMP","2","0.635","77.5"
"306","GO:0051604","protein maturation","ISS, IMP","2","0.635","77.5"
"307","GO:0006357","regulation of transcription from RNA polymerase II promoter","IMP, ISO","2","0.635","77.5"
"308","GO:0060896","neural plate pattern specification","ISS, IMP","2","0.635","77.5"
"309","GO:0043616","keratinocyte proliferation","IEA, IMP","2","0.635","77.5"
"310","GO:0001701","in utero embryonic development","IEA, IGI","2","0.635","77.5"
"311","GO:0032374","regulation of cholesterol transport","ISO, IDA","2","0.635","77.5"
"312","GO:0032376","positive regulation of cholesterol transport","ISO, IDA","2","0.635","77.5"
"313","GO:0032371","regulation of sterol transport","ISO, IDA","2","0.635","77.5"
"314","GO:0032370","positive regulation of lipid transport","ISO, IDA","2","0.635","77.5"
"315","GO:0032373","positive regulation of sterol transport","ISO, IDA","2","0.635","77.5"
"316","GO:0060443","mammary gland morphogenesis","IEA, IMP","2","0.635","77.5"
"317","GO:0032504","multicellular organism reproduction","IMP, TAS","1","0.317","73.8"
"318","GO:0072009","nephron epithelium development","IEA, IMP","2","0.635","77.5"
"319","GO:0072163","mesonephric epithelium development","IEA, IMP","2","0.635","77.5"
"320","GO:0072164","mesonephric tubule development","IEA, IMP","2","0.635","77.5"
"321","GO:0016485","protein processing","ISS, IMP","2","0.635","77.5"
"322","GO:0072006","nephron development","IEA, IMP","2","0.635","77.5"
"323","GO:0050678","regulation of epithelial cell proliferation","IEA, IMP","2","0.635","77.5"
"324","GO:0007423","sensory organ development","IMP","2","0.635","77.5"
"325","GO:0071407","cellular response to organic cyclic compound","IEP, IMP","2","0.635","77.5"
"326","GO:0051254","positive regulation of RNA metabolic process","IEA, IMP","2","0.635","77.5"
"327","GO:0050673","epithelial cell proliferation","IEA, IMP","2","0.635","77.5"
"328","GO:0072171","mesonephric tubule morphogenesis","IEA, IMP","2","0.635","77.5"
"329","GO:0048754","branching morphogenesis of an epithelial tube","IEA, IMP","2","0.635","77.5"
"330","GO:0071310","cellular response to organic substance","IEP, IMP","2","0.635","77.5"
"331","GO:0061333","renal tubule morphogenesis","IEA, IMP","2","0.635","77.5"
"332","GO:0034613","cellular protein localization","ISO, IDA","2","0.635","77.5"
"333","GO:0051173","positive regulation of nitrogen compound metabolic process","IEA, IMP","2","0.635","77.5"
"334","GO:0036315","cellular response to sterol","IEP, IMP","2","0.635","77.5"
"335","GO:0036314","response to sterol","IEP, IMP","2","0.635","77.5"
"336","GO:0051641","cellular localization","ISO, IDA","2","0.635","77.5"
"337","GO:0050680","negative regulation of epithelial cell proliferation","IEA, IMP","2","0.635","77.5"
"338","GO:0007292","female gamete generation","IMP, TAS","1","0.317","73.8"
"339","GO:0070723","response to cholesterol","IEP, IMP","2","0.635","77.5"
"340","GO:0010604","positive regulation of macromolecule metabolic process","IEA, IMP","2","0.635","77.5"
"341","GO:0070727","cellular macromolecule localization","ISO, IDA","2","0.635","77.5"
"342","GO:0009612","response to mechanical stimulus","IEA","2","0.635","77.5"
"343","GO:0021522","spinal cord motor neuron differentiation","IEA, IGI","2","0.635","77.5"
"344","GO:0010874","regulation of cholesterol efflux","ISO, IDA","2","0.635","77.5"
"345","GO:0010875","positive regulation of cholesterol efflux","ISO, IDA","2","0.635","77.5"
"346","GO:0018996","molting cycle, collagen and cuticulin-based cuticle","IMP","2","0.635","77.5"
"347","GO:0060675","ureteric bud morphogenesis","IEA, IMP","2","0.635","77.5"
"348","GO:0060831","smoothened signaling pathway involved in dorsal/ventral neural tube patterning","IEA, IMP","2","0.635","77.5"
"349","GO:0001840","neural plate development","ISS, IMP","2","0.635","77.5"
"350","GO:0065009","regulation of molecular function","IMP, ISO","2","0.635","77.5"
"351","GO:0048477","oogenesis","IMP, TAS","1","0.317","73.8"
"352","GO:0009719","response to endogenous stimulus","IEA","2","0.635","77.5"
"353","GO:0042633","hair cycle","IEA, IMP","2","0.635","77.5"
"354","GO:0071679","commissural neuron axon guidance","IEA, ISO","2","0.635","77.5"
"355","GO:0022412","cellular process involved in reproduction in multicellular organism","IMP, TAS","1","0.317","73.8"
"356","GO:0035220","wing disc development","IMP, TAS","1","0.317","73.8"
"357","GO:0021997","neural plate axis specification","ISS, IMP","2","0.635","77.5"
"358","GO:0022612","gland morphogenesis","IEA, IMP","2","0.635","77.5"
"359","GO:0045596","negative regulation of cell differentiation","IMP, ISO","2","0.635","77.5"
"360","GO:0045893","positive regulation of transcription, DNA-dependent","IEA, IMP","2","0.635","77.5"
"361","GO:0061053","somite development","IMP","2","0.635","77.5"
"362","GO:0051090","regulation of sequence-specific DNA binding transcription factor activity","IMP, ISO","2","0.635","77.5"
"363","GO:0009725","response to hormone stimulus","IEA","2","0.635","77.5"
"364","GO:0010628","positive regulation of gene expression","IEA, IMP","2","0.635","77.5"
"365","GO:0061180","mammary gland epithelium development","IEA, IMP","2","0.635","77.5"
"366","GO:1903508","GO:1903508","IEA, IMP","2","0.635","77.5"
"367","GO:0031328","positive regulation of cellular biosynthetic process","IEA, IMP","2","0.635","77.5"
"368","GO:0031325","positive regulation of cellular metabolic process","IEA, IMP","2","0.635","77.5"
"369","GO:0072078","nephron tubule morphogenesis","IEA, IMP","2","0.635","77.5"
"370","GO:0072073","kidney epithelium development","IEA, IMP","2","0.635","77.5"
"371","GO:0033500","carbohydrate homeostasis","IEA, IMP","2","0.635","77.5"
"372","GO:0010467","gene expression","ISS, IMP","2","0.635","77.5"
"373","GO:0060644","mammary gland epithelial cell differentiation","IEA, IMP","2","0.635","77.5"
"374","GO:0048103","somatic stem cell division","TAS","1","0.317","73.8"
"375","GO:0048100","wing disc anterior/posterior pattern formation","TAS","1","0.317","73.8"
"376","GO:0045137","development of primary sexual characteristics","IMP","1","0.317","73.8"
"377","GO:0007447","imaginal disc pattern formation","TAS","1","0.317","73.8"
"378","GO:0007445","determination of imaginal disc primordium","IMP","1","0.317","73.8"
"379","GO:0007448","anterior/posterior pattern specification, imaginal disc","TAS","1","0.317","73.8"
"380","GO:0001503","ossification","IMP","1","0.317","73.8"
"381","GO:0048563","post-embryonic organ morphogenesis","IMP","1","0.317","73.8"
"382","GO:0048569","post-embryonic organ development","IMP","1","0.317","73.8"
"383","GO:0048707","instar larval or pupal morphogenesis","IMP","1","0.317","73.8"
"384","GO:2000274","regulation of epithelial cell migration, open tracheal system","IMP","1","0.317","73.8"
"385","GO:0042078","germ-line stem cell division","TAS","1","0.317","73.8"
"386","GO:0048635","negative regulation of muscle organ development","IGI","1","0.317","73.8"
"387","GO:0048634","regulation of muscle organ development","IGI","1","0.317","73.8"
"388","GO:0010002","cardioblast differentiation","IGI","1","0.317","73.8"
"389","GO:0055088","lipid homeostasis","IMP","1","0.317","73.8"
"390","GO:0030707","ovarian follicle cell development","TAS","1","0.317","73.8"
"391","GO:0010632","regulation of epithelial cell migration","IMP","1","0.317","73.8"
"392","GO:0006897","endocytosis","IDA","1","0.317","73.8"
"393","GO:0035120","post-embryonic appendage morphogenesis","IMP","1","0.317","73.8"
"394","GO:0007472","wing disc morphogenesis","IMP","1","0.317","73.8"
"395","GO:0043067","regulation of programmed cell death","IGI","1","0.317","73.8"
"396","GO:0048592","eye morphogenesis","IMP","1","0.317","73.8"
"397","GO:0040012","regulation of locomotion","IMP","1","0.317","73.8"
"398","GO:0006796","phosphate-containing compound metabolic process","TAS","1","0.317","73.8"
"399","GO:0006793","phosphorus metabolic process","TAS","1","0.317","73.8"
"400","GO:0007476","imaginal disc-derived wing morphogenesis","IMP","1","0.317","73.8"
"401","GO:0002066","columnar/cuboidal epithelial cell development","TAS","1","0.317","73.8"
"402","GO:0002064","epithelial cell development","TAS","1","0.317","73.8"
"403","GO:0002065","columnar/cuboidal epithelial cell differentiation","TAS","1","0.317","73.8"
"404","GO:0035225","determination of genital disc primordium","IMP","1","0.317","73.8"
"405","GO:0035161","imaginal disc lineage restriction","TAS","1","0.317","73.8"
"406","GO:0035215","genital disc development","IMP","1","0.317","73.8"
"407","GO:0002165","instar larval or pupal development","IMP","1","0.317","73.8"
"408","GO:0009886","post-embryonic morphogenesis","IMP","1","0.317","73.8"
"409","GO:0051234","establishment of localization","IDA","1","0.317","73.8"
"410","GO:0007548","sex differentiation","IMP","1","0.317","73.8"
"411","GO:0009954","proximal/distal pattern formation","IMP","1","0.317","73.8"
"412","GO:0006898","receptor-mediated endocytosis","IDA","1","0.317","73.8"
"413","GO:2000145","regulation of cell motility","IMP","1","0.317","73.8"
"414","GO:0043010","camera-type eye development","IMP","1","0.317","73.8"
"415","GO:0007049","cell cycle","IEA","1","0.317","73.8"
"416","GO:0051270","regulation of cellular component movement","IMP","1","0.317","73.8"
"417","GO:0048737","imaginal disc-derived appendage development","IMP","1","0.317","73.8"
"418","GO:0001649","osteoblast differentiation","IMP","1","0.317","73.8"
"419","GO:0035051","cardiocyte differentiation","IGI","1","0.317","73.8"
"420","GO:0035214","eye-antennal disc development","IMP","1","0.317","73.8"
"421","GO:0035114","imaginal disc-derived appendage morphogenesis","IMP","1","0.317","73.8"
"422","GO:0044237","cellular metabolic process","TAS","1","0.317","73.8"
"423","GO:0048863","stem cell differentiation","IGI","1","0.317","73.8"
"424","GO:0016192","vesicle-mediated transport","IDA","1","0.317","73.8"
"425","GO:0042981","regulation of apoptotic process","IGI","1","0.317","73.8"
"426","GO:0006810","transport","IDA","1","0.317","73.8"
"427","GO:0007422","peripheral nervous system development","TAS","1","0.317","73.8"
"428","GO:0031290","retinal ganglion cell axon guidance","IMP","1","0.317","73.8"
"429","GO:0090596","GO:0090596","IMP","1","0.317","73.8"
"430","GO:0030334","regulation of cell migration","IMP","1","0.317","73.8"
"431","GO:0007552","metamorphosis","IMP","1","0.317","73.8"
"432","GO:0001746","Bolwig's organ morphogenesis","IMP","1","0.317","73.8"
"433","GO:0007455","eye-antennal disc morphogenesis","IMP","1","0.317","73.8"
"434","GO:0008406","gonad development","IMP","1","0.317","73.8"
"435","GO:0048099","anterior/posterior lineage restriction, imaginal disc","TAS","1","0.317","73.8"
"436","GO:0016311","dephosphorylation","TAS","1","0.317","73.8"
"437","GO:0055034","Bolwig's organ development","IMP","1","0.317","73.8"
"438","GO:0035222","wing disc pattern formation","TAS","1","0.317","73.8"
"439","GO:0009791","post-embryonic development","IMP","1","0.317","73.8"
"440","GO:0007560","imaginal disc morphogenesis","IMP","1","0.317","73.8"
"441","GO:0017145","stem cell division","TAS","1","0.317","73.8"
"442","GO:0010941","regulation of cell death","IGI","1","0.317","73.8"
"443","GO:0098657","GO:0098657","IDA","1","0.317","73.8"
"444","GO:0016020","membrane","CURATED, TAS, NAS, ISO, IEA, IDA","11","3.49","86.8"
"445","GO:0044425","membrane part","IEA, NAS, IDA, ISO, TAS","11","3.49","86.8"
"446","GO:0016021","integral to membrane","IEA, NAS, IDA, TAS","11","3.49","86.8"
"447","GO:0044464","cell part","IEA, NAS, TAS, ISO, IDA","7","2.22","84.3"
"448","GO:0031224","intrinsic to membrane","IEA, NAS, IDA, TAS","11","3.49","86.8"
"449","GO:0005623","cell","IEA, NAS, TAS, ISO, IDA","7","2.22","84.3"
"450","GO:0005886","plasma membrane","IEA, NAS, TAS, ISO, IDA","6","1.9","83.5"
"451","GO:0071944","cell periphery","IEA, NAS, TAS, ISO, IDA","6","1.9","83.5"
"452","GO:0044459","plasma membrane part","IEA, NAS, IDA, ISO, TAS","6","1.9","83.5"
"453","GO:0043226","organelle","IEA, TAS, ISO, IDA","5","1.59","82.5"
"454","GO:0043229","intracellular organelle","IEA, TAS, ISO, IDA","4","1.27","81.3"
"455","GO:0005737","cytoplasm","IEA, TAS, ISO, IDA","4","1.27","81.3"
"456","GO:0043227","membrane-bounded organelle","IEA, TAS, ISO, IDA","4","1.27","81.3"
"457","GO:0005622","intracellular","IEA, TAS, ISO, IDA","4","1.27","81.3"
"458","GO:0044424","intracellular part","IEA, TAS, ISO, IDA","4","1.27","81.3"
"459","GO:0120025","GO:0120025","IEA, TAS, ISO, IDA","4","1.27","81.3"
"460","GO:0042995","cell projection","IEA, TAS, ISO, IDA","4","1.27","81.3"
"461","GO:0044444","cytoplasmic part","IEA, TAS, ISO, IDA","4","1.27","81.3"
"462","GO:0098590","GO:0098590","IEA, TAS, ISO, IDA","3","0.952","79.7"
"463","GO:0031226","intrinsic to plasma membrane","NAS, IDA, TAS","4","1.27","81.3"
"464","GO:0005887","integral to plasma membrane","NAS, IDA, TAS","4","1.27","81.3"
"465","GO:0043231","intracellular membrane-bounded organelle","IEA, ISO, IDA","2","0.635","77.5"
"466","GO:0120038","GO:0120038","IEA, IDA, ISO, TAS","3","0.952","79.7"
"467","GO:0005929","cilium","TAS, IDA","4","1.27","81.3"
"468","GO:0044463","cell projection part","IEA, IDA, ISO, TAS","3","0.952","79.7"
"469","GO:0098805","GO:0098805","TAS, ISO, IDA","2","0.635","77.5"
"470","GO:0097708","GO:0097708","TAS, IDA","3","0.952","79.7"
"471","GO:0048471","perinuclear region of cytoplasm","ISO, IDA","3","0.952","79.7"
"472","GO:0031410","cytoplasmic vesicle","TAS, IDA","3","0.952","79.7"
"473","GO:0031982","vesicle","TAS, IDA","3","0.952","79.7"
"474","GO:0045121","membrane raft","ISO, IDA","2","0.635","77.5"
"475","GO:0098984","GO:0098984","IEA, ISO","2","0.635","77.5"
"476","GO:0030427","site of polarized growth","IEA, ISO","2","0.635","77.5"
"477","GO:0030426","growth cone","IEA, ISO","2","0.635","77.5"
"478","GO:0030425","dendrite","IEA, ISO","2","0.635","77.5"
"479","GO:0030424","axon","IEA, ISO","2","0.635","77.5"
"480","GO:0030139","endocytic vesicle","TAS, IDA","2","0.635","77.5"
"481","GO:0005901","caveola","ISO, IDA","2","0.635","77.5"
"482","GO:0045202","synapse","IEA, ISO","2","0.635","77.5"
"483","GO:0044853","GO:0044853","ISO, IDA","2","0.635","77.5"
"484","GO:0044441","cilium part","IDA, TAS","2","0.635","77.5"
"485","GO:0045177","apical part of cell","IEA, IDA","1","0.317","73.8"
"486","GO:0097447","dendritic tree","IEA, ISO","2","0.635","77.5"
"487","GO:0005634","nucleus","IEA, ISO","2","0.635","77.5"
"488","GO:0097458","neuron part","IEA, ISO","2","0.635","77.5"
"489","GO:0044456","synapse part","IEA, ISO","2","0.635","77.5"
"490","GO:0030054","cell junction","IEA","1","0.317","73.8"
"491","GO:0043005","neuron projection","IEA, ISO","2","0.635","77.5"
"492","GO:0150034","GO:0150034","IEA, ISO","2","0.635","77.5"
"493","GO:0032279","asymmetric synapse","IEA, ISO","2","0.635","77.5"
"494","GO:0098794","GO:0098794","IEA, ISO","2","0.635","77.5"
"495","GO:0099572","GO:0099572","IEA, ISO","2","0.635","77.5"
"496","GO:0016324","apical plasma membrane","IEA, IDA","1","0.317","73.8"
"497","GO:0044292","dendrite terminus","IEA, ISO","2","0.635","77.5"
"498","GO:0098589","GO:0098589","ISO, IDA","2","0.635","77.5"
"499","GO:0044295","axonal growth cone","IEA, ISO","2","0.635","77.5"
"500","GO:0044294","dendritic growth cone","IEA, ISO","2","0.635","77.5"
"501","GO:0014069","postsynaptic density","IEA, ISO","2","0.635","77.5"
"502","GO:0030496","midbody","IEA, IDA","2","0.635","77.5"
"503","GO:0033267","axon part","IEA, ISO","2","0.635","77.5"
"504","GO:0098857","GO:0098857","ISO, IDA","2","0.635","77.5"
"505","GO:0044422","organelle part","IDA, TAS","2","0.635","77.5"
"506","GO:0036477","GO:0036477","IEA, ISO","2","0.635","77.5"
"507","GO:0012506","vesicle membrane","TAS","1","0.317","73.8"
"508","GO:0060170","cilium membrane","TAS","1","0.317","73.8"
"509","GO:0005912","adherens junction","IEA","1","0.317","73.8"
"510","GO:0070161","anchoring junction","IEA","1","0.317","73.8"
"511","GO:0030666","endocytic vesicle membrane","TAS","1","0.317","73.8"
"512","GO:0031514","motile cilium","IDA","1","0.317","73.8"
"513","GO:0097223","sperm part","IDA","1","0.317","73.8"
"514","GO:0044433","cytoplasmic vesicle part","TAS","1","0.317","73.8"
"515","GO:0005794","Golgi apparatus","IEA","1","0.317","73.8"
"516","GO:0097225","sperm midpiece","IDA","1","0.317","73.8"
"517","GO:0036126","sperm flagellum","IDA","1","0.317","73.8"
"518","GO:0098588","GO:0098588","TAS","1","0.317","73.8"
"519","GO:0031253","cell projection membrane","TAS","1","0.317","73.8"
"520","GO:0030659","cytoplasmic vesicle membrane","TAS","1","0.317","73.8"
"521","GO:0012505","endomembrane system","IEA","1","0.317","73.8"
"522","GO:0097729","GO:0097729","IDA","1","0.317","73.8"
"523","GO:0044446","intracellular organelle part","TAS","1","0.317","73.8"
"524","GO:0005576","extracellular region","TAS","1","0.317","73.8"
"525","GO:0031090","organelle membrane","TAS","1","0.317","73.8"
