"","V1","V2","V3","V4","V5","V6"
"1","ID","GO term","Evidence","SeqCount","Frequency","relative_fontsize"
"2","GO:0016491","oxidoreductase activity","TAS, ISS, NAS, ISM, IEA, IMP, IDA","878","83.5","99"
"3","GO:0003824","catalytic activity","TAS, ISS, NAS, ISM, IEA, IMP, IDA","878","83.5","99"
"4","GO:0004601","peroxidase activity","IEA, ISS, TAS, NAS, IDA","868","82.6","99"
"5","GO:0005488","binding","TAS, ISS, NAS, IEA, IMP, IDA","868","82.6","99"
"6","GO:0016209","antioxidant activity","IEA, ISS, TAS, NAS, IDA","868","82.6","99"
"7","GO:0016684","oxidoreductase activity, acting on peroxide as acceptor","IEA, ISS, TAS, NAS, IDA","868","82.6","99"
"8","GO:1901363","heterocyclic compound binding","IEA, ISS, NAS, IDA","868","82.6","99"
"9","GO:0020037","heme binding","IEA, ISS, NAS, IDA","868","82.6","99"
"10","GO:0046906","tetrapyrrole binding","IEA, ISS, NAS, IDA","868","82.6","99"
"11","GO:0097159","organic cyclic compound binding","IEA, ISS, NAS, IDA","868","82.6","99"
"12","GO:0043167","ion binding","IEA, NAS, IDA","113","10.8","87.9"
"13","GO:0043169","cation binding","IEA, NAS","96","9.13","87"
"14","GO:0046872","metal ion binding","IEA, NAS","96","9.13","87"
"15","GO:0016705","oxidoreductase activity, acting on paired donors, with incorporation or reduction of molecular oxygen","TAS, ISS, IMP, ISM, IEA, IDA","72","6.85","85.4"
"16","GO:0008152","metabolic process","TAS, ISS, NAS, ISM, IEA, IMP, IDA","878","83.5","99"
"17","GO:0055114","oxidation-reduction process","TAS, ISS, NAS, ISM, IEA, IMP, IDA","878","83.5","99"
"18","GO:0044710","single-organism metabolic process","TAS, ISS, NAS, ISM, IEA, IMP, IDA","878","83.5","99"
"19","GO:0006979","response to oxidative stress","NAS, ISS, IEP, IMP, IEA, IDA","868","82.6","99"
"20","GO:0050896","response to stimulus","TAS, ISS, IEP, IMP, NAS, IEA, IDA","868","82.6","99"
"21","GO:0006950","response to stress","NAS, ISS, IEP, TAS, IMP, IEA, IDA","868","82.6","99"
"22","GO:0009987","cellular process","TAS, ISS, IEP, IMP, NAS, IEA, IDA","146","13.9","89.3"
"23","GO:0044699","single-organism process","TAS, ISS, IEP, IMP, NAS, IEA, ISO, IGI, IDA","136","12.9","88.9"
"24","GO:0044237","cellular metabolic process","TAS, ISS, NAS, IEA, IMP, IDA","124","11.8","88.4"
"25","GO:0071704","organic substance metabolic process","TAS, ISS, NAS, IEA, IMP, IDA","110","10.5","87.7"
"26","GO:0044763","single-organism cellular process","TAS, ISS, IEP, IMP, NAS, IEA, IDA","101","9.61","87.3"
"27","GO:0044281","small molecule metabolic process","TAS, ISS, NAS, IEA, IMP, IDA","104","9.9","87.4"
"28","GO:0009058","biosynthetic process","IEA, ISS, IDA, IMP","101","9.61","87.3"
"29","GO:0065007","biological regulation","IMP, ISS, TAS, NAS, IEA, IGI, IDA","83","7.9","86.2"
"30","GO:0032501","multicellular organismal process","IMP, ISS, IEP, NAS, ISO, IEA, IGI, IDA","89","8.47","86.6"
"31","GO:0044707","single-multicellular organism process","IMP, ISS, IEP, NAS, ISO, IEA, IGI, IDA","87","8.28","86.5"
"32","GO:0044238","primary metabolic process","TAS, ISS, NAS, IEA, IMP, IDA","92","8.75","86.8"
"33","GO:0050789","regulation of biological process","NAS, ISS, TAS, IMP, IEA, IGI, IDA","78","7.42","85.9"
"34","GO:0042221","response to chemical stimulus","TAS, ISS, IEP, IMP, IEA, IDA","80","7.61","86"
"35","GO:1901576","organic substance biosynthetic process","IEA, ISS, IDA, IMP","79","7.52","86"
"36","GO:0044249","cellular biosynthetic process","IEA, ISS, IDA, IMP","79","7.52","86"
"37","GO:0043436","oxoacid metabolic process","TAS, ISS, NAS, IEA, IMP, IDA","72","6.85","85.4"
"38","GO:0006082","organic acid metabolic process","TAS, ISS, NAS, IEA, IMP, IDA","72","6.85","85.4"
"39","GO:0051716","cellular response to stimulus","TAS, ISS, IEP, IMP, IEA, IDA","73","6.95","85.5"
"40","GO:0070887","cellular response to chemical stimulus","TAS, ISS, IEP, IMP, IEA, IDA","73","6.95","85.5"
"41","GO:0033554","cellular response to stress","IEA, IMP, ISS, IEP, IDA","72","6.85","85.4"
"42","GO:0044711","single-organism biosynthetic process","IEA, ISS, IDA, IMP","64","6.09","84.8"
"43","GO:0044283","small molecule biosynthetic process","IEA, ISS, IDA, IMP","63","5.99","84.7"
"44","GO:0019752","carboxylic acid metabolic process","TAS, ISS, NAS, IEA, IMP, IDA","55","5.23","84"
"45","GO:0032502","developmental process","NAS, IEP, IMP, ISO, IEA, IGI, IDA","56","5.33","84.1"
"46","GO:1901700","response to oxygen-containing compound","IEA, IMP, ISS, IEP, IDA","56","5.33","84.1"
"47","GO:0048856","anatomical structure development","NAS, IMP, ISO, IEA, IGI, IDA","53","5.04","83.8"
"48","GO:0044767","single-organism developmental process","NAS, IEP, IMP, IEA, IGI, IDA","54","5.14","83.9"
"49","GO:0002376","immune system process","IEA, IMP, IDA, ISS, NAS","53","5.04","83.8"
"50","GO:0009056","catabolic process","IEA, ISS, IDA","54","5.14","83.9"
"51","GO:0044464","cell part","IEA, ISS, TAS, CURATED, IDA","100","9.51","87.2"
"52","GO:0005623","cell","IEA, ISS, TAS, CURATED, IDA","100","9.51","87.2"
"53","GO:0005622","intracellular","IEA, ISS, TAS, CURATED, IDA","97","9.23","87.1"
"54","GO:0044424","intracellular part","IEA, ISS, TAS, CURATED, IDA","97","9.23","87.1"
"55","GO:0005737","cytoplasm","IEA, ISS, TAS, CURATED, IDA","96","9.13","87"
"56","GO:0043229","intracellular organelle","IEA, ISS, TAS, CURATED, IDA","80","7.61","86"
"57","GO:0043226","organelle","IEA, ISS, TAS, CURATED, IDA","80","7.61","86"
"58","GO:0043227","membrane-bounded organelle","IEA, ISS, TAS, CURATED, IDA","79","7.52","86"
"59","GO:0043231","intracellular membrane-bounded organelle","IEA, ISS, TAS, CURATED, IDA","79","7.52","86"
"60","GO:0044444","cytoplasmic part","IEA, TAS, CURATED, IDA","65","6.18","84.9"
