"","V1","V2","V3","V4","V5","V6"
"1","ID","GO term","Evidence","SeqCount","Frequency","relative_fontsize"
"2","GO:0003700","sequence-specific DNA binding transcription factor activity","IEA, ISS, NAS, IMP, IDA","101","82.1","98.9"
"3","GO:0001071","nucleic acid binding transcription factor activity","IEA, ISS, NAS, IMP, IDA","101","82.1","98.9"
"4","GO:0005488","binding","IEA, NAS, TAS, IPI, IDA","26","21.1","91.6"
"5","GO:0003676","nucleic acid binding","IEA, NAS, TAS, IDA","26","21.1","91.6"
"6","GO:0003677","DNA binding","IEA, NAS, TAS, IDA","26","21.1","91.6"
"7","GO:1901363","heterocyclic compound binding","IEA, NAS, TAS, IDA","26","21.1","91.6"
"8","GO:0097159","organic cyclic compound binding","IEA, NAS, TAS, IDA","26","21.1","91.6"
"9","GO:0000981","sequence-specific DNA binding RNA polymerase II transcription factor activity","IEA, IDA","20","16.3","90.1"
"10","GO:0001067","regulatory region nucleic acid binding","IEA, IDA","21","17.1","90.4"
"11","GO:0044212","transcription regulatory region DNA binding","IEA, IDA","21","17.1","90.4"
"12","GO:0000975","regulatory region DNA binding","IEA, IDA","21","17.1","90.4"
"13","GO:0043168","anion binding","IEA, IDA","20","16.3","90.1"
"14","GO:0043167","ion binding","IEA, IDA","20","16.3","90.1"
"15","GO:0042301","phosphate ion binding","IEA, IDA","20","16.3","90.1"
"16","GO:0003705","RNA polymerase II distal enhancer sequence-specific DNA binding transcription factor activity","IEA, IDA","19","15.4","89.9"
"17","GO:0003682","chromatin binding","IEA, IDA","19","15.4","89.9"
"18","GO:0050789","regulation of biological process","TAS, ISS, IEP, IMP, NAS, IEA, ISO, IGI, IDA","101","82.1","98.9"
"19","GO:0065007","biological regulation","TAS, ISS, IEP, IMP, NAS, IEA, ISO, IGI, IDA","101","82.1","98.9"
"20","GO:0050794","regulation of cellular process","TAS, ISS, IEP, IMP, NAS, IEA, ISO, IGI, IDA","101","82.1","98.9"
"21","GO:0019222","regulation of metabolic process","TAS, ISS, IMP, NAS, IEA, ISO, IDA","101","82.1","98.9"
"22","GO:0080090","regulation of primary metabolic process","TAS, ISS, IMP, NAS, IEA, ISO, IDA","101","82.1","98.9"
"23","GO:0060255","regulation of macromolecule metabolic process","TAS, ISS, IMP, NAS, IEA, ISO, IDA","101","82.1","98.9"
"24","GO:0009889","regulation of biosynthetic process","TAS, ISS, IMP, NAS, IEA, ISO, IDA","101","82.1","98.9"
"25","GO:0006355","regulation of transcription, DNA-dependent","TAS, ISS, NAS, ISO, IEA, IMP, IDA","101","82.1","98.9"
"26","GO:0031326","regulation of cellular biosynthetic process","TAS, ISS, IMP, NAS, IEA, ISO, IDA","101","82.1","98.9"
"27","GO:0031323","regulation of cellular metabolic process","TAS, ISS, IMP, NAS, IEA, ISO, IDA","101","82.1","98.9"
"28","GO:0010556","regulation of macromolecule biosynthetic process","TAS, ISS, NAS, ISO, IEA, IMP, IDA","101","82.1","98.9"
"29","GO:0019219","regulation of nucleobase-containing compound metabolic process","TAS, ISS, IMP, NAS, IEA, ISO, IDA","101","82.1","98.9"
"30","GO:0051171","regulation of nitrogen compound metabolic process","TAS, ISS, IMP, NAS, IEA, ISO, IDA","101","82.1","98.9"
"31","GO:0051252","regulation of RNA metabolic process","TAS, ISS, IMP, NAS, IEA, ISO, IDA","101","82.1","98.9"
"32","GO:0010468","regulation of gene expression","TAS, ISS, IMP, NAS, IEA, ISO, IDA","101","82.1","98.9"
"33","GO:2000112","regulation of cellular macromolecule biosynthetic process","TAS, ISS, NAS, ISO, IEA, IMP, IDA","101","82.1","98.9"
"34","GO:2001141","regulation of RNA biosynthetic process","TAS, ISS, NAS, ISO, IEA, IMP, IDA","101","82.1","98.9"
"35","GO:0044699","single-organism process","TAS, IEP, IMP, NAS, IEA, IDA","44","35.8","94.4"
"36","GO:0048518","positive regulation of biological process","TAS, IEP, IMP, IEA, IGI, IDA","43","35","94.3"
"37","GO:0048522","positive regulation of cellular process","TAS, IEP, IMP, IEA, IGI, IDA","43","35","94.3"
"38","GO:0044707","single-multicellular organism process","IEA, IMP, TAS, NAS","42","34.1","94.2"
"39","GO:0032501","multicellular organismal process","IEA, IMP, TAS, NAS","42","34.1","94.2"
"40","GO:0048583","regulation of response to stimulus","TAS, ISS, IEP, IMP, IEA, IDA","39","31.7","93.8"
"41","GO:0009893","positive regulation of metabolic process","IEA, IMP, TAS, IDA","39","31.7","93.8"
"42","GO:0009891","positive regulation of biosynthetic process","IEA, IMP, TAS, IDA","39","31.7","93.8"
"43","GO:0045893","positive regulation of transcription, DNA-dependent","IEA, TAS, IDA","39","31.7","93.8"
"44","GO:0031328","positive regulation of cellular biosynthetic process","IEA, IMP, TAS, IDA","39","31.7","93.8"
"45","GO:0031325","positive regulation of cellular metabolic process","IEA, IMP, TAS, IDA","39","31.7","93.8"
"46","GO:0010557","positive regulation of macromolecule biosynthetic process","IEA, IMP, TAS, IDA","39","31.7","93.8"
"47","GO:0051173","positive regulation of nitrogen compound metabolic process","IEA, IMP, TAS, IDA","39","31.7","93.8"
"48","GO:0010604","positive regulation of macromolecule metabolic process","IEA, IMP, TAS, IDA","39","31.7","93.8"
"49","GO:0010628","positive regulation of gene expression","IEA, TAS, IDA","39","31.7","93.8"
"50","GO:0045935","positive regulation of nucleobase-containing compound metabolic process","IEA, TAS, IDA","39","31.7","93.8"
"51","GO:0048584","positive regulation of response to stimulus","IEA, IEP, TAS, IDA","38","30.9","93.6"
"52","GO:0051254","positive regulation of RNA metabolic process","IEA, TAS, IDA","39","31.7","93.8"
"53","GO:0051239","regulation of multicellular organismal process","IEA, IMP, TAS, IDA","38","30.9","93.6"
"54","GO:0009966","regulation of signal transduction","IEA, IEP, IDA, IMP","37","30.1","93.5"
"55","GO:0023051","regulation of signaling","IEA, IEP, IDA, IMP","37","30.1","93.5"
"56","GO:0010646","regulation of cell communication","IEA, IEP, IDA, IMP","37","30.1","93.5"
"57","GO:0009967","positive regulation of signal transduction","IEA, IEP, IDA","37","30.1","93.5"
"58","GO:0010627","regulation of intracellular protein kinase cascade","IEA, IEP, IDA","37","30.1","93.5"
"59","GO:0051246","regulation of protein metabolic process","IEA, IMP, IDA","37","30.1","93.5"
"60","GO:0043122","regulation of I-kappaB kinase/NF-kappaB cascade","IEA, IEP, IDA","37","30.1","93.5"
"61","GO:0043123","positive regulation of I-kappaB kinase/NF-kappaB cascade","IEA, IEP, IDA","37","30.1","93.5"
"62","GO:0001817","regulation of cytokine production","IEA, IMP, IDA, TAS","37","30.1","93.5"
"63","GO:0023056","positive regulation of signaling","IEA, IEP, IDA","37","30.1","93.5"
"64","GO:0010647","positive regulation of cell communication","IEA, IEP, IDA","37","30.1","93.5"
"65","GO:0010740","positive regulation of intracellular protein kinase cascade","IEA, IEP, IDA","37","30.1","93.5"
"66","GO:0042035","regulation of cytokine biosynthetic process","IEA, IMP, IDA","37","30.1","93.5"
"67","GO:0045075","regulation of interleukin-12 biosynthetic process","IEA, IMP, IDA","37","30.1","93.5"
"68","GO:0045084","positive regulation of interleukin-12 biosynthetic process","IEA, IMP, IDA","37","30.1","93.5"
"69","GO:0051247","positive regulation of protein metabolic process","IEA, IMP, IDA","37","30.1","93.5"
"70","GO:0032655","regulation of interleukin-12 production","IEA, IMP, IDA","37","30.1","93.5"
"71","GO:0042108","positive regulation of cytokine biosynthetic process","IEA, IMP, IDA","37","30.1","93.5"
"72","GO:0009987","cellular process","TAS, IEP, IMP, NAS, IEA, IDA","25","20.3","91.4"
"73","GO:0050896","response to stimulus","TAS, IEP, NAS, IEA, IMP, IDA","22","17.9","90.7"
"74","GO:0048519","negative regulation of biological process","IEA, NAS, TAS, IMP, IDA","26","21.1","91.6"
"75","GO:0044763","single-organism cellular process","TAS, IEP, IMP, NAS, IEA, IDA","23","18.7","90.9"
"76","GO:0048523","negative regulation of cellular process","IEA, NAS, IDA, IMP, TAS","26","21.1","91.6"
"77","GO:0032502","developmental process","IEA, IMP, TAS, IEP, NAS","24","19.5","91.1"
"78","GO:0007275","multicellular organismal development","IEA, IMP, TAS, NAS","24","19.5","91.1"
"79","GO:0048856","anatomical structure development","IEA, IMP, TAS, NAS","24","19.5","91.1"
"80","GO:0006950","response to stress","TAS, IEP, IMP, NAS, IEA, IDA","21","17.1","90.4"
"81","GO:0071704","organic substance metabolic process","IEA, IMP, TAS, IEP, IDA","23","18.7","90.9"
"82","GO:0008152","metabolic process","IEA, IMP, TAS, IEP, IDA","23","18.7","90.9"
"83","GO:0051716","cellular response to stimulus","IMP, IEP, TAS, NAS, IEA, IDA","22","17.9","90.7"
"84","GO:0044237","cellular metabolic process","IEA, IMP, IEP, IDA","23","18.7","90.9"
"85","GO:0006952","defense response","IEA, IMP, TAS, IDA, NAS","21","17.1","90.4"
"86","GO:0002376","immune system process","TAS, IEP, NAS, IEA, IMP, IDA","21","17.1","90.4"
"87","GO:0042981","regulation of apoptotic process","IEA, IMP, IGI, IDA","23","18.7","90.9"
"88","GO:0010941","regulation of cell death","IEA, IMP, IGI, IDA","24","19.5","91.1"
"89","GO:0060548","negative regulation of cell death","IEA, IMP, IDA","24","19.5","91.1"
"90","GO:0009892","negative regulation of metabolic process","IEA, NAS, TAS, IMP, IDA","21","17.1","90.4"
"91","GO:0043067","regulation of programmed cell death","IEA, IMP, IGI, IDA","23","18.7","90.9"
"92","GO:0031347","regulation of defense response","IEA, IMP, TAS, ISS, IDA","21","17.1","90.4"
"93","GO:0010033","response to organic substance","IEA, IEP, TAS, IDA","20","16.3","90.1"
"94","GO:0009888","tissue development","IEA, NAS, IMP, TAS","24","19.5","91.1"
"95","GO:0042221","response to chemical stimulus","IEA, IEP, TAS, IDA","20","16.3","90.1"
"96","GO:1901360","organic cyclic compound metabolic process","IEA, IMP, IDA","23","18.7","90.9"
"97","GO:0080134","regulation of response to stress","IEA, IMP, TAS, ISS, IDA","21","17.1","90.4"
"98","GO:0006725","cellular aromatic compound metabolic process","IEA, IMP, IDA","23","18.7","90.9"
"99","GO:0010605","negative regulation of macromolecule metabolic process","IEA, NAS, TAS, IMP, IDA","21","17.1","90.4"
"100","GO:0044238","primary metabolic process","IEA, TAS, IDA","23","18.7","90.9"
"101","GO:0043170","macromolecule metabolic process","IEA, TAS, IDA","23","18.7","90.9"
"102","GO:0046483","heterocycle metabolic process","IEA, IDA","23","18.7","90.9"
"103","GO:0043066","negative regulation of apoptotic process","IEA, IMP, IDA","23","18.7","90.9"
"104","GO:0043069","negative regulation of programmed cell death","IEA, IMP, IDA","23","18.7","90.9"
"105","GO:0044767","single-organism developmental process","IEA, IMP, TAS, IEP, NAS","20","16.3","90.1"
"106","GO:0007165","signal transduction","IEA, NAS, IDA, IMP, TAS","22","17.9","90.7"
"107","GO:0044260","cellular macromolecule metabolic process","IEA, IDA","23","18.7","90.9"
"108","GO:0070887","cellular response to chemical stimulus","IEA, IEP, TAS, IDA","20","16.3","90.1"
"109","GO:0044700","single organism signaling","IEA, NAS, IDA, IMP, TAS","22","17.9","90.7"
"110","GO:0006357","regulation of transcription from RNA polymerase II promoter","IEA, TAS, IDA","21","17.1","90.4"
"111","GO:0071310","cellular response to organic substance","IEA, IEP, TAS, IDA","20","16.3","90.1"
"112","GO:0006139","nucleobase-containing compound metabolic process","IEA, IDA","23","18.7","90.9"
"113","GO:0034641","cellular nitrogen compound metabolic process","IEA, IDA","23","18.7","90.9"
"114","GO:0023052","signaling","IEA, NAS, IDA, IMP, TAS","22","17.9","90.7"
"115","GO:0006807","nitrogen compound metabolic process","IEA, IDA","23","18.7","90.9"
"116","GO:0090304","nucleic acid metabolic process","IEA, IDA","23","18.7","90.9"
"117","GO:0007154","cell communication","IEA, NAS, IDA, IMP, TAS","22","17.9","90.7"
"118","GO:0009607","response to biotic stimulus","IEA, IEP, IDA, NAS","19","15.4","89.9"
"119","GO:0002682","regulation of immune system process","IEA, IMP, TAS, IDA","21","17.1","90.4"
"120","GO:0018130","heterocycle biosynthetic process","IEA, IDA","22","17.9","90.7"
"121","GO:0016070","RNA metabolic process","IEA, IDA","22","17.9","90.7"
"122","GO:0007166","cell surface receptor signaling pathway","IEA, NAS, IDA, TAS","21","17.1","90.4"
"123","GO:0051707","response to other organism","IEA, IEP, IDA, NAS","19","15.4","89.9"
"124","GO:0051704","multi-organism process","IEA, IEP, IDA, NAS","19","15.4","89.9"
"125","GO:0010629","negative regulation of gene expression","IEA, NAS, TAS, IDA","21","17.1","90.4"
"126","GO:0048731","system development","IEA, IMP, NAS","20","16.3","90.1"
"127","GO:1901362","organic cyclic compound biosynthetic process","IEA, IDA","22","17.9","90.7"
"128","GO:0034654","nucleobase-containing compound biosynthetic process","IEA, IDA","22","17.9","90.7"
"129","GO:0044271","cellular nitrogen compound biosynthetic process","IEA, IDA","22","17.9","90.7"
"130","GO:0006351","transcription, DNA-dependent","IEA, IDA","22","17.9","90.7"
"131","GO:0032774","RNA biosynthetic process","IEA, IDA","22","17.9","90.7"
"132","GO:0009058","biosynthetic process","IEA, IDA","22","17.9","90.7"
"133","GO:0009059","macromolecule biosynthetic process","IEA, IDA","22","17.9","90.7"
"134","GO:0019438","aromatic compound biosynthetic process","IEA, IDA","22","17.9","90.7"
"135","GO:1901576","organic substance biosynthetic process","IEA, IDA","22","17.9","90.7"
"136","GO:0044249","cellular biosynthetic process","IEA, IDA","22","17.9","90.7"
"137","GO:0034645","cellular macromolecule biosynthetic process","IEA, IDA","22","17.9","90.7"
"138","GO:0045892","negative regulation of transcription, DNA-dependent","IEA, NAS, IDA, TAS","21","17.1","90.4"
"139","GO:0045944","positive regulation of transcription from RNA polymerase II promoter","IEA, TAS, IDA","21","17.1","90.4"
"140","GO:0010467","gene expression","IEA, IDA","22","17.9","90.7"
"141","GO:0009890","negative regulation of biosynthetic process","IEA, NAS, IDA, TAS","21","17.1","90.4"
"142","GO:0010558","negative regulation of macromolecule biosynthetic process","IEA, NAS, IDA, TAS","21","17.1","90.4"
"143","GO:2000113","negative regulation of cellular macromolecule biosynthetic process","IEA, NAS, IDA, TAS","21","17.1","90.4"
"144","GO:1901700","response to oxygen-containing compound","IEA, IEP, IDA","19","15.4","89.9"
"145","GO:0045934","negative regulation of nucleobase-containing compound metabolic process","IEA, NAS, IDA, TAS","21","17.1","90.4"
"146","GO:0034097","response to cytokine stimulus","IEA, IEP, IDA","20","16.3","90.1"
"147","GO:0050776","regulation of immune response","IEA, IMP, TAS, IDA","21","17.1","90.4"
"148","GO:0051253","negative regulation of RNA metabolic process","IEA, NAS, IDA, TAS","21","17.1","90.4"
"149","GO:0051172","negative regulation of nitrogen compound metabolic process","IEA, NAS, IDA, TAS","21","17.1","90.4"
"150","GO:0009628","response to abiotic stimulus","IEA, IEP, IDA","20","16.3","90.1"
"151","GO:0009617","response to bacterium","IEA, IEP, IDA","19","15.4","89.9"
"152","GO:0031327","negative regulation of cellular biosynthetic process","IEA, NAS, IDA, TAS","21","17.1","90.4"
"153","GO:0031324","negative regulation of cellular metabolic process","IEA, NAS, IDA, TAS","21","17.1","90.4"
"154","GO:0035556","intracellular signal transduction","IEA, IMP, IDA","21","17.1","90.4"
"155","GO:0002684","positive regulation of immune system process","IEA, TAS, IDA","20","16.3","90.1"
"156","GO:0002221","pattern recognition receptor signaling pathway","IEA, TAS, IDA","20","16.3","90.1"
"157","GO:0033993","response to lipid","IEA, IEP","19","15.4","89.9"
"158","GO:0045089","positive regulation of innate immune response","IEA, TAS, IDA","20","16.3","90.1"
"159","GO:0045088","regulation of innate immune response","IEA, TAS, IDA","20","16.3","90.1"
"160","GO:1901701","cellular response to oxygen-containing compound","IEA, IEP","19","15.4","89.9"
"161","GO:0031349","positive regulation of defense response","IEA, TAS, IDA","20","16.3","90.1"
"162","GO:0044093","positive regulation of molecular function","IEA, ISO, IDA","20","16.3","90.1"
"163","GO:0009653","anatomical structure morphogenesis","IEA, NAS, IMP, TAS","20","16.3","90.1"
"164","GO:0002764","immune response-regulating signaling pathway","IEA, TAS, IDA","20","16.3","90.1"
"165","GO:0006366","transcription from RNA polymerase II promoter","IEA, IDA","20","16.3","90.1"
"166","GO:0071396","cellular response to lipid","IEA, IEP","19","15.4","89.9"
"167","GO:0002237","response to molecule of bacterial origin","IEA, IEP","19","15.4","89.9"
"168","GO:0051092","positive regulation of NF-kappaB transcription factor activity","IEA, ISO, IDA","20","16.3","90.1"
"169","GO:0051090","regulation of sequence-specific DNA binding transcription factor activity","IEA, ISO, IDA","20","16.3","90.1"
"170","GO:0010243","response to organonitrogen compound","IEA, IEP, IDA","19","15.4","89.9"
"171","GO:0050778","positive regulation of immune response","IEA, TAS, IDA","20","16.3","90.1"
"172","GO:0071219","cellular response to molecule of bacterial origin","IEA, IEP","19","15.4","89.9"
"173","GO:0071216","cellular response to biotic stimulus","IEA, IEP","19","15.4","89.9"
"174","GO:0002757","immune response-activating signal transduction","IEA, TAS, IDA","20","16.3","90.1"
"175","GO:0002758","innate immune response-activating signal transduction","IEA, TAS, IDA","20","16.3","90.1"
"176","GO:0009719","response to endogenous stimulus","IEA, IEP, IDA","19","15.4","89.9"
"177","GO:0071222","cellular response to lipopolysaccharide","IEA, IEP","19","15.4","89.9"
"178","GO:1901652","response to peptide","IEA, IEP, IDA","19","15.4","89.9"
"179","GO:0032496","response to lipopolysaccharide","IEA, IEP","19","15.4","89.9"
"180","GO:0065009","regulation of molecular function","IEA, ISO, IDA","20","16.3","90.1"
"181","GO:1901698","response to nitrogen compound","IEA, IEP, IDA","19","15.4","89.9"
"182","GO:0002218","activation of innate immune response","IEA, TAS, IDA","20","16.3","90.1"
"183","GO:0051091","positive regulation of sequence-specific DNA binding transcription factor activity","IEA, ISO, IDA","20","16.3","90.1"
"184","GO:0002253","activation of immune response","IEA, TAS, IDA","20","16.3","90.1"
"185","GO:0071345","cellular response to cytokine stimulus","IEA, IDA","20","16.3","90.1"
"186","GO:0071347","cellular response to interleukin-1","IEA, IDA","20","16.3","90.1"
"187","GO:0009416","response to light stimulus","IEA, IDA","20","16.3","90.1"
"188","GO:0010224","response to UV-B","IEA, IDA","20","16.3","90.1"
"189","GO:0050727","regulation of inflammatory response","IEA, ISS, IDA","19","15.4","89.9"
"190","GO:0034612","response to tumor necrosis factor","IEA, IDA","20","16.3","90.1"
"191","GO:0032101","regulation of response to external stimulus","IEA, ISS, IDA","19","15.4","89.9"
"192","GO:0009314","response to radiation","IEA, IDA","20","16.3","90.1"
"193","GO:0035872","nucleotide-binding domain, leucine rich repeat containing receptor signaling pathway","IEA, IDA","20","16.3","90.1"
"194","GO:0019221","cytokine-mediated signaling pathway","IEA, IDA","20","16.3","90.1"
"195","GO:0070431","nucleotide-binding oligomerization domain containing 2 signaling pathway","IEA, IDA","20","16.3","90.1"
"196","GO:0048513","organ development","IEA, NAS, IMP","20","16.3","90.1"
"197","GO:0006954","inflammatory response","IEA, IDA","20","16.3","90.1"
"198","GO:0002753","cytoplasmic pattern recognition receptor signaling pathway","IEA, IDA","20","16.3","90.1"
"199","GO:0009611","response to wounding","IEA, IDA","20","16.3","90.1"
"200","GO:0070423","nucleotide-binding oligomerization domain containing signaling pathway","IEA, IDA","20","16.3","90.1"
"201","GO:0009411","response to UV","IEA, IDA","20","16.3","90.1"
"202","GO:0071356","cellular response to tumor necrosis factor","IEA, IDA","20","16.3","90.1"
"203","GO:0030522","intracellular receptor signaling pathway","IEA, IDA","20","16.3","90.1"
"204","GO:0070555","response to interleukin-1","IEA, IDA","20","16.3","90.1"
"205","GO:0009894","regulation of catabolic process","IEA, IMP","19","15.4","89.9"
"206","GO:0009895","negative regulation of catabolic process","IEA, IMP","19","15.4","89.9"
"207","GO:0042176","regulation of protein catabolic process","IEA, IMP","19","15.4","89.9"
"208","GO:0042177","negative regulation of protein catabolic process","IEA, IMP","19","15.4","89.9"
"209","GO:0022404","molting cycle process","IEA, IMP","19","15.4","89.9"
"210","GO:0022405","hair cycle process","IEA, IMP","19","15.4","89.9"
"211","GO:0001889","liver development","IEA, IMP","19","15.4","89.9"
"212","GO:0061008","hepaticobiliary system development","IEA, IMP","19","15.4","89.9"
"213","GO:0009887","organ morphogenesis","IEA, IMP","19","15.4","89.9"
"214","GO:0051248","negative regulation of protein metabolic process","IEA, IMP","19","15.4","89.9"
"215","GO:0001942","hair follicle development","IEA, IMP","19","15.4","89.9"
"216","GO:0043588","skin development","IEA, IMP","19","15.4","89.9"
"217","GO:0042303","molting cycle","IEA, IMP","19","15.4","89.9"
"218","GO:0008544","epidermis development","IEA, IMP","19","15.4","89.9"
"219","GO:0032495","response to muramyl dipeptide","IEA, IDA","19","15.4","89.9"
"220","GO:0042633","hair cycle","IEA, IMP","19","15.4","89.9"
"221","GO:0001816","cytokine production","IEA, IMP","18","14.6","89.6"
"222","GO:0005634","nucleus","CURATED, TAS, NAS, BY SIMILARITY, IEA, IC, IDA","101","82.1","98.9"
"223","GO:0044464","cell part","CURATED, TAS, NAS, BY SIMILARITY, IEA, IC, IDA","101","82.1","98.9"
"224","GO:0005623","cell","CURATED, TAS, NAS, BY SIMILARITY, IEA, IC, IDA","101","82.1","98.9"
"225","GO:0005622","intracellular","CURATED, TAS, NAS, BY SIMILARITY, IEA, IC, IDA","101","82.1","98.9"
"226","GO:0044424","intracellular part","CURATED, TAS, NAS, BY SIMILARITY, IEA, IC, IDA","101","82.1","98.9"
"227","GO:0043229","intracellular organelle","CURATED, TAS, NAS, BY SIMILARITY, IEA, IC, IDA","101","82.1","98.9"
"228","GO:0043227","membrane-bounded organelle","CURATED, TAS, NAS, BY SIMILARITY, IEA, IC, IDA","101","82.1","98.9"
"229","GO:0043226","organelle","CURATED, TAS, NAS, BY SIMILARITY, IEA, IC, IDA","101","82.1","98.9"
"230","GO:0043231","intracellular membrane-bounded organelle","CURATED, TAS, NAS, BY SIMILARITY, IEA, IC, IDA","101","82.1","98.9"
"231","GO:0005737","cytoplasm","IEA, NAS, TAS, CURATED, IDA","40","32.5","93.9"
"232","GO:0043234","protein complex","IEA, TAS, IDA","21","17.1","90.4"
"233","GO:0032991","macromolecular complex","IEA, TAS, IDA","21","17.1","90.4"
"234","GO:0031974","membrane-enclosed lumen","IEA, IDA, TAS","22","17.9","90.7"
"235","GO:0031981","nuclear lumen","IEA, IDA, TAS","22","17.9","90.7"
"236","GO:0005654","nucleoplasm","IEA, IDA, TAS","22","17.9","90.7"
"237","GO:0043233","organelle lumen","IEA, IDA, TAS","22","17.9","90.7"
"238","GO:0005829","cytosol","IEA, IDA, TAS","20","16.3","90.1"
"239","GO:0044446","intracellular organelle part","IEA, IDA, TAS","22","17.9","90.7"
"240","GO:0070013","intracellular organelle lumen","IEA, IDA, TAS","22","17.9","90.7"
"241","GO:0044444","cytoplasmic part","IEA, IDA, TAS","20","16.3","90.1"
"242","GO:0044428","nuclear part","IEA, IDA, TAS","22","17.9","90.7"
"243","GO:0044422","organelle part","IEA, IDA, TAS","22","17.9","90.7"
"244","GO:0044451","nucleoplasm part","IEA, IDA","21","17.1","90.4"
"245","GO:0005667","transcription factor complex","IEA, IDA","21","17.1","90.4"
