"","V1","V2","V3","V4","V5","V6"
"1","ID","GO term","Evidence","SeqCount","Frequency","relative_fontsize"
"2","GO:0003677","DNA binding","IEA, ISS, IPI, IDA","228","81.4","98.9"
"3","GO:0005488","binding","IEA, ISS, IPI, NAS, IDA","228","81.4","98.9"
"4","GO:1901363","heterocyclic compound binding","IEA, ISS, IPI, NAS, IDA","228","81.4","98.9"
"5","GO:0097159","organic cyclic compound binding","IEA, ISS, IPI, NAS, IDA","228","81.4","98.9"
"6","GO:0003700","sequence-specific DNA binding transcription factor activity","IEA, ISS, TAS, NAS, IDA","224","80","98.8"
"7","GO:0001071","nucleic acid binding transcription factor activity","IEA, ISS, TAS, NAS, IDA","224","80","98.8"
"8","GO:0003676","nucleic acid binding","IEA, ISS, IPI, IDA","228","81.4","98.9"
"9","GO:0043167","ion binding","IEA, NAS, IDA","228","81.4","98.9"
"10","GO:0035639","purine ribonucleoside triphosphate binding","IEA, NAS","228","81.4","98.9"
"11","GO:1901265","nucleoside phosphate binding","IEA, NAS","228","81.4","98.9"
"12","GO:0001882","nucleoside binding","IEA, NAS","228","81.4","98.9"
"13","GO:0043168","anion binding","IEA, NAS","228","81.4","98.9"
"14","GO:0000166","nucleotide binding","IEA, NAS","228","81.4","98.9"
"15","GO:0001883","purine nucleoside binding","IEA, NAS","228","81.4","98.9"
"16","GO:0032549","ribonucleoside binding","IEA, NAS","228","81.4","98.9"
"17","GO:0017076","purine nucleotide binding","IEA, NAS","228","81.4","98.9"
"18","GO:0005524","ATP binding","IEA, NAS","228","81.4","98.9"
"19","GO:0036094","small molecule binding","IEA, NAS","228","81.4","98.9"
"20","GO:0030554","adenyl nucleotide binding","IEA, NAS","228","81.4","98.9"
"21","GO:0032559","adenyl ribonucleotide binding","IEA, NAS","228","81.4","98.9"
"22","GO:0032555","purine ribonucleotide binding","IEA, NAS","228","81.4","98.9"
"23","GO:0032550","purine ribonucleoside binding","IEA, NAS","228","81.4","98.9"
"24","GO:0032553","ribonucleotide binding","IEA, NAS","228","81.4","98.9"
"25","GO:0001067","regulatory region nucleic acid binding","IEA, ISS, IDA","40","14.3","89.4"
"26","GO:0000975","regulatory region DNA binding","IEA, ISS, IDA","40","14.3","89.4"
"27","GO:0044212","transcription regulatory region DNA binding","IEA, ISS, IDA","21","7.5","85.9"
"28","GO:0043169","cation binding","IEA, IDA","19","6.79","85.4"
"29","GO:0046872","metal ion binding","IEA, IDA","19","6.79","85.4"
"30","GO:0005509","calcium ion binding","IEA, IDA","19","6.79","85.4"
"31","GO:0003682","chromatin binding","IEA, IDA","19","6.79","85.4"
"32","GO:0006355","regulation of transcription, DNA-dependent","TAS, ISS, NAS, IGI, IEA, IMP, IDA","228","81.4","98.9"
"33","GO:0050789","regulation of biological process","TAS, ISS, NAS, IGI, IEA, IMP, IDA","228","81.4","98.9"
"34","GO:0065007","biological regulation","TAS, ISS, NAS, IGI, IEA, IMP, IDA","228","81.4","98.9"
"35","GO:0050794","regulation of cellular process","TAS, ISS, NAS, IGI, IEA, IMP, IDA","228","81.4","98.9"
"36","GO:0019222","regulation of metabolic process","TAS, ISS, NAS, IGI, IEA, IMP, IDA","228","81.4","98.9"
"37","GO:0060255","regulation of macromolecule metabolic process","TAS, ISS, NAS, IGI, IEA, IMP, IDA","228","81.4","98.9"
"38","GO:0010468","regulation of gene expression","TAS, ISS, NAS, IGI, IEA, IMP, IDA","228","81.4","98.9"
"39","GO:2000112","regulation of cellular macromolecule biosynthetic process","TAS, ISS, NAS, IGI, IEA, IMP, IDA","228","81.4","98.9"
"40","GO:2001141","regulation of RNA biosynthetic process","TAS, ISS, NAS, IGI, IEA, IMP, IDA","228","81.4","98.9"
"41","GO:0019219","regulation of nucleobase-containing compound metabolic process","TAS, ISS, NAS, IGI, IEA, IMP, IDA","228","81.4","98.9"
"42","GO:0009889","regulation of biosynthetic process","TAS, ISS, NAS, IGI, IEA, IMP, IDA","228","81.4","98.9"
"43","GO:0051252","regulation of RNA metabolic process","TAS, ISS, NAS, IGI, IEA, IMP, IDA","228","81.4","98.9"
"44","GO:0010556","regulation of macromolecule biosynthetic process","TAS, ISS, NAS, IGI, IEA, IMP, IDA","228","81.4","98.9"
"45","GO:0051171","regulation of nitrogen compound metabolic process","TAS, ISS, NAS, IGI, IEA, IMP, IDA","228","81.4","98.9"
"46","GO:0080090","regulation of primary metabolic process","TAS, ISS, NAS, IGI, IEA, IMP, IDA","228","81.4","98.9"
"47","GO:0031326","regulation of cellular biosynthetic process","TAS, ISS, NAS, IGI, IEA, IMP, IDA","228","81.4","98.9"
"48","GO:0031323","regulation of cellular metabolic process","TAS, ISS, NAS, IGI, IEA, IMP, IDA","228","81.4","98.9"
"49","GO:0044699","single-organism process","TAS, ISS, IEP, IMP, NAS, IEA, IGI, IDA","67","23.9","92.2"
"50","GO:0009987","cellular process","TAS, ISS, IEP, IMP, NAS, IEA, IGI, IDA","63","22.5","91.9"
"51","GO:0032502","developmental process","TAS, IEP, IMP, NAS, IEA, IGI, IDA","67","23.9","92.2"
"52","GO:0044707","single-multicellular organism process","TAS, IEP, IMP, NAS, IEA, IGI, IDA","67","23.9","92.2"
"53","GO:0032501","multicellular organismal process","TAS, IEP, IMP, NAS, IEA, IGI, IDA","67","23.9","92.2"
"54","GO:0007275","multicellular organismal development","TAS, IEP, IMP, NAS, IEA, IGI, IDA","67","23.9","92.2"
"55","GO:0048856","anatomical structure development","TAS, IEP, IMP, NAS, IEA, IGI, IDA","67","23.9","92.2"
"56","GO:0044767","single-organism developmental process","TAS, IEP, IMP, NAS, IEA, IGI, IDA","66","23.6","92.2"
"57","GO:0048731","system development","TAS, IEP, IMP, IEA, IGI, IDA","66","23.6","92.2"
"58","GO:0044763","single-organism cellular process","TAS, ISS, IEP, IMP, NAS, IEA, IGI, IDA","61","21.8","91.7"
"59","GO:0048513","organ development","TAS, IEP, IMP, IEA, IGI, IDA","66","23.6","92.2"
"60","GO:0030154","cell differentiation","TAS, IEP, IMP, NAS, IEA, IGI, IDA","61","21.8","91.7"
"61","GO:0048869","cellular developmental process","TAS, IEP, IMP, NAS, IEA, IGI, IDA","61","21.8","91.7"
"62","GO:0048518","positive regulation of biological process","TAS, ISS, IMP, IEA, IGI, IDA","49","17.5","90.5"
"63","GO:0009653","anatomical structure morphogenesis","IEA, IMP, IGI, TAS","57","20.4","91.4"
"64","GO:0009888","tissue development","IEA, IMP, IGI","60","21.4","91.6"
"65","GO:0009887","organ morphogenesis","IEA, IMP, IGI, TAS","56","20","91.3"
"66","GO:0048468","cell development","IEA, IMP, IGI, TAS","56","20","91.3"
"67","GO:0048522","positive regulation of cellular process","TAS, ISS, IMP, IEA, IGI, IDA","45","16.1","90.1"
"68","GO:0002376","immune system process","TAS, IEP, IMP, NAS, IEA, IDA","47","16.8","90.3"
"69","GO:0030097","hemopoiesis","IEA, IMP, TAS, IEP, IDA","47","16.8","90.3"
"70","GO:0002520","immune system development","IEA, IMP, TAS, IEP, IDA","47","16.8","90.3"
"71","GO:0048534","hematopoietic or lymphoid organ development","IEA, IMP, TAS, IEP, IDA","47","16.8","90.3"
"72","GO:0009893","positive regulation of metabolic process","TAS, ISS, IMP, IEA, IGI, IDA","46","16.4","90.2"
"73","GO:0010628","positive regulation of gene expression","TAS, ISS, IMP, IEA, IGI, IDA","46","16.4","90.2"
"74","GO:0010604","positive regulation of macromolecule metabolic process","TAS, ISS, IMP, IEA, IGI, IDA","46","16.4","90.2"
"75","GO:0051239","regulation of multicellular organismal process","IEA, IMP, TAS, ISS, IDA","40","14.3","89.4"
"76","GO:0045893","positive regulation of transcription, DNA-dependent","TAS, ISS, IMP, IEA, IGI, IDA","43","15.4","89.8"
"77","GO:0009790","embryo development","TAS, IEP, IMP, NAS, IEA, IGI","43","15.4","89.8"
"78","GO:0009891","positive regulation of biosynthetic process","TAS, ISS, IMP, IEA, IGI, IDA","43","15.4","89.8"
"79","GO:0048523","negative regulation of cellular process","TAS, ISS, IMP, IEA, IGI, IDA","44","15.7","90"
"80","GO:0050793","regulation of developmental process","IEA, IMP, TAS, ISS, IDA","39","13.9","89.3"
"81","GO:0045935","positive regulation of nucleobase-containing compound metabolic process","TAS, ISS, IMP, IEA, IGI, IDA","43","15.4","89.8"
"82","GO:0048519","negative regulation of biological process","TAS, ISS, IMP, IEA, IGI, IDA","44","15.7","90"
"83","GO:0006357","regulation of transcription from RNA polymerase II promoter","NAS, ISS, TAS, IMP, IEA, IGI, IDA","41","14.6","89.6"
"84","GO:0051254","positive regulation of RNA metabolic process","TAS, ISS, IMP, IEA, IGI, IDA","43","15.4","89.8"
"85","GO:0010557","positive regulation of macromolecule biosynthetic process","TAS, ISS, IMP, IEA, IGI, IDA","43","15.4","89.8"
"86","GO:0051173","positive regulation of nitrogen compound metabolic process","TAS, ISS, IMP, IEA, IGI, IDA","43","15.4","89.8"
"87","GO:0031328","positive regulation of cellular biosynthetic process","TAS, ISS, IMP, IEA, IGI, IDA","43","15.4","89.8"
"88","GO:0031325","positive regulation of cellular metabolic process","TAS, ISS, IMP, IEA, IGI, IDA","43","15.4","89.8"
"89","GO:0001501","skeletal system development","IEA, IMP, IGI","43","15.4","89.8"
"90","GO:2000026","regulation of multicellular organismal development","IEA, IMP, ISS","39","13.9","89.3"
"91","GO:0045595","regulation of cell differentiation","IEA, IMP, TAS, ISS, IDA","39","13.9","89.3"
"92","GO:0051094","positive regulation of developmental process","IEA, IMP, ISS, IDA","39","13.9","89.3"
"93","GO:0045944","positive regulation of transcription from RNA polymerase II promoter","TAS, ISS, IMP, IEA, IGI, IDA","40","14.3","89.4"
"94","GO:0048568","embryonic organ development","IEA, IMP, TAS, IGI, IEP","41","14.6","89.6"
"95","GO:0007399","nervous system development","IEA, IMP, TAS","40","14.3","89.4"
"96","GO:0050896","response to stimulus","NAS, ISS, IEP, IMP, IEA, IDA","40","14.3","89.4"
"97","GO:0045597","positive regulation of cell differentiation","IEA, IMP, ISS, IDA","38","13.6","89.2"
"98","GO:0022008","neurogenesis","IEA, IMP, TAS","37","13.2","89"
"99","GO:0042127","regulation of cell proliferation","IEA, IMP, ISS","39","13.9","89.3"
"100","GO:0023051","regulation of signaling","IEA, IMP","37","13.2","89"
"101","GO:0010646","regulation of cell communication","IEA, IMP","37","13.2","89"
"102","GO:0048699","generation of neurons","IEA, IMP, TAS","37","13.2","89"
"103","GO:0030182","neuron differentiation","IEA, IMP, TAS","37","13.2","89"
"104","GO:0009792","embryo development ending in birth or egg hatching","IEA, IMP, IGI","38","13.6","89.2"
"105","GO:0048666","neuron development","IEA, IMP, TAS","37","13.2","89"
"106","GO:0048583","regulation of response to stimulus","IEA, IMP","37","13.2","89"
"107","GO:0009966","regulation of signal transduction","IEA, IMP","37","13.2","89"
"108","GO:0043009","chordate embryonic development","IEA, IMP, IGI","37","13.2","89"
"109","GO:0048469","cell maturation","IEA, IMP, IGI","35","12.5","88.7"
"110","GO:0021700","developmental maturation","IEA, IMP, IGI","35","12.5","88.7"
"111","GO:0022404","molting cycle process","IEA, IMP","35","12.5","88.7"
"112","GO:0022405","hair cycle process","IEA, IMP","35","12.5","88.7"
"113","GO:0001942","hair follicle development","IEA, IMP","35","12.5","88.7"
"114","GO:0048730","epidermis morphogenesis","IEA, IMP","35","12.5","88.7"
"115","GO:0043588","skin development","IEA, IMP","35","12.5","88.7"
"116","GO:0043589","skin morphogenesis","IEA, IMP","35","12.5","88.7"
"117","GO:0042303","molting cycle","IEA, IMP","35","12.5","88.7"
"118","GO:0008544","epidermis development","IEA, IMP","35","12.5","88.7"
"119","GO:0048729","tissue morphogenesis","IEA, IMP","35","12.5","88.7"
"120","GO:0031069","hair follicle morphogenesis","IEA, IMP","35","12.5","88.7"
"121","GO:0042633","hair cycle","IEA, IMP","35","12.5","88.7"
"122","GO:0044260","cellular macromolecule metabolic process","IEA, ISS, TAS, NAS, IDA","26","9.29","87.1"
"123","GO:0044237","cellular metabolic process","IEA, ISS, TAS, NAS, IDA","26","9.29","87.1"
"124","GO:0071704","organic substance metabolic process","IEA, ISS, TAS, NAS, IDA","26","9.29","87.1"
"125","GO:0008152","metabolic process","IEA, ISS, TAS, NAS, IDA","26","9.29","87.1"
"126","GO:0044238","primary metabolic process","IEA, ISS, TAS, NAS, IDA","26","9.29","87.1"
"127","GO:0043170","macromolecule metabolic process","IEA, ISS, TAS, NAS, IDA","26","9.29","87.1"
"128","GO:0061448","connective tissue development","IEA, IMP, IGI","25","8.93","86.9"
"129","GO:0051216","cartilage development","IEA, IMP, IGI","25","8.93","86.9"
"130","GO:0009892","negative regulation of metabolic process","TAS, ISS, IMP, IEA, IGI, IDA","24","8.57","86.7"
"131","GO:0009890","negative regulation of biosynthetic process","TAS, ISS, IMP, IEA, IGI, IDA","24","8.57","86.7"
"132","GO:0010558","negative regulation of macromolecule biosynthetic process","TAS, ISS, IMP, IEA, IGI, IDA","24","8.57","86.7"
"133","GO:2000113","negative regulation of cellular macromolecule biosynthetic process","TAS, ISS, IMP, IEA, IGI, IDA","24","8.57","86.7"
"134","GO:0035162","embryonic hemopoiesis","IEA, IMP, TAS, IEP","22","7.86","86.2"
"135","GO:0010629","negative regulation of gene expression","TAS, ISS, IMP, IEA, IGI, IDA","24","8.57","86.7"
"136","GO:0045934","negative regulation of nucleobase-containing compound metabolic process","TAS, ISS, IMP, IEA, IGI, IDA","24","8.57","86.7"
"137","GO:0045892","negative regulation of transcription, DNA-dependent","TAS, ISS, IMP, IEA, IGI, IDA","24","8.57","86.7"
"138","GO:0051253","negative regulation of RNA metabolic process","TAS, ISS, IMP, IEA, IGI, IDA","24","8.57","86.7"
"139","GO:0051172","negative regulation of nitrogen compound metabolic process","TAS, ISS, IMP, IEA, IGI, IDA","24","8.57","86.7"
"140","GO:0010605","negative regulation of macromolecule metabolic process","TAS, ISS, IMP, IEA, IGI, IDA","24","8.57","86.7"
"141","GO:0031327","negative regulation of cellular biosynthetic process","TAS, ISS, IMP, IEA, IGI, IDA","24","8.57","86.7"
"142","GO:0031324","negative regulation of cellular metabolic process","TAS, ISS, IMP, IEA, IGI, IDA","24","8.57","86.7"
"143","GO:0048598","embryonic morphogenesis","IEA, IMP, IGI, TAS","20","7.14","85.7"
"144","GO:0022603","regulation of anatomical structure morphogenesis","IEA, IMP, ISS","23","8.21","86.4"
"145","GO:0045165","cell fate commitment","IEA, NAS, IGI, TAS","21","7.5","85.9"
"146","GO:0001503","ossification","IEA, IMP, IGI, IEP","19","6.79","85.4"
"147","GO:0042221","response to chemical stimulus","IEA, IMP, ISS, IEP, IDA","22","7.86","86.2"
"148","GO:0030099","myeloid cell differentiation","IEA, IMP, IDA","22","7.86","86.2"
"149","GO:0030852","regulation of granulocyte differentiation","IEA, ISS, IMP","19","6.79","85.4"
"150","GO:0002682","regulation of immune system process","IEA, ISS, IMP","19","6.79","85.4"
"151","GO:0048705","skeletal system morphogenesis","IEA, IMP, IGI","19","6.79","85.4"
"152","GO:0002062","chondrocyte differentiation","IEA, IMP, IGI","20","7.14","85.7"
"153","GO:0002761","regulation of myeloid leukocyte differentiation","IEA, ISS, IMP","19","6.79","85.4"
"154","GO:1902105","regulation of leukocyte differentiation","IEA, ISS, IMP","19","6.79","85.4"
"155","GO:0048863","stem cell differentiation","IEA, IMP, TAS, IDA","21","7.5","85.9"
"156","GO:0030278","regulation of ossification","IEA, IMP, TAS, IDA","19","6.79","85.4"
"157","GO:0060216","definitive hemopoiesis","IEA, IMP","21","7.5","85.9"
"158","GO:0045637","regulation of myeloid cell differentiation","IEA, ISS, IMP","19","6.79","85.4"
"159","GO:0030854","positive regulation of granulocyte differentiation","IEA, ISS, IMP","19","6.79","85.4"
"160","GO:1902107","positive regulation of leukocyte differentiation","IEA, ISS, IMP","19","6.79","85.4"
"161","GO:2000027","regulation of organ morphogenesis","IEA, IMP","20","7.14","85.7"
"162","GO:0002763","positive regulation of myeloid leukocyte differentiation","IEA, ISS, IMP","19","6.79","85.4"
"163","GO:0001649","osteoblast differentiation","IEA, IEP, IGI","19","6.79","85.4"
"164","GO:0006950","response to stress","IEA, IMP, NAS","19","6.79","85.4"
"165","GO:0045667","regulation of osteoblast differentiation","IEA, TAS, IDA","19","6.79","85.4"
"166","GO:0045639","positive regulation of myeloid cell differentiation","IEA, ISS, IMP","19","6.79","85.4"
"167","GO:0030853","negative regulation of granulocyte differentiation","IEA, IMP","19","6.79","85.4"
"168","GO:0036075","replacement ossification","IEA, IMP","19","6.79","85.4"
"169","GO:0019538","protein metabolic process","IEA, ISS, IDA","18","6.43","85.1"
"170","GO:0048562","embryonic organ morphogenesis","IEA, IGI","19","6.79","85.4"
"171","GO:0000904","cell morphogenesis involved in differentiation","IEA, IMP","19","6.79","85.4"
"172","GO:0000902","cell morphogenesis","IEA, IMP","19","6.79","85.4"
"173","GO:0048704","embryonic skeletal system morphogenesis","IEA, IGI","19","6.79","85.4"
"174","GO:0048706","embryonic skeletal system development","IEA, IGI","19","6.79","85.4"
"175","GO:0048701","embryonic cranial skeleton morphogenesis","IEA, IGI","19","6.79","85.4"
"176","GO:0043412","macromolecule modification","IEA, ISS, IDA","18","6.43","85.1"
"177","GO:0002521","leukocyte differentiation","IEA, IDA","19","6.79","85.4"
"178","GO:0002051","osteoblast fate commitment","IEA, IGI","19","6.79","85.4"
"179","GO:0042481","regulation of odontogenesis","IEA, IMP","19","6.79","85.4"
"180","GO:0042487","regulation of odontogenesis of dentin-containing tooth","IEA, IMP","19","6.79","85.4"
"181","GO:0032332","positive regulation of chondrocyte differentiation","IEA, IMP","19","6.79","85.4"
"182","GO:0008284","positive regulation of cell proliferation","IEA, IMP","19","6.79","85.4"
"183","GO:0060349","bone morphogenesis","IEA, IMP","19","6.79","85.4"
"184","GO:0060348","bone development","IEA, IMP","19","6.79","85.4"
"185","GO:0006464","cellular protein modification process","IEA, ISS, IDA","18","6.43","85.1"
"186","GO:1902106","negative regulation of leukocyte differentiation","IEA, IMP","19","6.79","85.4"
"187","GO:0006796","phosphate-containing compound metabolic process","IEA, ISS, IDA","18","6.43","85.1"
"188","GO:0006793","phosphorus metabolic process","IEA, ISS, IDA","18","6.43","85.1"
"189","GO:0002063","chondrocyte development","IEA, IMP","19","6.79","85.4"
"190","GO:0045669","positive regulation of osteoblast differentiation","IEA, IDA","19","6.79","85.4"
"191","GO:0030217","T cell differentiation","IEA, IDA","19","6.79","85.4"
"192","GO:0006468","protein phosphorylation","IEA, ISS, IDA","18","6.43","85.1"
"193","GO:0045321","leukocyte activation","IEA, IDA","19","6.79","85.4"
"194","GO:0044267","cellular protein metabolic process","IEA, ISS, IDA","18","6.43","85.1"
"195","GO:0090287","regulation of cellular response to growth factor stimulus","IEA, IMP","19","6.79","85.4"
"196","GO:0061035","regulation of cartilage development","IEA, IMP","19","6.79","85.4"
"197","GO:0048585","negative regulation of response to stimulus","IEA, IMP","19","6.79","85.4"
"198","GO:0071840","cellular component organization or biogenesis","IEA, IMP","19","6.79","85.4"
"199","GO:0009968","negative regulation of signal transduction","IEA, IMP","19","6.79","85.4"
"200","GO:0032330","regulation of chondrocyte differentiation","IEA, IMP","19","6.79","85.4"
"201","GO:0002076","osteoblast development","IEA, IGI","19","6.79","85.4"
"202","GO:0045879","negative regulation of smoothened signaling pathway","IEA, IMP","19","6.79","85.4"
"203","GO:0001775","cell activation","IEA, IDA","19","6.79","85.4"
"204","GO:0001958","endochondral ossification","IEA, IMP","19","6.79","85.4"
"205","GO:0042110","T cell activation","IEA, IDA","19","6.79","85.4"
"206","GO:0032989","cellular component morphogenesis","IEA, IMP","19","6.79","85.4"
"207","GO:0008589","regulation of smoothened signaling pathway","IEA, IMP","19","6.79","85.4"
"208","GO:0046649","lymphocyte activation","IEA, IDA","19","6.79","85.4"
"209","GO:0040036","regulation of fibroblast growth factor receptor signaling pathway","IEA, IMP","19","6.79","85.4"
"210","GO:0016043","cellular component organization","IEA, IMP","19","6.79","85.4"
"211","GO:0036211","protein modification process","IEA, ISS, IDA","18","6.43","85.1"
"212","GO:0045638","negative regulation of myeloid cell differentiation","IEA, IMP","19","6.79","85.4"
"213","GO:0016310","phosphorylation","IEA, ISS, IDA","18","6.43","85.1"
"214","GO:0023057","negative regulation of signaling","IEA, IMP","19","6.79","85.4"
"215","GO:0010648","negative regulation of cell communication","IEA, IMP","19","6.79","85.4"
"216","GO:0007417","central nervous system development","IEA, IMP, TAS","19","6.79","85.4"
"217","GO:0060350","endochondral bone morphogenesis","IEA, IMP","19","6.79","85.4"
"218","GO:0045596","negative regulation of cell differentiation","IEA, IMP","19","6.79","85.4"
"219","GO:0051093","negative regulation of developmental process","IEA, IMP","19","6.79","85.4"
"220","GO:0042476","odontogenesis","IEA, IMP","19","6.79","85.4"
"221","GO:0030098","lymphocyte differentiation","IEA, IDA","19","6.79","85.4"
"222","GO:0002762","negative regulation of myeloid leukocyte differentiation","IEA, IMP","19","6.79","85.4"
"223","GO:0042475","odontogenesis of dentin-containing tooth","IEA, IMP","19","6.79","85.4"
"224","GO:0048266","behavioral response to pain","IEA, IMP","18","6.43","85.1"
"225","GO:0048265","response to pain","IEA, IMP","18","6.43","85.1"
"226","GO:0097485","neuron projection guidance","IEA, IMP","18","6.43","85.1"
"227","GO:0009605","response to external stimulus","IEA, IMP","18","6.43","85.1"
"228","GO:0031175","neuron projection development","IEA, IMP","18","6.43","85.1"
"229","GO:0048812","neuron projection morphogenesis","IEA, IMP","18","6.43","85.1"
"230","GO:0007409","axonogenesis","IEA, IMP","18","6.43","85.1"
"231","GO:0030030","cell projection organization","IEA, IMP","18","6.43","85.1"
"232","GO:0001889","liver development","IEA, IMP","18","6.43","85.1"
"233","GO:0007610","behavior","IEA, IMP","18","6.43","85.1"
"234","GO:0071336","regulation of hair follicle cell proliferation","IEA, IMP","18","6.43","85.1"
"235","GO:0006935","chemotaxis","IEA, IMP","18","6.43","85.1"
"236","GO:0061008","hepaticobiliary system development","IEA, IMP","18","6.43","85.1"
"237","GO:0040011","locomotion","IEA, IMP","18","6.43","85.1"
"238","GO:0048858","cell projection morphogenesis","IEA, IMP","18","6.43","85.1"
"239","GO:0044708","single-organism behavior","IEA, IMP","18","6.43","85.1"
"240","GO:0033555","multicellular organismal response to stress","IEA, IMP","18","6.43","85.1"
"241","GO:0006928","cellular component movement","IEA, IMP","18","6.43","85.1"
"242","GO:0061564","axon development","IEA, IMP","18","6.43","85.1"
"243","GO:0001701","in utero embryonic development","IEA, IMP","18","6.43","85.1"
"244","GO:0042330","taxis","IEA, IMP","18","6.43","85.1"
"245","GO:0007411","axon guidance","IEA, IMP","18","6.43","85.1"
"246","GO:0002244","hematopoietic progenitor cell differentiation","IEA, IMP","18","6.43","85.1"
"247","GO:0048667","cell morphogenesis involved in neuron differentiation","IEA, IMP","18","6.43","85.1"
"248","GO:0032990","cell part morphogenesis","IEA, IMP","18","6.43","85.1"
"249","GO:0002318","myeloid progenitor cell differentiation","IEA, IMP","18","6.43","85.1"
"250","GO:0001816","cytokine production","IEA, IDA","17","6.07","84.8"
"251","GO:0032609","interferon-gamma production","IEA, IDA","17","6.07","84.8"
"252","GO:0005634","nucleus","CURATED, TAS, ISS, NAS, BY SIMILARITY, IEA, IC, IDA","228","81.4","98.9"
"253","GO:0005622","intracellular","CURATED, TAS, ISS, NAS, BY SIMILARITY, IEA, IC, IDA","228","81.4","98.9"
"254","GO:0044464","cell part","CURATED, TAS, ISS, NAS, BY SIMILARITY, IEA, IC, IDA","228","81.4","98.9"
"255","GO:0005623","cell","CURATED, TAS, ISS, NAS, BY SIMILARITY, IEA, IC, IDA","228","81.4","98.9"
"256","GO:0044424","intracellular part","CURATED, TAS, ISS, NAS, BY SIMILARITY, IEA, IC, IDA","228","81.4","98.9"
"257","GO:0043229","intracellular organelle","CURATED, TAS, ISS, NAS, BY SIMILARITY, IEA, IC, IDA","228","81.4","98.9"
"258","GO:0043227","membrane-bounded organelle","CURATED, TAS, ISS, NAS, BY SIMILARITY, IEA, IC, IDA","228","81.4","98.9"
"259","GO:0043226","organelle","CURATED, TAS, ISS, NAS, BY SIMILARITY, IEA, IC, IDA","228","81.4","98.9"
"260","GO:0043231","intracellular membrane-bounded organelle","CURATED, TAS, ISS, NAS, BY SIMILARITY, IEA, IC, IDA","228","81.4","98.9"
"261","GO:0005737","cytoplasm","IEA, ISS, CURATED, BY SIMILARITY, IDA","36","12.9","88.9"
"262","GO:0031974","membrane-enclosed lumen","IEA, ISS, TAS, IDA","20","7.14","85.7"
"263","GO:0031981","nuclear lumen","IEA, ISS, TAS, IDA","20","7.14","85.7"
"264","GO:0043233","organelle lumen","IEA, ISS, TAS, IDA","20","7.14","85.7"
"265","GO:0044446","intracellular organelle part","IEA, ISS, TAS, IDA","20","7.14","85.7"
"266","GO:0070013","intracellular organelle lumen","IEA, ISS, TAS, IDA","20","7.14","85.7"
"267","GO:0044428","nuclear part","IEA, ISS, TAS, IDA","20","7.14","85.7"
"268","GO:0044422","organelle part","IEA, ISS, TAS, IDA","20","7.14","85.7"
"269","GO:0005654","nucleoplasm","IEA, TAS, IDA","19","6.79","85.4"
"270","GO:0043228","non-membrane-bounded organelle","IEA, ISS, IDA","20","7.14","85.7"
"271","GO:0000785","chromatin","IEA, ISS, IDA","20","7.14","85.7"
"272","GO:0000228","nuclear chromosome","IEA, ISS, IDA","20","7.14","85.7"
"273","GO:0044454","nuclear chromosome part","IEA, ISS, IDA","20","7.14","85.7"
"274","GO:0044451","nucleoplasm part","IEA, IDA","19","6.79","85.4"
"275","GO:0005694","chromosome","IEA, ISS, IDA","20","7.14","85.7"
"276","GO:0000790","nuclear chromatin","IEA, ISS, IDA","20","7.14","85.7"
"277","GO:0043234","protein complex","IEA, IDA","19","6.79","85.4"
"278","GO:0032991","macromolecular complex","IEA, IDA","19","6.79","85.4"
"279","GO:0043232","intracellular non-membrane-bounded organelle","IEA, ISS, IDA","20","7.14","85.7"
"280","GO:0044427","chromosomal part","IEA, ISS, IDA","20","7.14","85.7"
"281","GO:0005667","transcription factor complex","IEA, IDA","19","6.79","85.4"
"282","GO:0031012","extracellular matrix","IEA, IDA","18","6.43","85.1"
"283","GO:0005604","basement membrane","IEA, IDA","18","6.43","85.1"
"284","GO:0005578","proteinaceous extracellular matrix","IEA, IDA","18","6.43","85.1"
"285","GO:0005576","extracellular region","IEA, IDA","18","6.43","85.1"
"286","GO:0044420","extracellular matrix part","IEA, IDA","18","6.43","85.1"
"287","GO:0044421","extracellular region part","IEA, IDA","18","6.43","85.1"
