"","V1","V2","V3","V4","V5","V6"
"1","ID","GO term","Evidence","SeqCount","Frequency","relative_fontsize"
"2","GO:0005488","binding","IEA, TAS, IPI, ISO, IDA","25","2.84","85.7"
"3","GO:0005515","protein binding","IEA, IPI, ISO, IDA","21","2.39","84.7"
"4","GO:0015318","inorganic solute uptake transmembrane transporter activity","IEA, IDA, ISO, TAS","22","2.5","85"
"5","GO:0022857","transmembrane transporter activity","IEA, IDA, ISO, TAS","22","2.5","85"
"6","GO:0005215","transporter activity","IEA, IDA, ISO, TAS","22","2.5","85"
"7","GO:0008324","cation transmembrane transporter activity","IEA, IDA, ISO, TAS","22","2.5","85"
"8","GO:0022890","inorganic cation transmembrane transporter activity","IEA, IDA, ISO, TAS","22","2.5","85"
"9","GO:0015075","ion transmembrane transporter activity","IEA, IDA, ISO, TAS","22","2.5","85"
"10","GO:0015077","monovalent inorganic cation transmembrane transporter activity","IEA, IDA, ISO, TAS","22","2.5","85"
"11","GO:0016887","ATPase activity","IEA, IDA, ISO, TAS","21","2.39","84.7"
"12","GO:0042625","ATPase activity, coupled to transmembrane movement of ions","IEA, IDA, ISO, TAS","21","2.39","84.7"
"13","GO:0042626","ATPase activity, coupled to transmembrane movement of substances","IEA, IDA, ISO, TAS","21","2.39","84.7"
"14","GO:0042623","ATPase activity, coupled","IEA, IDA, ISO, TAS","21","2.39","84.7"
"15","GO:0015399","primary active transmembrane transporter activity","IEA, IDA, ISO, TAS","21","2.39","84.7"
"16","GO:0046873","metal ion transmembrane transporter activity","IEA, IDA, ISO, TAS","21","2.39","84.7"
"17","GO:0022804","active transmembrane transporter activity","IEA, IDA, ISO, TAS","21","2.39","84.7"
"18","GO:0016787","hydrolase activity","IEA, IDA, ISO, TAS","21","2.39","84.7"
"19","GO:0017111","nucleoside-triphosphatase activity","IEA, IDA, ISO, TAS","21","2.39","84.7"
"20","GO:0003824","catalytic activity","IEA, IDA, ISO, TAS","21","2.39","84.7"
"21","GO:0008556","potassium-transporting ATPase activity","IEA, IDA, ISO, TAS","21","2.39","84.7"
"22","GO:0016818","hydrolase activity, acting on acid anhydrides, in phosphorus-containing anhydrides","IEA, IDA, ISO, TAS","21","2.39","84.7"
"23","GO:0043492","ATPase activity, coupled to movement of substances","IEA, IDA, ISO, TAS","21","2.39","84.7"
"24","GO:0016817","hydrolase activity, acting on acid anhydrides","IEA, IDA, ISO, TAS","21","2.39","84.7"
"25","GO:0019829","cation-transporting ATPase activity","IEA, IDA, ISO, TAS","21","2.39","84.7"
"26","GO:0016462","pyrophosphatase activity","IEA, IDA, ISO, TAS","21","2.39","84.7"
"27","GO:0022853","active ion transmembrane transporter activity","IEA, IDA, ISO, TAS","21","2.39","84.7"
"28","GO:0015662","ATPase activity, coupled to transmembrane movement of ions, phosphorylative mechanism","IEA, IDA, ISO, TAS","21","2.39","84.7"
"29","GO:0015079","potassium ion transmembrane transporter activity","IEA, IDA, ISO, TAS","21","2.39","84.7"
"30","GO:0015405","P-P-bond-hydrolysis-driven transmembrane transporter activity","IEA, IDA, ISO, TAS","21","2.39","84.7"
"31","GO:0019899","enzyme binding","IEA, IPI, ISO","17","1.93","83.6"
"32","GO:0015081","sodium ion transmembrane transporter activity","IEA, ISO, IDA","17","1.93","83.6"
"33","GO:0005391","sodium:potassium-exchanging ATPase activity","IEA, ISO, IDA","17","1.93","83.6"
"34","GO:0051117","ATPase binding","IEA, IPI, ISO","17","1.93","83.6"
"35","GO:0060590","ATPase regulator activity","IEA, ISO, IDA","16","1.82","83.3"
"36","GO:0008047","enzyme activator activity","IEA, ISO, IDA","16","1.82","83.3"
"37","GO:0098772","GO:0098772","IEA, ISO, IDA","16","1.82","83.3"
"38","GO:0030234","enzyme regulator activity","IEA, ISO, IDA","16","1.82","83.3"
"39","GO:0060589","nucleoside-triphosphatase regulator activity","IEA, ISO, IDA","16","1.82","83.3"
"40","GO:0001671","ATPase activator activity","IEA, ISO, IDA","16","1.82","83.3"
"41","GO:0097159","organic cyclic compound binding","IEA","12","1.37","81.7"
"42","GO:0008022","protein C-terminus binding","IEA, IPI","9","1.02","80.1"
"43","GO:0019901","protein kinase binding","IEA, IPI","9","1.02","80.1"
"44","GO:0019900","kinase binding","IEA, IPI","9","1.02","80.1"
"45","GO:0035639","purine ribonucleoside triphosphate binding","IEA","8","0.91","79.5"
"46","GO:0008144","drug binding","IEA","8","0.91","79.5"
"47","GO:0036094","small molecule binding","IEA","8","0.91","79.5"
"48","GO:0043167","ion binding","IEA","8","0.91","79.5"
"49","GO:1901363","heterocyclic compound binding","IEA","8","0.91","79.5"
"50","GO:1901265","nucleoside phosphate binding","IEA","8","0.91","79.5"
"51","GO:0043168","anion binding","IEA","8","0.91","79.5"
"52","GO:0097367","carbohydrate derivative binding","IEA","8","0.91","79.5"
"53","GO:0000166","nucleotide binding","IEA","8","0.91","79.5"
"54","GO:0017076","purine nucleotide binding","IEA","8","0.91","79.5"
"55","GO:0046872","metal ion binding","IEA","8","0.91","79.5"
"56","GO:0043169","cation binding","IEA","8","0.91","79.5"
"57","GO:0030955","potassium ion binding","IEA","8","0.91","79.5"
"58","GO:0031402","sodium ion binding","IEA","8","0.91","79.5"
"59","GO:0030554","adenyl nucleotide binding","IEA","8","0.91","79.5"
"60","GO:0031420","alkali metal ion binding","IEA","8","0.91","79.5"
"61","GO:0032559","adenyl ribonucleotide binding","IEA","8","0.91","79.5"
"62","GO:0005524","ATP binding","IEA","8","0.91","79.5"
"63","GO:0032555","purine ribonucleotide binding","IEA","8","0.91","79.5"
"64","GO:0032553","ribonucleotide binding","IEA","8","0.91","79.5"
"65","GO:0008289","lipid binding","IEA","4","0.455","75.7"
"66","GO:0005496","steroid binding","IEA","4","0.455","75.7"
"67","GO:0015078","hydrogen ion transmembrane transporter activity","IDA, ISO, TAS","4","0.455","75.7"
"68","GO:0008900","hydrogen:potassium-exchanging ATPase activity","IDA, ISO, TAS","4","0.455","75.7"
"69","GO:0046983","protein dimerization activity","IPI, ISO, IDA","3","0.341","74.2"
"70","GO:0046982","protein heterodimerization activity","IPI, ISO, IDA","3","0.341","74.2"
"71","GO:0099528","GO:0099528","ISS, IDA","1","0.114","68.2"
"72","GO:0038023","signaling receptor activity","ISS, IDA","1","0.114","68.2"
"73","GO:0016917","GABA receptor activity","ISS, IDA","1","0.114","68.2"
"74","GO:0004888","transmembrane signaling receptor activity","ISS, IDA","1","0.114","68.2"
"75","GO:0004965","G-protein coupled GABA receptor activity","ISS, IDA","1","0.114","68.2"
"76","GO:0030594","neurotransmitter receptor activity","ISS, IDA","1","0.114","68.2"
"77","GO:0060089","molecular transducer activity","ISS, IDA","1","0.114","68.2"
"78","GO:0004930","G-protein coupled receptor activity","ISS, IDA","1","0.114","68.2"
"79","GO:0042562","hormone binding","TAS","1","0.114","68.2"
"80","GO:0050998","nitric-oxide synthase binding","IPI","1","0.114","68.2"
"81","GO:0005497","androgen binding","TAS","1","0.114","68.2"
"82","GO:0051179","localization","TAS, ISS, ISO, IEA, IC, IDA","41","4.66","88.4"
"83","GO:0006811","ion transport","TAS, ISS, ISO, IEA, IC, IDA","41","4.66","88.4"
"84","GO:0051234","establishment of localization","TAS, ISS, ISO, IEA, IC, IDA","41","4.66","88.4"
"85","GO:0006810","transport","TAS, ISS, ISO, IEA, IC, IDA","41","4.66","88.4"
"86","GO:0030001","metal ion transport","IEA, ISS, IDA, ISO, TAS","40","4.55","88.2"
"87","GO:0006812","cation transport","IEA, ISS, IDA, ISO, TAS","41","4.66","88.4"
"88","GO:0015672","monovalent inorganic cation transport","IEA, ISS, IDA, ISO, TAS","41","4.66","88.4"
"89","GO:0006813","potassium ion transport","IEA, ISS, IDA, ISO, TAS","40","4.55","88.2"
"90","GO:0006814","sodium ion transport","IEA, ISO, IDA","40","4.55","88.2"
"91","GO:0009987","cellular process","TAS, ISS, IMP, ISO, IEA, IDA","30","3.41","86.7"
"92","GO:0065007","biological regulation","TAS, ISS, IMP, ISO, IEA, IC, IDA","25","2.84","85.7"
"93","GO:0050789","regulation of biological process","TAS, ISS, IMP, ISO, IEA, IDA","24","2.73","85.5"
"94","GO:0034220","ion transmembrane transport","TAS, ISS, ISO, IEA, IC, IDA","22","2.5","85"
"95","GO:0055085","transmembrane transport","TAS, ISS, ISO, IEA, IC, IDA","22","2.5","85"
"96","GO:0050794","regulation of cellular process","TAS, ISS, IMP, ISO, IEA, IDA","22","2.5","85"
"97","GO:0098655","GO:0098655","IEA, ISS, IDA, ISO, TAS","22","2.5","85"
"98","GO:0098660","GO:0098660","IEA, ISS, IDA, ISO, TAS","21","2.39","84.7"
"99","GO:0071804","cellular potassium ion transport","IEA, ISS, IDA, ISO, TAS","21","2.39","84.7"
"100","GO:0071805","potassium ion transmembrane transport","IEA, ISS, IDA, ISO, TAS","21","2.39","84.7"
"101","GO:0098662","GO:0098662","IEA, ISS, IDA, ISO, TAS","21","2.39","84.7"
"102","GO:0065008","regulation of biological quality","ISS, IMP, ISO, IEA, IC, IDA","19","2.16","84.2"
"103","GO:0022610","biological adhesion","IEA, IMP","23","2.62","85.2"
"104","GO:0007155","cell adhesion","IEA, IMP","23","2.62","85.2"
"105","GO:0090662","GO:0090662","IEA, IDA, ISO, TAS","21","2.39","84.7"
"106","GO:0032781","positive regulation of ATPase activity","IEA, ISO, IDA","16","1.82","83.3"
"107","GO:0098771","GO:0098771","IEA, IMP, ISO, ISS, IDA","18","2.05","83.9"
"108","GO:0042592","homeostatic process","IEA, IMP, ISO, ISS, IDA","18","2.05","83.9"
"109","GO:0055080","cation homeostasis","IEA, IMP, ISO, ISS, IDA","18","2.05","83.9"
"110","GO:0048878","chemical homeostasis","IEA, IMP, ISO, ISS, IDA","18","2.05","83.9"
"111","GO:0099131","GO:0099131","IEA, IDA, ISO, TAS","21","2.39","84.7"
"112","GO:0099132","GO:0099132","IEA, IDA, ISO, TAS","21","2.39","84.7"
"113","GO:0050801","ion homeostasis","IEA, IMP, ISO, ISS, IDA","18","2.05","83.9"
"114","GO:0051049","regulation of transport","IEA, IMP, ISO, ISS, IDA","18","2.05","83.9"
"115","GO:1904062","GO:1904062","IEA, IMP, ISO, ISS, IDA","18","2.05","83.9"
"116","GO:0035725","sodium ion transmembrane transport","IEA, ISO, IDA","17","1.93","83.6"
"117","GO:0032879","regulation of localization","IEA, IMP, ISO, ISS, IDA","18","2.05","83.9"
"118","GO:0043269","regulation of ion transport","IEA, IMP, ISO, ISS, IDA","18","2.05","83.9"
"119","GO:0034765","regulation of ion transmembrane transport","IEA, IMP, ISO, ISS, IDA","18","2.05","83.9"
"120","GO:0034762","regulation of transmembrane transport","IEA, IMP, ISO, ISS, IDA","18","2.05","83.9"
"121","GO:0006875","cellular metal ion homeostasis","IEA, IMP, ISO, ISS, IDA","16","1.82","83.3"
"122","GO:0006873","cellular ion homeostasis","IEA, IMP, ISO, ISS, IDA","16","1.82","83.3"
"123","GO:0055082","cellular chemical homeostasis","IEA, IMP, ISO, ISS, IDA","16","1.82","83.3"
"124","GO:0048518","positive regulation of biological process","TAS, ISS, IMP, ISO, IEA, IDA","17","1.93","83.6"
"125","GO:0019725","cellular homeostasis","IEA, IMP, ISO, ISS, IDA","16","1.82","83.3"
"126","GO:0055065","metal ion homeostasis","IEA, IMP, ISO, ISS, IDA","16","1.82","83.3"
"127","GO:0030003","cellular cation homeostasis","IEA, IMP, ISO, ISS, IDA","16","1.82","83.3"
"128","GO:0032414","positive regulation of ion transmembrane transporter activity","IEA, IMP, ISO, ISS, IDA","16","1.82","83.3"
"129","GO:0032411","positive regulation of transporter activity","IEA, IMP, ISO, ISS, IDA","16","1.82","83.3"
"130","GO:0032412","regulation of ion transmembrane transporter activity","IEA, IMP, ISO, ISS, IDA","16","1.82","83.3"
"131","GO:0010959","regulation of metal ion transport","IEA, IMP, ISO, ISS, IDA","16","1.82","83.3"
"132","GO:0044093","positive regulation of molecular function","IEA, IMP, ISO, ISS, IDA","16","1.82","83.3"
"133","GO:0051050","positive regulation of transport","IEA, IMP, ISO, ISS, IDA","16","1.82","83.3"
"134","GO:0022898","regulation of transmembrane transporter activity","IEA, IMP, ISO, ISS, IDA","16","1.82","83.3"
"135","GO:0050896","response to stimulus","ISS, IEP, IMP, ISO, IEA, IDA","14","1.59","82.5"
"136","GO:0032409","regulation of transporter activity","IEA, IMP, ISO, ISS, IDA","16","1.82","83.3"
"137","GO:0002028","regulation of sodium ion transport","IEA, IMP, ISO, ISS, IDA","16","1.82","83.3"
"138","GO:0010765","positive regulation of sodium ion transport","IEA, IMP, ISO, ISS, IDA","16","1.82","83.3"
"139","GO:0043270","positive regulation of ion transport","IEA, IMP, ISO, ISS, IDA","16","1.82","83.3"
"140","GO:1904064","GO:1904064","IEA, IMP, ISO, ISS, IDA","16","1.82","83.3"
"141","GO:0055067","monovalent inorganic cation homeostasis","IEA, ISO, IDA","18","2.05","83.9"
"142","GO:1902305","regulation of sodium ion transmembrane transport","IEA, IMP, ISO, ISS, IDA","16","1.82","83.3"
"143","GO:1902307","positive regulation of sodium ion transmembrane transport","IEA, IMP, ISO, ISS, IDA","16","1.82","83.3"
"144","GO:0010248","establishment or maintenance of transmembrane electrochemical gradient","IEA, IC, ISO, IDA","17","1.93","83.6"
"145","GO:0010107","potassium ion import","IEA, ISS, ISO, IDA","16","1.82","83.3"
"146","GO:0034764","positive regulation of transmembrane transport","IEA, IMP, ISO, ISS, IDA","16","1.82","83.3"
"147","GO:0034767","positive regulation of ion transmembrane transport","IEA, IMP, ISO, ISS, IDA","16","1.82","83.3"
"148","GO:0065009","regulation of molecular function","IEA, IMP, ISO, ISS, IDA","16","1.82","83.3"
"149","GO:0048522","positive regulation of cellular process","IEA, TAS, ISO, IDA","17","1.93","83.6"
"150","GO:0042391","regulation of membrane potential","IEA, IC, ISO, IDA","16","1.82","83.3"
"151","GO:0086009","membrane repolarization","IEA, IC, ISO, IDA","16","1.82","83.3"
"152","GO:0036376","sodium ion export from cell","IEA, ISO, IDA","16","1.82","83.3"
"153","GO:0051345","positive regulation of hydrolase activity","IEA, ISO, IDA","16","1.82","83.3"
"154","GO:0006883","cellular sodium ion homeostasis","IEA, ISO, IDA","16","1.82","83.3"
"155","GO:0050821","protein stabilization","IEA, IMP, ISO, IDA","16","1.82","83.3"
"156","GO:0006807","nitrogen compound metabolic process","IEA, ISO, IDA","16","1.82","83.3"
"157","GO:0050790","regulation of catalytic activity","IEA, ISO, IDA","16","1.82","83.3"
"158","GO:0051336","regulation of hydrolase activity","IEA, ISO, IDA","16","1.82","83.3"
"159","GO:1903288","GO:1903288","IEA, ISO, IDA","16","1.82","83.3"
"160","GO:1903286","GO:1903286","IEA, ISO, IDA","16","1.82","83.3"
"161","GO:0044237","cellular metabolic process","IEA, ISO, IDA","16","1.82","83.3"
"162","GO:0055078","sodium ion homeostasis","IEA, ISO, IDA","16","1.82","83.3"
"163","GO:0032501","multicellular organismal process","IEA, IMP, ISO, ISS, TAS","15","1.71","82.9"
"164","GO:0043266","regulation of potassium ion transport","IEA, ISO, IDA","16","1.82","83.3"
"165","GO:0043268","positive regulation of potassium ion transport","IEA, ISO, IDA","16","1.82","83.3"
"166","GO:0043462","regulation of ATPase activity","IEA, ISO, IDA","16","1.82","83.3"
"167","GO:0071704","organic substance metabolic process","IEA, ISO, IDA","16","1.82","83.3"
"168","GO:1901381","positive regulation of potassium ion transmembrane transport","IEA, ISO, IDA","16","1.82","83.3"
"169","GO:1903276","GO:1903276","IEA, ISO, IDA","16","1.82","83.3"
"170","GO:1903278","GO:1903278","IEA, ISO, IDA","16","1.82","83.3"
"171","GO:0055075","potassium ion homeostasis","IEA, ISO, IDA","16","1.82","83.3"
"172","GO:1901379","regulation of potassium ion transmembrane transport","IEA, ISO, IDA","16","1.82","83.3"
"173","GO:0008152","metabolic process","IEA, ISO, IDA","16","1.82","83.3"
"174","GO:0031647","regulation of protein stability","IEA, IMP, ISO, IDA","16","1.82","83.3"
"175","GO:0043085","positive regulation of catalytic activity","IEA, ISO, IDA","16","1.82","83.3"
"176","GO:0140115","GO:0140115","IEA, ISO, IDA","16","1.82","83.3"
"177","GO:0044238","primary metabolic process","IEA, ISO, IDA","16","1.82","83.3"
"178","GO:0030004","cellular monovalent inorganic cation homeostasis","IEA, ISO, IDA","16","1.82","83.3"
"179","GO:0030007","cellular potassium ion homeostasis","IEA, ISO, IDA","16","1.82","83.3"
"180","GO:1901018","positive regulation of potassium ion transmembrane transporter activity","IEA, ISO, IDA","16","1.82","83.3"
"181","GO:1901016","regulation of potassium ion transmembrane transporter activity","IEA, ISO, IDA","16","1.82","83.3"
"182","GO:0019222","regulation of metabolic process","IEA, ISS, TAS, IDA, IMP","14","1.59","82.5"
"183","GO:0060255","regulation of macromolecule metabolic process","IEA, ISS, TAS, IDA, IMP","14","1.59","82.5"
"184","GO:0010468","regulation of gene expression","IEA, ISS, TAS, IDA, IMP","14","1.59","82.5"
"185","GO:0046483","heterocycle metabolic process","IEA, ISO, IDA","14","1.59","82.5"
"186","GO:1901360","organic cyclic compound metabolic process","IEA, ISO, IDA","14","1.59","82.5"
"187","GO:0008104","protein localization","IEA, TAS, ISO, IDA","13","1.48","82.1"
"188","GO:0033036","macromolecule localization","IEA, TAS, ISO, IDA","13","1.48","82.1"
"189","GO:1990778","GO:1990778","IEA, TAS, ISO, IDA","13","1.48","82.1"
"190","GO:0072657","protein localization to membrane","IEA, TAS, ISO, IDA","13","1.48","82.1"
"191","GO:0006139","nucleobase-containing compound metabolic process","IEA, ISO, IDA","14","1.59","82.5"
"192","GO:0006725","cellular aromatic compound metabolic process","IEA, ISO, IDA","14","1.59","82.5"
"193","GO:0034613","cellular protein localization","IEA, TAS, ISO, IDA","13","1.48","82.1"
"194","GO:0051641","cellular localization","IEA, TAS, ISO, IDA","13","1.48","82.1"
"195","GO:0070727","cellular macromolecule localization","IEA, TAS, ISO, IDA","13","1.48","82.1"
"196","GO:0034641","cellular nitrogen compound metabolic process","IEA, ISO, IDA","14","1.59","82.5"
"197","GO:0072659","protein localization to plasma membrane","IEA, ISO, IDA","13","1.48","82.1"
"198","GO:0023052","signaling","IEA, IMP, IDA, ISS, TAS","11","1.25","81.2"
"199","GO:0007154","cell communication","IEA, IMP, IDA, ISS, TAS","11","1.25","81.2"
"200","GO:0003008","system process","IEA, IMP, ISS, TAS","12","1.37","81.7"
"201","GO:0051716","cellular response to stimulus","IEA, IMP, ISS, IDA","10","1.14","80.7"
"202","GO:1903522","GO:1903522","IEA, IMP, ISS, TAS","10","1.14","80.7"
"203","GO:0051239","regulation of multicellular organismal process","IEA, IMP, ISS, TAS","10","1.14","80.7"
"204","GO:0044057","regulation of system process","IEA, IMP, ISS, TAS","10","1.14","80.7"
"205","GO:1901564","organonitrogen compound metabolic process","IEA, ISO, IDA","11","1.25","81.2"
"206","GO:1901135","carbohydrate derivative metabolic process","IEA, ISO, IDA","11","1.25","81.2"
"207","GO:0007165","signal transduction","IEA, IMP, ISS, IDA","10","1.14","80.7"
"208","GO:0008016","regulation of heart contraction","IEA, IMP, ISS, TAS","10","1.14","80.7"
"209","GO:1903169","GO:1903169","IEA, IMP, ISS","9","1.02","80.1"
"210","GO:0009167","purine ribonucleoside monophosphate metabolic process","IEA, ISO, IDA","9","1.02","80.1"
"211","GO:0044281","small molecule metabolic process","IEA, ISO, IDA","9","1.02","80.1"
"212","GO:0009161","ribonucleoside monophosphate metabolic process","IEA, ISO, IDA","9","1.02","80.1"
"213","GO:0009199","ribonucleoside triphosphate metabolic process","IEA, ISO, IDA","9","1.02","80.1"
"214","GO:0010882","regulation of cardiac muscle contraction by calcium ion signaling","IEA, IMP, ISS","9","1.02","80.1"
"215","GO:0035556","intracellular signal transduction","IEA, IMP, ISS","9","1.02","80.1"
"216","GO:0006753","nucleoside phosphate metabolic process","IEA, ISO, IDA","9","1.02","80.1"
"217","GO:2000651","positive regulation of sodium ion transmembrane transporter activity","IEA, IMP, ISS","9","1.02","80.1"
"218","GO:0090257","regulation of muscle system process","IEA, IMP, ISS","9","1.02","80.1"
"219","GO:0019693","ribose phosphate metabolic process","IEA, ISO, IDA","9","1.02","80.1"
"220","GO:0006796","phosphate-containing compound metabolic process","IEA, ISO, IDA","9","1.02","80.1"
"221","GO:0006793","phosphorus metabolic process","IEA, ISO, IDA","9","1.02","80.1"
"222","GO:0003012","muscle system process","IEA, IMP, ISS","9","1.02","80.1"
"223","GO:0003013","circulatory system process","IEA, IMP, ISS","9","1.02","80.1"
"224","GO:0003015","heart process","IEA, IMP, ISS","9","1.02","80.1"
"225","GO:0006936","muscle contraction","IEA, IMP, ISS","9","1.02","80.1"
"226","GO:0046034","ATP metabolic process","IEA, ISO, IDA","9","1.02","80.1"
"227","GO:0090075","relaxation of muscle","IEA, IMP, ISS","9","1.02","80.1"
"228","GO:0009123","nucleoside monophosphate metabolic process","IEA, ISO, IDA","9","1.02","80.1"
"229","GO:0009259","ribonucleotide metabolic process","IEA, ISO, IDA","9","1.02","80.1"
"230","GO:0072521","purine-containing compound metabolic process","IEA, ISO, IDA","9","1.02","80.1"
"231","GO:1903281","GO:1903281","IEA, IMP, ISS","9","1.02","80.1"
"232","GO:0051928","positive regulation of calcium ion transport","IEA, IMP, ISS","9","1.02","80.1"
"233","GO:0051924","regulation of calcium ion transport","IEA, IMP, ISS","9","1.02","80.1"
"234","GO:0055119","relaxation of cardiac muscle","IEA, IMP, ISS","9","1.02","80.1"
"235","GO:0055117","regulation of cardiac muscle contraction","IEA, IMP, ISS","9","1.02","80.1"
"236","GO:0019637","organophosphate metabolic process","IEA, ISO, IDA","9","1.02","80.1"
"237","GO:0009141","nucleoside triphosphate metabolic process","IEA, ISO, IDA","9","1.02","80.1"
"238","GO:0009144","purine nucleoside triphosphate metabolic process","IEA, ISO, IDA","9","1.02","80.1"
"239","GO:1904427","GO:1904427","IEA, IMP, ISS","9","1.02","80.1"
"240","GO:0060047","heart contraction","IEA, IMP, ISS","9","1.02","80.1"
"241","GO:0060048","cardiac muscle contraction","IEA, IMP, ISS","9","1.02","80.1"
"242","GO:0006937","regulation of muscle contraction","IEA, IMP, ISS","9","1.02","80.1"
"243","GO:1901021","positive regulation of calcium ion transmembrane transporter activity","IEA, IMP, ISS","9","1.02","80.1"
"244","GO:0009117","nucleotide metabolic process","IEA, ISO, IDA","9","1.02","80.1"
"245","GO:1903279","GO:1903279","IEA, IMP, ISS","9","1.02","80.1"
"246","GO:0055074","calcium ion homeostasis","IEA, IMP, ISS","9","1.02","80.1"
"247","GO:0009205","purine ribonucleoside triphosphate metabolic process","IEA, ISO, IDA","9","1.02","80.1"
"248","GO:0019722","calcium-mediated signaling","IEA, IMP, ISS","9","1.02","80.1"
"249","GO:0006163","purine nucleotide metabolic process","IEA, ISO, IDA","9","1.02","80.1"
"250","GO:0019932","second-messenger-mediated signaling","IEA, IMP, ISS","9","1.02","80.1"
"251","GO:2000649","regulation of sodium ion transmembrane transporter activity","IEA, IMP, ISS","9","1.02","80.1"
"252","GO:0008015","blood circulation","IEA, IMP, ISS","9","1.02","80.1"
"253","GO:0009150","purine ribonucleotide metabolic process","IEA, ISO, IDA","9","1.02","80.1"
"254","GO:0006941","striated muscle contraction","IEA, IMP, ISS","9","1.02","80.1"
"255","GO:0006942","regulation of striated muscle contraction","IEA, IMP, ISS","9","1.02","80.1"
"256","GO:0009126","purine nucleoside monophosphate metabolic process","IEA, ISO, IDA","9","1.02","80.1"
"257","GO:0072507","divalent inorganic cation homeostasis","IEA, IMP, ISS","9","1.02","80.1"
"258","GO:0072503","cellular divalent inorganic cation homeostasis","IEA, IMP, ISS","9","1.02","80.1"
"259","GO:0055086","nucleobase-containing small molecule metabolic process","IEA, ISO, IDA","9","1.02","80.1"
"260","GO:0017144","drug metabolic process","IEA, ISO, IDA","9","1.02","80.1"
"261","GO:0006874","cellular calcium ion homeostasis","IEA, IMP, ISS","9","1.02","80.1"
"262","GO:1901019","regulation of calcium ion transmembrane transporter activity","IEA, IMP, ISS","9","1.02","80.1"
"263","GO:0044260","cellular macromolecule metabolic process","IEA, ISO, IDA","7","0.796","78.8"
"264","GO:0009058","biosynthetic process","IEA, ISO, IDA","7","0.796","78.8"
"265","GO:0009059","macromolecule biosynthetic process","IEA, ISO, IDA","7","0.796","78.8"
"266","GO:1901576","organic substance biosynthetic process","IEA, ISO, IDA","7","0.796","78.8"
"267","GO:0044249","cellular biosynthetic process","IEA, ISO, IDA","7","0.796","78.8"
"268","GO:0034645","cellular macromolecule biosynthetic process","IEA, ISO, IDA","7","0.796","78.8"
"269","GO:0043170","macromolecule metabolic process","IEA, ISO, IDA","7","0.796","78.8"
"270","GO:0010556","regulation of macromolecule biosynthetic process","ISS, IDA, TAS","5","0.569","76.9"
"271","GO:2000112","regulation of cellular macromolecule biosynthetic process","ISS, IDA, TAS","5","0.569","76.9"
"272","GO:0019219","regulation of nucleobase-containing compound metabolic process","ISS, IDA, TAS","5","0.569","76.9"
"273","GO:2001141","regulation of RNA biosynthetic process","ISS, IDA, TAS","5","0.569","76.9"
"274","GO:0009889","regulation of biosynthetic process","ISS, IDA, TAS","5","0.569","76.9"
"275","GO:0006355","regulation of transcription, DNA-dependent","ISS, IDA, TAS","5","0.569","76.9"
"276","GO:1903506","GO:1903506","ISS, IDA, TAS","5","0.569","76.9"
"277","GO:0051252","regulation of RNA metabolic process","ISS, IDA, TAS","5","0.569","76.9"
"278","GO:0051171","regulation of nitrogen compound metabolic process","ISS, IDA, TAS","5","0.569","76.9"
"279","GO:0080090","regulation of primary metabolic process","ISS, IDA, TAS","5","0.569","76.9"
"280","GO:0031326","regulation of cellular biosynthetic process","ISS, IDA, TAS","5","0.569","76.9"
"281","GO:0031323","regulation of cellular metabolic process","ISS, IDA, TAS","5","0.569","76.9"
"282","GO:0018130","heterocycle biosynthetic process","IEA","5","0.569","76.9"
"283","GO:0016070","RNA metabolic process","IEA","5","0.569","76.9"
"284","GO:0051704","multi-organism process","IEA, IEP, ISO, IMP","5","0.569","76.9"
"285","GO:1901362","organic cyclic compound biosynthetic process","IEA","5","0.569","76.9"
"286","GO:0097659","GO:0097659","IEA","5","0.569","76.9"
"287","GO:0034654","nucleobase-containing compound biosynthetic process","IEA","5","0.569","76.9"
"288","GO:0044271","cellular nitrogen compound biosynthetic process","IEA","5","0.569","76.9"
"289","GO:0006351","transcription, DNA-dependent","IEA","5","0.569","76.9"
"290","GO:0032774","RNA biosynthetic process","IEA","5","0.569","76.9"
"291","GO:0019438","aromatic compound biosynthetic process","IEA","5","0.569","76.9"
"292","GO:0090304","nucleic acid metabolic process","IEA","5","0.569","76.9"
"293","GO:0010467","gene expression","IEA","5","0.569","76.9"
"294","GO:0009605","response to external stimulus","IEA, IEP, IMP","4","0.455","75.7"
"295","GO:1902600","GO:1902600","IDA, ISO, TAS","4","0.455","75.7"
"296","GO:0009628","response to abiotic stimulus","IEA, IMP, ISO, IDA","4","0.455","75.7"
"297","GO:0043207","response to external biotic stimulus","IEA, IEP","3","0.341","74.2"
"298","GO:0009607","response to biotic stimulus","IEA, IEP","3","0.341","74.2"
"299","GO:0050900","leukocyte migration","TAS","3","0.341","74.2"
"300","GO:0033993","response to lipid","IEA, IEP","3","0.341","74.2"
"301","GO:0040011","locomotion","TAS","3","0.341","74.2"
"302","GO:0048856","anatomical structure development","IMP, ISO","3","0.341","74.2"
"303","GO:0051707","response to other organism","IEA, IEP","3","0.341","74.2"
"304","GO:0010033","response to organic substance","IEA, IEP","3","0.341","74.2"
"305","GO:0007186","G-protein coupled receptor signaling pathway","ISS, IDA","1","0.114","68.2"
"306","GO:1901700","response to oxygen-containing compound","IEA, IEP","3","0.341","74.2"
"307","GO:0002237","response to molecule of bacterial origin","IEA, IEP","3","0.341","74.2"
"308","GO:0042221","response to chemical stimulus","IEA, IEP","3","0.341","74.2"
"309","GO:0070482","response to oxygen levels","IEA, ISO, IDA","3","0.341","74.2"
"310","GO:0048468","cell development","IMP, ISO","3","0.341","74.2"
"311","GO:0048869","cellular developmental process","IMP, ISO","3","0.341","74.2"
"312","GO:0010243","response to organonitrogen compound","IEA, IEP","3","0.341","74.2"
"313","GO:0002376","immune system process","TAS","3","0.341","74.2"
"314","GO:0006928","cellular component movement","TAS","3","0.341","74.2"
"315","GO:0051674","localization of cell","TAS","3","0.341","74.2"
"316","GO:0016477","cell migration","TAS","3","0.341","74.2"
"317","GO:0006950","response to stress","IEA, ISO, IDA","3","0.341","74.2"
"318","GO:0036293","response to decreased oxygen levels","IEA, ISO, IDA","3","0.341","74.2"
"319","GO:0030154","cell differentiation","IMP, ISO","3","0.341","74.2"
"320","GO:0032502","developmental process","IMP, ISO","3","0.341","74.2"
"321","GO:0009617","response to bacterium","IEA, IEP","3","0.341","74.2"
"322","GO:0048870","cell motility","TAS","3","0.341","74.2"
"323","GO:0032496","response to lipopolysaccharide","IEA, IEP","3","0.341","74.2"
"324","GO:1901698","response to nitrogen compound","IEA, IEP","3","0.341","74.2"
"325","GO:0001666","response to hypoxia","IEA, ISO, IDA","3","0.341","74.2"
"326","GO:0000003","reproduction","IMP, ISO","2","0.228","72"
"327","GO:0045851","pH reduction","ISO, IDA","2","0.228","72"
"328","GO:0007283","spermatogenesis","IMP, ISO","2","0.228","72"
"329","GO:0007285","primary spermatocyte growth","IMP, ISO","2","0.228","72"
"330","GO:0019538","protein metabolic process","ISO, IDA","2","0.228","72"
"331","GO:0006885","regulation of pH","ISO, IDA","2","0.228","72"
"332","GO:0043412","macromolecule modification","ISO, IDA","2","0.228","72"
"333","GO:0043413","macromolecule glycosylation","ISO, IDA","2","0.228","72"
"334","GO:0098739","GO:0098739","ISS, IDA","2","0.228","72"
"335","GO:0050877","neurological system process","IMP","2","0.228","72"
"336","GO:0086064","cell communication by electrical coupling involved in cardiac conduction","TAS","2","0.228","72"
"337","GO:0086065","cell communication involved in cardiac conduction","TAS","2","0.228","72"
"338","GO:0007276","gamete generation","IMP, ISO","2","0.228","72"
"339","GO:0006486","protein glycosylation","ISO, IDA","2","0.228","72"
"340","GO:0070085","glycosylation","ISO, IDA","2","0.228","72"
"341","GO:0006464","cellular protein modification process","ISO, IDA","2","0.228","72"
"342","GO:0044267","cellular protein metabolic process","ISO, IDA","2","0.228","72"
"343","GO:0048589","developmental growth","IMP, ISO","2","0.228","72"
"344","GO:0019953","sexual reproduction","IMP, ISO","2","0.228","72"
"345","GO:0048609","multicellular organismal reproductive process","IMP, ISO","2","0.228","72"
"346","GO:0048232","male gamete generation","IMP, ISO","2","0.228","72"
"347","GO:1901137","carbohydrate derivative biosynthetic process","ISO, IDA","2","0.228","72"
"348","GO:0009100","glycoprotein metabolic process","ISO, IDA","2","0.228","72"
"349","GO:0009101","glycoprotein biosynthetic process","ISO, IDA","2","0.228","72"
"350","GO:0022414","reproductive process","IMP, ISO","2","0.228","72"
"351","GO:0022412","cellular process involved in reproduction in multicellular organism","IMP, ISO","2","0.228","72"
"352","GO:0048588","developmental cell growth","IMP, ISO","2","0.228","72"
"353","GO:0071840","cellular component organization or biogenesis","IMP, TAS","2","0.228","72"
"354","GO:0007605","sensory perception of sound","IMP","2","0.228","72"
"355","GO:0007600","sensory perception","IMP","2","0.228","72"
"356","GO:0003006","developmental process involved in reproduction","IMP, ISO","2","0.228","72"
"357","GO:0044703","multi-organism reproductive process","IMP, ISO","2","0.228","72"
"358","GO:1901566","organonitrogen compound biosynthetic process","ISO, IDA","2","0.228","72"
"359","GO:0099587","GO:0099587","ISS, IDA","2","0.228","72"
"360","GO:0050954","sensory perception of mechanical stimulus","IMP","2","0.228","72"
"361","GO:0035151","regulation of tube size, open tracheal system","IMP","1","0.114","68.2"
"362","GO:0007424","open tracheal system development","IMP","1","0.114","68.2"
"363","GO:0032504","multicellular organism reproduction","IMP, ISO","2","0.228","72"
"364","GO:0010155","regulation of proton transport","ISO, IDA","2","0.228","72"
"365","GO:0033577","protein glycosylation in endoplasmic reticulum","ISO, IDA","2","0.228","72"
"366","GO:0035159","regulation of tube length, open tracheal system","IMP","1","0.114","68.2"
"367","GO:0061337","cardiac conduction","TAS","2","0.228","72"
"368","GO:0016049","cell growth","IMP, ISO","2","0.228","72"
"369","GO:0016043","cellular component organization","IMP, TAS","2","0.228","72"
"370","GO:0036211","protein modification process","ISO, IDA","2","0.228","72"
"371","GO:0035637","multicellular organismal signaling","TAS","2","0.228","72"
"372","GO:0010644","cell communication by electrical coupling","TAS","2","0.228","72"
"373","GO:1990573","GO:1990573","ISS, IDA","2","0.228","72"
"374","GO:0040007","growth","IMP, ISO","2","0.228","72"
"375","GO:0098659","GO:0098659","ISS, IDA","2","0.228","72"
"376","GO:0098657","GO:0098657","ISS, IDA","2","0.228","72"
"377","GO:0019991","septate junction assembly","IMP","1","0.114","68.2"
"378","GO:0007188","adenylate cyclase-modulating G-protein coupled receptor signaling pathway","IDA","1","0.114","68.2"
"379","GO:0060541","respiratory system development","IMP","1","0.114","68.2"
"380","GO:0009891","positive regulation of biosynthetic process","TAS","1","0.114","68.2"
"381","GO:0001508","regulation of action potential","IC","1","0.114","68.2"
"382","GO:0006886","intracellular protein transport","TAS","1","0.114","68.2"
"383","GO:0010557","positive regulation of macromolecule biosynthetic process","TAS","1","0.114","68.2"
"384","GO:0010001","glial cell differentiation","IMP","1","0.114","68.2"
"385","GO:0045216","cell-cell junction organization","IMP","1","0.114","68.2"
"386","GO:0034329","cell junction assembly","IMP","1","0.114","68.2"
"387","GO:0061343","cell adhesion involved in heart morphogenesis","IMP","1","0.114","68.2"
"388","GO:0007275","multicellular organismal development","IMP","1","0.114","68.2"
"389","GO:0032596","protein transport into membrane raft","TAS","1","0.114","68.2"
"390","GO:0003007","heart morphogenesis","IMP","1","0.114","68.2"
"391","GO:0060857","establishment of glial blood-brain barrier","IMP","1","0.114","68.2"
"392","GO:0060856","establishment of blood-brain barrier","IMP","1","0.114","68.2"
"393","GO:0051668","localization within membrane","TAS","1","0.114","68.2"
"394","GO:0046717","acid secretion","TAS","1","0.114","68.2"
"395","GO:0009653","anatomical structure morphogenesis","IMP","1","0.114","68.2"
"396","GO:0007187","G-protein coupled receptor signaling pathway, coupled to cyclic nucleotide second messenger","IDA","1","0.114","68.2"
"397","GO:0009887","organ morphogenesis","IMP","1","0.114","68.2"
"398","GO:0051649","establishment of localization in cell","TAS","1","0.114","68.2"
"399","GO:0007043","cell-cell junction assembly","IMP","1","0.114","68.2"
"400","GO:0009893","positive regulation of metabolic process","TAS","1","0.114","68.2"
"401","GO:1902680","GO:1902680","TAS","1","0.114","68.2"
"402","GO:0048731","system development","IMP","1","0.114","68.2"
"403","GO:0034330","cell junction organization","IMP","1","0.114","68.2"
"404","GO:0045935","positive regulation of nucleobase-containing compound metabolic process","TAS","1","0.114","68.2"
"405","GO:0022008","neurogenesis","IMP","1","0.114","68.2"
"406","GO:0043297","apical junction assembly","IMP","1","0.114","68.2"
"407","GO:0072359","circulatory system development","IMP","1","0.114","68.2"
"408","GO:0007214","gamma-aminobutyric acid signaling pathway","IDA","1","0.114","68.2"
"409","GO:0048513","organ development","IMP","1","0.114","68.2"
"410","GO:0045184","establishment of protein localization","TAS","1","0.114","68.2"
"411","GO:0022607","cellular component assembly","IMP","1","0.114","68.2"
"412","GO:0022600","digestive system process","TAS","1","0.114","68.2"
"413","GO:0090066","regulation of anatomical structure size","IMP","1","0.114","68.2"
"414","GO:0035158","regulation of tube diameter, open tracheal system","IMP","1","0.114","68.2"
"415","GO:0035150","regulation of tube size","IMP","1","0.114","68.2"
"416","GO:0035152","regulation of tube architecture, open tracheal system","IMP","1","0.114","68.2"
"417","GO:0046903","secretion","TAS","1","0.114","68.2"
"418","GO:0046907","intracellular transport","TAS","1","0.114","68.2"
"419","GO:0006357","regulation of transcription from RNA polymerase II promoter","TAS","1","0.114","68.2"
"420","GO:0007193","adenylate cyclase-inhibiting G-protein coupled receptor signaling pathway","IDA","1","0.114","68.2"
"421","GO:0015833","peptide transport","TAS","1","0.114","68.2"
"422","GO:0086001","regulation of cardiac muscle cell action potential","IC","1","0.114","68.2"
"423","GO:0010996","response to auditory stimulus","IMP","1","0.114","68.2"
"424","GO:0051254","positive regulation of RNA metabolic process","TAS","1","0.114","68.2"
"425","GO:0007507","heart development","IMP","1","0.114","68.2"
"426","GO:0032594","protein transport within lipid bilayer","TAS","1","0.114","68.2"
"427","GO:0071705","nitrogen compound transport","TAS","1","0.114","68.2"
"428","GO:0071702","organic substance transport","TAS","1","0.114","68.2"
"429","GO:0007586","digestion","TAS","1","0.114","68.2"
"430","GO:0051173","positive regulation of nitrogen compound metabolic process","TAS","1","0.114","68.2"
"431","GO:0090150","establishment of protein localization to membrane","TAS","1","0.114","68.2"
"432","GO:0061024","membrane organization","TAS","1","0.114","68.2"
"433","GO:0010604","positive regulation of macromolecule metabolic process","TAS","1","0.114","68.2"
"434","GO:0044860","GO:0044860","TAS","1","0.114","68.2"
"435","GO:0009612","response to mechanical stimulus","IMP","1","0.114","68.2"
"436","GO:0044861","GO:0044861","TAS","1","0.114","68.2"
"437","GO:0001696","gastric acid secretion","TAS","1","0.114","68.2"
"438","GO:0021782","glial cell development","IMP","1","0.114","68.2"
"439","GO:0042063","gliogenesis","IMP","1","0.114","68.2"
"440","GO:0099622","GO:0099622","IC","1","0.114","68.2"
"441","GO:0035296","regulation of tube diameter","IMP","1","0.114","68.2"
"442","GO:0042886","amide transport","TAS","1","0.114","68.2"
"443","GO:0045893","positive regulation of transcription, DNA-dependent","TAS","1","0.114","68.2"
"444","GO:0086013","membrane repolarization involved in regulation of cardiac muscle cell action potential","IC","1","0.114","68.2"
"445","GO:0086011","membrane repolarization involved in regulation of action potential","IC","1","0.114","68.2"
"446","GO:0010628","positive regulation of gene expression","TAS","1","0.114","68.2"
"447","GO:0045944","positive regulation of transcription from RNA polymerase II promoter","TAS","1","0.114","68.2"
"448","GO:1903508","GO:1903508","TAS","1","0.114","68.2"
"449","GO:0031328","positive regulation of cellular biosynthetic process","TAS","1","0.114","68.2"
"450","GO:0031325","positive regulation of cellular metabolic process","TAS","1","0.114","68.2"
"451","GO:1903044","GO:1903044","TAS","1","0.114","68.2"
"452","GO:0007399","nervous system development","IMP","1","0.114","68.2"
"453","GO:0044085","cellular component biogenesis","IMP","1","0.114","68.2"
"454","GO:0015031","protein transport","TAS","1","0.114","68.2"
"455","GO:0044464","cell part","CURATED, TAS, ISS, IPI, IMP, ISO, IEA, IC, IDA","46","5.23","89"
"456","GO:0005623","cell","CURATED, TAS, ISS, IPI, IMP, ISO, IEA, IC, IDA","46","5.23","89"
"457","GO:0016020","membrane","CURATED, TAS, ISS, IPI, IMP, ISO, IEA, IC, IDA","46","5.23","89"
"458","GO:0005886","plasma membrane","CURATED, TAS, ISS, IPI, IMP, ISO, IEA, IC, IDA","46","5.23","89"
"459","GO:0071944","cell periphery","CURATED, TAS, ISS, IPI, IMP, ISO, IEA, IC, IDA","46","5.23","89"
"460","GO:0044425","membrane part","TAS, ISS, IPI, IMP, ISO, IEA, IC, IDA","46","5.23","89"
"461","GO:0044459","plasma membrane part","TAS, IPI, IMP, ISO, IEA, IC, IDA","46","5.23","89"
"462","GO:0031224","intrinsic to membrane","TAS, ISS, IPI, IMP, ISO, IEA, IC, IDA","46","5.23","89"
"463","GO:0016021","integral to membrane","TAS, ISS, IPI, IMP, ISO, IEA, IC, IDA","46","5.23","89"
"464","GO:0031226","intrinsic to plasma membrane","TAS, IPI, IMP, ISO, IEA, IC, IDA","46","5.23","89"
"465","GO:0005887","integral to plasma membrane","TAS, IPI, IMP, ISO, IEA, IC, IDA","46","5.23","89"
"466","GO:0032991","macromolecular complex","IPI, IMP, ISO, IEA, IC, IDA","46","5.23","89"
"467","GO:0098797","GO:0098797","IPI, IMP, ISO, IEA, IC, IDA","46","5.23","89"
"468","GO:0098796","GO:0098796","IPI, IMP, ISO, IEA, IC, IDA","46","5.23","89"
"469","GO:0098533","GO:0098533","IEA, IMP, IC, ISO, IDA","45","5.12","88.9"
"470","GO:0005890","sodium:potassium-exchanging ATPase complex","IEA, IMP, IC, ISO, IDA","45","5.12","88.9"
"471","GO:0090533","cation-transporting ATPase complex","IEA, IMP, IC, ISO, IDA","45","5.12","88.9"
"472","GO:1902495","GO:1902495","IEA, IMP, IC, ISO, IDA","45","5.12","88.9"
"473","GO:1902494","GO:1902494","IEA, IMP, IC, ISO, IDA","45","5.12","88.9"
"474","GO:1990351","GO:1990351","IEA, IMP, IC, ISO, IDA","45","5.12","88.9"
"475","GO:1904949","GO:1904949","IEA, IMP, IC, ISO, IDA","45","5.12","88.9"
"476","GO:0005622","intracellular","IEA, ISS, TAS, ISO, IDA","24","2.73","85.5"
"477","GO:0044424","intracellular part","ISS, IEA, TAS, ISO, IDA","15","1.71","82.9"
"478","GO:0098590","GO:0098590","IEA, ISO, IDA","16","1.82","83.3"
"479","GO:0043226","organelle","ISS, IEA, TAS, ISO, IDA","12","1.37","81.7"
"480","GO:0043229","intracellular organelle","ISS, IEA, TAS, ISO, IDA","12","1.37","81.7"
"481","GO:0043227","membrane-bounded organelle","ISS, IEA, TAS, ISO, IDA","12","1.37","81.7"
"482","GO:0045177","apical part of cell","IEA, IDA","13","1.48","82.1"
"483","GO:0016324","apical plasma membrane","IEA, IDA","13","1.48","82.1"
"484","GO:0042383","sarcolemma","IEA, IMP, ISS","11","1.25","81.2"
"485","GO:0005737","cytoplasm","IEA, ISO, IDA","10","1.14","80.7"
"486","GO:0043231","intracellular membrane-bounded organelle","ISS, TAS, ISO, IDA","7","0.796","78.8"
"487","GO:0005911","cell-cell junction","IEA, IMP, ISS, IDA","10","1.14","80.7"
"488","GO:0030054","cell junction","IEA, IMP, ISS, IDA","10","1.14","80.7"
"489","GO:0012505","endomembrane system","ISS, TAS, ISO, IDA","7","0.796","78.8"
"490","GO:0044446","intracellular organelle part","ISS, TAS, ISO, IDA","5","0.569","76.9"
"491","GO:0043209","myelin sheath","IEA, IDA","9","1.02","80.1"
"492","GO:0044291","cell-cell contact zone","IEA, IMP, ISS","9","1.02","80.1"
"493","GO:0016323","basolateral plasma membrane","IEA, IDA","9","1.02","80.1"
"494","GO:0014704","intercalated disc","IEA, IMP, ISS","9","1.02","80.1"
"495","GO:0005634","nucleus","ISS, TAS, ISO, IDA","5","0.569","76.9"
"496","GO:0044422","organelle part","ISS, TAS, ISO, IDA","5","0.569","76.9"
"497","GO:0005635","nuclear envelope","ISS, TAS, ISO, IDA","5","0.569","76.9"
"498","GO:0031975","envelope","ISS, TAS, ISO, IDA","5","0.569","76.9"
"499","GO:0031967","organelle envelope","ISS, TAS, ISO, IDA","5","0.569","76.9"
"500","GO:0044428","nuclear part","ISS, TAS, ISO, IDA","5","0.569","76.9"
"501","GO:0044444","cytoplasmic part","IEA, ISO, IDA","7","0.796","78.8"
"502","GO:0005901","caveola","IEA, ISO, IDA","6","0.683","77.9"
"503","GO:0098805","GO:0098805","IEA, ISO, IDA","6","0.683","77.9"
"504","GO:0098589","GO:0098589","IEA, ISO, IDA","6","0.683","77.9"
"505","GO:0044853","GO:0044853","IEA, ISO, IDA","6","0.683","77.9"
"506","GO:0098857","GO:0098857","IEA, ISO, IDA","6","0.683","77.9"
"507","GO:0045121","membrane raft","IEA, ISO, IDA","6","0.683","77.9"
"508","GO:0019866","organelle inner membrane","ISS, IDA","5","0.569","76.9"
"509","GO:0048770","pigment granule","IEA","5","0.569","76.9"
"510","GO:0031090","organelle membrane","ISS, IDA","5","0.569","76.9"
"511","GO:0005637","nuclear inner membrane","ISS, IDA","5","0.569","76.9"
"512","GO:0042470","melanosome","IEA","5","0.569","76.9"
"513","GO:0031965","nuclear membrane","ISS, IDA","5","0.569","76.9"
"514","GO:0031982","vesicle","IEA","5","0.569","76.9"
"515","GO:0005576","extracellular region","IEA, NAS, CURATED, TAS","4","0.455","75.7"
"516","GO:0031410","cytoplasmic vesicle","IEA","5","0.569","76.9"
"517","GO:0097708","GO:0097708","IEA","5","0.569","76.9"
"518","GO:0000785","chromatin","ISO, IDA","2","0.228","72"
"519","GO:0043228","non-membrane-bounded organelle","ISO, IDA","2","0.228","72"
"520","GO:0005783","endoplasmic reticulum","ISO, IDA","2","0.228","72"
"521","GO:0043232","intracellular non-membrane-bounded organelle","ISO, IDA","2","0.228","72"
"522","GO:0005694","chromosome","ISO, IDA","2","0.228","72"
"523","GO:0044427","chromosomal part","ISO, IDA","2","0.228","72"
"524","GO:0043235","receptor complex","IPI","1","0.114","68.2"
"525","GO:0044421","extracellular region part","TAS","1","0.114","68.2"
"526","GO:0098802","GO:0098802","IPI","1","0.114","68.2"
"527","GO:0042995","cell projection","IDA","1","0.114","68.2"
"528","GO:0097458","neuron part","IDA","1","0.114","68.2"
"529","GO:0005615","extracellular space","TAS","1","0.114","68.2"
"530","GO:0043005","neuron projection","IDA","1","0.114","68.2"
"531","GO:0038039","G-protein coupled receptor heterodimeric complex","IPI","1","0.114","68.2"
"532","GO:0005918","septate junction","IDA","1","0.114","68.2"
"533","GO:0070160","occluding junction","IDA","1","0.114","68.2"
"534","GO:0038037","G-protein coupled receptor dimeric complex","IPI","1","0.114","68.2"
"535","GO:0120025","GO:0120025","IDA","1","0.114","68.2"
"536","GO:0097648","GO:0097648","IPI","1","0.114","68.2"
"537","GO:0030424","axon","IDA","1","0.114","68.2"
"538","GO:0043296","apical junction complex","IDA","1","0.114","68.2"
