"","V1","V2","V3","V4","V5","V6"
"1","ID","GO term","Evidence","SeqCount","Frequency","relative_fontsize"
"2","GO:0003700","sequence-specific DNA binding transcription factor activity","IEA, ISS, NAS, IMP, IDA","494","73","98.3"
"3","GO:0001071","nucleic acid binding transcription factor activity","IEA, ISS, NAS, IMP, IDA","494","73","98.3"
"4","GO:0005488","binding","IEA, ISS, TAS, IPI, IDA","153","22.6","91.9"
"5","GO:0003677","DNA binding","IEA, ISS, TAS, IPI, IDA","151","22.3","91.9"
"6","GO:0003676","nucleic acid binding","IEA, ISS, TAS, IPI, IDA","151","22.3","91.9"
"7","GO:1901363","heterocyclic compound binding","IEA, ISS, TAS, IPI, IDA","151","22.3","91.9"
"8","GO:0097159","organic cyclic compound binding","IEA, ISS, TAS, IPI, IDA","151","22.3","91.9"
"9","GO:0001067","regulatory region nucleic acid binding","IEA, ISS, IDA","119","17.6","90.6"
"10","GO:0044212","transcription regulatory region DNA binding","IEA, ISS, IDA","119","17.6","90.6"
"11","GO:0000975","regulatory region DNA binding","IEA, ISS, IDA","119","17.6","90.6"
"12","GO:0004871","signal transducer activity","IMP, ISS, TAS, NAS, IEA, IGI, IDA","104","15.4","89.8"
"13","GO:0060089","molecular transducer activity","IMP, ISS, TAS, NAS, IEA, IGI, IDA","104","15.4","89.8"
"14","GO:0005072","transforming growth factor beta receptor, cytoplasmic mediator activity","IMP, ISS, TAS, NAS, IEA, IGI, IDA","103","15.2","89.8"
"15","GO:0005057","receptor signaling protein activity","IMP, ISS, TAS, NAS, IEA, IGI, IDA","103","15.2","89.8"
"16","GO:0043565","sequence-specific DNA binding","IEA, ISS, IPI, IDA","86","12.7","88.8"
"17","GO:0000976","transcription regulatory region sequence-specific DNA binding","IEA, ISS, IDA","83","12.3","88.6"
"18","GO:0003682","chromatin binding","IEA, ISS, IDA","76","11.2","88.1"
"19","GO:0046872","metal ion binding","IEA, IDA","50","7.39","85.9"
"20","GO:0043167","ion binding","IEA, IDA","50","7.39","85.9"
"21","GO:0043169","cation binding","IEA, IDA","50","7.39","85.9"
"22","GO:0030618","transforming growth factor beta receptor, pathway-specific cytoplasmic mediator activity","IEA, NAS, TAS, IDA, IMP","45","6.65","85.3"
"23","GO:0001012","RNA polymerase II regulatory region DNA binding","IEA, IDA","43","6.35","85"
"24","GO:0001159","core promoter proximal region DNA binding","IEA, ISS, IDA","39","5.76","84.5"
"25","GO:0000987","core promoter proximal region sequence-specific DNA binding","IEA, ISS, IDA","39","5.76","84.5"
"26","GO:0000977","RNA polymerase II regulatory region sequence-specific DNA binding","IEA, IDA","43","6.35","85"
"27","GO:0001047","core promoter binding","IEA, IDA","42","6.2","84.9"
"28","GO:0001046","core promoter sequence-specific DNA binding","IEA, IDA","42","6.2","84.9"
"29","GO:0000979","RNA polymerase II core promoter sequence-specific DNA binding","IEA, IDA","42","6.2","84.9"
"30","GO:0003690","double-stranded DNA binding","ISS, IEA, IDA","38","5.61","84.4"
"31","GO:0043566","structure-specific DNA binding","ISS, IEA, IDA","38","5.61","84.4"
"32","GO:0000988","protein binding transcription factor activity","IEA, IDA","38","5.61","84.4"
"33","GO:0030617","transforming growth factor beta receptor, inhibitory cytoplasmic mediator activity","IEA, TAS, IGI, IDA","37","5.47","84.2"
"34","GO:0065007","biological regulation","IPI, NAS, ISS, IEP, TAS, IMP, ISO, IEA, IC, IGI, IDA","547","80.8","98.8"
"35","GO:0050789","regulation of biological process","IPI, NAS, ISS, IEP, TAS, IMP, ISO, IEA, IC, IGI, IDA","547","80.8","98.8"
"36","GO:0050794","regulation of cellular process","IPI, NAS, ISS, IEP, TAS, IMP, ISO, IEA, IC, IGI, IDA","547","80.8","98.8"
"37","GO:0006355","regulation of transcription, DNA-dependent","IPI, NAS, ISS, IEP, TAS, IMP, IEA, IGI, IDA","547","80.8","98.8"
"38","GO:0019222","regulation of metabolic process","IPI, NAS, ISS, IEP, TAS, IMP, IEA, IGI, IDA","547","80.8","98.8"
"39","GO:0044699","single-organism process","IPI, NAS, ISS, IEP, TAS, IMP, ISO, IEA, IGI, IDA","502","74.2","98.4"
"40","GO:0060255","regulation of macromolecule metabolic process","IPI, NAS, ISS, IEP, TAS, IMP, IEA, IGI, IDA","547","80.8","98.8"
"41","GO:0080090","regulation of primary metabolic process","IPI, NAS, ISS, IEP, TAS, IMP, IEA, IGI, IDA","547","80.8","98.8"
"42","GO:0031323","regulation of cellular metabolic process","IPI, NAS, ISS, IEP, TAS, IMP, IEA, IGI, IDA","547","80.8","98.8"
"43","GO:0010468","regulation of gene expression","IPI, NAS, ISS, IEP, TAS, IMP, IEA, IGI, IDA","547","80.8","98.8"
"44","GO:0009889","regulation of biosynthetic process","IPI, NAS, ISS, IEP, TAS, IMP, IEA, IGI, IDA","547","80.8","98.8"
"45","GO:0010556","regulation of macromolecule biosynthetic process","IPI, NAS, ISS, IEP, TAS, IMP, IEA, IGI, IDA","547","80.8","98.8"
"46","GO:0019219","regulation of nucleobase-containing compound metabolic process","IPI, NAS, ISS, IEP, TAS, IMP, IEA, IGI, IDA","547","80.8","98.8"
"47","GO:2001141","regulation of RNA biosynthetic process","IPI, NAS, ISS, IEP, TAS, IMP, IEA, IGI, IDA","547","80.8","98.8"
"48","GO:0051252","regulation of RNA metabolic process","IPI, NAS, ISS, IEP, TAS, IMP, IEA, IGI, IDA","547","80.8","98.8"
"49","GO:0051171","regulation of nitrogen compound metabolic process","IPI, NAS, ISS, IEP, TAS, IMP, IEA, IGI, IDA","547","80.8","98.8"
"50","GO:0031326","regulation of cellular biosynthetic process","IPI, NAS, ISS, IEP, TAS, IMP, IEA, IGI, IDA","547","80.8","98.8"
"51","GO:2000112","regulation of cellular macromolecule biosynthetic process","IPI, NAS, ISS, IEP, TAS, IMP, IEA, IGI, IDA","547","80.8","98.8"
"52","GO:0009987","cellular process","IPI, NAS, ISS, IEP, TAS, IMP, ISO, IEA, IGI, IDA","501","74","98.4"
"53","GO:0044763","single-organism cellular process","IPI, NAS, ISS, IEP, TAS, IMP, ISO, IEA, IGI, IDA","501","74","98.4"
"54","GO:0050896","response to stimulus","IPI, NAS, ISS, IEP, TAS, IMP, ISO, IEA, IGI, IDA","502","74.2","98.4"
"55","GO:0051716","cellular response to stimulus","IPI, NAS, ISS, TAS, IMP, ISO, IEA, IGI, IDA","501","74","98.4"
"56","GO:0044700","single organism signaling","IPI, NAS, ISS, TAS, IMP, ISO, IEA, IGI, IDA","501","74","98.4"
"57","GO:0023052","signaling","IPI, NAS, ISS, TAS, IMP, ISO, IEA, IGI, IDA","501","74","98.4"
"58","GO:0007154","cell communication","IPI, NAS, ISS, TAS, IMP, ISO, IEA, IGI, IDA","501","74","98.4"
"59","GO:0007165","signal transduction","IPI, NAS, ISS, TAS, IMP, ISO, IEA, IGI, IDA","501","74","98.4"
"60","GO:0007166","cell surface receptor signaling pathway","IMP, TAS, ISS, IPI, NAS, ISO, IEA, IGI, IDA","496","73.3","98.3"
"61","GO:0007167","enzyme linked receptor protein signaling pathway","IMP, TAS, ISS, IPI, NAS, ISO, IEA, IGI, IDA","496","73.3","98.3"
"62","GO:0007178","transmembrane receptor protein serine/threonine kinase signaling pathway","IMP, TAS, ISS, IPI, NAS, ISO, IEA, IGI, IDA","496","73.3","98.3"
"63","GO:0042221","response to chemical stimulus","IMP, TAS, ISS, IEP, NAS, IEA, IGI, IDA","496","73.3","98.3"
"64","GO:0010033","response to organic substance","IMP, TAS, ISS, IEP, NAS, IEA, IGI, IDA","495","73.1","98.3"
"65","GO:0070887","cellular response to chemical stimulus","IMP, TAS, ISS, NAS, IEA, IGI, IDA","496","73.3","98.3"
"66","GO:0071310","cellular response to organic substance","TAS, ISS, IMP, NAS, IEA, IGI, IDA","495","73.1","98.3"
"67","GO:0009719","response to endogenous stimulus","IMP, TAS, ISS, IEP, NAS, IEA, IGI, IDA","494","73","98.3"
"68","GO:0070848","response to growth factor stimulus","TAS, ISS, IMP, NAS, IEA, IGI, IDA","494","73","98.3"
"69","GO:0071495","cellular response to endogenous stimulus","TAS, ISS, IMP, NAS, IEA, IGI, IDA","494","73","98.3"
"70","GO:0071363","cellular response to growth factor stimulus","TAS, ISS, IMP, NAS, IEA, IGI, IDA","494","73","98.3"
"71","GO:0007179","transforming growth factor beta receptor signaling pathway","TAS, ISS, IMP, NAS, IEA, IGI, IDA","494","73","98.3"
"72","GO:0071560","cellular response to transforming growth factor beta stimulus","TAS, ISS, IMP, NAS, IEA, IGI, IDA","494","73","98.3"
"73","GO:0071559","response to transforming growth factor beta stimulus","TAS, ISS, IMP, NAS, IEA, IGI, IDA","494","73","98.3"
"74","GO:0044260","cellular macromolecule metabolic process","TAS, ISS, IMP, ISO, IEA, IDA","479","70.8","98.1"
"75","GO:0044237","cellular metabolic process","TAS, ISS, IMP, ISO, IEA, IDA","479","70.8","98.1"
"76","GO:0071704","organic substance metabolic process","TAS, ISS, IMP, ISO, IEA, IDA","479","70.8","98.1"
"77","GO:0008152","metabolic process","TAS, ISS, IMP, ISO, IEA, IDA","479","70.8","98.1"
"78","GO:0044238","primary metabolic process","TAS, ISS, IMP, ISO, IEA, IDA","479","70.8","98.1"
"79","GO:0043170","macromolecule metabolic process","TAS, ISS, IMP, ISO, IEA, IDA","479","70.8","98.1"
"80","GO:0046483","heterocycle metabolic process","IEA, TAS, IDA","475","70.2","98.1"
"81","GO:0016070","RNA metabolic process","IEA, TAS, IDA","475","70.2","98.1"
"82","GO:0006807","nitrogen compound metabolic process","IEA, TAS, IDA","475","70.2","98.1"
"83","GO:1901360","organic cyclic compound metabolic process","IEA, TAS, IDA","475","70.2","98.1"
"84","GO:0006139","nucleobase-containing compound metabolic process","IEA, TAS, IDA","475","70.2","98.1"
"85","GO:0006725","cellular aromatic compound metabolic process","IEA, TAS, IDA","475","70.2","98.1"
"86","GO:0034641","cellular nitrogen compound metabolic process","IEA, TAS, IDA","475","70.2","98.1"
"87","GO:0090304","nucleic acid metabolic process","IEA, TAS, IDA","475","70.2","98.1"
"88","GO:0010467","gene expression","IEA, TAS, IDA","475","70.2","98.1"
"89","GO:0044249","cellular biosynthetic process","IEA, TAS, IDA","475","70.2","98.1"
"90","GO:1901362","organic cyclic compound biosynthetic process","IEA, TAS, IDA","475","70.2","98.1"
"91","GO:0018130","heterocycle biosynthetic process","IEA, TAS, IDA","475","70.2","98.1"
"92","GO:0034654","nucleobase-containing compound biosynthetic process","IEA, TAS, IDA","475","70.2","98.1"
"93","GO:0044271","cellular nitrogen compound biosynthetic process","IEA, TAS, IDA","475","70.2","98.1"
"94","GO:0006351","transcription, DNA-dependent","IEA, TAS, IDA","475","70.2","98.1"
"95","GO:0032774","RNA biosynthetic process","IEA, TAS, IDA","475","70.2","98.1"
"96","GO:0009058","biosynthetic process","IEA, TAS, IDA","475","70.2","98.1"
"97","GO:0009059","macromolecule biosynthetic process","IEA, TAS, IDA","475","70.2","98.1"
"98","GO:0019438","aromatic compound biosynthetic process","IEA, TAS, IDA","475","70.2","98.1"
"99","GO:1901576","organic substance biosynthetic process","IEA, TAS, IDA","475","70.2","98.1"
"100","GO:0034645","cellular macromolecule biosynthetic process","IEA, TAS, IDA","475","70.2","98.1"
"101","GO:0032502","developmental process","TAS, ISS, IEP, NAS, IGI, IEA, IMP, IDA","173","25.6","92.6"
"102","GO:0044707","single-multicellular organism process","TAS, ISS, IEP, NAS, IGI, IEA, IMP, IDA","172","25.4","92.6"
"103","GO:0032501","multicellular organismal process","TAS, ISS, IEP, NAS, IGI, IEA, IMP, IDA","172","25.4","92.6"
"104","GO:0007275","multicellular organismal development","TAS, ISS, IEP, NAS, IGI, IEA, IMP, IDA","172","25.4","92.6"
"105","GO:0048856","anatomical structure development","TAS, ISS, IEP, NAS, IGI, IEA, IMP, IDA","170","25.1","92.5"
"106","GO:0044767","single-organism developmental process","TAS, ISS, IEP, NAS, IGI, IEA, IMP, IDA","170","25.1","92.5"
"107","GO:0048731","system development","TAS, ISS, IEP, IMP, NAS, IEA, IGI, IDA","163","24.1","92.3"
"108","GO:0006357","regulation of transcription from RNA polymerase II promoter","NAS, ISS, IEP, TAS, IMP, IEA, IGI, IDA","149","22","91.8"
"109","GO:0035295","tube development","IEA, IEP, IMP, IGI, IDA","161","23.8","92.2"
"110","GO:0048518","positive regulation of biological process","TAS, ISS, IEP, IPI, IMP, IEA, IGI, IDA","130","19.2","91"
"111","GO:0001655","urogenital system development","IEA, IEP, IMP, IGI, IDA","155","22.9","92"
"112","GO:0072001","renal system development","IEA, IEP, IMP, IGI, IDA","155","22.9","92"
"113","GO:0048513","organ development","TAS, ISS, IEP, IMP, IEA, IGI, IDA","145","21.4","91.6"
"114","GO:0051239","regulation of multicellular organismal process","NAS, ISS, IEP, TAS, IMP, IEA, IGI, IDA","131","19.4","91.1"
"115","GO:0048519","negative regulation of biological process","TAS, IEP, IMP, IEA, IGI, IDA","126","18.6","90.9"
"116","GO:0048522","positive regulation of cellular process","TAS, ISS, IEP, IPI, IMP, IEA, IGI, IDA","127","18.8","90.9"
"117","GO:0001657","ureteric bud development","IEA, IEP, IGI","153","22.6","91.9"
"118","GO:0009888","tissue development","NAS, ISS, IMP, IEA, IGI, IDA","142","21","91.5"
"119","GO:0048523","negative regulation of cellular process","TAS, IEP, IMP, IEA, IGI, IDA","125","18.5","90.8"
"120","GO:0009893","positive regulation of metabolic process","TAS, ISS, IEP, IPI, IMP, IEA, IGI, IDA","125","18.5","90.8"
"121","GO:0010604","positive regulation of macromolecule metabolic process","TAS, ISS, IEP, IMP, IEA, IGI, IDA","124","18.3","90.8"
"122","GO:0031325","positive regulation of cellular metabolic process","TAS, ISS, IEP, IPI, IMP, IEA, IGI, IDA","123","18.2","90.7"
"123","GO:0009790","embryo development","IMP, ISS, IEP, NAS, IEA, IGI, IDA","115","17","90.4"
"124","GO:0009653","anatomical structure morphogenesis","TAS, ISS, IEP, NAS, IGI, IEA, IMP, IDA","116","17.1","90.4"
"125","GO:0050793","regulation of developmental process","TAS, ISS, IEP, IMP, IEA, IGI, IDA","115","17","90.4"
"126","GO:0048583","regulation of response to stimulus","TAS, ISS, IMP, IEA, IC, IGI, IDA","103","15.2","89.8"
"127","GO:0010628","positive regulation of gene expression","TAS, ISS, IEP, IMP, IEA, IGI, IDA","108","16","90"
"128","GO:0009891","positive regulation of biosynthetic process","TAS, ISS, IEP, IMP, IEA, IGI, IDA","107","15.8","90"
"129","GO:0051173","positive regulation of nitrogen compound metabolic process","TAS, ISS, IEP, IMP, IEA, IGI, IDA","107","15.8","90"
"130","GO:0051254","positive regulation of RNA metabolic process","TAS, ISS, IEP, IMP, IEA, IGI, IDA","107","15.8","90"
"131","GO:0010557","positive regulation of macromolecule biosynthetic process","TAS, ISS, IEP, IMP, IEA, IGI, IDA","107","15.8","90"
"132","GO:0045935","positive regulation of nucleobase-containing compound metabolic process","TAS, ISS, IEP, IMP, IEA, IGI, IDA","107","15.8","90"
"133","GO:0045893","positive regulation of transcription, DNA-dependent","TAS, ISS, IEP, IMP, IEA, IGI, IDA","107","15.8","90"
"134","GO:0031328","positive regulation of cellular biosynthetic process","TAS, ISS, IEP, IMP, IEA, IGI, IDA","107","15.8","90"
"135","GO:0009966","regulation of signal transduction","TAS, ISS, IMP, IEA, IC, IGI, IDA","102","15.1","89.7"
"136","GO:0023051","regulation of signaling","TAS, ISS, IMP, IEA, IC, IGI, IDA","102","15.1","89.7"
"137","GO:0010646","regulation of cell communication","TAS, ISS, IMP, IEA, IC, IGI, IDA","102","15.1","89.7"
"138","GO:0045944","positive regulation of transcription from RNA polymerase II promoter","TAS, ISS, IEP, IMP, IEA, IGI, IDA","103","15.2","89.8"
"139","GO:0048869","cellular developmental process","TAS, ISS, IEP, NAS, IGI, IEA, IMP, IDA","103","15.2","89.8"
"140","GO:0030154","cell differentiation","TAS, ISS, IEP, NAS, IGI, IEA, IMP, IDA","103","15.2","89.8"
"141","GO:0090092","regulation of transmembrane receptor protein serine/threonine kinase signaling pathway","TAS, ISS, IMP, IEA, IC, IGI, IDA","101","14.9","89.7"
"142","GO:0045595","regulation of cell differentiation","TAS, ISS, IEP, IMP, IEA, IGI, IDA","107","15.8","90"
"143","GO:0051094","positive regulation of developmental process","ISS, IEP, IMP, IEA, IGI, IDA","105","15.5","89.9"
"144","GO:0071840","cellular component organization or biogenesis","IEA, IMP, IPI, IDA, NAS","105","15.5","89.9"
"145","GO:0016043","cellular component organization","IEA, IMP, IPI, IDA, NAS","105","15.5","89.9"
"146","GO:0048729","tissue morphogenesis","NAS, ISS, IMP, IEA, IGI, IDA","104","15.4","89.8"
"147","GO:0009892","negative regulation of metabolic process","TAS, IEP, IMP, IEA, IGI, IDA","99","14.6","89.6"
"148","GO:0010605","negative regulation of macromolecule metabolic process","TAS, IEP, IMP, IEA, IGI, IDA","99","14.6","89.6"
"149","GO:0045597","positive regulation of cell differentiation","ISS, IEP, IMP, IEA, IGI, IDA","103","15.2","89.8"
"150","GO:0007389","pattern specification process","IEA, ISS, IDA, IGI, IMP","96","14.2","89.4"
"151","GO:2000026","regulation of multicellular organismal development","TAS, ISS, IEP, IMP, IEA, IDA","93","13.7","89.2"
"152","GO:0006950","response to stress","IEA, IEP, TAS, IMP","102","15.1","89.7"
"153","GO:0065008","regulation of biological quality","IEA, IMP, IC, IGI, IDA","102","15.1","89.7"
"154","GO:0031324","negative regulation of cellular metabolic process","TAS, IEP, IMP, IEA, IGI, IDA","97","14.3","89.5"
"155","GO:0017015","regulation of transforming growth factor beta receptor signaling pathway","TAS, ISS, IMP, IEA, IC, IGI, IDA","95","14","89.3"
"156","GO:0090287","regulation of cellular response to growth factor stimulus","TAS, ISS, IMP, IEA, IC, IGI, IDA","95","14","89.3"
"157","GO:0065009","regulation of molecular function","ISS, IEA, IMP, IDA","93","13.7","89.2"
"158","GO:0001501","skeletal system development","IEA, IGI","100","14.8","89.6"
"159","GO:0019538","protein metabolic process","IEA, ISS, ISO, IMP, IDA","99","14.6","89.6"
"160","GO:0043412","macromolecule modification","IEA, ISS, ISO, IMP, IDA","99","14.6","89.6"
"161","GO:0006464","cellular protein modification process","IEA, ISS, ISO, IMP, IDA","99","14.6","89.6"
"162","GO:0006796","phosphate-containing compound metabolic process","IEA, ISS, ISO, IMP, IDA","99","14.6","89.6"
"163","GO:0006468","protein phosphorylation","IEA, ISS, ISO, IMP, IDA","99","14.6","89.6"
"164","GO:0044267","cellular protein metabolic process","IEA, ISS, ISO, IMP, IDA","99","14.6","89.6"
"165","GO:0006793","phosphorus metabolic process","IEA, ISS, ISO, IMP, IDA","99","14.6","89.6"
"166","GO:0036211","protein modification process","IEA, ISS, ISO, IMP, IDA","99","14.6","89.6"
"167","GO:0016310","phosphorylation","IEA, ISS, ISO, IMP, IDA","99","14.6","89.6"
"168","GO:0009880","embryonic pattern specification","IEA, IMP, IGI, ISS","94","13.9","89.3"
"169","GO:0048598","embryonic morphogenesis","IMP, ISS, IEP, NAS, IEA, IGI, IDA","88","13","88.9"
"170","GO:0051128","regulation of cellular component organization","TAS, ISS, IEP, IMP, IEA, IDA","85","12.6","88.7"
"171","GO:0072359","circulatory system development","IEA, ISS, IMP, IGI, TAS","89","13.1","89"
"172","GO:0072358","cardiovascular system development","IEA, ISS, IMP, IGI, TAS","89","13.1","89"
"173","GO:0003002","regionalization","IEA, ISS, IDA, IMP","86","12.7","88.8"
"174","GO:0007507","heart development","IEA, ISS, IMP, IGI, TAS","88","13","88.9"
"175","GO:0048646","anatomical structure formation involved in morphogenesis","IEA, ISS, IEP, IGI, IMP","87","12.9","88.9"
"176","GO:0014070","response to organic cyclic compound","IEA, IEP, IDA, TAS","87","12.9","88.9"
"177","GO:0007369","gastrulation","IEA, ISS, IGI, IMP","86","12.7","88.8"
"178","GO:0022607","cellular component assembly","IEA, IMP, IPI, IDA","85","12.6","88.7"
"179","GO:0044085","cellular component biogenesis","IEA, IMP, IPI, IDA","85","12.6","88.7"
"180","GO:0010629","negative regulation of gene expression","TAS, IEP, IMP, IEA, IGI, IDA","78","11.5","88.3"
"181","GO:0009887","organ morphogenesis","IEA, IMP, IGI, ISS, IEP","82","12.1","88.5"
"182","GO:0009890","negative regulation of biosynthetic process","TAS, IEP, IMP, IEA, IGI, IDA","76","11.2","88.1"
"183","GO:0010558","negative regulation of macromolecule biosynthetic process","TAS, IEP, IMP, IEA, IGI, IDA","76","11.2","88.1"
"184","GO:0007498","mesoderm development","ISS, IEA, IGI, IMP","80","11.8","88.4"
"185","GO:2000113","negative regulation of cellular macromolecule biosynthetic process","TAS, IEP, IMP, IEA, IGI, IDA","76","11.2","88.1"
"186","GO:0045934","negative regulation of nucleobase-containing compound metabolic process","TAS, IEP, IMP, IEA, IGI, IDA","76","11.2","88.1"
"187","GO:0051253","negative regulation of RNA metabolic process","TAS, IEP, IMP, IEA, IGI, IDA","76","11.2","88.1"
"188","GO:0051172","negative regulation of nitrogen compound metabolic process","TAS, IEP, IMP, IEA, IGI, IDA","76","11.2","88.1"
"189","GO:0030510","regulation of BMP signaling pathway","IEA, IMP, IDA","82","12.1","88.5"
"190","GO:0045892","negative regulation of transcription, DNA-dependent","TAS, IEP, IMP, IEA, IGI, IDA","76","11.2","88.1"
"191","GO:0031327","negative regulation of cellular biosynthetic process","TAS, IEP, IMP, IEA, IGI, IDA","76","11.2","88.1"
"192","GO:0040007","growth","IEA, IMP, IGI","81","12","88.5"
"193","GO:0045165","cell fate commitment","IEA, ISS, IGI, IMP","80","11.8","88.4"
"194","GO:0019220","regulation of phosphate metabolic process","IEA, IMP, IPI, ISS, IDA","75","11.1","88.1"
"195","GO:0051174","regulation of phosphorus metabolic process","IEA, IMP, IPI, ISS, IDA","75","11.1","88.1"
"196","GO:0051246","regulation of protein metabolic process","IEA, IMP, ISS, IDA","75","11.1","88.1"
"197","GO:0042325","regulation of phosphorylation","IEA, IMP, IPI, ISS, IDA","75","11.1","88.1"
"198","GO:0031399","regulation of protein modification process","IEA, IMP, ISS, IDA","73","10.8","87.9"
"199","GO:0001932","regulation of protein phosphorylation","IEA, IMP, ISS, IDA","73","10.8","87.9"
"200","GO:0032268","regulation of cellular protein metabolic process","IEA, IMP, ISS, IDA","73","10.8","87.9"
"201","GO:0051248","negative regulation of protein metabolic process","IEA, IMP, IDA","74","10.9","88"
"202","GO:0006461","protein complex assembly","IEA, IPI, IDA","69","10.2","87.6"
"203","GO:0007183","SMAD protein complex assembly","IEA, IPI, IDA","69","10.2","87.6"
"204","GO:0070271","protein complex biogenesis","IEA, IPI, IDA","69","10.2","87.6"
"205","GO:0043933","macromolecular complex subunit organization","IEA, IPI, IDA","69","10.2","87.6"
"206","GO:0034622","cellular macromolecular complex assembly","IEA, IPI, IDA","69","10.2","87.6"
"207","GO:0043623","cellular protein complex assembly","IEA, IPI, IDA","69","10.2","87.6"
"208","GO:0065003","macromolecular complex assembly","IEA, IPI, IDA","69","10.2","87.6"
"209","GO:0071822","protein complex subunit organization","IEA, IPI, IDA","69","10.2","87.6"
"210","GO:0022603","regulation of anatomical structure morphogenesis","TAS, ISS, IEP, IMP, IEA, IDA","69","10.2","87.6"
"211","GO:0008285","negative regulation of cell proliferation","IEA, IMP, IGI, IDA","63","9.31","87.1"
"212","GO:0042127","regulation of cell proliferation","IEA, IMP, IGI, IDA","63","9.31","87.1"
"213","GO:0060429","epithelium development","IEA, NAS, IMP, IGI, IDA","64","9.45","87.2"
"214","GO:0060284","regulation of cell development","TAS, ISS, IEP, IMP, IEA, IDA","65","9.6","87.3"
"215","GO:0048584","positive regulation of response to stimulus","IEA, IMP, ISS, IDA","59","8.71","86.8"
"216","GO:0051130","positive regulation of cellular component organization","IEA, IMP, IEP, ISS, IDA","62","9.16","87"
"217","GO:0007399","nervous system development","IEA, IMP, IEP, NAS","65","9.6","87.3"
"218","GO:0030509","BMP signaling pathway","IMP, ISS, TAS, NAS, IEA, IGI, IDA","62","9.16","87"
"219","GO:0010941","regulation of cell death","IEA, IMP, IDA, IEP, TAS","59","8.71","86.8"
"220","GO:0030278","regulation of ossification","IEA, NAS, IGI, IDA","60","8.86","86.8"
"221","GO:0051179","localization","IEA, IMP, IPI, IGI, IDA","64","9.45","87.2"
"222","GO:0001707","mesoderm formation","ISS, IEA, IGI, IMP","62","9.16","87"
"223","GO:0001704","formation of primary germ layer","ISS, IEA, IGI, IMP","62","9.16","87"
"224","GO:0048332","mesoderm morphogenesis","ISS, IEA, IGI, IMP","62","9.16","87"
"225","GO:0071407","cellular response to organic cyclic compound","IEA, IDA, TAS","64","9.45","87.2"
"226","GO:0009967","positive regulation of signal transduction","IEA, IMP, ISS, IDA","59","8.71","86.8"
"227","GO:0023056","positive regulation of signaling","IEA, IMP, ISS, IDA","59","8.71","86.8"
"228","GO:0010769","regulation of cell morphogenesis involved in differentiation","TAS, ISS, IEP, IMP, IEA, IDA","61","9.01","86.9"
"229","GO:0010720","positive regulation of cell development","IEA, IMP, IEP, ISS, IDA","61","9.01","86.9"
"230","GO:0022604","regulation of cell morphogenesis","TAS, ISS, IEP, IMP, IEA, IDA","61","9.01","86.9"
"231","GO:0010647","positive regulation of cell communication","IEA, IMP, ISS, IDA","59","8.71","86.8"
"232","GO:0050790","regulation of catalytic activity","IEA, IMP, IDA","55","8.12","86.4"
"233","GO:0048585","negative regulation of response to stimulus","IEA, IMP, TAS, IGI, IDA","56","8.27","86.5"
"234","GO:0001503","ossification","IEA, IEP, IGI","60","8.86","86.8"
"235","GO:0060348","bone development","IEA, IGI","62","9.16","87"
"236","GO:0061448","connective tissue development","IEA, IGI","62","9.16","87"
"237","GO:0051216","cartilage development","IEA, IGI","62","9.16","87"
"238","GO:2000736","regulation of stem cell differentiation","IEA, IMP, IDA, ISS, TAS","58","8.57","86.7"
"239","GO:0045667","regulation of osteoblast differentiation","IEA, IGI","60","8.86","86.8"
"240","GO:0009952","anterior/posterior pattern specification","ISS, IMP, IEA","58","8.57","86.7"
"241","GO:0010717","regulation of epithelial to mesenchymal transition","IEA, IMP, IDA, ISS, TAS","58","8.57","86.7"
"242","GO:0001649","osteoblast differentiation","IEA, IGI","60","8.86","86.8"
"243","GO:0002376","immune system process","IEA, IMP, IGI","58","8.57","86.7"
"244","GO:0010718","positive regulation of epithelial to mesenchymal transition","IEA, IMP, ISS, IDA","57","8.42","86.6"
"245","GO:0010770","positive regulation of cell morphogenesis involved in differentiation","IEA, IMP, ISS, IDA","57","8.42","86.6"
"246","GO:0009792","embryo development ending in birth or egg hatching","IEA, NAS, IGI, IMP","57","8.42","86.6"
"247","GO:0009798","axis specification","IEA, IMP","60","8.86","86.8"
"248","GO:0000578","embryonic axis specification","IEA, IMP","59","8.71","86.8"
"249","GO:0043009","chordate embryonic development","IEA, IMP, IGI","56","8.27","86.5"
"250","GO:0051098","regulation of binding","ISS, IEA, IDA","56","8.27","86.5"
"251","GO:0007492","endoderm development","IEA, IMP, IGI","56","8.27","86.5"
"252","GO:0048589","developmental growth","IEA, IMP, IGI","57","8.42","86.6"
"253","GO:0001701","in utero embryonic development","IEA, IMP, IGI","56","8.27","86.5"
"254","GO:0042176","regulation of protein catabolic process","IEA, IMP, IDA","55","8.12","86.4"
"255","GO:0042326","negative regulation of phosphorylation","IEA, IMP, IDA","55","8.12","86.4"
"256","GO:0009894","regulation of catabolic process","IEA, IMP, IDA","55","8.12","86.4"
"257","GO:0010563","negative regulation of phosphorus metabolic process","IEA, IMP, IDA","55","8.12","86.4"
"258","GO:0045936","negative regulation of phosphate metabolic process","IEA, IMP, IDA","55","8.12","86.4"
"259","GO:0031400","negative regulation of protein modification process","IEA, IMP, IDA","55","8.12","86.4"
"260","GO:0032269","negative regulation of cellular protein metabolic process","IEA, IMP, IDA","55","8.12","86.4"
"261","GO:0001933","negative regulation of protein phosphorylation","IEA, IMP, IDA","55","8.12","86.4"
"262","GO:0060393","regulation of pathway-restricted SMAD protein phosphorylation","IEA, IMP, ISS, IDA","54","7.98","86.3"
"263","GO:0000003","reproduction","IEA, IMP, IGI, TAS","49","7.24","85.7"
"264","GO:0022414","reproductive process","IEA, IMP, IGI, TAS","49","7.24","85.7"
"265","GO:0035556","intracellular signal transduction","ISS, IEA, IDA, IGI, IMP","48","7.09","85.6"
"266","GO:0043067","regulation of programmed cell death","IEA, IMP, IDA, IEP, TAS","41","6.06","84.8"
"267","GO:0009953","dorsal/ventral pattern formation","IEA, IMP, IDA","48","7.09","85.6"
"268","GO:0048609","multicellular organismal reproductive process","IEA, IMP, IGI, TAS","46","6.79","85.4"
"269","GO:0042981","regulation of apoptotic process","IEA, IMP, IDA, IEP, TAS","41","6.06","84.8"
"270","GO:0032504","multicellular organism reproduction","IEA, IMP, IGI, TAS","46","6.79","85.4"
"271","GO:0040008","regulation of growth","IEA, IMP, IGI, IDA","44","6.5","85.2"
"272","GO:0051336","regulation of hydrolase activity","IEA, IMP, IDA","39","5.76","84.5"
"273","GO:0002009","morphogenesis of an epithelium","IEA, NAS, IMP, IGI, IDA","44","6.5","85.2"
"274","GO:0048562","embryonic organ morphogenesis","IEA, IEP, IGI, IMP","44","6.5","85.2"
"275","GO:0048568","embryonic organ development","IEA, IEP, IGI, IMP","44","6.5","85.2"
"276","GO:0035239","tube morphogenesis","IEA, IMP, IGI, IDA","44","6.5","85.2"
"277","GO:0060021","palate development","IEA, IMP, ISS","44","6.5","85.2"
"278","GO:0007276","gamete generation","IEA, IMP, TAS","44","6.5","85.2"
"279","GO:0060548","negative regulation of cell death","IEA, IMP, IDA, IEP, TAS","44","6.5","85.2"
"280","GO:0019953","sexual reproduction","IEA, IMP, TAS","44","6.5","85.2"
"281","GO:0048468","cell development","IEA, IMP, NAS, IGI, TAS","42","6.2","84.9"
"282","GO:0044702","single organism reproductive process","IEA, IMP, TAS","44","6.5","85.2"
"283","GO:0060562","epithelial tube morphogenesis","IEA, IMP, IGI, IDA","44","6.5","85.2"
"284","GO:0007420","brain development","IEA, IMP","45","6.65","85.3"
"285","GO:0007417","central nervous system development","IEA, IMP","45","6.65","85.3"
"286","GO:0023057","negative regulation of signaling","IEA, IMP, TAS, IGI, IDA","39","5.76","84.5"
"287","GO:0009968","negative regulation of signal transduction","IEA, IMP, TAS, IGI, IDA","39","5.76","84.5"
"288","GO:0090100","positive regulation of transmembrane receptor protein serine/threonine kinase signaling pathway","IEA, IMP, ISS, IDA","40","5.91","84.6"
"289","GO:0090101","negative regulation of transmembrane receptor protein serine/threonine kinase signaling pathway","IEA, IMP, TAS, IGI, IDA","39","5.76","84.5"
"290","GO:0032879","regulation of localization","IEA, IMP, IDA, ISS, TAS","38","5.61","84.4"
"291","GO:0030901","midbrain development","IEA, IMP","44","6.5","85.2"
"292","GO:0030902","hindbrain development","IEA, IMP","44","6.5","85.2"
"293","GO:0035265","organ growth","IEA, IMP, IGI","44","6.5","85.2"
"294","GO:0010648","negative regulation of cell communication","IEA, IMP, TAS, IGI, IDA","39","5.76","84.5"
"295","GO:0016265","death","IEA, IMP","39","5.76","84.5"
"296","GO:0008283","cell proliferation","IEA, IMP","43","6.35","85"
"297","GO:0061035","regulation of cartilage development","IEA, IMP, IDA","42","6.2","84.9"
"298","GO:0003007","heart morphogenesis","IEA, ISS, IGI, IMP","41","6.06","84.8"
"299","GO:0008219","cell death","IEA, IMP","39","5.76","84.5"
"300","GO:0012501","programmed cell death","IEA, IMP","39","5.76","84.5"
"301","GO:0006915","apoptotic process","IEA, IMP","39","5.76","84.5"
"302","GO:0001666","response to hypoxia","IEA, IMP, IEP","41","6.06","84.8"
"303","GO:0009628","response to abiotic stimulus","IEA, IMP, IEP","41","6.06","84.8"
"304","GO:0001817","regulation of cytokine production","IEA, IMP","38","5.61","84.4"
"305","GO:0002051","osteoblast fate commitment","IEA, IGI","42","6.2","84.9"
"306","GO:0000122","negative regulation of transcription from RNA polymerase II promoter","IEA, IMP, TAS, IGI, IDA","37","5.47","84.2"
"307","GO:0009950","dorsal/ventral axis specification","IEA, IMP","42","6.2","84.9"
"308","GO:0042592","homeostatic process","IEA, IMP","42","6.2","84.9"
"309","GO:2000116","regulation of cysteine-type endopeptidase activity","IEA, IMP","39","5.76","84.5"
"310","GO:0045669","positive regulation of osteoblast differentiation","IEA, IGI","42","6.2","84.9"
"311","GO:0055123","digestive system development","IEA, IMP, IGI, IDA","40","5.91","84.6"
"312","GO:0048565","digestive tract development","IEA, IMP, IGI, IDA","40","5.91","84.6"
"313","GO:0052548","regulation of endopeptidase activity","IEA, IMP","39","5.76","84.5"
"314","GO:0036293","response to decreased oxygen levels","IEA, IMP, IEP","41","6.06","84.8"
"315","GO:0048546","digestive tract morphogenesis","IEA, IMP, IGI, IDA","40","5.91","84.6"
"316","GO:0070482","response to oxygen levels","IEA, IMP, IEP","41","6.06","84.8"
"317","GO:0071634","regulation of transforming growth factor beta production","IEA, IMP","38","5.61","84.4"
"318","GO:0043281","regulation of cysteine-type endopeptidase activity involved in apoptotic process","IEA, IMP","39","5.76","84.5"
"319","GO:0052547","regulation of peptidase activity","IEA, IMP","39","5.76","84.5"
"320","GO:0007352","zygotic specification of dorsal/ventral axis","IEA, IMP","41","6.06","84.8"
"321","GO:0051234","establishment of localization","IEA, IPI, IGI, IDA","40","5.91","84.6"
"322","GO:0090288","negative regulation of cellular response to growth factor stimulus","IEA, IMP, TAS, IGI, IDA","39","5.76","84.5"
"323","GO:0048738","cardiac muscle tissue development","IEA, ISS, IMP","40","5.91","84.6"
"324","GO:0014706","striated muscle tissue development","IEA, ISS, IMP","40","5.91","84.6"
"325","GO:0060537","muscle tissue development","IEA, ISS, IMP","40","5.91","84.6"
"326","GO:0032924","activin receptor signaling pathway","IEA, IMP","40","5.91","84.6"
"327","GO:0048340","paraxial mesoderm morphogenesis","ISS, IEA, IMP","38","5.61","84.4"
"328","GO:0006810","transport","IEA, IPI, IGI, IDA","40","5.91","84.6"
"329","GO:0006955","immune response","IEA, IMP","40","5.91","84.6"
"330","GO:0048339","paraxial mesoderm development","ISS, IEA, IMP","38","5.61","84.4"
"331","GO:0030512","negative regulation of transforming growth factor beta receptor signaling pathway","IEA, IMP, TAS, IGI, IDA","39","5.76","84.5"
"332","GO:0038092","nodal signaling pathway","IEA, IMP","40","5.91","84.6"
"333","GO:0033157","regulation of intracellular protein transport","IEA, IMP, ISS, IDA","37","5.47","84.2"
"334","GO:0051049","regulation of transport","IEA, IMP, ISS, IDA","37","5.47","84.2"
"335","GO:0032386","regulation of intracellular transport","IEA, IMP, ISS, IDA","37","5.47","84.2"
"336","GO:0051223","regulation of protein transport","IEA, IMP, ISS, IDA","37","5.47","84.2"
"337","GO:0045926","negative regulation of growth","IEA, IMP, IDA","39","5.76","84.5"
"338","GO:0060341","regulation of cellular localization","IEA, IMP, ISS, IDA","37","5.47","84.2"
"339","GO:0090316","positive regulation of intracellular protein transport","IEA, IMP, ISS, IDA","37","5.47","84.2"
"340","GO:0051050","positive regulation of transport","IEA, IMP, ISS, IDA","37","5.47","84.2"
"341","GO:1900180","regulation of protein localization to nucleus","IEA, IMP, ISS, IDA","37","5.47","84.2"
"342","GO:0046824","positive regulation of nucleocytoplasmic transport","IEA, IMP, ISS, IDA","37","5.47","84.2"
"343","GO:0046822","regulation of nucleocytoplasmic transport","IEA, IMP, ISS, IDA","37","5.47","84.2"
"344","GO:0032880","regulation of protein localization","IEA, IMP, ISS, IDA","37","5.47","84.2"
"345","GO:0051222","positive regulation of protein transport","IEA, IMP, ISS, IDA","37","5.47","84.2"
"346","GO:0070201","regulation of establishment of protein localization","IEA, IMP, ISS, IDA","37","5.47","84.2"
"347","GO:0032388","positive regulation of intracellular transport","IEA, IMP, ISS, IDA","37","5.47","84.2"
"348","GO:0042307","positive regulation of protein import into nucleus","IEA, IMP, ISS, IDA","37","5.47","84.2"
"349","GO:0042306","regulation of protein import into nucleus","IEA, IMP, ISS, IDA","37","5.47","84.2"
"350","GO:0030513","positive regulation of BMP signaling pathway","IEA, IMP","40","5.91","84.6"
"351","GO:0007440","foregut morphogenesis","IEA, IGI","38","5.61","84.4"
"352","GO:0048705","skeletal system morphogenesis","IEA, IGI","38","5.61","84.4"
"353","GO:0048704","embryonic skeletal system morphogenesis","IEA, IGI","38","5.61","84.4"
"354","GO:0048706","embryonic skeletal system development","IEA, IGI","38","5.61","84.4"
"355","GO:0048701","embryonic cranial skeleton morphogenesis","IEA, IGI","38","5.61","84.4"
"356","GO:0042177","negative regulation of protein catabolic process","IEA, IMP","38","5.61","84.4"
"357","GO:0001558","regulation of cell growth","IEA, IDA","38","5.61","84.4"
"358","GO:0030308","negative regulation of cell growth","IEA, IDA","38","5.61","84.4"
"359","GO:0009895","negative regulation of catabolic process","IEA, IMP","38","5.61","84.4"
"360","GO:0060039","pericardium development","IEA, IGI","38","5.61","84.4"
"361","GO:0048617","embryonic foregut morphogenesis","IEA, IGI","38","5.61","84.4"
"362","GO:0010608","posttranscriptional regulation of gene expression","IEA, IMP, TAS, IDA","37","5.47","84.2"
"363","GO:0032909","regulation of transforming growth factor beta2 production","IEA, IMP","38","5.61","84.4"
"364","GO:0035282","segmentation","IEA, IMP","37","5.47","84.2"
"365","GO:0001756","somitogenesis","IEA, IMP","36","5.32","84.1"
"366","GO:0002520","immune system development","IEA, IMP, IGI","36","5.32","84.1"
"367","GO:0051641","cellular localization","IEA, IPI, IGI, IDA","37","5.47","84.2"
"368","GO:0048732","gland development","IEA, IMP, IGI","36","5.32","84.1"
"369","GO:0032925","regulation of activin receptor signaling pathway","IEA, IMP, IDA","37","5.47","84.2"
"370","GO:0030514","negative regulation of BMP signaling pathway","IEA, IDA","36","5.32","84.1"
"371","GO:0061053","somite development","IEA, IMP","36","5.32","84.1"
"372","GO:0045216","cell-cell junction organization","IEA, IMP","35","5.17","83.9"
"373","GO:0044092","negative regulation of molecular function","IEA, IMP, IDA","36","5.32","84.1"
"374","GO:0050821","protein stabilization","IEA, IMP, IDA","35","5.17","83.9"
"375","GO:0034616","response to laminar fluid shear stress","IEA, IEP","36","5.32","84.1"
"376","GO:0051247","positive regulation of protein metabolic process","IEA, IMP, ISS, IDA","35","5.17","83.9"
"377","GO:0034405","response to fluid shear stress","IEA, IEP","36","5.32","84.1"
"378","GO:0034330","cell junction organization","IEA, IMP","35","5.17","83.9"
"379","GO:0060394","negative regulation of pathway-restricted SMAD protein phosphorylation","IEA, IDA","36","5.32","84.1"
"380","GO:0031647","regulation of protein stability","IEA, IMP, IDA","35","5.17","83.9"
"381","GO:0043086","negative regulation of catalytic activity","IEA, IMP, IDA","36","5.32","84.1"
"382","GO:0031401","positive regulation of protein modification process","IEA, IMP, ISS, IDA","34","5.02","83.8"
"383","GO:0032270","positive regulation of cellular protein metabolic process","IEA, IMP, ISS, IDA","34","5.02","83.8"
"384","GO:0005622","intracellular","CURATED, TAS, ISS, IPI, BY SIMILARITY, IEA, IDA","547","80.8","98.8"
"385","GO:0044464","cell part","CURATED, TAS, ISS, IPI, BY SIMILARITY, IEA, IDA","547","80.8","98.8"
"386","GO:0005623","cell","CURATED, TAS, ISS, IPI, BY SIMILARITY, IEA, IDA","547","80.8","98.8"
"387","GO:0044424","intracellular part","CURATED, TAS, ISS, IPI, BY SIMILARITY, IEA, IDA","501","74","98.4"
"388","GO:0005634","nucleus","CURATED, TAS, ISS, IPI, BY SIMILARITY, IEA, IDA","501","74","98.4"
"389","GO:0043229","intracellular organelle","CURATED, TAS, ISS, IPI, BY SIMILARITY, IEA, IDA","501","74","98.4"
"390","GO:0043227","membrane-bounded organelle","CURATED, TAS, ISS, IPI, BY SIMILARITY, IEA, IDA","501","74","98.4"
"391","GO:0043226","organelle","CURATED, TAS, ISS, IPI, BY SIMILARITY, IEA, IDA","501","74","98.4"
"392","GO:0043231","intracellular membrane-bounded organelle","CURATED, TAS, ISS, IPI, BY SIMILARITY, IEA, IDA","501","74","98.4"
"393","GO:0005667","transcription factor complex","IEA, ISS, IPI, IDA","492","72.7","98.3"
"394","GO:0043234","protein complex","IEA, ISS, IPI, IMP, IDA","496","73.3","98.3"
"395","GO:0032991","macromolecular complex","IEA, ISS, IPI, IMP, IDA","496","73.3","98.3"
"396","GO:0044446","intracellular organelle part","IEA, ISS, IDA, IPI, TAS","494","73","98.3"
"397","GO:0044428","nuclear part","IEA, ISS, IDA, IPI, TAS","494","73","98.3"
"398","GO:0044422","organelle part","IEA, ISS, IDA, IPI, TAS","494","73","98.3"
"399","GO:0031974","membrane-enclosed lumen","IEA, ISS, IDA, IPI, TAS","492","72.7","98.3"
"400","GO:0031981","nuclear lumen","IEA, ISS, IDA, IPI, TAS","492","72.7","98.3"
"401","GO:0005654","nucleoplasm","IEA, ISS, IDA, IPI, TAS","492","72.7","98.3"
"402","GO:0043233","organelle lumen","IEA, ISS, IDA, IPI, TAS","492","72.7","98.3"
"403","GO:0070013","intracellular organelle lumen","IEA, ISS, IDA, IPI, TAS","492","72.7","98.3"
"404","GO:0044451","nucleoplasm part","IEA, ISS, IPI, IDA","492","72.7","98.3"
"405","GO:0005737","cytoplasm","CURATED, TAS, ISS, BY SIMILARITY, IEA, IDA","133","19.6","91.2"
"406","GO:0016020","membrane","IEA, NAS, IDA","62","9.16","87"
"407","GO:0071141","SMAD protein complex","IEA, ISS, IDA","60","8.86","86.8"
"408","GO:0019866","organelle inner membrane","IEA, IDA","44","6.5","85.2"
"409","GO:0031975","envelope","IEA, IDA","44","6.5","85.2"
"410","GO:0031090","organelle membrane","IEA, IDA","44","6.5","85.2"
"411","GO:0005637","nuclear inner membrane","IEA, IDA","44","6.5","85.2"
"412","GO:0005635","nuclear envelope","IEA, IDA","44","6.5","85.2"
"413","GO:0031965","nuclear membrane","IEA, IDA","44","6.5","85.2"
"414","GO:0031967","organelle envelope","IEA, IDA","44","6.5","85.2"
"415","GO:0012505","endomembrane system","IEA, IDA","44","6.5","85.2"
"416","GO:0032444","activin responsive factor complex","IEA, IDA","40","5.91","84.6"
"417","GO:0071944","cell periphery","IEA, IDA","34","5.02","83.8"
"418","GO:0005886","plasma membrane","IEA, IDA","34","5.02","83.8"
