"","V1","V2","V3","V4","V5","V6"
"1","ID","GO term","Evidence","SeqCount","Frequency","relative_fontsize"
"2","GO:0005488","binding","IEA, NAS, IPI, IDA","311","85.2","99.1"
"3","GO:0003676","nucleic acid binding","IEA, NAS, IDA","308","84.4","99.1"
"4","GO:1901363","heterocyclic compound binding","IEA, NAS, IDA","308","84.4","99.1"
"5","GO:0097159","organic cyclic compound binding","IEA, NAS, IDA","308","84.4","99.1"
"6","GO:0043169","cation binding","IEA","310","84.9","99.1"
"7","GO:0043167","ion binding","IEA","310","84.9","99.1"
"8","GO:0046872","metal ion binding","IEA","310","84.9","99.1"
"9","GO:0046914","transition metal ion binding","IEA","303","83","99"
"10","GO:0008270","zinc ion binding","IEA","303","83","99"
"11","GO:0001071","nucleic acid binding transcription factor activity","IEA, ISS, IC, NAS, IDA","63","17.3","90.5"
"12","GO:0003700","sequence-specific DNA binding transcription factor activity","IEA, ISS, IC, NAS, IDA","63","17.3","90.5"
"13","GO:0003677","DNA binding","IEA, NAS, IDA","48","13.2","89"
"14","GO:0000981","sequence-specific DNA binding RNA polymerase II transcription factor activity","IEA, IC, IDA","43","11.8","88.4"
"15","GO:0001078","RNA polymerase II core promoter proximal region sequence-specific DNA binding transcription factor activity involved in negative regulation of transcription","IEA, IC, IDA","43","11.8","88.4"
"16","GO:0000982","RNA polymerase II core promoter proximal region sequence-specific DNA binding transcription factor activity","IEA, IC, IDA","43","11.8","88.4"
"17","GO:0001227","RNA polymerase II transcription regulatory region sequence-specific DNA binding transcription factor activity involved in negative regulation of transcription","IEA, IC, IDA","43","11.8","88.4"
"18","GO:0043565","sequence-specific DNA binding","IEA, IDA","40","11","88"
"19","GO:0003705","RNA polymerase II distal enhancer sequence-specific DNA binding transcription factor activity","IEA, IDA","21","5.75","84.5"
"20","GO:0003682","chromatin binding","IEA, IDA","21","5.75","84.5"
"21","GO:0050789","regulation of biological process","TAS, ISS, IMP, NAS, IEA, IC, IGI, IDA","74","20.3","91.3"
"22","GO:0050794","regulation of cellular process","TAS, ISS, IMP, NAS, IEA, IC, IGI, IDA","74","20.3","91.3"
"23","GO:0065007","biological regulation","TAS, ISS, IMP, NAS, IEA, IC, IGI, IDA","74","20.3","91.3"
"24","GO:0006355","regulation of transcription, DNA-dependent","NAS, ISS, TAS, IMP, IEA, IC, IDA","66","18.1","90.7"
"25","GO:0009987","cellular process","TAS, ISS, IEP, IMP, NAS, IEA, IC, IGI, IDA","59","16.2","90.1"
"26","GO:0019222","regulation of metabolic process","NAS, ISS, TAS, IMP, IEA, IC, IDA","66","18.1","90.7"
"27","GO:0080090","regulation of primary metabolic process","NAS, ISS, TAS, IMP, IEA, IC, IDA","66","18.1","90.7"
"28","GO:0060255","regulation of macromolecule metabolic process","NAS, ISS, TAS, IMP, IEA, IC, IDA","66","18.1","90.7"
"29","GO:0031323","regulation of cellular metabolic process","NAS, ISS, TAS, IMP, IEA, IC, IDA","66","18.1","90.7"
"30","GO:0010556","regulation of macromolecule biosynthetic process","NAS, ISS, TAS, IMP, IEA, IC, IDA","66","18.1","90.7"
"31","GO:2000112","regulation of cellular macromolecule biosynthetic process","NAS, ISS, TAS, IMP, IEA, IC, IDA","66","18.1","90.7"
"32","GO:0019219","regulation of nucleobase-containing compound metabolic process","NAS, ISS, TAS, IMP, IEA, IC, IDA","66","18.1","90.7"
"33","GO:2001141","regulation of RNA biosynthetic process","NAS, ISS, TAS, IMP, IEA, IC, IDA","66","18.1","90.7"
"34","GO:0009889","regulation of biosynthetic process","NAS, ISS, TAS, IMP, IEA, IC, IDA","66","18.1","90.7"
"35","GO:0051252","regulation of RNA metabolic process","NAS, ISS, TAS, IMP, IEA, IC, IDA","66","18.1","90.7"
"36","GO:0051171","regulation of nitrogen compound metabolic process","NAS, ISS, TAS, IMP, IEA, IC, IDA","66","18.1","90.7"
"37","GO:0031326","regulation of cellular biosynthetic process","NAS, ISS, TAS, IMP, IEA, IC, IDA","66","18.1","90.7"
"38","GO:0010468","regulation of gene expression","NAS, ISS, TAS, IMP, IEA, IC, IDA","66","18.1","90.7"
"39","GO:0044699","single-organism process","TAS, ISS, IEP, IMP, NAS, IEA, IGI, IDA","53","14.5","89.5"
"40","GO:0032502","developmental process","TAS, ISS, IEP, IMP, NAS, IEA, IGI, IDA","53","14.5","89.5"
"41","GO:0044763","single-organism cellular process","TAS, ISS, IEP, IMP, NAS, IEA, IGI, IDA","52","14.2","89.4"
"42","GO:0044707","single-multicellular organism process","TAS, ISS, IEP, IMP, NAS, IEA, IGI, IDA","53","14.5","89.5"
"43","GO:0032501","multicellular organismal process","TAS, ISS, IEP, IMP, NAS, IEA, IGI, IDA","53","14.5","89.5"
"44","GO:0048856","anatomical structure development","TAS, ISS, IMP, NAS, IEA, IGI, IDA","51","14","89.3"
"45","GO:0007275","multicellular organismal development","TAS, ISS, IMP, NAS, IEA, IGI, IDA","51","14","89.3"
"46","GO:0044767","single-organism developmental process","TAS, ISS, IMP, NAS, IEA, IGI, IDA","51","14","89.3"
"47","GO:0048523","negative regulation of cellular process","TAS, ISS, IMP, IEA, IC, IGI, IDA","50","13.7","89.2"
"48","GO:0048519","negative regulation of biological process","TAS, ISS, IMP, IEA, IC, IGI, IDA","50","13.7","89.2"
"49","GO:0009653","anatomical structure morphogenesis","TAS, ISS, IMP, NAS, IEA, IGI, IDA","50","13.7","89.2"
"50","GO:0048869","cellular developmental process","TAS, ISS, IEP, IMP, IEA, IGI, IDA","48","13.2","89"
"51","GO:0030154","cell differentiation","TAS, ISS, IEP, IMP, IEA, IGI, IDA","48","13.2","89"
"52","GO:0009888","tissue development","TAS, ISS, IMP, NAS, IEA, IGI, IDA","48","13.2","89"
"53","GO:0048731","system development","TAS, ISS, IMP, NAS, IEA, IGI, IDA","46","12.6","88.8"
"54","GO:0048729","tissue morphogenesis","TAS, ISS, IMP, NAS, IEA, IGI, IDA","47","12.9","88.9"
"55","GO:0006357","regulation of transcription from RNA polymerase II promoter","TAS, ISS, IMP, IEA, IC, IDA","47","12.9","88.9"
"56","GO:0048513","organ development","TAS, ISS, IMP, NAS, IEA, IGI, IDA","45","12.3","88.6"
"57","GO:0009892","negative regulation of metabolic process","IEA, IMP, IC, TAS, IDA","46","12.6","88.8"
"58","GO:0009890","negative regulation of biosynthetic process","IEA, IMP, IC, TAS, IDA","46","12.6","88.8"
"59","GO:0031327","negative regulation of cellular biosynthetic process","IEA, IMP, IC, TAS, IDA","46","12.6","88.8"
"60","GO:0031324","negative regulation of cellular metabolic process","IEA, IMP, IC, TAS, IDA","46","12.6","88.8"
"61","GO:0010558","negative regulation of macromolecule biosynthetic process","IEA, IMP, IC, TAS, IDA","46","12.6","88.8"
"62","GO:0000122","negative regulation of transcription from RNA polymerase II promoter","IEA, IMP, IC, TAS, IDA","46","12.6","88.8"
"63","GO:2000113","negative regulation of cellular macromolecule biosynthetic process","IEA, IMP, IC, TAS, IDA","46","12.6","88.8"
"64","GO:0010629","negative regulation of gene expression","IEA, IMP, IC, TAS, IDA","46","12.6","88.8"
"65","GO:0045934","negative regulation of nucleobase-containing compound metabolic process","IEA, IMP, IC, TAS, IDA","46","12.6","88.8"
"66","GO:0051172","negative regulation of nitrogen compound metabolic process","IEA, IMP, IC, TAS, IDA","46","12.6","88.8"
"67","GO:0010605","negative regulation of macromolecule metabolic process","IEA, IMP, IC, TAS, IDA","46","12.6","88.8"
"68","GO:0051253","negative regulation of RNA metabolic process","IEA, IMP, IC, TAS, IDA","46","12.6","88.8"
"69","GO:0045892","negative regulation of transcription, DNA-dependent","IEA, IMP, IC, TAS, IDA","46","12.6","88.8"
"70","GO:0046483","heterocycle metabolic process","IEA, IC, IDA","48","13.2","89"
"71","GO:1901360","organic cyclic compound metabolic process","IEA, IC, IDA","48","13.2","89"
"72","GO:0018130","heterocycle biosynthetic process","IEA, IC, IDA","48","13.2","89"
"73","GO:0016070","RNA metabolic process","IEA, IC, IDA","48","13.2","89"
"74","GO:0043067","regulation of programmed cell death","ISS, IEA, IDA, IGI, IMP","47","12.9","88.9"
"75","GO:0048522","positive regulation of cellular process","IEA, IMP, IC, IDA","43","11.8","88.4"
"76","GO:0006807","nitrogen compound metabolic process","IEA, IC, IDA","48","13.2","89"
"77","GO:0044260","cellular macromolecule metabolic process","IEA, IC, IDA","48","13.2","89"
"78","GO:0044237","cellular metabolic process","IEA, IC, IDA","48","13.2","89"
"79","GO:1901362","organic cyclic compound biosynthetic process","IEA, IC, IDA","48","13.2","89"
"80","GO:0048518","positive regulation of biological process","IEA, IMP, IC, IDA","43","11.8","88.4"
"81","GO:0034654","nucleobase-containing compound biosynthetic process","IEA, IC, IDA","48","13.2","89"
"82","GO:0044271","cellular nitrogen compound biosynthetic process","IEA, IC, IDA","48","13.2","89"
"83","GO:0006351","transcription, DNA-dependent","IEA, IC, IDA","48","13.2","89"
"84","GO:0032774","RNA biosynthetic process","IEA, IC, IDA","48","13.2","89"
"85","GO:0006139","nucleobase-containing compound metabolic process","IEA, IC, IDA","48","13.2","89"
"86","GO:0006725","cellular aromatic compound metabolic process","IEA, IC, IDA","48","13.2","89"
"87","GO:0071704","organic substance metabolic process","IEA, IC, IDA","48","13.2","89"
"88","GO:0009058","biosynthetic process","IEA, IC, IDA","48","13.2","89"
"89","GO:0009059","macromolecule biosynthetic process","IEA, IC, IDA","48","13.2","89"
"90","GO:0051179","localization","IEA, IMP, IGI, ISS, TAS","47","12.9","88.9"
"91","GO:0044238","primary metabolic process","IEA, IC, IDA","48","13.2","89"
"92","GO:0019438","aromatic compound biosynthetic process","IEA, IC, IDA","48","13.2","89"
"93","GO:1901576","organic substance biosynthetic process","IEA, IC, IDA","48","13.2","89"
"94","GO:0008152","metabolic process","IEA, IC, IDA","48","13.2","89"
"95","GO:0034641","cellular nitrogen compound metabolic process","IEA, IC, IDA","48","13.2","89"
"96","GO:0034645","cellular macromolecule biosynthetic process","IEA, IC, IDA","48","13.2","89"
"97","GO:0043170","macromolecule metabolic process","IEA, IC, IDA","48","13.2","89"
"98","GO:0090304","nucleic acid metabolic process","IEA, IC, IDA","48","13.2","89"
"99","GO:0010941","regulation of cell death","ISS, IEA, IDA, IGI, IMP","47","12.9","88.9"
"100","GO:0010467","gene expression","IEA, IC, IDA","48","13.2","89"
"101","GO:0044249","cellular biosynthetic process","IEA, IC, IDA","48","13.2","89"
"102","GO:0040011","locomotion","IEA, IMP, IGI, ISS, TAS","46","12.6","88.8"
"103","GO:0048468","cell development","TAS, ISS, IMP, IEA, IGI, IDA","46","12.6","88.8"
"104","GO:0006928","cellular component movement","IEA, IMP, IGI, ISS, TAS","46","12.6","88.8"
"105","GO:0051674","localization of cell","IEA, IMP, IGI, ISS, TAS","46","12.6","88.8"
"106","GO:0042981","regulation of apoptotic process","ISS, IEA, IDA, IGI, IMP","46","12.6","88.8"
"107","GO:0016477","cell migration","IEA, IMP, IGI, ISS, TAS","46","12.6","88.8"
"108","GO:0048646","anatomical structure formation involved in morphogenesis","IEA, IMP, IGI, ISS, TAS","46","12.6","88.8"
"109","GO:0048870","cell motility","IEA, IMP, IGI, ISS, TAS","46","12.6","88.8"
"110","GO:0071840","cellular component organization or biogenesis","TAS, ISS, IMP, IEA, IGI, IDA","45","12.3","88.6"
"111","GO:0016043","cellular component organization","TAS, ISS, IMP, IEA, IGI, IDA","45","12.3","88.6"
"112","GO:0048583","regulation of response to stimulus","IEA, IMP, IC, IGI, IDA","45","12.3","88.6"
"113","GO:0009966","regulation of signal transduction","IEA, IMP, IGI, IDA","45","12.3","88.6"
"114","GO:0023051","regulation of signaling","IEA, IMP, IGI, IDA","45","12.3","88.6"
"115","GO:0010646","regulation of cell communication","IEA, IMP, IGI, IDA","45","12.3","88.6"
"116","GO:0060548","negative regulation of cell death","ISS, IEA, IDA, IGI, IMP","43","11.8","88.4"
"117","GO:0000904","cell morphogenesis involved in differentiation","TAS, ISS, IMP, IEA, IGI, IDA","45","12.3","88.6"
"118","GO:0000902","cell morphogenesis","TAS, ISS, IMP, IEA, IGI, IDA","45","12.3","88.6"
"119","GO:0048863","stem cell differentiation","TAS, ISS, IMP, IEA, IGI, IDA","43","11.8","88.4"
"120","GO:0043069","negative regulation of programmed cell death","ISS, IEA, IDA, IGI, IMP","43","11.8","88.4"
"121","GO:1901796","regulation of signal transduction by p53 class mediator","IEA, IMP, IGI","45","12.3","88.6"
"122","GO:2001020","regulation of response to DNA damage stimulus","IEA, IMP, IGI","45","12.3","88.6"
"123","GO:0050896","response to stimulus","TAS, ISS, IEP, IMP, IEA, IGI, IDA","39","10.7","87.9"
"124","GO:0048864","stem cell development","TAS, ISS, IMP, IEA, IGI, IDA","43","11.8","88.4"
"125","GO:0080134","regulation of response to stress","IEA, IMP, IGI","45","12.3","88.6"
"126","GO:0080135","regulation of cellular response to stress","IEA, IMP, IGI","45","12.3","88.6"
"127","GO:0032989","cellular component morphogenesis","TAS, ISS, IMP, IEA, IGI, IDA","45","12.3","88.6"
"128","GO:0043516","regulation of DNA damage response, signal transduction by p53 class mediator","IEA, IMP, IGI","45","12.3","88.6"
"129","GO:0051716","cellular response to stimulus","TAS, ISS, IEP, IMP, IEA, IGI, IDA","38","10.4","87.7"
"130","GO:0014031","mesenchymal cell development","TAS, ISS, IMP, IEA, IGI, IDA","42","11.5","88.3"
"131","GO:0009893","positive regulation of metabolic process","IEA, IMP, IDA","42","11.5","88.3"
"132","GO:0051128","regulation of cellular component organization","IEA, IMP, IDA","41","11.2","88.1"
"133","GO:0043066","negative regulation of apoptotic process","ISS, IEA, IDA, IGI, IMP","42","11.5","88.3"
"134","GO:0060485","mesenchyme development","TAS, ISS, IMP, IEA, IGI, IDA","42","11.5","88.3"
"135","GO:0006366","transcription from RNA polymerase II promoter","IEA, IC, IDA","43","11.8","88.4"
"136","GO:0048762","mesenchymal cell differentiation","TAS, ISS, IMP, IEA, IGI, IDA","42","11.5","88.3"
"137","GO:0010604","positive regulation of macromolecule metabolic process","IEA, IMP, IDA","42","11.5","88.3"
"138","GO:0031325","positive regulation of cellular metabolic process","IEA, IMP, IDA","42","11.5","88.3"
"139","GO:0050793","regulation of developmental process","IEA, IMP, IDA","39","10.7","87.9"
"140","GO:0032879","regulation of localization","IEA, IMP, IC, IDA","40","11","88"
"141","GO:0045595","regulation of cell differentiation","IEA, IMP, IDA","39","10.7","87.9"
"142","GO:0051272","positive regulation of cellular component movement","IEA, IMP, IC","40","11","88"
"143","GO:0051270","regulation of cellular component movement","IEA, IMP, IC","40","11","88"
"144","GO:0040017","positive regulation of locomotion","IEA, IMP, IC","40","11","88"
"145","GO:0051239","regulation of multicellular organismal process","IEA, IMP, IC, IDA","38","10.4","87.7"
"146","GO:2000145","regulation of cell motility","IEA, IMP, IC","40","11","88"
"147","GO:2000147","positive regulation of cell motility","IEA, IMP, IC","40","11","88"
"148","GO:0040012","regulation of locomotion","IEA, IMP, IC","40","11","88"
"149","GO:0001837","epithelial to mesenchymal transition","TAS, ISS, IMP, IEA, IGI, IDA","42","11.5","88.3"
"150","GO:0030335","positive regulation of cell migration","IEA, IMP, IC","40","11","88"
"151","GO:0030334","regulation of cell migration","IEA, IMP, IC","40","11","88"
"152","GO:0048585","negative regulation of response to stimulus","IEA, IMP, IDA","40","11","88"
"153","GO:2000026","regulation of multicellular organismal development","IEA, IMP, IDA","38","10.4","87.7"
"154","GO:0023057","negative regulation of signaling","IEA, IMP, IDA","40","11","88"
"155","GO:0009887","organ morphogenesis","IEA, ISS, IDA, IGI, IMP","38","10.4","87.7"
"156","GO:0009968","negative regulation of signal transduction","IEA, IMP, IDA","40","11","88"
"157","GO:0044700","single organism signaling","IEA, IMP, IGI, ISS, NAS","40","11","88"
"158","GO:0023052","signaling","IEA, IMP, IGI, ISS, NAS","40","11","88"
"159","GO:0010648","negative regulation of cell communication","IEA, IMP, IDA","40","11","88"
"160","GO:0007154","cell communication","IEA, IMP, IGI, ISS, NAS","40","11","88"
"161","GO:0001503","ossification","IEA, IEP","40","11","88"
"162","GO:0019216","regulation of lipid metabolic process","IEA, IDA","40","11","88"
"163","GO:0019218","regulation of steroid metabolic process","IEA, IDA","40","11","88"
"164","GO:0010957","negative regulation of vitamin D biosynthetic process","IEA, IDA","40","11","88"
"165","GO:1901797","negative regulation of signal transduction by p53 class mediator","IEA, IMP","40","11","88"
"166","GO:0051055","negative regulation of lipid biosynthetic process","IEA, IDA","40","11","88"
"167","GO:2001021","negative regulation of response to DNA damage stimulus","IEA, IMP","40","11","88"
"168","GO:2000810","regulation of tight junction assembly","IEA, IMP","40","11","88"
"169","GO:0046890","regulation of lipid biosynthetic process","IEA, IDA","40","11","88"
"170","GO:0001649","osteoblast differentiation","IEA, IEP","40","11","88"
"171","GO:0045939","negative regulation of steroid metabolic process","IEA, IDA","40","11","88"
"172","GO:0046137","negative regulation of vitamin metabolic process","IEA, IDA","40","11","88"
"173","GO:1901888","regulation of cell junction assembly","IEA, IMP","40","11","88"
"174","GO:0050810","regulation of steroid biosynthetic process","IEA, IDA","40","11","88"
"175","GO:0030656","regulation of vitamin metabolic process","IEA, IDA","40","11","88"
"176","GO:0060556","regulation of vitamin D biosynthetic process","IEA, IDA","40","11","88"
"177","GO:0045833","negative regulation of lipid metabolic process","IEA, IDA","40","11","88"
"178","GO:0010894","negative regulation of steroid biosynthetic process","IEA, IDA","40","11","88"
"179","GO:0044087","regulation of cellular component biogenesis","IEA, IMP","40","11","88"
"180","GO:0043518","negative regulation of DNA damage response, signal transduction by p53 class mediator","IEA, IMP","40","11","88"
"181","GO:0007165","signal transduction","IEA, IMP, IGI, ISS","38","10.4","87.7"
"182","GO:0007166","cell surface receptor signaling pathway","IEA, IMP, IGI, ISS","38","10.4","87.7"
"183","GO:0045596","negative regulation of cell differentiation","IEA, IMP, IDA","39","10.7","87.9"
"184","GO:0007219","Notch signaling pathway","IEA, IMP, IGI, ISS","38","10.4","87.7"
"185","GO:0051093","negative regulation of developmental process","IEA, IMP, IDA","39","10.7","87.9"
"186","GO:0051130","positive regulation of cellular component organization","IEA, IMP, IDA","38","10.4","87.7"
"187","GO:0001501","skeletal system development","IEA, IGI","37","10.1","87.6"
"188","GO:0072359","circulatory system development","IEA, ISS, IGI, IMP","37","10.1","87.6"
"189","GO:0060021","palate development","IEA, IMP, IGI","37","10.1","87.6"
"190","GO:0060536","cartilage morphogenesis","IEA, IGI","37","10.1","87.6"
"191","GO:0072358","cardiovascular system development","IEA, ISS, IGI, IMP","37","10.1","87.6"
"192","GO:0061448","connective tissue development","IEA, IGI","37","10.1","87.6"
"193","GO:0051216","cartilage development","IEA, IGI","37","10.1","87.6"
"194","GO:0007507","heart development","IEA, ISS, IGI, IMP","37","10.1","87.6"
"195","GO:0045597","positive regulation of cell differentiation","IEA, IMP","37","10.1","87.6"
"196","GO:0051094","positive regulation of developmental process","IEA, IMP","37","10.1","87.6"
"197","GO:0009790","embryo development","NAS, ISS, TAS, IMP, IEA, IGI, IDA","29","7.95","86.3"
"198","GO:0007498","mesoderm development","IEA, IMP, TAS, ISS, NAS","25","6.85","85.4"
"199","GO:0007162","negative regulation of cell adhesion","IEA, IMP, IC","26","7.12","85.7"
"200","GO:0007369","gastrulation","TAS, ISS, IMP, NAS, IEA, IGI","25","6.85","85.4"
"201","GO:0030155","regulation of cell adhesion","IEA, IMP, IC","26","7.12","85.7"
"202","GO:0048598","embryonic morphogenesis","TAS, ISS, IMP, NAS, IEA, IGI","25","6.85","85.4"
"203","GO:0022407","regulation of cell-cell adhesion","IEA, IMP","26","7.12","85.7"
"204","GO:0022408","negative regulation of cell-cell adhesion","IEA, IMP","26","7.12","85.7"
"205","GO:0042221","response to chemical stimulus","IEA, IEP, TAS, IMP, IDA","23","6.3","85"
"206","GO:0070848","response to growth factor stimulus","IEA, IEP, TAS, IDA","22","6.03","84.8"
"207","GO:0010033","response to organic substance","IEA, IEP, TAS, IDA","22","6.03","84.8"
"208","GO:0070887","cellular response to chemical stimulus","IEA, IEP, TAS, IDA","22","6.03","84.8"
"209","GO:0009719","response to endogenous stimulus","IEA, IEP, TAS, IDA","22","6.03","84.8"
"210","GO:0001707","mesoderm formation","IEA, IMP, ISS, TAS","25","6.85","85.4"
"211","GO:0001704","formation of primary germ layer","IEA, IMP, ISS, TAS","25","6.85","85.4"
"212","GO:0048332","mesoderm morphogenesis","IEA, IMP, ISS, TAS","25","6.85","85.4"
"213","GO:0071363","cellular response to growth factor stimulus","IEA, IEP, TAS, IDA","22","6.03","84.8"
"214","GO:0071310","cellular response to organic substance","IEA, IEP, TAS, IDA","22","6.03","84.8"
"215","GO:0060429","epithelium development","IEA, ISS, NAS, IMP, TAS","23","6.3","85"
"216","GO:0071495","cellular response to endogenous stimulus","IEA, IEP, TAS, IDA","22","6.03","84.8"
"217","GO:0008285","negative regulation of cell proliferation","IEA, IMP, IDA","22","6.03","84.8"
"218","GO:0045216","cell-cell junction organization","IEA, IMP","23","6.3","85"
"219","GO:0034330","cell junction organization","IEA, IMP","23","6.3","85"
"220","GO:0042127","regulation of cell proliferation","IEA, IMP, IDA","22","6.03","84.8"
"221","GO:0050877","neurological system process","IEA, IMP","22","6.03","84.8"
"222","GO:0043473","pigmentation","IEA, IMP","22","6.03","84.8"
"223","GO:0022411","cellular component disassembly","IEA, IMP","22","6.03","84.8"
"224","GO:0007605","sensory perception of sound","IEA, IMP","22","6.03","84.8"
"225","GO:0007600","sensory perception","IEA, IMP","22","6.03","84.8"
"226","GO:0002934","desmosome organization","IEA, IMP","22","6.03","84.8"
"227","GO:0003008","system process","IEA, IMP","22","6.03","84.8"
"228","GO:0035921","desmosome disassembly","IEA, IMP","22","6.03","84.8"
"229","GO:0050954","sensory perception of mechanical stimulus","IEA, IMP","22","6.03","84.8"
"230","GO:0032101","regulation of response to external stimulus","IEA, IC, IDA","22","6.03","84.8"
"231","GO:0033157","regulation of intracellular protein transport","IEA, IDA","22","6.03","84.8"
"232","GO:0051049","regulation of transport","IEA, IDA","22","6.03","84.8"
"233","GO:0014032","neural crest cell development","IEA, IMP","22","6.03","84.8"
"234","GO:0014033","neural crest cell differentiation","IEA, IMP","22","6.03","84.8"
"235","GO:0050678","regulation of epithelial cell proliferation","IEA, IDA","22","6.03","84.8"
"236","GO:0010638","positive regulation of organelle organization","IEA, IMP, IDA","22","6.03","84.8"
"237","GO:0009891","positive regulation of biosynthetic process","IEA, IMP, IDA","21","5.75","84.5"
"238","GO:0035414","negative regulation of catenin import into nucleus","IEA, IDA","22","6.03","84.8"
"239","GO:0035412","regulation of catenin import into nucleus","IEA, IDA","22","6.03","84.8"
"240","GO:0051223","regulation of protein transport","IEA, IDA","22","6.03","84.8"
"241","GO:0051224","negative regulation of protein transport","IEA, IDA","22","6.03","84.8"
"242","GO:0003203","endocardial cushion morphogenesis","IEA, ISS, IGI, IMP","22","6.03","84.8"
"243","GO:0070201","regulation of establishment of protein localization","IEA, IDA","22","6.03","84.8"
"244","GO:0010557","positive regulation of macromolecule biosynthetic process","IEA, IMP, IDA","21","5.75","84.5"
"245","GO:0070562","regulation of vitamin D receptor signaling pathway","IEA, IDA","22","6.03","84.8"
"246","GO:0070563","negative regulation of vitamin D receptor signaling pathway","IEA, IDA","22","6.03","84.8"
"247","GO:2001252","positive regulation of chromosome organization","IEA, IMP, IDA","22","6.03","84.8"
"248","GO:0060341","regulation of cellular localization","IEA, IDA","22","6.03","84.8"
"249","GO:0046822","regulation of nucleocytoplasmic transport","IEA, IDA","22","6.03","84.8"
"250","GO:0090090","negative regulation of canonical Wnt receptor signaling pathway","IEA, IDA","22","6.03","84.8"
"251","GO:0090317","negative regulation of intracellular protein transport","IEA, IDA","22","6.03","84.8"
"252","GO:0003272","endocardial cushion formation","IEA, ISS, IGI, IMP","22","6.03","84.8"
"253","GO:0070849","response to epidermal growth factor stimulus","IEA, IDA","22","6.03","84.8"
"254","GO:0045667","regulation of osteoblast differentiation","IEA, IMP","22","6.03","84.8"
"255","GO:1901419","regulation of response to alcohol","IEA, IDA","22","6.03","84.8"
"256","GO:0051051","negative regulation of transport","IEA, IDA","22","6.03","84.8"
"257","GO:0060070","canonical Wnt receptor signaling pathway","IEA, IMP","22","6.03","84.8"
"258","GO:0046823","negative regulation of nucleocytoplasmic transport","IEA, IDA","22","6.03","84.8"
"259","GO:0033044","regulation of chromosome organization","IEA, IMP, IDA","22","6.03","84.8"
"260","GO:0032107","regulation of response to nutrient levels","IEA, IDA","22","6.03","84.8"
"261","GO:0032104","regulation of response to extracellular stimulus","IEA, IDA","22","6.03","84.8"
"262","GO:0032105","negative regulation of response to extracellular stimulus","IEA, IDA","22","6.03","84.8"
"263","GO:0032102","negative regulation of response to external stimulus","IEA, IDA","22","6.03","84.8"
"264","GO:0033043","regulation of organelle organization","IEA, IMP, IDA","22","6.03","84.8"
"265","GO:0032108","negative regulation of response to nutrient levels","IEA, IDA","22","6.03","84.8"
"266","GO:2000209","regulation of anoikis","IEA, IMP","22","6.03","84.8"
"267","GO:0032880","regulation of protein localization","IEA, IDA","22","6.03","84.8"
"268","GO:0051246","regulation of protein metabolic process","IEA, IMP, IDA","22","6.03","84.8"
"269","GO:0051247","positive regulation of protein metabolic process","IEA, IMP, IDA","22","6.03","84.8"
"270","GO:0031399","regulation of protein modification process","IEA, IMP, IDA","22","6.03","84.8"
"271","GO:0030178","negative regulation of Wnt receptor signaling pathway","IEA, IDA","22","6.03","84.8"
"272","GO:0045935","positive regulation of nucleobase-containing compound metabolic process","IEA, IMP, IDA","21","5.75","84.5"
"273","GO:0061035","regulation of cartilage development","IEA, IMP","22","6.03","84.8"
"274","GO:0009628","response to abiotic stimulus","IEA, IMP, IGI","22","6.03","84.8"
"275","GO:0032386","regulation of intracellular transport","IEA, IDA","22","6.03","84.8"
"276","GO:0032387","negative regulation of intracellular transport","IEA, IDA","22","6.03","84.8"
"277","GO:0030111","regulation of Wnt receptor signaling pathway","IEA, IDA","22","6.03","84.8"
"278","GO:0031056","regulation of histone modification","IEA, IMP, IDA","22","6.03","84.8"
"279","GO:0031058","positive regulation of histone modification","IEA, IMP, IDA","22","6.03","84.8"
"280","GO:0032331","negative regulation of chondrocyte differentiation","IEA, IMP","22","6.03","84.8"
"281","GO:0032330","regulation of chondrocyte differentiation","IEA, IMP","22","6.03","84.8"
"282","GO:0010839","negative regulation of keratinocyte proliferation","IEA, IDA","22","6.03","84.8"
"283","GO:0003007","heart morphogenesis","IEA, ISS, IGI, IMP","22","6.03","84.8"
"284","GO:0016055","Wnt receptor signaling pathway","IEA, IMP","22","6.03","84.8"
"285","GO:0060828","regulation of canonical Wnt receptor signaling pathway","IEA, IDA","22","6.03","84.8"
"286","GO:2000811","negative regulation of anoikis","IEA, IMP","22","6.03","84.8"
"287","GO:0042308","negative regulation of protein import into nucleus","IEA, IDA","22","6.03","84.8"
"288","GO:0042306","regulation of protein import into nucleus","IEA, IDA","22","6.03","84.8"
"289","GO:0030278","regulation of ossification","IEA, IMP","22","6.03","84.8"
"290","GO:1900180","regulation of protein localization to nucleus","IEA, IDA","22","6.03","84.8"
"291","GO:0032270","positive regulation of cellular protein metabolic process","IEA, IMP, IDA","22","6.03","84.8"
"292","GO:0071364","cellular response to epidermal growth factor stimulus","IEA, IDA","22","6.03","84.8"
"293","GO:0051254","positive regulation of RNA metabolic process","IEA, IMP, IDA","21","5.75","84.5"
"294","GO:0001817","regulation of cytokine production","IEA, IMP","22","6.03","84.8"
"295","GO:1902275","regulation of chromatin organization","IEA, IMP, IDA","22","6.03","84.8"
"296","GO:0031401","positive regulation of protein modification process","IEA, IMP, IDA","22","6.03","84.8"
"297","GO:1900387","negative regulation of cell-cell adhesion by negative regulation of transcription from RNA polymerase II promoter","IEA, IMP","22","6.03","84.8"
"298","GO:0051173","positive regulation of nitrogen compound metabolic process","IEA, IMP, IDA","21","5.75","84.5"
"299","GO:0050680","negative regulation of epithelial cell proliferation","IEA, IDA","22","6.03","84.8"
"300","GO:0060317","cardiac epithelial to mesenchymal transition","IEA, ISS, IGI, IMP","22","6.03","84.8"
"301","GO:0032642","regulation of chemokine production","IEA, IMP","22","6.03","84.8"
"302","GO:0072132","mesenchyme morphogenesis","IEA, ISS, IGI, IMP","22","6.03","84.8"
"303","GO:0003197","endocardial cushion development","IEA, ISS, IGI, IMP","22","6.03","84.8"
"304","GO:0003198","epithelial to mesenchymal transition involved in endocardial cushion formation","IEA, ISS, IGI, IMP","22","6.03","84.8"
"305","GO:0010837","regulation of keratinocyte proliferation","IEA, IDA","22","6.03","84.8"
"306","GO:0045893","positive regulation of transcription, DNA-dependent","IEA, IMP, IDA","21","5.75","84.5"
"307","GO:0032268","regulation of cellular protein metabolic process","IEA, IMP, IDA","22","6.03","84.8"
"308","GO:0010628","positive regulation of gene expression","IEA, IMP, IDA","21","5.75","84.5"
"309","GO:0031328","positive regulation of cellular biosynthetic process","IEA, IMP, IDA","21","5.75","84.5"
"310","GO:1901420","negative regulation of response to alcohol","IEA, IDA","22","6.03","84.8"
"311","GO:0072091","regulation of stem cell proliferation","IEA, IMP","21","5.75","84.5"
"312","GO:0050872","white fat cell differentiation","IEA, IMP","21","5.75","84.5"
"313","GO:0060973","cell migration involved in heart development","IEA, ISS, IMP","21","5.75","84.5"
"314","GO:0045444","fat cell differentiation","IEA, IMP","21","5.75","84.5"
"315","GO:0003273","cell migration involved in endocardial cushion formation","IEA, ISS, IMP","21","5.75","84.5"
"316","GO:2000756","regulation of peptidyl-lysine acetylation","IEA, IMP","21","5.75","84.5"
"317","GO:2000758","positive regulation of peptidyl-lysine acetylation","IEA, IMP","21","5.75","84.5"
"318","GO:0009314","response to radiation","IEA, IGI","21","5.75","84.5"
"319","GO:0071479","cellular response to ionizing radiation","IEA, IGI","21","5.75","84.5"
"320","GO:0071478","cellular response to radiation","IEA, IGI","21","5.75","84.5"
"321","GO:0010212","response to ionizing radiation","IEA, IGI","21","5.75","84.5"
"322","GO:0035065","regulation of histone acetylation","IEA, IMP","21","5.75","84.5"
"323","GO:0071214","cellular response to abiotic stimulus","IEA, IGI","21","5.75","84.5"
"324","GO:0006929","substrate-dependent cell migration","IEA, IMP","21","5.75","84.5"
"325","GO:0006933","negative regulation of cell adhesion involved in substrate-bound cell migration","IEA, IMP","21","5.75","84.5"
"326","GO:0045600","positive regulation of fat cell differentiation","IEA, IMP","21","5.75","84.5"
"327","GO:0035066","positive regulation of histone acetylation","IEA, IMP","21","5.75","84.5"
"328","GO:2000647","negative regulation of stem cell proliferation","IEA, IMP","21","5.75","84.5"
"329","GO:1901985","positive regulation of protein acetylation","IEA, IMP","21","5.75","84.5"
"330","GO:1901983","regulation of protein acetylation","IEA, IMP","21","5.75","84.5"
"331","GO:0045598","regulation of fat cell differentiation","IEA, IMP","21","5.75","84.5"
"332","GO:0044464","cell part","CURATED, PROBABLE, ISS, IMP, POTENTIAL, NAS, BY SIMILARITY, IEA, IC, IDA","68","18.6","90.9"
"333","GO:0005623","cell","CURATED, PROBABLE, ISS, IMP, POTENTIAL, NAS, BY SIMILARITY, IEA, IC, IDA","68","18.6","90.9"
"334","GO:0005622","intracellular","CURATED, PROBABLE, ISS, IMP, POTENTIAL, NAS, BY SIMILARITY, IEA, IC, IDA","68","18.6","90.9"
"335","GO:0044424","intracellular part","CURATED, PROBABLE, ISS, IMP, POTENTIAL, NAS, BY SIMILARITY, IEA, IC, IDA","67","18.4","90.8"
"336","GO:0043229","intracellular organelle","CURATED, PROBABLE, ISS, IMP, POTENTIAL, NAS, BY SIMILARITY, IEA, IC, IDA","67","18.4","90.8"
"337","GO:0043227","membrane-bounded organelle","CURATED, PROBABLE, ISS, IMP, POTENTIAL, NAS, BY SIMILARITY, IEA, IC, IDA","67","18.4","90.8"
"338","GO:0043226","organelle","CURATED, PROBABLE, ISS, IMP, POTENTIAL, NAS, BY SIMILARITY, IEA, IC, IDA","67","18.4","90.8"
"339","GO:0005634","nucleus","CURATED, PROBABLE, ISS, IMP, POTENTIAL, NAS, BY SIMILARITY, IEA, IC, IDA","67","18.4","90.8"
"340","GO:0043231","intracellular membrane-bounded organelle","CURATED, PROBABLE, ISS, IMP, POTENTIAL, NAS, BY SIMILARITY, IEA, IC, IDA","67","18.4","90.8"
"341","GO:0005737","cytoplasm","IEA, IDA, BY SIMILARITY, CURATED","38","10.4","87.7"
"342","GO:0031974","membrane-enclosed lumen","ISS, IEA, IDA","40","11","88"
"343","GO:0031981","nuclear lumen","ISS, IEA, IDA","40","11","88"
"344","GO:0043233","organelle lumen","ISS, IEA, IDA","40","11","88"
"345","GO:0044446","intracellular organelle part","ISS, IEA, IDA","40","11","88"
"346","GO:0070013","intracellular organelle lumen","ISS, IEA, IDA","40","11","88"
"347","GO:0044428","nuclear part","ISS, IEA, IDA","40","11","88"
"348","GO:0044422","organelle part","ISS, IEA, IDA","40","11","88"
"349","GO:0043228","non-membrane-bounded organelle","ISS, IEA, IDA","24","6.58","85.2"
"350","GO:0000785","chromatin","ISS, IEA, IDA","24","6.58","85.2"
"351","GO:0000228","nuclear chromosome","ISS, IEA, IDA","24","6.58","85.2"
"352","GO:0044454","nuclear chromosome part","ISS, IEA, IDA","24","6.58","85.2"
"353","GO:0005694","chromosome","ISS, IEA, IDA","24","6.58","85.2"
"354","GO:0000790","nuclear chromatin","ISS, IEA, IDA","24","6.58","85.2"
"355","GO:0043232","intracellular non-membrane-bounded organelle","ISS, IEA, IDA","24","6.58","85.2"
"356","GO:0044427","chromosomal part","ISS, IEA, IDA","24","6.58","85.2"
