"","V1","V2","V3","V4","V5","V6"
"1","ID","GO term","Evidence","SeqCount","Frequency","relative_fontsize"
"2","GO:0003677","DNA binding","IEA, ISS, NAS, IDA","139","33","94"
"3","GO:0005488","binding","IEA, ISS, NAS, IDA","140","33.3","94"
"4","GO:1901363","heterocyclic compound binding","IEA, ISS, NAS, IDA","139","33","94"
"5","GO:0003676","nucleic acid binding","IEA, ISS, NAS, IDA","139","33","94"
"6","GO:0097159","organic cyclic compound binding","IEA, ISS, NAS, IDA","139","33","94"
"7","GO:0043565","sequence-specific DNA binding","IEA, ISS, IDA","111","26.4","92.8"
"8","GO:0003700","sequence-specific DNA binding transcription factor activity","NAS, ISS, IMP, ISO, IEA, IDA","95","22.6","91.9"
"9","GO:0001071","nucleic acid binding transcription factor activity","NAS, ISS, IMP, ISO, IEA, IDA","96","22.8","92"
"10","GO:0044212","transcription regulatory region DNA binding","IEA, ISS, IDA","93","22.1","91.8"
"11","GO:0001067","regulatory region nucleic acid binding","IEA, ISS, IDA","93","22.1","91.8"
"12","GO:0000975","regulatory region DNA binding","IEA, ISS, IDA","93","22.1","91.8"
"13","GO:0000976","transcription regulatory region sequence-specific DNA binding","IEA, ISS, IDA","86","20.4","91.4"
"14","GO:0000981","sequence-specific DNA binding RNA polymerase II transcription factor activity","IEA, ISS, ISO, IMP, IDA","68","16.2","90.1"
"15","GO:0001047","core promoter binding","IEA, ISS, IDA","62","14.7","89.6"
"16","GO:0001046","core promoter sequence-specific DNA binding","IEA, ISS, IDA","62","14.7","89.6"
"17","GO:0003682","chromatin binding","IEA, ISS, IDA","58","13.8","89.2"
"18","GO:0001012","RNA polymerase II regulatory region DNA binding","IEA, ISS, IDA","53","12.6","88.7"
"19","GO:0000977","RNA polymerase II regulatory region sequence-specific DNA binding","IEA, ISS, IDA","53","12.6","88.7"
"20","GO:0003705","RNA polymerase II distal enhancer sequence-specific DNA binding transcription factor activity","IEA, ISS, ISO, IDA","49","11.6","88.3"
"21","GO:0001158","enhancer sequence-specific DNA binding","IEA, ISS, IDA","44","10.5","87.7"
"22","GO:0035326","enhancer binding","IEA, ISS, IDA","44","10.5","87.7"
"23","GO:0000982","RNA polymerase II core promoter proximal region sequence-specific DNA binding transcription factor activity","IEA, ISS, IMP, IDA","40","9.5","87.2"
"24","GO:0001077","RNA polymerase II core promoter proximal region sequence-specific DNA binding transcription factor activity involved in positive regulation of transcription","IEA, ISS, IMP, IDA","39","9.26","87.1"
"25","GO:0001228","RNA polymerase II transcription regulatory region sequence-specific DNA binding transcription factor activity involved in positive regulation of transcription","IEA, ISS, IMP, IDA","39","9.26","87.1"
"26","GO:0000989","transcription factor binding transcription factor activity","IEA, ISS, TAS, IMP, IDA","30","7.13","85.7"
"27","GO:0000988","protein binding transcription factor activity","IEA, ISS, TAS, IMP, IDA","30","7.13","85.7"
"28","GO:0003712","transcription cofactor activity","IEA, ISS, TAS, IDA","29","6.89","85.5"
"29","GO:0000979","RNA polymerase II core promoter sequence-specific DNA binding","IEA, ISS","31","7.36","85.8"
"30","GO:0001076","RNA polymerase II transcription factor binding transcription factor activity","IEA, ISS, IMP, IDA","27","6.41","85.1"
"31","GO:0003824","catalytic activity","ISS, IEA, IMP","25","5.94","84.7"
"32","GO:0001104","RNA polymerase II transcription cofactor activity","IEA, ISS, IDA","26","6.18","84.9"
"33","GO:0016740","transferase activity","ISS, IEA, IMP","23","5.46","84.2"
"34","GO:0016301","kinase activity","ISS, IEA, IMP","23","5.46","84.2"
"35","GO:0016773","phosphotransferase activity, alcohol group as acceptor","ISS, IEA, IMP","23","5.46","84.2"
"36","GO:0016772","transferase activity, transferring phosphorus-containing groups","ISS, IEA, IMP","23","5.46","84.2"
"37","GO:0004672","protein kinase activity","ISS, IEA, IMP","23","5.46","84.2"
"38","GO:0001159","core promoter proximal region DNA binding","IEA, IDA","22","5.23","84"
"39","GO:0000987","core promoter proximal region sequence-specific DNA binding","IEA, IDA","22","5.23","84"
"40","GO:0000978","RNA polymerase II core promoter proximal region sequence-specific DNA binding","IEA, IDA","22","5.23","84"
"41","GO:0009987","cellular process","NAS, ISS, IEP, IMP, ISO, IEA, IGI, IDA","158","37.5","94.7"
"42","GO:0044699","single-organism process","IMP, ISS, IEP, TAS, NAS, IEA, IGI, IDA","156","37.1","94.6"
"43","GO:0044763","single-organism cellular process","NAS, ISS, IEP, IMP, IEA, IGI, IDA","149","35.4","94.4"
"44","GO:0065007","biological regulation","NAS, ISS, IEP, TAS, IMP, ISO, IEA, IGI, IDA","144","34.2","94.2"
"45","GO:0050789","regulation of biological process","NAS, ISS, IEP, TAS, IMP, ISO, IEA, IGI, IDA","144","34.2","94.2"
"46","GO:0050794","regulation of cellular process","NAS, ISS, IEP, TAS, IMP, ISO, IEA, IGI, IDA","144","34.2","94.2"
"47","GO:0032502","developmental process","NAS, ISS, IEP, TAS, IMP, IEA, IGI, IDA","140","33.3","94"
"48","GO:0019222","regulation of metabolic process","NAS, ISS, TAS, IMP, ISO, IEA, IGI, IDA","144","34.2","94.2"
"49","GO:0060255","regulation of macromolecule metabolic process","NAS, ISS, TAS, IMP, ISO, IEA, IGI, IDA","144","34.2","94.2"
"50","GO:0010468","regulation of gene expression","NAS, ISS, TAS, IMP, ISO, IEA, IGI, IDA","144","34.2","94.2"
"51","GO:0006355","regulation of transcription, DNA-dependent","NAS, ISS, TAS, IMP, ISO, IEA, IGI, IDA","139","33","94"
"52","GO:0080090","regulation of primary metabolic process","NAS, ISS, TAS, IMP, ISO, IEA, IGI, IDA","139","33","94"
"53","GO:0031323","regulation of cellular metabolic process","NAS, ISS, TAS, IMP, ISO, IEA, IGI, IDA","139","33","94"
"54","GO:0010556","regulation of macromolecule biosynthetic process","NAS, ISS, TAS, IMP, ISO, IEA, IGI, IDA","139","33","94"
"55","GO:0019219","regulation of nucleobase-containing compound metabolic process","NAS, ISS, TAS, IMP, ISO, IEA, IGI, IDA","139","33","94"
"56","GO:2001141","regulation of RNA biosynthetic process","NAS, ISS, TAS, IMP, ISO, IEA, IGI, IDA","139","33","94"
"57","GO:0009889","regulation of biosynthetic process","NAS, ISS, TAS, IMP, ISO, IEA, IGI, IDA","139","33","94"
"58","GO:0051252","regulation of RNA metabolic process","NAS, ISS, TAS, IMP, ISO, IEA, IGI, IDA","139","33","94"
"59","GO:0051171","regulation of nitrogen compound metabolic process","NAS, ISS, TAS, IMP, ISO, IEA, IGI, IDA","139","33","94"
"60","GO:0031326","regulation of cellular biosynthetic process","NAS, ISS, TAS, IMP, ISO, IEA, IGI, IDA","139","33","94"
"61","GO:2000112","regulation of cellular macromolecule biosynthetic process","NAS, ISS, TAS, IMP, ISO, IEA, IGI, IDA","139","33","94"
"62","GO:0048856","anatomical structure development","NAS, ISS, IEP, TAS, IMP, IEA, IGI, IDA","131","31.1","93.7"
"63","GO:0030154","cell differentiation","NAS, ISS, IEP, IMP, IEA, IGI, IDA","134","31.8","93.8"
"64","GO:0048869","cellular developmental process","NAS, ISS, IEP, IMP, IEA, IGI, IDA","134","31.8","93.8"
"65","GO:0032501","multicellular organismal process","NAS, ISS, IEP, TAS, IMP, IEA, IGI, IDA","129","30.6","93.6"
"66","GO:0007275","multicellular organismal development","NAS, ISS, IEP, TAS, IMP, IEA, IGI, IDA","126","29.9","93.5"
"67","GO:0044707","single-multicellular organism process","NAS, ISS, IEP, TAS, IMP, IEA, IGI, IDA","126","29.9","93.5"
"68","GO:0044767","single-organism developmental process","IMP, ISS, IEP, TAS, NAS, IEA, IGI, IDA","124","29.5","93.4"
"69","GO:0048731","system development","TAS, ISS, IEP, IMP, IEA, IGI, IDA","118","28","93.1"
"70","GO:0006357","regulation of transcription from RNA polymerase II promoter","TAS, ISS, IMP, ISO, IEA, IGI, IDA","125","29.7","93.4"
"71","GO:0009888","tissue development","IEA, IEP, IGI, ISS, IMP","118","28","93.1"
"72","GO:0048519","negative regulation of biological process","IEA, ISS, IMP, IGI, IDA","112","26.6","92.8"
"73","GO:0048523","negative regulation of cellular process","IEA, ISS, IMP, IGI, IDA","112","26.6","92.8"
"74","GO:0048468","cell development","IMP, ISS, IEP, NAS, IEA, IGI","111","26.4","92.8"
"75","GO:0048513","organ development","TAS, ISS, IEP, IMP, IEA, IGI, IDA","108","25.7","92.6"
"76","GO:0009653","anatomical structure morphogenesis","TAS, ISS, IEP, IMP, IEA, IGI","110","26.1","92.7"
"77","GO:0048518","positive regulation of biological process","ISS, IEP, IMP, ISO, IEA, IGI, IDA","102","24.2","92.3"
"78","GO:0048522","positive regulation of cellular process","ISS, IEP, IMP, ISO, IEA, IDA","92","21.9","91.7"
"79","GO:0009893","positive regulation of metabolic process","ISS, IMP, ISO, IEA, IGI, IDA","98","23.3","92.1"
"80","GO:0010604","positive regulation of macromolecule metabolic process","ISS, IMP, ISO, IEA, IGI, IDA","98","23.3","92.1"
"81","GO:0007399","nervous system development","ISS, IEP, IMP, IEA, IGI, IDA","98","23.3","92.1"
"82","GO:0008152","metabolic process","IEA, ISS, ISO, IMP, IDA","97","23","92"
"83","GO:0050793","regulation of developmental process","IEA, ISS, IMP, IGI, IDA","95","22.6","91.9"
"84","GO:0009058","biosynthetic process","IEA, ISS, ISO, IMP, IDA","95","22.6","91.9"
"85","GO:0060429","epithelium development","IEA, IEP, IGI, ISS, IMP","96","22.8","92"
"86","GO:0010628","positive regulation of gene expression","ISS, IMP, ISO, IEA, IGI, IDA","98","23.3","92.1"
"87","GO:0044237","cellular metabolic process","IEA, ISS, ISO, IMP, IDA","91","21.6","91.7"
"88","GO:0071704","organic substance metabolic process","IEA, ISS, ISO, IMP, IDA","91","21.6","91.7"
"89","GO:0044238","primary metabolic process","IEA, ISS, ISO, IMP, IDA","91","21.6","91.7"
"90","GO:0044260","cellular macromolecule metabolic process","IEA, ISS, ISO, IMP, IDA","90","21.4","91.6"
"91","GO:0051239","regulation of multicellular organismal process","IEA, ISS, IMP, IGI, IDA","90","21.4","91.6"
"92","GO:0043170","macromolecule metabolic process","IEA, ISS, ISO, IMP, IDA","90","21.4","91.6"
"93","GO:0031325","positive regulation of cellular metabolic process","IEA, ISS, ISO, IMP, IDA","92","21.9","91.7"
"94","GO:2000026","regulation of multicellular organismal development","IEA, ISS, IMP, IGI, IDA","90","21.4","91.6"
"95","GO:0044249","cellular biosynthetic process","IEA, ISS, ISO, IMP, IDA","90","21.4","91.6"
"96","GO:0006351","transcription, DNA-dependent","IEA, ISS, ISO, IMP, IDA","90","21.4","91.6"
"97","GO:0009059","macromolecule biosynthetic process","IEA, ISS, ISO, IMP, IDA","90","21.4","91.6"
"98","GO:1901576","organic substance biosynthetic process","IEA, ISS, ISO, IMP, IDA","90","21.4","91.6"
"99","GO:0034645","cellular macromolecule biosynthetic process","IEA, ISS, ISO, IMP, IDA","90","21.4","91.6"
"100","GO:0010467","gene expression","IEA, ISS, ISO, IMP, IDA","90","21.4","91.6"
"101","GO:0046483","heterocycle metabolic process","IEA, ISS, ISO, IMP, IDA","90","21.4","91.6"
"102","GO:0009891","positive regulation of biosynthetic process","IEA, ISS, ISO, IMP, IDA","92","21.9","91.7"
"103","GO:0010557","positive regulation of macromolecule biosynthetic process","IEA, ISS, ISO, IMP, IDA","92","21.9","91.7"
"104","GO:0006807","nitrogen compound metabolic process","IEA, ISS, ISO, IMP, IDA","90","21.4","91.6"
"105","GO:0045935","positive regulation of nucleobase-containing compound metabolic process","IEA, ISS, ISO, IMP, IDA","92","21.9","91.7"
"106","GO:1901360","organic cyclic compound metabolic process","IEA, ISS, ISO, IMP, IDA","90","21.4","91.6"
"107","GO:0006139","nucleobase-containing compound metabolic process","IEA, ISS, ISO, IMP, IDA","90","21.4","91.6"
"108","GO:0006725","cellular aromatic compound metabolic process","IEA, ISS, ISO, IMP, IDA","90","21.4","91.6"
"109","GO:0051254","positive regulation of RNA metabolic process","IEA, ISS, ISO, IMP, IDA","92","21.9","91.7"
"110","GO:0051173","positive regulation of nitrogen compound metabolic process","IEA, ISS, ISO, IMP, IDA","92","21.9","91.7"
"111","GO:0034641","cellular nitrogen compound metabolic process","IEA, ISS, ISO, IMP, IDA","90","21.4","91.6"
"112","GO:0007417","central nervous system development","IEA, IMP, ISS, IGI, IEP","94","22.3","91.9"
"113","GO:0045893","positive regulation of transcription, DNA-dependent","IEA, ISS, ISO, IMP, IDA","92","21.9","91.7"
"114","GO:0031328","positive regulation of cellular biosynthetic process","IEA, ISS, ISO, IMP, IDA","92","21.9","91.7"
"115","GO:0090304","nucleic acid metabolic process","IEA, ISS, ISO, IMP, IDA","90","21.4","91.6"
"116","GO:0009892","negative regulation of metabolic process","IEA, ISS, IGI, IMP, IDA","92","21.9","91.7"
"117","GO:0018130","heterocycle biosynthetic process","IEA, ISS, ISO, IMP, IDA","90","21.4","91.6"
"118","GO:0016070","RNA metabolic process","IEA, ISS, ISO, IMP, IDA","90","21.4","91.6"
"119","GO:1901362","organic cyclic compound biosynthetic process","IEA, ISS, ISO, IMP, IDA","90","21.4","91.6"
"120","GO:0034654","nucleobase-containing compound biosynthetic process","IEA, ISS, ISO, IMP, IDA","90","21.4","91.6"
"121","GO:0044271","cellular nitrogen compound biosynthetic process","IEA, ISS, ISO, IMP, IDA","90","21.4","91.6"
"122","GO:0032774","RNA biosynthetic process","IEA, ISS, ISO, IMP, IDA","90","21.4","91.6"
"123","GO:0010605","negative regulation of macromolecule metabolic process","IEA, ISS, IGI, IMP, IDA","92","21.9","91.7"
"124","GO:0019438","aromatic compound biosynthetic process","IEA, ISS, ISO, IMP, IDA","90","21.4","91.6"
"125","GO:0031324","negative regulation of cellular metabolic process","IEA, ISS, IGI, IMP, IDA","92","21.9","91.7"
"126","GO:0045944","positive regulation of transcription from RNA polymerase II promoter","IEA, ISS, ISO, IMP, IDA","89","21.1","91.6"
"127","GO:0030855","epithelial cell differentiation","IEA, IEP, IGI, ISS, IMP","91","21.6","91.7"
"128","GO:0009890","negative regulation of biosynthetic process","IEA, ISS, IGI, IMP, IDA","87","20.7","91.4"
"129","GO:0010558","negative regulation of macromolecule biosynthetic process","IEA, ISS, IGI, IMP, IDA","87","20.7","91.4"
"130","GO:2000113","negative regulation of cellular macromolecule biosynthetic process","IEA, ISS, IGI, IMP, IDA","87","20.7","91.4"
"131","GO:0010629","negative regulation of gene expression","IEA, ISS, IGI, IMP, IDA","87","20.7","91.4"
"132","GO:0045934","negative regulation of nucleobase-containing compound metabolic process","IEA, ISS, IGI, IMP, IDA","87","20.7","91.4"
"133","GO:0051253","negative regulation of RNA metabolic process","IEA, ISS, IGI, IMP, IDA","87","20.7","91.4"
"134","GO:0051172","negative regulation of nitrogen compound metabolic process","IEA, ISS, IGI, IMP, IDA","87","20.7","91.4"
"135","GO:0009790","embryo development","IEA, ISS, IMP, IGI, IEP","84","20","91.2"
"136","GO:0045892","negative regulation of transcription, DNA-dependent","IEA, ISS, IGI, IMP, IDA","87","20.7","91.4"
"137","GO:0031327","negative regulation of cellular biosynthetic process","IEA, ISS, IGI, IMP, IDA","87","20.7","91.4"
"138","GO:0009887","organ morphogenesis","IEA, ISS, IGI, IMP","82","19.5","91.1"
"139","GO:0050896","response to stimulus","IEA, ISS, IMP, IEP, IDA","78","18.5","90.8"
"140","GO:0022008","neurogenesis","ISS, IEP, IMP, IEA, IGI, IDA","79","18.8","90.9"
"141","GO:0048863","stem cell differentiation","IEA, ISS, IEP, IMP","82","19.5","91.1"
"142","GO:0006366","transcription from RNA polymerase II promoter","IEA, ISS, ISO, IMP, IDA","79","18.8","90.9"
"143","GO:0045595","regulation of cell differentiation","IEA, ISS, IMP, IGI, IDA","75","17.8","90.6"
"144","GO:0042127","regulation of cell proliferation","IEA, ISS, IEP, IMP","75","17.8","90.6"
"145","GO:0048699","generation of neurons","IEA, ISS, IMP, IGI, IDA","76","18.1","90.7"
"146","GO:0051093","negative regulation of developmental process","IEA, ISS, IMP, IGI, IDA","71","16.9","90.3"
"147","GO:0048864","stem cell development","IEA, ISS, IMP","72","17.1","90.4"
"148","GO:0051094","positive regulation of developmental process","IEA, ISS, IMP, IDA","71","16.9","90.3"
"149","GO:0000003","reproduction","NAS, ISS, IEP, TAS, IMP, IEA, IGI, IDA","67","15.9","90"
"150","GO:0022414","reproductive process","NAS, ISS, IEP, TAS, IMP, IEA, IGI, IDA","67","15.9","90"
"151","GO:0007423","sensory organ development","IEA, ISS, IGI, IMP","73","17.3","90.5"
"152","GO:0008284","positive regulation of cell proliferation","IEA, ISS, IEP, IMP","68","16.2","90.1"
"153","GO:0042063","gliogenesis","IEA, IMP, ISS, IGI, IEP","69","16.4","90.2"
"154","GO:0060284","regulation of cell development","IEA, ISS, IMP, IGI, IDA","68","16.2","90.1"
"155","GO:0010001","glial cell differentiation","IEA, IMP, ISS, IGI, IEP","69","16.4","90.2"
"156","GO:0051960","regulation of nervous system development","IEA, ISS, IMP, IGI, IDA","68","16.2","90.1"
"157","GO:0050767","regulation of neurogenesis","IEA, ISS, IMP, IGI, IDA","68","16.2","90.1"
"158","GO:0003006","developmental process involved in reproduction","NAS, ISS, IEP, TAS, IMP, IEA, IGI, IDA","62","14.7","89.6"
"159","GO:0048646","anatomical structure formation involved in morphogenesis","IEA, ISS, IMP, IGI, IEP","62","14.7","89.6"
"160","GO:0010941","regulation of cell death","IEA, ISS, IMP","67","15.9","90"
"161","GO:0051716","cellular response to stimulus","IEA, ISS, IMP, IEP, IDA","56","13.3","89"
"162","GO:0035295","tube development","IEA, ISS, IMP, IGI, IEP","62","14.7","89.6"
"163","GO:0045597","positive regulation of cell differentiation","IEA, ISS, IMP, IDA","63","15","89.7"
"164","GO:0048598","embryonic morphogenesis","IEA, ISS, IGI, IMP","64","15.2","89.8"
"165","GO:0014031","mesenchymal cell development","IEA, ISS, IMP","62","14.7","89.6"
"166","GO:0060485","mesenchyme development","IEA, ISS, IMP","62","14.7","89.6"
"167","GO:0048762","mesenchymal cell differentiation","IEA, ISS, IMP","62","14.7","89.6"
"168","GO:0007548","sex differentiation","TAS, ISS, IEP, IEA, IGI, IDA","61","14.5","89.5"
"169","GO:0048583","regulation of response to stimulus","IEA, ISS, IMP, IDA","59","14","89.3"
"170","GO:0035239","tube morphogenesis","IEA, ISS, IMP, IGI, IEP","58","13.8","89.2"
"171","GO:0043067","regulation of programmed cell death","IEA, ISS, IMP","63","15","89.7"
"172","GO:0042981","regulation of apoptotic process","IEA, ISS, IMP","63","15","89.7"
"173","GO:0060548","negative regulation of cell death","IEA, ISS, IMP","61","14.5","89.5"
"174","GO:0048729","tissue morphogenesis","IEA, ISS, IMP, IGI, IEP","56","13.3","89"
"175","GO:0009966","regulation of signal transduction","IEA, ISS, IMP, IDA","57","13.5","89.1"
"176","GO:0023051","regulation of signaling","IEA, ISS, IMP, IDA","57","13.5","89.1"
"177","GO:0010646","regulation of cell communication","IEA, ISS, IMP, IDA","57","13.5","89.1"
"178","GO:0045596","negative regulation of cell differentiation","IEA, ISS, IMP, IGI, IDA","58","13.8","89.2"
"179","GO:0048608","reproductive structure development","TAS, ISS, IEP, IMP, IEA, IGI, IDA","57","13.5","89.1"
"180","GO:0061458","reproductive system development","TAS, ISS, IEP, IMP, IEA, IGI, IDA","57","13.5","89.1"
"181","GO:0048709","oligodendrocyte differentiation","IEA, IMP, ISS, IEP","62","14.7","89.6"
"182","GO:0002009","morphogenesis of an epithelium","IEA, ISS, IMP, IGI, IEP","53","12.6","88.7"
"183","GO:0014032","neural crest cell development","IEA, IMP, ISS","61","14.5","89.5"
"184","GO:0014033","neural crest cell differentiation","IEA, IMP, ISS","61","14.5","89.5"
"185","GO:0045137","development of primary sexual characteristics","TAS, ISS, IEP, IEA, IGI, IDA","57","13.5","89.1"
"186","GO:0046661","male sex differentiation","TAS, ISS, IEP, IEA, IGI, IDA","57","13.5","89.1"
"187","GO:0046546","development of primary male sexual characteristics","TAS, ISS, IEP, IEA, IGI, IDA","57","13.5","89.1"
"188","GO:0043066","negative regulation of apoptotic process","IEA, ISS, IMP","57","13.5","89.1"
"189","GO:0043069","negative regulation of programmed cell death","IEA, ISS, IMP","57","13.5","89.1"
"190","GO:0060562","epithelial tube morphogenesis","IEA, ISS, IMP, IGI, IEP","52","12.4","88.6"
"191","GO:0045165","cell fate commitment","IEA, ISS, IGI, IMP","53","12.6","88.7"
"192","GO:0007283","spermatogenesis","IEA, ISS, IGI","55","13.1","89"
"193","GO:0048568","embryonic organ development","IEA, ISS, IMP, IEP","49","11.6","88.3"
"194","GO:0072091","regulation of stem cell proliferation","IEA, ISS, IMP","55","13.1","89"
"195","GO:0007276","gamete generation","IEA, ISS, IGI","55","13.1","89"
"196","GO:0019953","sexual reproduction","IEA, ISS, IGI","55","13.1","89"
"197","GO:0048609","multicellular organismal reproductive process","IEA, ISS, IGI","55","13.1","89"
"198","GO:0048232","male gamete generation","IEA, ISS, IGI","55","13.1","89"
"199","GO:0044700","single organism signaling","ISS, IEA, IMP, IDA","48","11.4","88.2"
"200","GO:0044702","single organism reproductive process","IEA, ISS, IGI","55","13.1","89"
"201","GO:0032504","multicellular organism reproduction","IEA, ISS, IGI","55","13.1","89"
"202","GO:0023052","signaling","ISS, IEA, IMP, IDA","48","11.4","88.2"
"203","GO:0007154","cell communication","ISS, IEA, IMP, IDA","48","11.4","88.2"
"204","GO:0030111","regulation of Wnt receptor signaling pathway","IEA, ISS, IDA","53","12.6","88.7"
"205","GO:0060828","regulation of canonical Wnt receptor signaling pathway","IEA, ISS, IDA","53","12.6","88.7"
"206","GO:0008584","male gonad development","TAS, ISS, IEP, IEA, IGI, IDA","52","12.4","88.6"
"207","GO:0048589","developmental growth","IEA, ISS, IMP","54","12.8","88.9"
"208","GO:0008406","gonad development","TAS, ISS, IEP, IEA, IGI, IDA","52","12.4","88.6"
"209","GO:0040007","growth","IEA, ISS, IMP","54","12.8","88.9"
"210","GO:0072359","circulatory system development","IEA, ISS, IGI, IEP, IMP","46","10.9","88"
"211","GO:0072358","cardiovascular system development","IEA, ISS, IGI, IEP, IMP","46","10.9","88"
"212","GO:0030182","neuron differentiation","ISS, IEA, IGI, IMP","52","12.4","88.6"
"213","GO:0048610","cellular process involved in reproduction","IEA, IEP, IGI, ISS, IMP","50","11.9","88.4"
"214","GO:0002064","epithelial cell development","IEA, IEP, IMP, IGI, ISS","55","13.1","89"
"215","GO:0048634","regulation of muscle organ development","ISS, IEA, IDA","50","11.9","88.4"
"216","GO:0016202","regulation of striated muscle tissue development","ISS, IEA, IDA","50","11.9","88.4"
"217","GO:1901861","regulation of muscle tissue development","ISS, IEA, IDA","50","11.9","88.4"
"218","GO:0060008","Sertoli cell differentiation","IEA, IEP, IGI, ISS","50","11.9","88.4"
"219","GO:0000122","negative regulation of transcription from RNA polymerase II promoter","IEA, ISS, IGI, IMP, IDA","48","11.4","88.2"
"220","GO:0001654","eye development","ISS, IEA, IGI, IMP","49","11.6","88.3"
"221","GO:0001655","urogenital system development","IEA, ISS, IMP, IGI, IEP","44","10.5","87.7"
"222","GO:0007165","signal transduction","ISS, IEA, IMP, IDA","43","10.2","87.6"
"223","GO:0048592","eye morphogenesis","ISS, IEA, IGI, IMP","48","11.4","88.2"
"224","GO:0043010","camera-type eye development","ISS, IEA, IGI, IMP","48","11.4","88.2"
"225","GO:0072001","renal system development","IEA, ISS, IGI, IEP","44","10.5","87.7"
"226","GO:2000648","positive regulation of stem cell proliferation","IEA, ISS, IMP","49","11.6","88.3"
"227","GO:0048593","camera-type eye morphogenesis","ISS, IEA, IGI, IMP","47","11.2","88.1"
"228","GO:0023057","negative regulation of signaling","IEA, ISS, IDA","47","11.2","88.1"
"229","GO:0090090","negative regulation of canonical Wnt receptor signaling pathway","IEA, ISS, IDA","47","11.2","88.1"
"230","GO:0030178","negative regulation of Wnt receptor signaling pathway","IEA, ISS, IDA","47","11.2","88.1"
"231","GO:0048585","negative regulation of response to stimulus","IEA, ISS, IDA","47","11.2","88.1"
"232","GO:0009968","negative regulation of signal transduction","IEA, ISS, IDA","47","11.2","88.1"
"233","GO:0010648","negative regulation of cell communication","IEA, ISS, IDA","47","11.2","88.1"
"234","GO:0048562","embryonic organ morphogenesis","IEA, ISS, IMP","45","10.7","87.9"
"235","GO:0001838","embryonic epithelial tube formation","ISS, IEA, IGI, IMP","44","10.5","87.7"
"236","GO:0045664","regulation of neuron differentiation","ISS, IEA, IGI, IDA","45","10.7","87.9"
"237","GO:0048732","gland development","IEA, ISS, IMP, IEP","43","10.2","87.6"
"238","GO:0016331","morphogenesis of embryonic epithelium","ISS, IEA, IGI, IMP","44","10.5","87.7"
"239","GO:0060009","Sertoli cell development","IEA, IEP, IGI, ISS","49","11.6","88.3"
"240","GO:0035148","tube formation","ISS, IEA, IGI, IMP","44","10.5","87.7"
"241","GO:0072175","epithelial tube formation","ISS, IEA, IGI, IMP","44","10.5","87.7"
"242","GO:0035270","endocrine system development","IEA, IMP, ISS","47","11.2","88.1"
"243","GO:0001763","morphogenesis of a branching structure","IEA, ISS, IMP, IEP","40","9.5","87.2"
"244","GO:0061138","morphogenesis of a branching epithelium","IEA, ISS, IMP, IEP","40","9.5","87.2"
"245","GO:0043009","chordate embryonic development","IEA, IMP, IGI, ISS","45","10.7","87.9"
"246","GO:0051179","localization","IEA, ISS, IMP, IEP","47","11.2","88.1"
"247","GO:0009792","embryo development ending in birth or egg hatching","IEA, IMP, IGI, ISS","45","10.7","87.9"
"248","GO:0007507","heart development","IEA, ISS, IEP, IMP","39","9.26","87.1"
"249","GO:0010033","response to organic substance","IEA, ISS, IEP, IDA","36","8.55","86.7"
"250","GO:0040011","locomotion","IEA, ISS, IMP, IEP","46","10.9","88"
"251","GO:0042221","response to chemical stimulus","IEA, ISS, IEP, IDA","36","8.55","86.7"
"252","GO:0001822","kidney development","ISS, IEA, IGI, IEP","42","9.98","87.5"
"253","GO:0006928","cellular component movement","IEA, ISS, IMP, IEP","46","10.9","88"
"254","GO:0051674","localization of cell","IEA, ISS, IMP, IEP","46","10.9","88"
"255","GO:0016477","cell migration","IEA, ISS, IMP, IEP","46","10.9","88"
"256","GO:0061448","connective tissue development","ISS, IEP, IEA, IMP","39","9.26","87.1"
"257","GO:0048870","cell motility","IEA, ISS, IMP, IEP","46","10.9","88"
"258","GO:0048483","autonomic nervous system development","IEA, IMP, ISS","44","10.5","87.7"
"259","GO:0065008","regulation of biological quality","ISS, IEA, IMP","42","9.98","87.5"
"260","GO:0001501","skeletal system development","ISS, IEP, IEA, IMP","36","8.55","86.7"
"261","GO:0008285","negative regulation of cell proliferation","ISS, IEA, IMP","38","9.03","86.9"
"262","GO:0045665","negative regulation of neuron differentiation","ISS, IEA, IGI","41","9.74","87.4"
"263","GO:0060041","retina development in camera-type eye","ISS, IEA, IGI, IMP","41","9.74","87.4"
"264","GO:0051240","positive regulation of multicellular organismal process","ISS, IEA, IMP","39","9.26","87.1"
"265","GO:0001667","ameboidal cell migration","IEA, ISS, IMP, IEP","43","10.2","87.6"
"266","GO:0007530","sex determination","IEA, ISS, IGI, IMP, NAS","39","9.26","87.1"
"267","GO:0007267","cell-cell signaling","ISS, IEA, IMP","40","9.5","87.2"
"268","GO:0060042","retina morphogenesis in camera-type eye","ISS, IEA, IGI","40","9.5","87.2"
"269","GO:0060993","kidney morphogenesis","ISS, IEA, IGI","40","9.5","87.2"
"270","GO:0031128","developmental induction","ISS, IEA, IMP","40","9.5","87.2"
"271","GO:0045168","cell-cell signaling involved in cell fate commitment","ISS, IEA, IMP","40","9.5","87.2"
"272","GO:0009967","positive regulation of signal transduction","ISS, IEA, IMP","37","8.79","86.8"
"273","GO:2000027","regulation of organ morphogenesis","IEA, ISS, IMP","37","8.79","86.8"
"274","GO:0048584","positive regulation of response to stimulus","ISS, IEA, IMP","37","8.79","86.8"
"275","GO:0022603","regulation of anatomical structure morphogenesis","IEA, ISS, IMP","37","8.79","86.8"
"276","GO:0023056","positive regulation of signaling","ISS, IEA, IMP","37","8.79","86.8"
"277","GO:0010647","positive regulation of cell communication","ISS, IEA, IMP","37","8.79","86.8"
"278","GO:0051241","negative regulation of multicellular organismal process","IEA, ISS, IGI, IMP","35","8.31","86.5"
"279","GO:0043583","ear development","IEA, ISS, IMP","38","9.03","86.9"
"280","GO:0003007","heart morphogenesis","ISS, IEA, IMP","36","8.55","86.7"
"281","GO:0048839","inner ear development","IEA, ISS, IMP","38","9.03","86.9"
"282","GO:0042471","ear morphogenesis","IEA, ISS, IMP","38","9.03","86.9"
"283","GO:0042472","inner ear morphogenesis","IEA, ISS, IMP","38","9.03","86.9"
"284","GO:1901700","response to oxygen-containing compound","IEA, ISS, IEP, IDA","33","7.84","86.2"
"285","GO:0048641","regulation of skeletal muscle tissue development","ISS, IEA, IDA","37","8.79","86.8"
"286","GO:0001708","cell fate specification","ISS, IEA, IMP","37","8.79","86.8"
"287","GO:0051726","regulation of cell cycle","ISS, IEA, IMP","35","8.31","86.5"
"288","GO:0001503","ossification","IEA, IEP, ISS","39","9.26","87.1"
"289","GO:0050769","positive regulation of neurogenesis","IEA, ISS, IMP, IDA","38","9.03","86.9"
"290","GO:0010720","positive regulation of cell development","IEA, ISS, IMP, IDA","38","9.03","86.9"
"291","GO:0006950","response to stress","IEA, ISS, IMP","37","8.79","86.8"
"292","GO:0001754","eye photoreceptor cell differentiation","ISS, IEA, IGI","35","8.31","86.5"
"293","GO:0090190","positive regulation of branching involved in ureteric bud morphogenesis","ISS, IEA, IMP","35","8.31","86.5"
"294","GO:0035556","intracellular signal transduction","ISS, IEA, IMP, IDA","28","6.65","85.3"
"295","GO:0003338","metanephros morphogenesis","ISS, IEA, IGI","35","8.31","86.5"
"296","GO:0072028","nephron morphogenesis","ISS, IEA, IGI","35","8.31","86.5"
"297","GO:0051153","regulation of striated muscle cell differentiation","ISS, IEA, IDA","35","8.31","86.5"
"298","GO:0001656","metanephros development","ISS, IEA, IGI","35","8.31","86.5"
"299","GO:0072207","metanephric epithelium development","ISS, IEA, IGI","35","8.31","86.5"
"300","GO:0045661","regulation of myoblast differentiation","ISS, IEA, IDA","35","8.31","86.5"
"301","GO:0045662","negative regulation of myoblast differentiation","ISS, IEA, IDA","35","8.31","86.5"
"302","GO:0046530","photoreceptor cell differentiation","ISS, IEA, IGI","35","8.31","86.5"
"303","GO:0046532","regulation of photoreceptor cell differentiation","ISS, IEA, IGI","35","8.31","86.5"
"304","GO:0046533","negative regulation of photoreceptor cell differentiation","ISS, IEA, IGI","35","8.31","86.5"
"305","GO:0072273","metanephric nephron morphogenesis","ISS, IEA, IGI","35","8.31","86.5"
"306","GO:0070887","cellular response to chemical stimulus","IEA, ISS, IEP, IDA","28","6.65","85.3"
"307","GO:0060688","regulation of morphogenesis of a branching structure","ISS, IEA, IMP","35","8.31","86.5"
"308","GO:0072080","nephron tubule development","ISS, IEA, IGI","35","8.31","86.5"
"309","GO:0072088","nephron epithelium morphogenesis","ISS, IEA, IGI","35","8.31","86.5"
"310","GO:0072282","metanephric nephron tubule morphogenesis","ISS, IEA, IGI","35","8.31","86.5"
"311","GO:0051147","regulation of muscle cell differentiation","ISS, IEA, IDA","35","8.31","86.5"
"312","GO:0072289","metanephric nephron tubule formation","ISS, IEA, IGI","35","8.31","86.5"
"313","GO:0051148","negative regulation of muscle cell differentiation","ISS, IEA, IDA","35","8.31","86.5"
"314","GO:0043588","skin development","ISS, IEA, IMP","31","7.36","85.8"
"315","GO:0072234","metanephric nephron tubule development","ISS, IEA, IGI","35","8.31","86.5"
"316","GO:0030278","regulation of ossification","IEA, ISS, IMP","32","7.6","86"
"317","GO:0061326","renal tubule development","ISS, IEA, IGI","35","8.31","86.5"
"318","GO:0072009","nephron epithelium development","ISS, IEA, IGI","35","8.31","86.5"
"319","GO:0060219","camera-type eye photoreceptor cell differentiation","ISS, IEA, IGI","35","8.31","86.5"
"320","GO:0032879","regulation of localization","ISS, IEA, IMP","32","7.6","86"
"321","GO:0072006","nephron development","ISS, IEA, IGI","35","8.31","86.5"
"322","GO:0072170","metanephric tubule development","ISS, IEA, IGI","35","8.31","86.5"
"323","GO:0071310","cellular response to organic substance","IEA, ISS, IEP, IDA","28","6.65","85.3"
"324","GO:0003407","neural retina development","ISS, IEA, IGI","35","8.31","86.5"
"325","GO:0090189","regulation of branching involved in ureteric bud morphogenesis","ISS, IEA, IMP","35","8.31","86.5"
"326","GO:0090184","positive regulation of kidney development","ISS, IEA, IMP","35","8.31","86.5"
"327","GO:0090183","regulation of kidney development","ISS, IEA, IMP","35","8.31","86.5"
"328","GO:0072034","renal vesicle induction","ISS, IEA, IMP","35","8.31","86.5"
"329","GO:0061333","renal tubule morphogenesis","ISS, IEA, IGI","35","8.31","86.5"
"330","GO:0072210","metanephric nephron development","ISS, IEA, IGI","35","8.31","86.5"
"331","GO:0072173","metanephric tubule morphogenesis","ISS, IEA, IGI","35","8.31","86.5"
"332","GO:0060221","retinal rod cell differentiation","ISS, IEA, IGI","35","8.31","86.5"
"333","GO:0072078","nephron tubule morphogenesis","ISS, IEA, IGI","35","8.31","86.5"
"334","GO:0072079","nephron tubule formation","ISS, IEA, IGI","35","8.31","86.5"
"335","GO:0072073","kidney epithelium development","ISS, IEA, IGI","35","8.31","86.5"
"336","GO:0048742","regulation of skeletal muscle fiber development","ISS, IEA, IDA","35","8.31","86.5"
"337","GO:0072243","metanephric nephron epithelium development","ISS, IEA, IGI","35","8.31","86.5"
"338","GO:0048708","astrocyte differentiation","IEA, IGI","37","8.79","86.8"
"339","GO:0051246","regulation of protein metabolic process","IEA, ISS, IMP, IDA","30","7.13","85.7"
"340","GO:0008283","cell proliferation","ISS, IEA, IMP","32","7.6","86"
"341","GO:0051247","positive regulation of protein metabolic process","IEA, ISS, IMP, IDA","30","7.13","85.7"
"342","GO:0048736","appendage development","IEA, IEP, ISS, IMP","35","8.31","86.5"
"343","GO:0071840","cellular component organization or biogenesis","IEA, ISS, IDA, NAS, IMP","29","6.89","85.5"
"344","GO:0050678","regulation of epithelial cell proliferation","ISS, IEA, IEP, IMP","32","7.6","86"
"345","GO:0035107","appendage morphogenesis","IEA, IEP, ISS, IMP","35","8.31","86.5"
"346","GO:0016043","cellular component organization","IEA, ISS, IDA, NAS, IMP","29","6.89","85.5"
"347","GO:0071600","otic vesicle morphogenesis","IEA, ISS, IMP","33","7.84","86.2"
"348","GO:0022404","molting cycle process","ISS, IEA, IMP","32","7.6","86"
"349","GO:0022405","hair cycle process","ISS, IEA, IMP","32","7.6","86"
"350","GO:0019827","stem cell maintenance","ISS, IEA, IMP","33","7.84","86.2"
"351","GO:0035019","somatic stem cell maintenance","ISS, IEA, IMP","33","7.84","86.2"
"352","GO:0042303","molting cycle","ISS, IEA, IMP","32","7.6","86"
"353","GO:0071599","otic vesicle development","IEA, ISS, IMP","33","7.84","86.2"
"354","GO:0042633","hair cycle","ISS, IEA, IMP","32","7.6","86"
"355","GO:0001755","neural crest cell migration","IEA, ISS, IMP","35","8.31","86.5"
"356","GO:0007166","cell surface receptor signaling pathway","ISS, IEA, IDA","31","7.36","85.8"
"357","GO:0002065","columnar/cuboidal epithelial cell differentiation","IEA, IMP, IGI, ISS","33","7.84","86.2"
"358","GO:0010564","regulation of cell cycle process","ISS, IEA, IMP","30","7.13","85.7"
"359","GO:1901701","cellular response to oxygen-containing compound","IEA, ISS, IEP, IDA","28","6.65","85.3"
"360","GO:0007422","peripheral nervous system development","IEA, ISS, IGI, IMP","35","8.31","86.5"
"361","GO:0001701","in utero embryonic development","IEA, ISS, IGI","35","8.31","86.5"
"362","GO:0060563","neuroepithelial cell differentiation","IEA, IMP, IGI, ISS","33","7.84","86.2"
"363","GO:0072189","ureter development","IEA, IEP, IGI, ISS","34","8.08","86.3"
"364","GO:0048484","enteric nervous system development","IEA, ISS, IMP","35","8.31","86.5"
"365","GO:0072197","ureter morphogenesis","IEA, ISS, IGI","34","8.08","86.3"
"366","GO:0060018","astrocyte fate commitment","IEA, IGI","34","8.08","86.3"
"367","GO:0048705","skeletal system morphogenesis","ISS, IEA, IMP","27","6.41","85.1"
"368","GO:0070848","response to growth factor stimulus","ISS, IEA, IEP, IDA","28","6.65","85.3"
"369","GO:0001942","hair follicle development","ISS, IEA, IMP","31","7.36","85.8"
"370","GO:0003170","heart valve development","IEA, ISS, IEP, IMP","28","6.65","85.3"
"371","GO:0014013","regulation of gliogenesis","IEA, IMP, ISS","33","7.84","86.2"
"372","GO:0008544","epidermis development","ISS, IEA, IMP","31","7.36","85.8"
"373","GO:0030238","male sex determination","IEA, ISS, IGI, IMP, NAS","30","7.13","85.7"
"374","GO:0051216","cartilage development","ISS, IEP, IEA, IMP","27","6.41","85.1"
"375","GO:0021781","glial cell fate commitment","IEA, IGI","34","8.08","86.3"
"376","GO:2000018","regulation of male gonad development","IEA, ISS, IDA","29","6.89","85.5"
"377","GO:2000243","positive regulation of reproductive process","IEA, ISS, IDA","29","6.89","85.5"
"378","GO:2000241","regulation of reproductive process","IEA, ISS, IDA","29","6.89","85.5"
"379","GO:0031399","regulation of protein modification process","ISS, IEA, IMP, IDA","28","6.65","85.3"
"380","GO:2000020","positive regulation of male gonad development","IEA, ISS, IDA","29","6.89","85.5"
"381","GO:0048469","cell maturation","IEA, IMP","33","7.84","86.2"
"382","GO:0035108","limb morphogenesis","IEA, IEP, ISS, IMP","31","7.36","85.8"
"383","GO:0003179","heart valve morphogenesis","IEA, ISS, IMP","28","6.65","85.3"
"384","GO:0021700","developmental maturation","IEA, IMP","33","7.84","86.2"
"385","GO:0031401","positive regulation of protein modification process","ISS, IEA, IMP, IDA","28","6.65","85.3"
"386","GO:0032270","positive regulation of cellular protein metabolic process","ISS, IEA, IMP, IDA","28","6.65","85.3"
"387","GO:0060173","limb development","IEA, IEP, ISS, IMP","31","7.36","85.8"
"388","GO:0060174","limb bud formation","IEA, IEP, ISS, IMP","31","7.36","85.8"
"389","GO:0032268","regulation of cellular protein metabolic process","ISS, IEA, IMP, IDA","28","6.65","85.3"
"390","GO:0042592","homeostatic process","ISS, IEA, IMP","28","6.65","85.3"
"391","GO:0009719","response to endogenous stimulus","ISS, IEA, IEP, IDA","26","6.18","84.9"
"392","GO:0030856","regulation of epithelial cell differentiation","ISS, IEA, IMP","28","6.65","85.3"
"393","GO:0030858","positive regulation of epithelial cell differentiation","ISS, IEA, IMP","28","6.65","85.3"
"394","GO:0009605","response to external stimulus","ISS, IEA, IDA","28","6.65","85.3"
"395","GO:0033993","response to lipid","IEA, IEP, IDA","30","7.13","85.7"
"396","GO:0009628","response to abiotic stimulus","ISS, IEA, IDA","28","6.65","85.3"
"397","GO:0003008","system process","ISS, IEA, IMP","28","6.65","85.3"
"398","GO:0050679","positive regulation of epithelial cell proliferation","ISS, IEA, IEP, IMP","27","6.41","85.1"
"399","GO:0050680","negative regulation of epithelial cell proliferation","ISS, IEA, IMP","28","6.65","85.3"
"400","GO:0009612","response to mechanical stimulus","ISS, IEA, IDA","28","6.65","85.3"
"401","GO:0030916","otic vesicle formation","ISS, IEA, IMP","27","6.41","85.1"
"402","GO:0019538","protein metabolic process","ISS, IEA, IMP","27","6.41","85.1"
"403","GO:0002682","regulation of immune system process","ISS, IEA, IMP","27","6.41","85.1"
"404","GO:0002683","negative regulation of immune system process","ISS, IEA, IMP","27","6.41","85.1"
"405","GO:0044267","cellular protein metabolic process","ISS, IEA, IMP","27","6.41","85.1"
"406","GO:0061035","regulation of cartilage development","ISS, IEA, IMP, IDA","24","5.7","84.4"
"407","GO:0071363","cellular response to growth factor stimulus","ISS, IEA, IEP, IDA","23","5.46","84.2"
"408","GO:0000902","cell morphogenesis","ISS, IEA, IMP","26","6.18","84.9"
"409","GO:0002062","chondrocyte differentiation","ISS, IEA, IMP","23","5.46","84.2"
"410","GO:0034622","cellular macromolecular complex assembly","ISS, IEA, IDA","25","5.94","84.7"
"411","GO:0000904","cell morphogenesis involved in differentiation","ISS, IEA, IMP","26","6.18","84.9"
"412","GO:0032330","regulation of chondrocyte differentiation","ISS, IEA, IMP, IDA","23","5.46","84.2"
"413","GO:0022607","cellular component assembly","ISS, IEA, IDA","25","5.94","84.7"
"414","GO:0014015","positive regulation of gliogenesis","IEA, ISS, IMP","29","6.89","85.5"
"415","GO:0043933","macromolecular complex subunit organization","ISS, IEA, IDA","25","5.94","84.7"
"416","GO:0032989","cellular component morphogenesis","ISS, IEA, IMP","26","6.18","84.9"
"417","GO:0065003","macromolecular complex assembly","ISS, IEA, IDA","25","5.94","84.7"
"418","GO:0065004","protein-DNA complex assembly","ISS, IEA, IDA","25","5.94","84.7"
"419","GO:0071495","cellular response to endogenous stimulus","ISS, IEA, IEP, IDA","23","5.46","84.2"
"420","GO:0071824","protein-DNA complex subunit organization","ISS, IEA, IDA","25","5.94","84.7"
"421","GO:0044085","cellular component biogenesis","ISS, IEA, IDA","25","5.94","84.7"
"422","GO:0070168","negative regulation of biomineral tissue development","IEA, ISS, IMP","23","5.46","84.2"
"423","GO:0060349","bone morphogenesis","ISS, IEA, IMP","23","5.46","84.2"
"424","GO:0060348","bone development","ISS, IEA, IMP","23","5.46","84.2"
"425","GO:0051276","chromosome organization","ISS, IEA, IDA, NAS","24","5.7","84.4"
"426","GO:0032526","response to retinoic acid","IEA, IEP, IDA","27","6.41","85.1"
"427","GO:0006325","chromatin organization","ISS, IEA, IDA, NAS","24","5.7","84.4"
"428","GO:0006996","organelle organization","ISS, IEA, IDA, NAS","24","5.7","84.4"
"429","GO:0070167","regulation of biomineral tissue development","IEA, ISS, IMP","23","5.46","84.2"
"430","GO:0030279","negative regulation of ossification","IEA, ISS, IMP","23","5.46","84.2"
"431","GO:0048754","branching morphogenesis of an epithelial tube","IEA, IEP","27","6.41","85.1"
"432","GO:0031016","pancreas development","IEA, IMP","28","6.65","85.3"
"433","GO:0060350","endochondral bone morphogenesis","ISS, IEA, IMP","23","5.46","84.2"
"434","GO:0007243","intracellular protein kinase cascade","ISS, IEA, IMP, IDA","23","5.46","84.2"
"435","GO:2000736","regulation of stem cell differentiation","ISS, IEA, IDA","23","5.46","84.2"
"436","GO:2000738","positive regulation of stem cell differentiation","ISS, IEA, IDA","23","5.46","84.2"
"437","GO:2000739","regulation of mesenchymal stem cell differentiation","ISS, IEA, IDA","23","5.46","84.2"
"438","GO:0010634","positive regulation of epithelial cell migration","ISS, IEA, IMP","23","5.46","84.2"
"439","GO:0042327","positive regulation of phosphorylation","ISS, IEA, IMP, IDA","23","5.46","84.2"
"440","GO:0042325","regulation of phosphorylation","ISS, IEA, IMP, IDA","23","5.46","84.2"
"441","GO:0032332","positive regulation of chondrocyte differentiation","ISS, IEA, IDA","23","5.46","84.2"
"442","GO:0006338","chromatin remodeling","ISS, IEA, IDA","23","5.46","84.2"
"443","GO:0006334","nucleosome assembly","ISS, IEA, IDA","23","5.46","84.2"
"444","GO:0006333","chromatin assembly or disassembly","ISS, IEA, IDA","23","5.46","84.2"
"445","GO:0006461","protein complex assembly","ISS, IEA, IDA","23","5.46","84.2"
"446","GO:0051272","positive regulation of cellular component movement","ISS, IEA, IMP","23","5.46","84.2"
"447","GO:0040012","regulation of locomotion","ISS, IEA, IMP","23","5.46","84.2"
"448","GO:0040017","positive regulation of locomotion","ISS, IEA, IMP","23","5.46","84.2"
"449","GO:0001837","epithelial to mesenchymal transition","ISS, IEA, IMP","24","5.7","84.4"
"450","GO:0002063","chondrocyte development","ISS, IEA, IMP","23","5.46","84.2"
"451","GO:2000741","positive regulation of mesenchymal stem cell differentiation","ISS, IEA, IDA","23","5.46","84.2"
"452","GO:0010632","regulation of epithelial cell migration","ISS, IEA, IMP","23","5.46","84.2"
"453","GO:0016568","chromatin modification","ISS, IEA, IDA","23","5.46","84.2"
"454","GO:2000145","regulation of cell motility","ISS, IEA, IMP","23","5.46","84.2"
"455","GO:2000147","positive regulation of cell motility","ISS, IEA, IMP","23","5.46","84.2"
"456","GO:0070271","protein complex biogenesis","ISS, IEA, IDA","23","5.46","84.2"
"457","GO:0010562","positive regulation of phosphorus metabolic process","ISS, IEA, IMP, IDA","23","5.46","84.2"
"458","GO:0051270","regulation of cellular component movement","ISS, IEA, IMP","23","5.46","84.2"
"459","GO:0006323","DNA packaging","ISS, IEA, IDA","23","5.46","84.2"
"460","GO:0006259","DNA metabolic process","ISS, IEA, IDA","23","5.46","84.2"
"461","GO:0019220","regulation of phosphate metabolic process","ISS, IEA, IMP, IDA","23","5.46","84.2"
"462","GO:0003413","chondrocyte differentiation involved in endochondral bone morphogenesis","ISS, IEA, IMP","23","5.46","84.2"
"463","GO:0071103","DNA conformation change","ISS, IEA, IDA","23","5.46","84.2"
"464","GO:0030335","positive regulation of cell migration","ISS, IEA, IMP","23","5.46","84.2"
"465","GO:0030334","regulation of cell migration","ISS, IEA, IMP","23","5.46","84.2"
"466","GO:0051174","regulation of phosphorus metabolic process","ISS, IEA, IMP, IDA","23","5.46","84.2"
"467","GO:0031018","endocrine pancreas development","IEA, IMP","27","6.41","85.1"
"468","GO:0019935","cyclic-nucleotide-mediated signaling","IEA, ISS, IDA","23","5.46","84.2"
"469","GO:0019932","second-messenger-mediated signaling","IEA, ISS, IDA","23","5.46","84.2"
"470","GO:0019933","cAMP-mediated signaling","IEA, ISS, IDA","23","5.46","84.2"
"471","GO:0031497","chromatin assembly","ISS, IEA, IDA","23","5.46","84.2"
"472","GO:0045937","positive regulation of phosphate metabolic process","ISS, IEA, IMP, IDA","23","5.46","84.2"
"473","GO:0034728","nucleosome organization","ISS, IEA, IDA","23","5.46","84.2"
"474","GO:0060351","cartilage development involved in endochondral bone morphogenesis","ISS, IEA, IMP","23","5.46","84.2"
"475","GO:0071822","protein complex subunit organization","ISS, IEA, IDA","23","5.46","84.2"
"476","GO:0001932","regulation of protein phosphorylation","ISS, IEA, IMP, IDA","23","5.46","84.2"
"477","GO:0001934","positive regulation of protein phosphorylation","ISS, IEA, IMP, IDA","23","5.46","84.2"
"478","GO:0001502","cartilage condensation","ISS, IEA, IMP","23","5.46","84.2"
"479","GO:0060249","anatomical structure homeostasis","ISS, IEA, IMP","23","5.46","84.2"
"480","GO:0000165","MAPK cascade","ISS, IEA, IDA","23","5.46","84.2"
"481","GO:0030850","prostate gland development","ISS, IEA, IMP","23","5.46","84.2"
"482","GO:0003203","endocardial cushion morphogenesis","ISS, IEA, IMP","23","5.46","84.2"
"483","GO:0060784","regulation of cell proliferation involved in tissue homeostasis","ISS, IEA, IMP","23","5.46","84.2"
"484","GO:0043412","macromolecule modification","ISS, IEA, IMP","23","5.46","84.2"
"485","GO:0060602","branch elongation of an epithelium","ISS, IEA, IMP","23","5.46","84.2"
"486","GO:0060767","epithelial cell proliferation involved in prostate gland development","ISS, IEA, IMP","23","5.46","84.2"
"487","GO:0002053","positive regulation of mesenchymal cell proliferation","ISS, IEA, IMP","23","5.46","84.2"
"488","GO:0038127","ERBB signaling pathway","ISS, IEA, IDA","23","5.46","84.2"
"489","GO:0003415","chondrocyte hypertrophy","ISS, IEA, IMP","23","5.46","84.2"
"490","GO:0006468","protein phosphorylation","ISS, IEA, IMP","23","5.46","84.2"
"491","GO:0006464","cellular protein modification process","ISS, IEA, IMP","23","5.46","84.2"
"492","GO:0060729","intestinal epithelial structure maintenance","ISS, IEA, IMP","23","5.46","84.2"
"493","GO:0006796","phosphate-containing compound metabolic process","ISS, IEA, IMP","23","5.46","84.2"
"494","GO:0006793","phosphorus metabolic process","ISS, IEA, IMP","23","5.46","84.2"
"495","GO:0007167","enzyme linked receptor protein signaling pathway","ISS, IEA, IDA","23","5.46","84.2"
"496","GO:0007169","transmembrane receptor protein tyrosine kinase signaling pathway","ISS, IEA, IDA","23","5.46","84.2"
"497","GO:0070849","response to epidermal growth factor stimulus","ISS, IEA, IDA","23","5.46","84.2"
"498","GO:0007538","primary sex determination","ISS, IEA, IMP","23","5.46","84.2"
"499","GO:0071504","cellular response to heparin","ISS, IEA, IDA","23","5.46","84.2"
"500","GO:0071503","response to heparin","ISS, IEA, IDA","23","5.46","84.2"
"501","GO:0007542","primary sex determination, germ-line","ISS, IEA, IMP","23","5.46","84.2"
"502","GO:0014068","positive regulation of phosphatidylinositol 3-kinase cascade","ISS, IEA, IMP","23","5.46","84.2"
"503","GO:0014066","regulation of phosphatidylinositol 3-kinase cascade","ISS, IEA, IMP","23","5.46","84.2"
"504","GO:0016337","cell-cell adhesion","ISS, IEA, IMP","23","5.46","84.2"
"505","GO:0010669","epithelial structure maintenance","ISS, IEA, IMP","23","5.46","84.2"
"506","GO:0048588","developmental cell growth","ISS, IEA, IMP","23","5.46","84.2"
"507","GO:0032331","negative regulation of chondrocyte differentiation","ISS, IEA, IMP","23","5.46","84.2"
"508","GO:0007173","epidermal growth factor receptor signaling pathway","ISS, IEA, IDA","23","5.46","84.2"
"509","GO:0010243","response to organonitrogen compound","ISS, IEA, IDA","23","5.46","84.2"
"510","GO:0022600","digestive system process","ISS, IEA, IMP","23","5.46","84.2"
"511","GO:0071260","cellular response to mechanical stimulus","ISS, IEA, IDA","23","5.46","84.2"
"512","GO:0090102","cochlea development","ISS, IEA, IMP","23","5.46","84.2"
"513","GO:0090103","cochlea morphogenesis","ISS, IEA, IMP","23","5.46","84.2"
"514","GO:0030277","maintenance of gastrointestinal epithelium","ISS, IEA, IMP","23","5.46","84.2"
"515","GO:0060560","developmental growth involved in morphogenesis","ISS, IEA, IMP","23","5.46","84.2"
"516","GO:0060740","prostate gland epithelium morphogenesis","ISS, IEA, IMP","23","5.46","84.2"
"517","GO:0060736","prostate gland growth","ISS, IEA, IMP","23","5.46","84.2"
"518","GO:0071364","cellular response to epidermal growth factor stimulus","ISS, IEA, IDA","23","5.46","84.2"
"519","GO:0050673","epithelial cell proliferation","ISS, IEA, IMP","23","5.46","84.2"
"520","GO:0007586","digestion","ISS, IEA, IMP","23","5.46","84.2"
"521","GO:0071417","cellular response to organonitrogen compound","ISS, IEA, IDA","23","5.46","84.2"
"522","GO:0071214","cellular response to abiotic stimulus","ISS, IEA, IDA","23","5.46","84.2"
"523","GO:0048873","homeostasis of number of cells within a tissue","ISS, IEA, IMP","23","5.46","84.2"
"524","GO:0048872","homeostasis of number of cells","ISS, IEA, IMP","23","5.46","84.2"
"525","GO:0048871","multicellular organismal homeostasis","ISS, IEA, IMP","23","5.46","84.2"
"526","GO:0018992","germ-line sex determination","ISS, IEA, IMP","23","5.46","84.2"
"527","GO:0003401","axis elongation","ISS, IEA, IMP","23","5.46","84.2"
"528","GO:0070371","ERK1 and ERK2 cascade","ISS, IEA, IDA","23","5.46","84.2"
"529","GO:0072132","mesenchyme morphogenesis","ISS, IEA, IMP","23","5.46","84.2"
"530","GO:0016049","cell growth","ISS, IEA, IMP","23","5.46","84.2"
"531","GO:0036211","protein modification process","ISS, IEA, IMP","23","5.46","84.2"
"532","GO:0043491","protein kinase B signaling cascade","ISS, IEA, IMP","23","5.46","84.2"
"533","GO:1901698","response to nitrogen compound","ISS, IEA, IDA","23","5.46","84.2"
"534","GO:1901699","cellular response to nitrogen compound","ISS, IEA, IDA","23","5.46","84.2"
"535","GO:0016310","phosphorylation","ISS, IEA, IMP","23","5.46","84.2"
"536","GO:0003197","endocardial cushion development","ISS, IEA, IMP","23","5.46","84.2"
"537","GO:0022612","gland morphogenesis","ISS, IEA, IMP","23","5.46","84.2"
"538","GO:0022610","biological adhesion","ISS, IEA, IMP","23","5.46","84.2"
"539","GO:0001894","tissue homeostasis","ISS, IEA, IMP","23","5.46","84.2"
"540","GO:0060516","primary prostatic bud elongation","ISS, IEA, IMP","23","5.46","84.2"
"541","GO:0060517","epithelial cell proliferation involved in prostatic bud elongation","ISS, IEA, IMP","23","5.46","84.2"
"542","GO:0060512","prostate gland morphogenesis","ISS, IEA, IMP","23","5.46","84.2"
"543","GO:0060737","prostate gland morphogenetic growth","ISS, IEA, IMP","23","5.46","84.2"
"544","GO:0071496","cellular response to external stimulus","ISS, IEA, IDA","23","5.46","84.2"
"545","GO:0010464","regulation of mesenchymal cell proliferation","ISS, IEA, IMP","23","5.46","84.2"
"546","GO:0019100","male germ-line sex determination","ISS, IEA, IMP","23","5.46","84.2"
"547","GO:0007155","cell adhesion","ISS, IEA, IMP","23","5.46","84.2"
"548","GO:0071560","cellular response to transforming growth factor beta stimulus","ISS, IEA, IDA, IEP","22","5.23","84"
"549","GO:0071559","response to transforming growth factor beta stimulus","ISS, IEA, IDA, IEP","22","5.23","84"
"550","GO:0048066","developmental pigmentation","IEA, ISS, IGI, IMP","24","5.7","84.4"
"551","GO:0050931","pigment cell differentiation","IEA, ISS, IGI, IMP","24","5.7","84.4"
"552","GO:0009896","positive regulation of catabolic process","IEA, IDA","24","5.7","84.4"
"553","GO:0009894","regulation of catabolic process","IEA, IDA","24","5.7","84.4"
"554","GO:0042176","regulation of protein catabolic process","IEA, IDA","24","5.7","84.4"
"555","GO:0030318","melanocyte differentiation","IEA, ISS, IGI, IMP","24","5.7","84.4"
"556","GO:0061008","hepaticobiliary system development","IEA, IMP","24","5.7","84.4"
"557","GO:0055123","digestive system development","IEA, IMP, ISS","23","5.46","84.2"
"558","GO:0048565","digestive tract development","IEA, IMP, ISS","23","5.46","84.2"
"559","GO:0043473","pigmentation","IEA, ISS, IGI, IMP","24","5.7","84.4"
"560","GO:0061036","positive regulation of cartilage development","ISS, IEA, IDA","22","5.23","84"
"561","GO:0048546","digestive tract morphogenesis","IEA, IMP, ISS","23","5.46","84.2"
"562","GO:0045732","positive regulation of protein catabolic process","IEA, IDA","24","5.7","84.4"
"563","GO:0001657","ureteric bud development","IEA, IEP","22","5.23","84"
"564","GO:0001658","branching involved in ureteric bud morphogenesis","IEA, IEP","22","5.23","84"
"565","GO:0071396","cellular response to lipid","IEA, IEP, IDA","22","5.23","84"
"566","GO:0007420","brain development","IEA, ISS","23","5.46","84.2"
"567","GO:0030900","forebrain development","IEA, ISS","23","5.46","84.2"
"568","GO:0060675","ureteric bud morphogenesis","IEA, IEP","22","5.23","84"
"569","GO:0071300","cellular response to retinoic acid","IEA, IEP, IDA","22","5.23","84"
"570","GO:0072190","ureter urothelium development","IEA, IEP","22","5.23","84"
"571","GO:0071345","cellular response to cytokine stimulus","IEA, IEP","22","5.23","84"
"572","GO:0071347","cellular response to interleukin-1","IEA, IEP","22","5.23","84"
"573","GO:0002052","positive regulation of neuroblast proliferation","IEA, IMP","22","5.23","84"
"574","GO:0001889","liver development","IEA, IMP","22","5.23","84"
"575","GO:0043062","extracellular structure organization","IEA, IMP","22","5.23","84"
"576","GO:0030500","regulation of bone mineralization","IEA, IMP","22","5.23","84"
"577","GO:0030502","negative regulation of bone mineralization","IEA, IMP","22","5.23","84"
"578","GO:0030879","mammary gland development","IEA, IEP","22","5.23","84"
"579","GO:0035622","intrahepatic bile duct development","IEA, IMP","22","5.23","84"
"580","GO:0034097","response to cytokine stimulus","IEA, IEP","22","5.23","84"
"581","GO:0003188","heart valve formation","IEA, IMP","22","5.23","84"
"582","GO:0030155","regulation of cell adhesion","IEA, IMP","22","5.23","84"
"583","GO:2000177","regulation of neural precursor cell proliferation","IEA, IMP","22","5.23","84"
"584","GO:2000179","positive regulation of neural precursor cell proliferation","IEA, IMP","22","5.23","84"
"585","GO:2000826","regulation of heart morphogenesis","IEA, IMP","22","5.23","84"
"586","GO:0030903","notochord development","IEA, IEP","22","5.23","84"
"587","GO:2000136","regulation of cell proliferation involved in heart morphogenesis","IEA, IMP","22","5.23","84"
"588","GO:2000138","positive regulation of cell proliferation involved in heart morphogenesis","IEA, IMP","22","5.23","84"
"589","GO:0030198","extracellular matrix organization","IEA, IMP","22","5.23","84"
"590","GO:0070555","response to interleukin-1","IEA, IEP","22","5.23","84"
"591","GO:0044464","cell part","CURATED, PROBABLE, ISS, IPI, NAS, POTENTIAL, BY SIMILARITY, IEA, IC, IDA","125","29.7","93.4"
"592","GO:0005623","cell","CURATED, PROBABLE, ISS, IPI, NAS, POTENTIAL, BY SIMILARITY, IEA, IC, IDA","125","29.7","93.4"
"593","GO:0005622","intracellular","CURATED, PROBABLE, ISS, IPI, NAS, POTENTIAL, BY SIMILARITY, IEA, IC, IDA","125","29.7","93.4"
"594","GO:0044424","intracellular part","CURATED, PROBABLE, ISS, IPI, NAS, POTENTIAL, BY SIMILARITY, IEA, IC, IDA","125","29.7","93.4"
"595","GO:0043231","intracellular membrane-bounded organelle","CURATED, PROBABLE, ISS, IPI, NAS, POTENTIAL, BY SIMILARITY, IEA, IC, IDA","121","28.7","93.2"
"596","GO:0043229","intracellular organelle","CURATED, PROBABLE, ISS, IPI, NAS, POTENTIAL, BY SIMILARITY, IEA, IC, IDA","121","28.7","93.2"
"597","GO:0043227","membrane-bounded organelle","CURATED, PROBABLE, ISS, IPI, NAS, POTENTIAL, BY SIMILARITY, IEA, IC, IDA","121","28.7","93.2"
"598","GO:0043226","organelle","CURATED, PROBABLE, ISS, IPI, NAS, POTENTIAL, BY SIMILARITY, IEA, IC, IDA","121","28.7","93.2"
"599","GO:0005634","nucleus","CURATED, PROBABLE, ISS, IPI, NAS, POTENTIAL, BY SIMILARITY, IEA, IC, IDA","119","28.3","93.1"
"600","GO:0005737","cytoplasm","IEA, ISS, IDA, BY SIMILARITY, CURATED","69","16.4","90.2"
"601","GO:0044446","intracellular organelle part","CURATED, IPI, BY SIMILARITY, IEA, IC, IDA","71","16.9","90.3"
"602","GO:0044422","organelle part","CURATED, IPI, BY SIMILARITY, IEA, IC, IDA","71","16.9","90.3"
"603","GO:0031974","membrane-enclosed lumen","CURATED, IPI, BY SIMILARITY, IEA, IC, IDA","54","12.8","88.9"
"604","GO:0031981","nuclear lumen","CURATED, IPI, BY SIMILARITY, IEA, IC, IDA","54","12.8","88.9"
"605","GO:0043233","organelle lumen","CURATED, IPI, BY SIMILARITY, IEA, IC, IDA","54","12.8","88.9"
"606","GO:0070013","intracellular organelle lumen","CURATED, IPI, BY SIMILARITY, IEA, IC, IDA","54","12.8","88.9"
"607","GO:0044428","nuclear part","CURATED, IPI, BY SIMILARITY, IEA, IC, IDA","54","12.8","88.9"
"608","GO:0005654","nucleoplasm","CURATED, IPI, BY SIMILARITY, IEA, IC, IDA","36","8.55","86.7"
"609","GO:0044451","nucleoplasm part","CURATED, IPI, BY SIMILARITY, IEA, IC, IDA","36","8.55","86.7"
"610","GO:0032991","macromolecular complex","IEA, IC, IPI, IDA","35","8.31","86.5"
"611","GO:0043234","protein complex","IEA, IC, IPI, IDA","33","7.84","86.2"
"612","GO:0005667","transcription factor complex","IEA, IC, IPI, IDA","32","7.6","86"
"613","GO:0044444","cytoplasmic part","IEA, ISS, IDA","28","6.65","85.3"
"614","GO:0005739","mitochondrion","IEA, ISS, IDA","22","5.23","84"
