"","V1","V2","V3","V4","V5","V6"
"1","ID","GO term","Evidence","SeqCount","Frequency","relative_fontsize"
"2","GO:0016491","oxidoreductase activity","TAS, ISS, IBA, IMP, ISO, IEA, IDA","19","2.66","85.3"
"3","GO:0003824","catalytic activity","TAS, ISS, IBA, IMP, ISO, IEA, IDA","19","2.66","85.3"
"4","GO:0016627","oxidoreductase activity, acting on the CH-CH group of donors","ISS, IBA, IMP, ISO, IEA, IDA","19","2.66","85.3"
"5","GO:0016229","steroid dehydrogenase activity","ISS, IBA, IEA, IMP, IDA","19","2.66","85.3"
"6","GO:0033765","steroid dehydrogenase activity, acting on the CH-CH group of donors","IEA, IBA, ISS, IMP, IDA","19","2.66","85.3"
"7","GO:0003865","3-oxo-5-alpha-steroid 4-dehydrogenase activity","IEA, IBA, ISS, IMP, IDA","19","2.66","85.3"
"8","GO:0016628","oxidoreductase activity, acting on the CH-CH group of donors, NAD or NADP as acceptor","IEA, IDA","15","2.1","84"
"9","GO:0047751","cholestenone 5-alpha-reductase activity","IEA","15","2.1","84"
"10","GO:0035671","enone reductase activity","IEA","15","2.1","84"
"11","GO:0009917","sterol 5-alpha reductase activity","IEA, ISO, IDA","9","1.26","81.2"
"12","GO:0005488","binding","IEA, IPI, ISO, IDA","8","1.12","80.6"
"13","GO:0033218","amide binding","IEA, IPI, ISO, IDA","8","1.12","80.6"
"14","GO:0030283","testosterone dehydrogenase [NAD(P)] activity","ISS, IDA","7","0.979","79.9"
"15","GO:0033764","steroid dehydrogenase activity, acting on the CH-OH group of donors, NAD or NADP as acceptor","ISS, IDA","7","0.979","79.9"
"16","GO:0016614","oxidoreductase activity, acting on CH-OH group of donors","ISS, IDA","7","0.979","79.9"
"17","GO:0016616","oxidoreductase activity, acting on the CH-OH group of donors, NAD or NADP as acceptor","ISS, IDA","7","0.979","79.9"
"18","GO:0000166","nucleotide binding","IEA, ISO, IDA","3","0.42","75.3"
"19","GO:1901363","heterocyclic compound binding","IEA, ISO, IDA","3","0.42","75.3"
"20","GO:1901265","nucleoside phosphate binding","IEA, ISO, IDA","3","0.42","75.3"
"21","GO:0043168","anion binding","IEA, ISO, IDA","3","0.42","75.3"
"22","GO:0050662","coenzyme binding","IEA, ISO, IDA","3","0.42","75.3"
"23","GO:0050661","NADP binding","IEA, ISO, IDA","3","0.42","75.3"
"24","GO:0043167","ion binding","IEA, ISO, IDA","3","0.42","75.3"
"25","GO:0050213","progesterone 5-alpha-reductase activity","IDA","3","0.42","75.3"
"26","GO:0036094","small molecule binding","IEA, ISO, IDA","3","0.42","75.3"
"27","GO:0048037","cofactor binding","IEA, ISO, IDA","3","0.42","75.3"
"28","GO:0097159","organic cyclic compound binding","IEA, ISO, IDA","3","0.42","75.3"
"29","GO:0070402","NADPH binding","IEA, ISO, IDA","3","0.42","75.3"
"30","GO:0009055","electron carrier activity","TAS","1","0.14","69.3"
"31","GO:0008152","metabolic process","TAS, ISS, IBA, IMP, ISO, ISM, IEP, IEA, IDA","19","2.66","85.3"
"32","GO:0055114","oxidation-reduction process","TAS, ISS, IBA, IMP, ISO, IEA, IDA","19","2.66","85.3"
"33","GO:0009987","cellular process","TAS, ISS, IBA, IMP, ISO, IEP, IEA, IDA","12","1.68","82.8"
"34","GO:0006629","lipid metabolic process","ISS, IBA, IMP, ISO, ISM, IEP, IEA, IDA","19","2.66","85.3"
"35","GO:1901360","organic cyclic compound metabolic process","ISS, IBA, IMP, ISO, ISM, IEP, IEA, IDA","19","2.66","85.3"
"36","GO:0071704","organic substance metabolic process","ISS, IBA, IMP, ISO, ISM, IEP, IEA, IDA","19","2.66","85.3"
"37","GO:0032502","developmental process","TAS, IBA, NAS, ISO, IEP, IEA, IMP","12","1.68","82.8"
"38","GO:0044238","primary metabolic process","ISS, IBA, IMP, ISO, ISM, IEP, IEA, IDA","19","2.66","85.3"
"39","GO:0008202","steroid metabolic process","ISS, IBA, IMP, ISO, ISM, IEA, IDA","19","2.66","85.3"
"40","GO:0065007","biological regulation","ISS, IBA, IMP, ISO, IEP, IEA, IDA","14","1.96","83.6"
"41","GO:0065008","regulation of biological quality","ISS, IBA, IMP, ISO, IEP, IEA, IDA","14","1.96","83.6"
"42","GO:0044237","cellular metabolic process","TAS, ISS, IBA, IMP, ISO, IEP, IEA, IDA","11","1.54","82.3"
"43","GO:0006694","steroid biosynthetic process","ISS, IBA, ISO, IMP, IDA","15","2.1","84"
"44","GO:0042445","hormone metabolic process","ISS, IBA, ISO, IMP, IDA","14","1.96","83.6"
"45","GO:0010817","regulation of hormone levels","ISS, IBA, ISO, IMP, IDA","14","1.96","83.6"
"46","GO:0044281","small molecule metabolic process","ISS, IBA, ISO, IEP, IEA, IDA","11","1.54","82.3"
"47","GO:1901362","organic cyclic compound biosynthetic process","ISS, IBA, ISO, IMP, IDA","15","2.1","84"
"48","GO:0000003","reproduction","TAS, IBA, NAS, ISO, IEP, IEA, IMP","12","1.68","82.8"
"49","GO:0003006","developmental process involved in reproduction","TAS, IBA, NAS, ISO, IEP, IEA, IMP","12","1.68","82.8"
"50","GO:1901576","organic substance biosynthetic process","ISS, IBA, ISO, IMP, IDA","15","2.1","84"
"51","GO:0032501","multicellular organismal process","TAS, IBA, IMP, ISO, IEP, IEA","10","1.4","81.8"
"52","GO:0007275","multicellular organismal development","TAS, IBA, IMP, ISO, IEP, IEA","10","1.4","81.8"
"53","GO:0022414","reproductive process","TAS, IBA, NAS, ISO, IEP, IEA, IMP","12","1.68","82.8"
"54","GO:0009058","biosynthetic process","ISS, IBA, ISO, IMP, IDA","15","2.1","84"
"55","GO:0008610","lipid biosynthetic process","ISS, IBA, ISO, IMP, IDA","15","2.1","84"
"56","GO:0048856","anatomical structure development","TAS, IBA, IMP, ISO, IEP, IEA","10","1.4","81.8"
"57","GO:0048513","organ development","IEA, IBA, ISO, IEP, IMP","10","1.4","81.8"
"58","GO:0007548","sex differentiation","TAS, IBA, IMP, ISO, IEP, IEA","12","1.68","82.8"
"59","GO:0048731","system development","IEA, IBA, ISO, IEP, IMP","10","1.4","81.8"
"60","GO:0042446","hormone biosynthetic process","ISS, IBA, IMP, IDA","14","1.96","83.6"
"61","GO:0046661","male sex differentiation","TAS, IBA, IMP, ISO, IEP, IEA","10","1.4","81.8"
"62","GO:0044249","cellular biosynthetic process","ISS, IBA, IMP, IDA","11","1.54","82.3"
"63","GO:0048608","reproductive structure development","IEA, IBA, ISO, IEP, IMP","10","1.4","81.8"
"64","GO:0008209","androgen metabolic process","IBA, ISO, IMP, IDA","10","1.4","81.8"
"65","GO:0061458","reproductive system development","IEA, IBA, ISO, IEP, IMP","10","1.4","81.8"
"66","GO:0034754","cellular hormone metabolic process","IBA, ISO, IMP, IDA","10","1.4","81.8"
"67","GO:0042180","cellular ketone metabolic process","ISS, IBA, ISO, IDA","11","1.54","82.3"
"68","GO:0017144","drug metabolic process","IEA, IBA, ISO, IEP, IDA","10","1.4","81.8"
"69","GO:0048869","cellular developmental process","IEA","12","1.68","82.8"
"70","GO:1901615","organic hydroxy compound metabolic process","IEA, IEP, IBA, ISS, IDA","12","1.68","82.8"
"71","GO:0030154","cell differentiation","IEA","12","1.68","82.8"
"72","GO:0042221","response to chemical stimulus","IEA, IEP, IDA, ISO, IMP","8","1.12","80.6"
"73","GO:0010033","response to organic substance","IEA, IEP, ISO, IDA","7","0.979","79.9"
"74","GO:0048806","genitalia development","IBA, IMP, IEP","10","1.4","81.8"
"75","GO:0050896","response to stimulus","IEA, IEP, IDA, ISO, IMP","8","1.12","80.6"
"76","GO:0042448","progesterone metabolic process","IBA, ISO, IDA","10","1.4","81.8"
"77","GO:0046660","female sex differentiation","IBA, IEP","10","1.4","81.8"
"78","GO:1901617","organic hydroxy compound biosynthetic process","ISS, IBA, IDA","10","1.4","81.8"
"79","GO:0030540","female genitalia development","IBA, IEP","10","1.4","81.8"
"80","GO:0008207","C21-steroid hormone metabolic process","IBA, ISO, IDA","10","1.4","81.8"
"81","GO:0006702","androgen biosynthetic process","IBA, IMP, IDA","10","1.4","81.8"
"82","GO:0030539","male genitalia development","IBA, IMP, IEP","10","1.4","81.8"
"83","GO:0014070","response to organic cyclic compound","IEA, IEP","7","0.979","79.9"
"84","GO:0009719","response to endogenous stimulus","IEA, IEP, ISO, IDA","7","0.979","79.9"
"85","GO:0009725","response to hormone stimulus","IEA, IEP, ISO, IDA","7","0.979","79.9"
"86","GO:0042493","response to drug","IEA, IEP, ISO, IMP","8","1.12","80.6"
"87","GO:1901700","response to oxygen-containing compound","IEA, IEP, ISO, IDA","7","0.979","79.9"
"88","GO:0008584","male gonad development","IEA, IMP, ISO, IEP","8","1.12","80.6"
"89","GO:0045137","development of primary sexual characteristics","IEA, IMP, ISO, IEP","8","1.12","80.6"
"90","GO:0008406","gonad development","IEA, IMP, ISO, IEP","8","1.12","80.6"
"91","GO:0046546","development of primary male sexual characteristics","IEA, IMP, ISO, IEP","8","1.12","80.6"
"92","GO:0033574","response to testosterone stimulus","IEA, IEP","7","0.979","79.9"
"93","GO:0001501","skeletal system development","IEA, IEP","7","0.979","79.9"
"94","GO:0060322","head development","IEA, IEP","7","0.979","79.9"
"95","GO:0044283","small molecule biosynthetic process","ISS, IDA","7","0.979","79.9"
"96","GO:0021854","hypothalamus development","IEA, IEP","7","0.979","79.9"
"97","GO:0034698","response to gonadotropin stimulus","IEA, IEP","7","0.979","79.9"
"98","GO:0043434","response to peptide hormone stimulus","IEA, IEP, ISO, IDA","7","0.979","79.9"
"99","GO:0046483","heterocycle metabolic process","IEA, IEP","7","0.979","79.9"
"100","GO:0009605","response to external stimulus","IEA, IEP","7","0.979","79.9"
"101","GO:0010243","response to organonitrogen compound","IEA, IEP, ISO, IDA","7","0.979","79.9"
"102","GO:0031667","response to nutrient levels","IEA, IEP","7","0.979","79.9"
"103","GO:0021537","telencephalon development","IEA, IEP","7","0.979","79.9"
"104","GO:0021536","diencephalon development","IEA, IEP","7","0.979","79.9"
"105","GO:0051716","cellular response to stimulus","IEA, IEP","7","0.979","79.9"
"106","GO:0021543","pallium development","IEA, IEP","7","0.979","79.9"
"107","GO:0007420","brain development","IEA, IEP","7","0.979","79.9"
"108","GO:0071466","cellular response to xenobiotic stimulus","IEA, IEP","7","0.979","79.9"
"109","GO:0021766","hippocampus development","IEA, IEP","7","0.979","79.9"
"110","GO:0009410","response to xenobiotic stimulus","IEA, IEP","7","0.979","79.9"
"111","GO:0070887","cellular response to chemical stimulus","IEA, IEP","7","0.979","79.9"
"112","GO:0021761","limbic system development","IEA, IEP","7","0.979","79.9"
"113","GO:0007417","central nervous system development","IEA, IEP","7","0.979","79.9"
"114","GO:0061370","testosterone biosynthetic process","ISS, IDA","7","0.979","79.9"
"115","GO:0006725","cellular aromatic compound metabolic process","IEA, IEP","7","0.979","79.9"
"116","GO:1901698","response to nitrogen compound","IEA, IEP, ISO, IDA","7","0.979","79.9"
"117","GO:0048545","response to steroid hormone stimulus","IEA, IEP","7","0.979","79.9"
"118","GO:0009991","response to extracellular stimulus","IEA, IEP","7","0.979","79.9"
"119","GO:0060348","bone development","IEA, IEP","7","0.979","79.9"
"120","GO:0032354","response to follicle-stimulating hormone stimulus","IEA, IEP","7","0.979","79.9"
"121","GO:0033993","response to lipid","IEA, IEP","7","0.979","79.9"
"122","GO:1901652","response to peptide","IEA, IEP, ISO, IDA","7","0.979","79.9"
"123","GO:0042181","ketone biosynthetic process","ISS, IDA","7","0.979","79.9"
"124","GO:0007399","nervous system development","IEA, IEP","7","0.979","79.9"
"125","GO:1901654","response to ketone","IEA, IEP","7","0.979","79.9"
"126","GO:0030900","forebrain development","IEA, IEP","7","0.979","79.9"
"127","GO:1901361","organic cyclic compound catabolic process","IEA, ISO, IDA","5","0.699","78.1"
"128","GO:0016999","antibiotic metabolic process","IEA, IEP","5","0.699","78.1"
"129","GO:0042537","benzene-containing compound metabolic process","IEA, IEP","5","0.699","78.1"
"130","GO:0043436","oxoacid metabolic process","IEA, IEP","5","0.699","78.1"
"131","GO:0043648","dicarboxylic acid metabolic process","IEA, IEP","5","0.699","78.1"
"132","GO:0006805","xenobiotic metabolic process","IEA, IEP","5","0.699","78.1"
"133","GO:1901575","organic substance catabolic process","IEA, ISO, IDA","5","0.699","78.1"
"134","GO:0016042","lipid catabolic process","IEA, ISO, IDA","5","0.699","78.1"
"135","GO:0018894","dibenzo-p-dioxin metabolic process","IEA, IEP","5","0.699","78.1"
"136","GO:0006082","organic acid metabolic process","IEA, IEP","5","0.699","78.1"
"137","GO:0019752","carboxylic acid metabolic process","IEA, IEP","5","0.699","78.1"
"138","GO:0018963","phthalate metabolic process","IEA, IEP","5","0.699","78.1"
"139","GO:0006706","steroid catabolic process","IEA, ISO, IDA","5","0.699","78.1"
"140","GO:0007154","cell communication","IEA, IEP, TAS","5","0.699","78.1"
"141","GO:0018879","biphenyl metabolic process","IEA, IEP","5","0.699","78.1"
"142","GO:0009056","catabolic process","IEA, ISO, IDA","5","0.699","78.1"
"143","GO:0048878","chemical homeostasis","IEA, IEP","3","0.42","75.3"
"144","GO:0071407","cellular response to organic cyclic compound","IEA, IEP","2","0.28","73.1"
"145","GO:0016128","phytosteroid metabolic process","IBA, IDA","3","0.42","75.3"
"146","GO:0023052","signaling","TAS","3","0.42","75.3"
"147","GO:0016129","phytosteroid biosynthetic process","IBA, IDA","3","0.42","75.3"
"148","GO:0055088","lipid homeostasis","IEA, IEP","3","0.42","75.3"
"149","GO:0016131","brassinosteroid metabolic process","IBA, IDA","3","0.42","75.3"
"150","GO:0016132","brassinosteroid biosynthetic process","IBA, IDA","3","0.42","75.3"
"151","GO:0042592","homeostatic process","IEA, IEP","3","0.42","75.3"
"152","GO:0032355","response to estradiol stimulus","IEA, IEP","2","0.28","73.1"
"153","GO:0010268","brassinosteroid homeostasis","IEA, IEP","3","0.42","75.3"
"154","GO:0007267","cell-cell signaling","TAS","3","0.42","75.3"
"155","GO:0042133","neurotransmitter metabolic process","IEA, IEP","2","0.28","73.1"
"156","GO:0021510","spinal cord development","IEA, IEP","2","0.28","73.1"
"157","GO:0007610","behavior","IEA, IEP","2","0.28","73.1"
"158","GO:0070848","response to growth factor stimulus","IEA, IEP","2","0.28","73.1"
"159","GO:0048511","rhythmic process","IEA, IEP","2","0.28","73.1"
"160","GO:0048512","circadian behavior","IEA, IEP","2","0.28","73.1"
"161","GO:1901160","primary amino compound metabolic process","IEA, IEP","2","0.28","73.1"
"162","GO:0031960","response to corticosteroid stimulus","IEA, IEP","2","0.28","73.1"
"163","GO:0014823","response to activity","IEA, IEP","2","0.28","73.1"
"164","GO:0051591","response to cAMP","IEA, IEP","2","0.28","73.1"
"165","GO:0034641","cellular nitrogen compound metabolic process","IEA, IEP","2","0.28","73.1"
"166","GO:0031668","cellular response to extracellular stimulus","IEA, IEP","2","0.28","73.1"
"167","GO:0031669","cellular response to nutrient levels","IEA, IEP","2","0.28","73.1"
"168","GO:1901564","organonitrogen compound metabolic process","IEA, IEP","2","0.28","73.1"
"169","GO:0071320","cellular response to cAMP","IEA, IEP","2","0.28","73.1"
"170","GO:0032868","response to insulin stimulus","IEA, IEP","2","0.28","73.1"
"171","GO:0043627","response to estrogen stimulus","IEA, IEP","2","0.28","73.1"
"172","GO:0033554","cellular response to stress","IEA, IEP","2","0.28","73.1"
"173","GO:0046677","response to antibiotic","IEA, IEP","2","0.28","73.1"
"174","GO:0060416","response to growth hormone stimulus","IEA, IEP","2","0.28","73.1"
"175","GO:0001505","regulation of neurotransmitter levels","IEA, IEP","2","0.28","73.1"
"176","GO:0061008","hepaticobiliary system development","IEA, IEP","2","0.28","73.1"
"177","GO:0042747","circadian sleep/wake cycle, REM sleep","IEA, IEP","2","0.28","73.1"
"178","GO:0042745","circadian sleep/wake cycle","IEA, IEP","2","0.28","73.1"
"179","GO:0006807","nitrogen compound metabolic process","IEA, IEP","2","0.28","73.1"
"180","GO:0042428","serotonin metabolic process","IEA, IEP","2","0.28","73.1"
"181","GO:0071867","response to monoamine stimulus","IEA, IEP","2","0.28","73.1"
"182","GO:0071868","cellular response to monoamine stimulus","IEA, IEP","2","0.28","73.1"
"183","GO:0071869","response to catecholamine stimulus","IEA, IEP","2","0.28","73.1"
"184","GO:0097164","ammonium ion metabolic process","IEA, IEP","2","0.28","73.1"
"185","GO:0007623","circadian rhythm","IEA, IEP","2","0.28","73.1"
"186","GO:0006950","response to stress","IEA, IEP","2","0.28","73.1"
"187","GO:0071872","cellular response to epinephrine stimulus","IEA, IEP","2","0.28","73.1"
"188","GO:0071870","cellular response to catecholamine stimulus","IEA, IEP","2","0.28","73.1"
"189","GO:0030431","sleep","IEA, IEP","2","0.28","73.1"
"190","GO:1901699","cellular response to nitrogen compound","IEA, IEP","2","0.28","73.1"
"191","GO:0009267","cellular response to starvation","IEA, IEP","2","0.28","73.1"
"192","GO:0050802","circadian sleep/wake cycle, sleep","IEA, IEP","2","0.28","73.1"
"193","GO:0014074","response to purine-containing compound","IEA, IEP","2","0.28","73.1"
"194","GO:0007622","rhythmic behavior","IEA, IEP","2","0.28","73.1"
"195","GO:0071375","cellular response to peptide hormone stimulus","IEA, IEP","2","0.28","73.1"
"196","GO:0042430","indole-containing compound metabolic process","IEA, IEP","2","0.28","73.1"
"197","GO:0021794","thalamus development","IEA, IEP","2","0.28","73.1"
"198","GO:1901701","cellular response to oxygen-containing compound","IEA, IEP","2","0.28","73.1"
"199","GO:0006721","terpenoid metabolic process","IEA, IEP","2","0.28","73.1"
"200","GO:0006720","isoprenoid metabolic process","IEA, IEP","2","0.28","73.1"
"201","GO:0071394","cellular response to testosterone stimulus","IEA, IEP","2","0.28","73.1"
"202","GO:0060992","response to fungicide","IEA, IEP","2","0.28","73.1"
"203","GO:0032870","cellular response to hormone stimulus","IEA, IEP","2","0.28","73.1"
"204","GO:0016101","diterpenoid metabolic process","IEA, IEP","2","0.28","73.1"
"205","GO:0018958","phenol-containing compound metabolic process","IEA, IEP","2","0.28","73.1"
"206","GO:0044255","cellular lipid metabolic process","IEA, IEP","2","0.28","73.1"
"207","GO:0071363","cellular response to growth factor stimulus","IEA, IEP","2","0.28","73.1"
"208","GO:0097327","response to antineoplastic agent","IEA, IEP","2","0.28","73.1"
"209","GO:0048732","gland development","IEA, IEP","2","0.28","73.1"
"210","GO:0071495","cellular response to endogenous stimulus","IEA, IEP","2","0.28","73.1"
"211","GO:0051384","response to glucocorticoid stimulus","IEA, IEP","2","0.28","73.1"
"212","GO:0071383","cellular response to steroid hormone stimulus","IEA, IEP","2","0.28","73.1"
"213","GO:0071385","cellular response to glucocorticoid stimulus","IEA, IEP","2","0.28","73.1"
"214","GO:0071384","cellular response to corticosteroid stimulus","IEA, IEP","2","0.28","73.1"
"215","GO:0035690","cellular response to drug","IEA, IEP","2","0.28","73.1"
"216","GO:0001889","liver development","IEA, IEP","2","0.28","73.1"
"217","GO:0042594","response to starvation","IEA, IEP","2","0.28","73.1"
"218","GO:0032869","cellular response to insulin stimulus","IEA, IEP","2","0.28","73.1"
"219","GO:0021983","pituitary gland development","IEA, IEP","2","0.28","73.1"
"220","GO:0071417","cellular response to organonitrogen compound","IEA, IEP","2","0.28","73.1"
"221","GO:0009636","response to toxic substance","IEA, IEP","2","0.28","73.1"
"222","GO:0021987","cerebral cortex development","IEA, IEP","2","0.28","73.1"
"223","GO:0071310","cellular response to organic substance","IEA, IEP","2","0.28","73.1"
"224","GO:0071496","cellular response to external stimulus","IEA, IEP","2","0.28","73.1"
"225","GO:0046683","response to organophosphorus","IEA, IEP","2","0.28","73.1"
"226","GO:0071396","cellular response to lipid","IEA, IEP","2","0.28","73.1"
"227","GO:0071392","cellular response to estradiol stimulus","IEA, IEP","2","0.28","73.1"
"228","GO:0022410","circadian sleep/wake cycle process","IEA, IEP","2","0.28","73.1"
"229","GO:0071549","cellular response to dexamethasone stimulus","IEA, IEP","2","0.28","73.1"
"230","GO:0071548","response to dexamethasone stimulus","IEA, IEP","2","0.28","73.1"
"231","GO:0035270","endocrine system development","IEA, IEP","2","0.28","73.1"
"232","GO:0071871","response to epinephrine stimulus","IEA, IEP","2","0.28","73.1"
"233","GO:1901655","cellular response to ketone","IEA, IEP","2","0.28","73.1"
"234","GO:1901653","cellular response to peptide","IEA, IEP","2","0.28","73.1"
"235","GO:0014850","response to muscle activity","IEA, IEP","2","0.28","73.1"
"236","GO:0001655","urogenital system development","IEA, IEP","2","0.28","73.1"
"237","GO:0007530","sex determination","NAS","1","0.14","69.3"
"238","GO:0022900","electron transport chain","TAS","1","0.14","69.3"
"239","GO:0006091","generation of precursor metabolites and energy","TAS","1","0.14","69.3"
"240","GO:0016020","membrane","IEA, TAS","19","2.66","85.3"
"241","GO:0044425","membrane part","IEA, TAS","19","2.66","85.3"
"242","GO:0044464","cell part","IEA, IDA, ISO, TAS","19","2.66","85.3"
"243","GO:0005623","cell","IEA, IDA, ISO, TAS","19","2.66","85.3"
"244","GO:0005737","cytoplasm","IEA, IDA, ISO, TAS","19","2.66","85.3"
"245","GO:0005622","intracellular","IEA, IDA, ISO, TAS","19","2.66","85.3"
"246","GO:0044424","intracellular part","IEA, IDA, ISO, TAS","19","2.66","85.3"
"247","GO:0031224","intrinsic to membrane","IEA","19","2.66","85.3"
"248","GO:0016021","integral to membrane","IEA","19","2.66","85.3"
"249","GO:0043227","membrane-bounded organelle","IEA, IDA, ISO, TAS","13","1.82","83.2"
"250","GO:0043226","organelle","IEA, IDA, ISO, TAS","13","1.82","83.2"
"251","GO:0044422","organelle part","IEA, TAS","13","1.82","83.2"
"252","GO:0044444","cytoplasmic part","IEA, IDA, ISO, TAS","13","1.82","83.2"
"253","GO:0043229","intracellular organelle","IEA, IDA, ISO, TAS","13","1.82","83.2"
"254","GO:0043231","intracellular membrane-bounded organelle","IEA, IDA, ISO, TAS","13","1.82","83.2"
"255","GO:0005783","endoplasmic reticulum","IEA, TAS","13","1.82","83.2"
"256","GO:0005789","endoplasmic reticulum membrane","IEA, TAS","13","1.82","83.2"
"257","GO:0042175","nuclear outer membrane-endoplasmic reticulum membrane network","IEA, TAS","13","1.82","83.2"
"258","GO:0031984","organelle subcompartment","IEA, TAS","13","1.82","83.2"
"259","GO:0044432","endoplasmic reticulum part","IEA, TAS","13","1.82","83.2"
"260","GO:0098827","GO:0098827","IEA, TAS","13","1.82","83.2"
"261","GO:0012505","endomembrane system","IEA, TAS","13","1.82","83.2"
"262","GO:0044446","intracellular organelle part","IEA, TAS","13","1.82","83.2"
"263","GO:0031090","organelle membrane","IEA","12","1.68","82.8"
"264","GO:0097458","neuron part","IEA, ISO, IDA","8","1.12","80.6"
"265","GO:0043005","neuron projection","IEA, ISO, IDA","8","1.12","80.6"
"266","GO:0043025","neuronal cell body","IEA, ISO, IDA","8","1.12","80.6"
"267","GO:0044297","cell body","IEA, ISO, IDA","8","1.12","80.6"
"268","GO:0120025","GO:0120025","IEA, ISO, IDA","8","1.12","80.6"
"269","GO:0042995","cell projection","IEA, ISO, IDA","8","1.12","80.6"
"270","GO:0070852","cell body fiber","IEA, ISO, IDA","8","1.12","80.6"
"271","GO:0036477","GO:0036477","IEA, ISO, IDA","8","1.12","80.6"
"272","GO:0043209","myelin sheath","IEA, ISO, IDA","3","0.42","75.3"
"273","GO:0048471","perinuclear region of cytoplasm","IEA, ISO, IDA","3","0.42","75.3"
