"","V1","V2","V3","V4","V5","V6"
"1","ID","GO term","Evidence","SeqCount","Frequency","relative_fontsize"
"2","GO:0005488","binding","IEA, IDA, TAS","27","27.3","92.9"
"3","GO:0044212","transcription regulatory region DNA binding","IEA, IDA","23","23.2","92.1"
"4","GO:0097159","organic cyclic compound binding","IEA, IDA","23","23.2","92.1"
"5","GO:0000975","regulatory region DNA binding","IEA, IDA","23","23.2","92.1"
"6","GO:0001067","regulatory region nucleic acid binding","IEA, IDA","23","23.2","92.1"
"7","GO:0003676","nucleic acid binding","IEA, IDA","23","23.2","92.1"
"8","GO:0003677","DNA binding","IEA, IDA","23","23.2","92.1"
"9","GO:1901363","heterocyclic compound binding","IEA, IDA","23","23.2","92.1"
"10","GO:0005515","protein binding","IDA, TAS","8","8.08","86.3"
"11","GO:0005102","receptor binding","IDA, TAS","8","8.08","86.3"
"12","GO:0005126","cytokine receptor binding","TAS, IDA","5","5.05","83.8"
"13","GO:0005164","tumor necrosis factor receptor binding","TAS, IDA","5","5.05","83.8"
"14","GO:0032813","tumor necrosis factor receptor superfamily binding","TAS, IDA","5","5.05","83.8"
"15","GO:0050896","response to stimulus","TAS, ISS, IEP, IMP, IEA, IGI, IDA","75","75.8","98.5"
"16","GO:0006955","immune response","IEA, ISS, IMP, IDA","75","75.8","98.5"
"17","GO:0002376","immune system process","IEA, ISS, IGI, IMP, IDA","75","75.8","98.5"
"18","GO:0050789","regulation of biological process","NAS, ISS, TAS, IMP, ISO, IEA, IGI, IDA","44","44.4","95.6"
"19","GO:0044699","single-organism process","TAS, ISS, IEP, IMP, IEA, IGI, IDA","50","50.5","96.3"
"20","GO:0065007","biological regulation","NAS, ISS, TAS, IMP, ISO, IEA, IGI, IDA","44","44.4","95.6"
"21","GO:0048518","positive regulation of biological process","IMP, ISS, TAS, NAS, IEA, IGI, IDA","44","44.4","95.6"
"22","GO:0044707","single-multicellular organism process","ISS, IEP, IMP, IEA, IGI, IDA","50","50.5","96.3"
"23","GO:0006950","response to stress","TAS, IEP, IMP, IEA, IGI, IDA","46","46.5","95.8"
"24","GO:0032501","multicellular organismal process","ISS, IEP, IMP, IEA, IGI, IDA","50","50.5","96.3"
"25","GO:0007275","multicellular organismal development","ISS, IEP, IMP, IEA, IGI, IDA","50","50.5","96.3"
"26","GO:0044767","single-organism developmental process","ISS, IEP, IMP, IEA, IGI, IDA","50","50.5","96.3"
"27","GO:0048856","anatomical structure development","ISS, IEP, IMP, IEA, IGI, IDA","50","50.5","96.3"
"28","GO:0048731","system development","ISS, IEP, IMP, IEA, IGI, IDA","50","50.5","96.3"
"29","GO:0048513","organ development","ISS, IEP, IMP, IEA, IGI, IDA","50","50.5","96.3"
"30","GO:0032502","developmental process","ISS, IEP, IMP, IEA, IGI, IDA","50","50.5","96.3"
"31","GO:0048583","regulation of response to stimulus","NAS, ISS, IMP, IEA, IGI, IDA","44","44.4","95.6"
"32","GO:0048584","positive regulation of response to stimulus","NAS, ISS, IMP, IEA, IGI, IDA","44","44.4","95.6"
"33","GO:0048519","negative regulation of biological process","IEA, NAS, IGI, IDA","44","44.4","95.6"
"34","GO:0051239","regulation of multicellular organismal process","IEA, ISS, IGI, IMP, IDA","44","44.4","95.6"
"35","GO:0051240","positive regulation of multicellular organismal process","IEA, ISS, IGI, IMP, IDA","44","44.4","95.6"
"36","GO:0006952","defense response","IEA, IMP, TAS, IGI, IDA","46","46.5","95.8"
"37","GO:0009607","response to biotic stimulus","IEA, IEP, IGI, IDA","46","46.5","95.8"
"38","GO:0051707","response to other organism","IEA, IEP, IGI, IDA","46","46.5","95.8"
"39","GO:0051704","multi-organism process","IEA, IEP, IGI, IDA","46","46.5","95.8"
"40","GO:0009617","response to bacterium","IEA, IEP, IGI, IDA","46","46.5","95.8"
"41","GO:0002682","regulation of immune system process","IEA, NAS, IGI, IDA","44","44.4","95.6"
"42","GO:0001817","regulation of cytokine production","IEA, IMP, IGI, IDA","44","44.4","95.6"
"43","GO:0001819","positive regulation of cytokine production","IEA, IMP, IGI, IDA","44","44.4","95.6"
"44","GO:0002697","regulation of immune effector process","IEA, IGI, IDA","44","44.4","95.6"
"45","GO:0031349","positive regulation of defense response","IEA, ISS, IDA, IGI, IMP","43","43.4","95.5"
"46","GO:0031347","regulation of defense response","IEA, ISS, IDA, IGI, IMP","43","43.4","95.5"
"47","GO:0050729","positive regulation of inflammatory response","IEA, ISS, IDA, IGI, IMP","43","43.4","95.5"
"48","GO:0032101","regulation of response to external stimulus","IEA, ISS, IDA, IGI, IMP","43","43.4","95.5"
"49","GO:0050727","regulation of inflammatory response","IEA, ISS, IDA, IGI, IMP","43","43.4","95.5"
"50","GO:0050794","regulation of cellular process","NAS, TAS, IMP, ISO, IEA, IGI, IDA","28","28.3","93.1"
"51","GO:0032103","positive regulation of response to external stimulus","IEA, ISS, IDA, IGI, IMP","43","43.4","95.5"
"52","GO:0043903","regulation of symbiosis, encompassing mutualism through parasitism","IEA, IGI, IDA","44","44.4","95.6"
"53","GO:0043900","regulation of multi-organism process","IEA, IGI, IDA","44","44.4","95.6"
"54","GO:0043901","negative regulation of multi-organism process","IEA, IGI, IDA","44","44.4","95.6"
"55","GO:0080134","regulation of response to stress","IEA, ISS, IDA, IGI, IMP","43","43.4","95.5"
"56","GO:0050776","regulation of immune response","IEA, IGI, IDA","44","44.4","95.6"
"57","GO:0002684","positive regulation of immune system process","IEA, NAS, IGI","43","43.4","95.5"
"58","GO:0042742","defense response to bacterium","IEA, IGI, IDA","45","45.5","95.7"
"59","GO:0002520","immune system development","IEA, ISS, IGI, IMP","43","43.4","95.5"
"60","GO:0006959","humoral immune response","IEA, ISS, IMP","43","43.4","95.5"
"61","GO:0048534","hematopoietic or lymphoid organ development","IEA, ISS, IGI, IMP","43","43.4","95.5"
"62","GO:0002706","regulation of lymphocyte mediated immunity","IEA, IGI","43","43.4","95.5"
"63","GO:0002705","positive regulation of leukocyte mediated immunity","IEA, IGI","43","43.4","95.5"
"64","GO:0002703","regulation of leukocyte mediated immunity","IEA, IGI","43","43.4","95.5"
"65","GO:0002708","positive regulation of lymphocyte mediated immunity","IEA, IGI","43","43.4","95.5"
"66","GO:0002824","positive regulation of adaptive immune response based on somatic recombination of immune receptors built from immunoglobulin superfamily domains","IEA, IGI","43","43.4","95.5"
"67","GO:0002822","regulation of adaptive immune response based on somatic recombination of immune receptors built from immunoglobulin superfamily domains","IEA, IGI","43","43.4","95.5"
"68","GO:0002821","positive regulation of adaptive immune response","IEA, IGI","43","43.4","95.5"
"69","GO:0050830","defense response to Gram-positive bacterium","IEA, IGI","43","43.4","95.5"
"70","GO:0002678","positive regulation of chronic inflammatory response","IEA, IGI","43","43.4","95.5"
"71","GO:0002676","regulation of chronic inflammatory response","IEA, IGI","43","43.4","95.5"
"72","GO:0044130","negative regulation of growth of symbiont in host","IEA, IGI","43","43.4","95.5"
"73","GO:0045926","negative regulation of growth","IEA, IGI","43","43.4","95.5"
"74","GO:0002874","regulation of chronic inflammatory response to antigenic stimulus","IEA, IGI","43","43.4","95.5"
"75","GO:0002876","positive regulation of chronic inflammatory response to antigenic stimulus","IEA, IGI","43","43.4","95.5"
"76","GO:0002889","regulation of immunoglobulin mediated immune response","IEA, IGI","43","43.4","95.5"
"77","GO:0044126","regulation of growth of symbiont in host","IEA, IGI","43","43.4","95.5"
"78","GO:0002712","regulation of B cell mediated immunity","IEA, IGI","43","43.4","95.5"
"79","GO:0002699","positive regulation of immune effector process","IEA, IGI","43","43.4","95.5"
"80","GO:0032729","positive regulation of interferon-gamma production","IEA, IGI","43","43.4","95.5"
"81","GO:0002891","positive regulation of immunoglobulin mediated immune response","IEA, IGI","43","43.4","95.5"
"82","GO:0050778","positive regulation of immune response","IEA, IGI","43","43.4","95.5"
"83","GO:0002714","positive regulation of B cell mediated immunity","IEA, IGI","43","43.4","95.5"
"84","GO:0044146","negative regulation of growth of symbiont involved in interaction with host","IEA, IGI","43","43.4","95.5"
"85","GO:0044144","modulation of growth of symbiont involved in interaction with host","IEA, IGI","43","43.4","95.5"
"86","GO:0032649","regulation of interferon-gamma production","IEA, IGI","43","43.4","95.5"
"87","GO:0002923","regulation of humoral immune response mediated by circulating immunoglobulin","IEA, IGI","43","43.4","95.5"
"88","GO:0002922","positive regulation of humoral immune response","IEA, IGI","43","43.4","95.5"
"89","GO:0002920","regulation of humoral immune response","IEA, IGI","43","43.4","95.5"
"90","GO:0002925","positive regulation of humoral immune response mediated by circulating immunoglobulin","IEA, IGI","43","43.4","95.5"
"91","GO:0002819","regulation of adaptive immune response","IEA, IGI","43","43.4","95.5"
"92","GO:0002863","positive regulation of inflammatory response to antigenic stimulus","IEA, IGI","43","43.4","95.5"
"93","GO:0002861","regulation of inflammatory response to antigenic stimulus","IEA, IGI","43","43.4","95.5"
"94","GO:0040008","regulation of growth","IEA, IGI","43","43.4","95.5"
"95","GO:0048522","positive regulation of cellular process","IMP, TAS, NAS, IEA, IGI, IDA","28","28.3","93.1"
"96","GO:0042221","response to chemical stimulus","IEA, IMP, IEP, IDA","30","30.3","93.5"
"97","GO:0043067","regulation of programmed cell death","IEA, IMP, IDA, TAS","28","28.3","93.1"
"98","GO:0043068","positive regulation of programmed cell death","IEA, IMP, IDA, TAS","28","28.3","93.1"
"99","GO:0044763","single-organism cellular process","IEA, IMP, IDA, IGI, TAS","27","27.3","92.9"
"100","GO:0042981","regulation of apoptotic process","IEA, IMP, IDA, TAS","28","28.3","93.1"
"101","GO:0009987","cellular process","IEA, IMP, IDA, IGI, TAS","27","27.3","92.9"
"102","GO:0010033","response to organic substance","IEA, IMP, IEP, IDA","30","30.3","93.5"
"103","GO:0010942","positive regulation of cell death","IEA, IMP, IDA, TAS","28","28.3","93.1"
"104","GO:0010941","regulation of cell death","IEA, IMP, IDA, TAS","28","28.3","93.1"
"105","GO:0043065","positive regulation of apoptotic process","IEA, IMP, IDA, TAS","28","28.3","93.1"
"106","GO:0048523","negative regulation of cellular process","IEA, NAS, IDA","28","28.3","93.1"
"107","GO:0051716","cellular response to stimulus","IEA, IMP, IDA, IGI, TAS","26","26.3","92.7"
"108","GO:0007165","signal transduction","IEA, IMP, IDA, IGI, TAS","26","26.3","92.7"
"109","GO:1901700","response to oxygen-containing compound","IEA, IEP, IDA","30","30.3","93.5"
"110","GO:0042127","regulation of cell proliferation","IEA, TAS, IDA","28","28.3","93.1"
"111","GO:0044700","single organism signaling","IEA, IMP, IDA, IGI, TAS","26","26.3","92.7"
"112","GO:0023052","signaling","IEA, IMP, IDA, IGI, TAS","26","26.3","92.7"
"113","GO:0007154","cell communication","IEA, IMP, IDA, IGI, TAS","26","26.3","92.7"
"114","GO:0023051","regulation of signaling","IEA, NAS, IMP, IGI, IDA","23","23.2","92.1"
"115","GO:0010646","regulation of cell communication","IEA, NAS, IMP, IGI, IDA","23","23.2","92.1"
"116","GO:0033993","response to lipid","IEA, IEP, IDA","30","30.3","93.5"
"117","GO:0010627","regulation of intracellular protein kinase cascade","IEA, NAS, IMP, IGI, IDA","23","23.2","92.1"
"118","GO:0002237","response to molecule of bacterial origin","IEA, IEP, IDA","30","30.3","93.5"
"119","GO:0009966","regulation of signal transduction","IEA, NAS, IMP, IGI, IDA","23","23.2","92.1"
"120","GO:0032879","regulation of localization","IEA, NAS, IMP, IDA","23","23.2","92.1"
"121","GO:0032496","response to lipopolysaccharide","IEA, IEP, IDA","30","30.3","93.5"
"122","GO:0023056","positive regulation of signaling","IEA, NAS, IMP, IGI, IDA","23","23.2","92.1"
"123","GO:0010647","positive regulation of cell communication","IEA, NAS, IMP, IGI, IDA","23","23.2","92.1"
"124","GO:0008219","cell death","IEA, TAS, IGI, IDA","24","24.2","92.3"
"125","GO:0007166","cell surface receptor signaling pathway","IEA, IMP, IGI, IDA","23","23.2","92.1"
"126","GO:0006915","apoptotic process","IEA, TAS, IGI, IDA","24","24.2","92.3"
"127","GO:0050793","regulation of developmental process","IEA, NAS, IMP, IDA","23","23.2","92.1"
"128","GO:0009967","positive regulation of signal transduction","IEA, NAS, IGI, IDA","23","23.2","92.1"
"129","GO:0012501","programmed cell death","IEA, TAS, IGI, IDA","24","24.2","92.3"
"130","GO:0016265","death","IEA, TAS, IGI, IDA","24","24.2","92.3"
"131","GO:0010740","positive regulation of intracellular protein kinase cascade","IEA, NAS, IGI, IDA","23","23.2","92.1"
"132","GO:0051049","regulation of transport","IEA, IMP, IDA","23","23.2","92.1"
"133","GO:0051223","regulation of protein transport","IEA, IMP, IDA","23","23.2","92.1"
"134","GO:0070201","regulation of establishment of protein localization","IEA, IMP, IDA","23","23.2","92.1"
"135","GO:0043410","positive regulation of MAPK cascade","IEA, NAS, IDA","23","23.2","92.1"
"136","GO:0071310","cellular response to organic substance","IEA, IMP, IDA","23","23.2","92.1"
"137","GO:0043408","regulation of MAPK cascade","IEA, NAS, IDA","23","23.2","92.1"
"138","GO:0070887","cellular response to chemical stimulus","IEA, IMP, IDA","23","23.2","92.1"
"139","GO:0032880","regulation of protein localization","IEA, IMP, IDA","23","23.2","92.1"
"140","GO:0043122","regulation of I-kappaB kinase/NF-kappaB cascade","IEA, IMP, IGI, IDA","23","23.2","92.1"
"141","GO:0012502","induction of programmed cell death","IEA, IDA, TAS","25","25.3","92.5"
"142","GO:0006917","induction of apoptosis","IEA, IDA, TAS","25","25.3","92.5"
"143","GO:1901698","response to nitrogen compound","IEA, IDA","25","25.3","92.5"
"144","GO:0045595","regulation of cell differentiation","IEA, NAS, IDA","23","23.2","92.1"
"145","GO:0051093","negative regulation of developmental process","IEA, NAS, IDA","23","23.2","92.1"
"146","GO:0035556","intracellular signal transduction","IEA, IMP, IGI, IDA","23","23.2","92.1"
"147","GO:0009889","regulation of biosynthetic process","IEA, ISO, IDA","23","23.2","92.1"
"148","GO:0010556","regulation of macromolecule biosynthetic process","IEA, ISO, IDA","23","23.2","92.1"
"149","GO:0060341","regulation of cellular localization","IEA, IMP, IDA","23","23.2","92.1"
"150","GO:2000112","regulation of cellular macromolecule biosynthetic process","IEA, ISO, IDA","23","23.2","92.1"
"151","GO:0019219","regulation of nucleobase-containing compound metabolic process","IEA, ISO, IDA","23","23.2","92.1"
"152","GO:2000026","regulation of multicellular organismal development","IEA, IMP, IDA","23","23.2","92.1"
"153","GO:2000027","regulation of organ morphogenesis","IEA, IMP, IDA","23","23.2","92.1"
"154","GO:0051051","negative regulation of transport","IEA, IDA","23","23.2","92.1"
"155","GO:0051050","positive regulation of transport","IEA, IMP, IDA","23","23.2","92.1"
"156","GO:2001141","regulation of RNA biosynthetic process","IEA, ISO, IDA","23","23.2","92.1"
"157","GO:0022603","regulation of anatomical structure morphogenesis","IEA, IMP, IDA","23","23.2","92.1"
"158","GO:0060688","regulation of morphogenesis of a branching structure","IEA, IMP, IDA","23","23.2","92.1"
"159","GO:0051222","positive regulation of protein transport","IEA, IMP, IDA","23","23.2","92.1"
"160","GO:0019222","regulation of metabolic process","IEA, ISO, IDA","23","23.2","92.1"
"161","GO:0080090","regulation of primary metabolic process","IEA, ISO, IDA","23","23.2","92.1"
"162","GO:0006355","regulation of transcription, DNA-dependent","IEA, ISO, IDA","23","23.2","92.1"
"163","GO:0051252","regulation of RNA metabolic process","IEA, ISO, IDA","23","23.2","92.1"
"164","GO:0051171","regulation of nitrogen compound metabolic process","IEA, ISO, IDA","23","23.2","92.1"
"165","GO:0060255","regulation of macromolecule metabolic process","IEA, ISO, IDA","23","23.2","92.1"
"166","GO:0065009","regulation of molecular function","IEA, ISO, IDA","23","23.2","92.1"
"167","GO:0031326","regulation of cellular biosynthetic process","IEA, ISO, IDA","23","23.2","92.1"
"168","GO:0031323","regulation of cellular metabolic process","IEA, ISO, IDA","23","23.2","92.1"
"169","GO:0010468","regulation of gene expression","IEA, ISO, IDA","23","23.2","92.1"
"170","GO:0033157","regulation of intracellular protein transport","IEA, IMP, IDA","23","23.2","92.1"
"171","GO:0051046","regulation of secretion","IEA, IDA","23","23.2","92.1"
"172","GO:0002700","regulation of production of molecular mediator of immune response","IEA, IDA","23","23.2","92.1"
"173","GO:0032388","positive regulation of intracellular transport","IEA, IMP, IDA","23","23.2","92.1"
"174","GO:0000165","MAPK cascade","IEA, IMP, IGI","23","23.2","92.1"
"175","GO:0042325","regulation of phosphorylation","IEA, IDA","23","23.2","92.1"
"176","GO:0051130","positive regulation of cellular component organization","IEA, IMP, IDA","23","23.2","92.1"
"177","GO:0009892","negative regulation of metabolic process","IEA, IDA","23","23.2","92.1"
"178","GO:0009893","positive regulation of metabolic process","IEA, IDA","23","23.2","92.1"
"179","GO:0009890","negative regulation of biosynthetic process","IEA, IDA","23","23.2","92.1"
"180","GO:0009891","positive regulation of biosynthetic process","IEA, IDA","23","23.2","92.1"
"181","GO:0051254","positive regulation of RNA metabolic process","IEA, IDA","23","23.2","92.1"
"182","GO:0046824","positive regulation of nucleocytoplasmic transport","IEA, IMP, IDA","23","23.2","92.1"
"183","GO:0010557","positive regulation of macromolecule biosynthetic process","IEA, IDA","23","23.2","92.1"
"184","GO:0010558","negative regulation of macromolecule biosynthetic process","IEA, IDA","23","23.2","92.1"
"185","GO:0051128","regulation of cellular component organization","IEA, IMP, IDA","23","23.2","92.1"
"186","GO:0032675","regulation of interleukin-6 production","IEA, IDA","23","23.2","92.1"
"187","GO:0050900","leukocyte migration","IEA, IDA","23","23.2","92.1"
"188","GO:0097190","apoptotic signaling pathway","IEA, IGI, IDA","23","23.2","92.1"
"189","GO:0097191","extrinsic apoptotic signaling pathway","IEA, IGI, IDA","23","23.2","92.1"
"190","GO:0040011","locomotion","IEA, IDA","23","23.2","92.1"
"191","GO:1901701","cellular response to oxygen-containing compound","IEA, IDA","23","23.2","92.1"
"192","GO:1902105","regulation of leukocyte differentiation","IEA, IDA","23","23.2","92.1"
"193","GO:2000113","negative regulation of cellular macromolecule biosynthetic process","IEA, IDA","23","23.2","92.1"
"194","GO:0042993","positive regulation of transcription factor import into nucleus","IEA, IMP, IDA","23","23.2","92.1"
"195","GO:0042990","regulation of transcription factor import into nucleus","IEA, IMP, IDA","23","23.2","92.1"
"196","GO:0010629","negative regulation of gene expression","IEA, IDA","23","23.2","92.1"
"197","GO:0010628","positive regulation of gene expression","IEA, IDA","23","23.2","92.1"
"198","GO:0002761","regulation of myeloid leukocyte differentiation","IEA, IDA","23","23.2","92.1"
"199","GO:0050790","regulation of catalytic activity","IEA, IDA","23","23.2","92.1"
"200","GO:0051336","regulation of hydrolase activity","IEA, IDA","23","23.2","92.1"
"201","GO:0046822","regulation of nucleocytoplasmic transport","IEA, IMP, IDA","23","23.2","92.1"
"202","GO:0033043","regulation of organelle organization","IEA, IMP, IDA","23","23.2","92.1"
"203","GO:0051247","positive regulation of protein metabolic process","IEA, IDA","23","23.2","92.1"
"204","GO:0051246","regulation of protein metabolic process","IEA, IDA","23","23.2","92.1"
"205","GO:0031399","regulation of protein modification process","IEA, IDA","23","23.2","92.1"
"206","GO:0045935","positive regulation of nucleobase-containing compound metabolic process","IEA, IDA","23","23.2","92.1"
"207","GO:0045934","negative regulation of nucleobase-containing compound metabolic process","IEA, IDA","23","23.2","92.1"
"208","GO:0045893","positive regulation of transcription, DNA-dependent","IEA, IDA","23","23.2","92.1"
"209","GO:0019220","regulation of phosphate metabolic process","IEA, IDA","23","23.2","92.1"
"210","GO:0032386","regulation of intracellular transport","IEA, IMP, IDA","23","23.2","92.1"
"211","GO:0010243","response to organonitrogen compound","IEA, IDA","23","23.2","92.1"
"212","GO:0006928","cellular component movement","IEA, IDA","23","23.2","92.1"
"213","GO:0051674","localization of cell","IEA, IDA","23","23.2","92.1"
"214","GO:0016477","cell migration","IEA, IDA","23","23.2","92.1"
"215","GO:0006954","inflammatory response","IEA, IMP, TAS","24","24.2","92.3"
"216","GO:0042307","positive regulation of protein import into nucleus","IEA, IMP, IDA","23","23.2","92.1"
"217","GO:0042306","regulation of protein import into nucleus","IEA, IMP, IDA","23","23.2","92.1"
"218","GO:1900180","regulation of protein localization to nucleus","IEA, IMP, IDA","23","23.2","92.1"
"219","GO:0009719","response to endogenous stimulus","IEA, IDA","23","23.2","92.1"
"220","GO:0032270","positive regulation of cellular protein metabolic process","IEA, IDA","23","23.2","92.1"
"221","GO:0051253","negative regulation of RNA metabolic process","IEA, IDA","23","23.2","92.1"
"222","GO:0071704","organic substance metabolic process","IEA, IDA","23","23.2","92.1"
"223","GO:0051174","regulation of phosphorus metabolic process","IEA, IDA","23","23.2","92.1"
"224","GO:0051172","negative regulation of nitrogen compound metabolic process","IEA, IDA","23","23.2","92.1"
"225","GO:0051173","positive regulation of nitrogen compound metabolic process","IEA, IDA","23","23.2","92.1"
"226","GO:0051179","localization","IEA, IDA","23","23.2","92.1"
"227","GO:0045123","cellular extravasation","IEA, IDA","23","23.2","92.1"
"228","GO:0071495","cellular response to endogenous stimulus","IEA, IDA","23","23.2","92.1"
"229","GO:0071417","cellular response to organonitrogen compound","IEA, IDA","23","23.2","92.1"
"230","GO:0010605","negative regulation of macromolecule metabolic process","IEA, IDA","23","23.2","92.1"
"231","GO:0010604","positive regulation of macromolecule metabolic process","IEA, IDA","23","23.2","92.1"
"232","GO:0009611","response to wounding","IEA, IMP, TAS","24","24.2","92.3"
"233","GO:0048870","cell motility","IEA, IDA","23","23.2","92.1"
"234","GO:0050708","regulation of protein secretion","IEA, IDA","23","23.2","92.1"
"235","GO:0008152","metabolic process","IEA, IDA","23","23.2","92.1"
"236","GO:1901699","cellular response to nitrogen compound","IEA, IDA","23","23.2","92.1"
"237","GO:0045637","regulation of myeloid cell differentiation","IEA, IDA","23","23.2","92.1"
"238","GO:0045892","negative regulation of transcription, DNA-dependent","IEA, IDA","23","23.2","92.1"
"239","GO:0032268","regulation of cellular protein metabolic process","IEA, IDA","23","23.2","92.1"
"240","GO:0007243","intracellular protein kinase cascade","IEA, IMP, IGI","23","23.2","92.1"
"241","GO:0051094","positive regulation of developmental process","IEA, IMP, IDA","23","23.2","92.1"
"242","GO:0031328","positive regulation of cellular biosynthetic process","IEA, IDA","23","23.2","92.1"
"243","GO:0031327","negative regulation of cellular biosynthetic process","IEA, IDA","23","23.2","92.1"
"244","GO:0031325","positive regulation of cellular metabolic process","IEA, IDA","23","23.2","92.1"
"245","GO:0031324","negative regulation of cellular metabolic process","IEA, IDA","23","23.2","92.1"
"246","GO:0090316","positive regulation of intracellular protein transport","IEA, IMP, IDA","23","23.2","92.1"
"247","GO:0045670","regulation of osteoclast differentiation","IEA, IDA","23","23.2","92.1"
"248","GO:0001932","regulation of protein phosphorylation","IEA, IDA","23","23.2","92.1"
"249","GO:0008284","positive regulation of cell proliferation","IEA, TAS, IDA","24","24.2","92.3"
"250","GO:0097285","cell-type specific apoptotic process","IEA, TAS, IDA","24","24.2","92.3"
"251","GO:0043123","positive regulation of I-kappaB kinase/NF-kappaB cascade","IEA, IGI, IDA","22","22.2","91.8"
"252","GO:0006927","transformed cell apoptotic process","IEA, TAS, IDA","24","24.2","92.3"
"253","GO:0009615","response to virus","IEA, IDA","25","25.3","92.5"
"254","GO:0014070","response to organic cyclic compound","IEA, IDA","25","25.3","92.5"
"255","GO:0002673","regulation of acute inflammatory response","IEA, ISS, IDA","22","22.2","91.8"
"256","GO:0002675","positive regulation of acute inflammatory response","IEA, ISS, IDA","22","22.2","91.8"
"257","GO:0071345","cellular response to cytokine stimulus","IEA, IMP, IDA","22","22.2","91.8"
"258","GO:0033209","tumor necrosis factor-mediated signaling pathway","IEA, IMP, IDA","22","22.2","91.8"
"259","GO:0031652","positive regulation of heat generation","IEA, ISS, IDA","22","22.2","91.8"
"260","GO:0031650","regulation of heat generation","IEA, ISS, IDA","22","22.2","91.8"
"261","GO:0000122","negative regulation of transcription from RNA polymerase II promoter","IEA, IDA","22","22.2","91.8"
"262","GO:0044093","positive regulation of molecular function","IEA, ISO, IDA","23","23.2","92.1"
"263","GO:0031622","positive regulation of fever generation","IEA, ISS, IDA","22","22.2","91.8"
"264","GO:0031620","regulation of fever generation","IEA, ISS, IDA","22","22.2","91.8"
"265","GO:0042346","positive regulation of NF-kappaB import into nucleus","IEA, IMP, IDA","22","22.2","91.8"
"266","GO:0042345","regulation of NF-kappaB import into nucleus","IEA, IMP, IDA","22","22.2","91.8"
"267","GO:0045596","negative regulation of cell differentiation","IEA, NAS, IDA","22","22.2","91.8"
"268","GO:0044237","cellular metabolic process","IEA, IDA","23","23.2","92.1"
"269","GO:0019221","cytokine-mediated signaling pathway","IEA, IMP, IDA","22","22.2","91.8"
"270","GO:0032846","positive regulation of homeostatic process","IEA, ISS, IDA","22","22.2","91.8"
"271","GO:0032844","regulation of homeostatic process","IEA, ISS, IDA","22","22.2","91.8"
"272","GO:0051090","regulation of sequence-specific DNA binding transcription factor activity","IEA, ISO, IDA","23","23.2","92.1"
"273","GO:0034097","response to cytokine stimulus","IEA, IMP, IDA","22","22.2","91.8"
"274","GO:0006357","regulation of transcription from RNA polymerase II promoter","IEA, IDA","22","22.2","91.8"
"275","GO:0008625","extrinsic apoptotic signaling pathway via death domain receptors","IEA, IGI, IDA","22","22.2","91.8"
"276","GO:0034612","response to tumor necrosis factor","IEA, IMP, IDA","22","22.2","91.8"
"277","GO:0009058","biosynthetic process","IEA, IDA","23","23.2","92.1"
"278","GO:1901576","organic substance biosynthetic process","IEA, IDA","23","23.2","92.1"
"279","GO:0071356","cellular response to tumor necrosis factor","IEA, IMP, IDA","22","22.2","91.8"
"280","GO:0051092","positive regulation of NF-kappaB transcription factor activity","IEA, ISO, IDA","23","23.2","92.1"
"281","GO:0051091","positive regulation of sequence-specific DNA binding transcription factor activity","IEA, ISO, IDA","23","23.2","92.1"
"282","GO:0045944","positive regulation of transcription from RNA polymerase II promoter","IEA, IDA","22","22.2","91.8"
"283","GO:0051169","nuclear transport","IEA, IDA","23","23.2","92.1"
"284","GO:0051043","regulation of membrane protein ectodomain proteolysis","IEA, IDA","23","23.2","92.1"
"285","GO:0051044","positive regulation of membrane protein ectodomain proteolysis","IEA, IDA","23","23.2","92.1"
"286","GO:0051047","positive regulation of secretion","IEA, IDA","23","23.2","92.1"
"287","GO:0051048","negative regulation of secretion","IEA, IDA","23","23.2","92.1"
"288","GO:0060545","positive regulation of necroptosis","IEA, IDA","23","23.2","92.1"
"289","GO:0060544","regulation of necroptosis","IEA, IDA","23","23.2","92.1"
"290","GO:0060548","negative regulation of cell death","IEA, IDA","23","23.2","92.1"
"291","GO:0045859","regulation of protein kinase activity","IEA, IDA","23","23.2","92.1"
"292","GO:0042327","positive regulation of phosphorylation","IEA, IDA","23","23.2","92.1"
"293","GO:0045862","positive regulation of proteolysis","IEA, IDA","23","23.2","92.1"
"294","GO:0042035","regulation of cytokine biosynthetic process","IEA, IDA","23","23.2","92.1"
"295","GO:0009896","positive regulation of catabolic process","IEA, IDA","23","23.2","92.1"
"296","GO:0009894","regulation of catabolic process","IEA, IDA","23","23.2","92.1"
"297","GO:0009895","negative regulation of catabolic process","IEA, IDA","23","23.2","92.1"
"298","GO:0048568","embryonic organ development","IEA, IEP","23","23.2","92.1"
"299","GO:0071902","positive regulation of protein serine/threonine kinase activity","IEA, IDA","23","23.2","92.1"
"300","GO:0051224","negative regulation of protein transport","IEA, IDA","23","23.2","92.1"
"301","GO:0051341","regulation of oxidoreductase activity","IEA, IDA","23","23.2","92.1"
"302","GO:0051347","positive regulation of transferase activity","IEA, IDA","23","23.2","92.1"
"303","GO:0051345","positive regulation of hydrolase activity","IEA, IDA","23","23.2","92.1"
"304","GO:0006886","intracellular protein transport","IEA, IDA","23","23.2","92.1"
"305","GO:2000010","positive regulation of protein localization to cell surface","IEA, IDA","23","23.2","92.1"
"306","GO:0050710","negative regulation of cytokine secretion","IEA, IDA","23","23.2","92.1"
"307","GO:0050715","positive regulation of cytokine secretion","IEA, IDA","23","23.2","92.1"
"308","GO:0050714","positive regulation of protein secretion","IEA, IDA","23","23.2","92.1"
"309","GO:0035094","response to nicotine","IEA, IDA","23","23.2","92.1"
"310","GO:0051532","regulation of NFAT protein import into nucleus","IEA, IDA","23","23.2","92.1"
"311","GO:0051533","positive regulation of NFAT protein import into nucleus","IEA, IDA","23","23.2","92.1"
"312","GO:0048545","response to steroid hormone stimulus","IEA, IDA","23","23.2","92.1"
"313","GO:0042176","regulation of protein catabolic process","IEA, IDA","23","23.2","92.1"
"314","GO:0043244","regulation of protein complex disassembly","IEA, IDA","23","23.2","92.1"
"315","GO:0043243","positive regulation of protein complex disassembly","IEA, IDA","23","23.2","92.1"
"316","GO:0009653","anatomical structure morphogenesis","IEA, IMP, IDA","22","22.2","91.8"
"317","GO:0045071","negative regulation of viral genome replication","IEA, IDA","23","23.2","92.1"
"318","GO:0045073","regulation of chemokine biosynthetic process","IEA, IDA","23","23.2","92.1"
"319","GO:0032677","regulation of interleukin-8 production","IEA, IDA","23","23.2","92.1"
"320","GO:0008283","cell proliferation","IEA, IDA, TAS","23","23.2","92.1"
"321","GO:0046883","regulation of hormone secretion","IEA, IDA","23","23.2","92.1"
"322","GO:0002739","regulation of cytokine secretion involved in immune response","IEA, IDA","23","23.2","92.1"
"323","GO:0046889","positive regulation of lipid biosynthetic process","IEA, IDA","23","23.2","92.1"
"324","GO:0061046","regulation of branching involved in lung morphogenesis","IEA, IDA","23","23.2","92.1"
"325","GO:0022407","regulation of cell-cell adhesion","IEA, IDA","23","23.2","92.1"
"326","GO:0010827","regulation of glucose transport","IEA, IDA","22","22.2","91.8"
"327","GO:0050901","leukocyte tethering or rolling","IEA, IDA","23","23.2","92.1"
"328","GO:0061048","negative regulation of branching involved in lung morphogenesis","IEA, IDA","23","23.2","92.1"
"329","GO:0010829","negative regulation of glucose transport","IEA, IDA","22","22.2","91.8"
"330","GO:0022409","positive regulation of cell-cell adhesion","IEA, IDA","23","23.2","92.1"
"331","GO:2000116","regulation of cysteine-type endopeptidase activity","IEA, IDA","23","23.2","92.1"
"332","GO:0032715","negative regulation of interleukin-6 production","IEA, IDA","23","23.2","92.1"
"333","GO:0043066","negative regulation of apoptotic process","IEA, IDA","23","23.2","92.1"
"334","GO:0043069","negative regulation of programmed cell death","IEA, IDA","23","23.2","92.1"
"335","GO:0019216","regulation of lipid metabolic process","IEA, IDA","23","23.2","92.1"
"336","GO:0019218","regulation of steroid metabolic process","IEA, IDA","23","23.2","92.1"
"337","GO:0045080","positive regulation of chemokine biosynthetic process","IEA, IDA","23","23.2","92.1"
"338","GO:0044765","single-organism transport","IEA, IDA","23","23.2","92.1"
"339","GO:0010950","positive regulation of endopeptidase activity","IEA, IDA","23","23.2","92.1"
"340","GO:0010952","positive regulation of peptidase activity","IEA, IDA","23","23.2","92.1"
"341","GO:0048566","embryonic digestive tract development","IEA, IEP","23","23.2","92.1"
"342","GO:0050995","negative regulation of lipid catabolic process","IEA, IDA","23","23.2","92.1"
"343","GO:1902107","positive regulation of leukocyte differentiation","IEA, IDA","23","23.2","92.1"
"344","GO:0043112","receptor metabolic process","IEA, IDA","23","23.2","92.1"
"345","GO:0034116","positive regulation of heterotypic cell-cell adhesion","IEA, IDA","23","23.2","92.1"
"346","GO:0008104","protein localization","IEA, IDA","23","23.2","92.1"
"347","GO:0032147","activation of protein kinase activity","IEA, IDA","23","23.2","92.1"
"348","GO:0019915","lipid storage","IEA, IDA","23","23.2","92.1"
"349","GO:0045785","positive regulation of cell adhesion","IEA, IDA","23","23.2","92.1"
"350","GO:0033036","macromolecule localization","IEA, IDA","23","23.2","92.1"
"351","GO:0031663","lipopolysaccharide-mediated signaling pathway","IEA, IDA","23","23.2","92.1"
"352","GO:0046325","negative regulation of glucose import","IEA, IDA","22","22.2","91.8"
"353","GO:0046324","regulation of glucose import","IEA, IDA","22","22.2","91.8"
"354","GO:0002763","positive regulation of myeloid leukocyte differentiation","IEA, IDA","23","23.2","92.1"
"355","GO:0044260","cellular macromolecule metabolic process","IEA, IDA","23","23.2","92.1"
"356","GO:0050792","regulation of viral process","IEA, IDA","23","23.2","92.1"
"357","GO:0032768","regulation of monooxygenase activity","IEA, IDA","23","23.2","92.1"
"358","GO:0050796","regulation of insulin secretion","IEA, IDA","23","23.2","92.1"
"359","GO:0051235","maintenance of location","IEA, IDA","23","23.2","92.1"
"360","GO:0051338","regulation of transferase activity","IEA, IDA","23","23.2","92.1"
"361","GO:0051170","nuclear import","IEA, IDA","23","23.2","92.1"
"362","GO:0051241","negative regulation of multicellular organismal process","IEA, IDA","23","23.2","92.1"
"363","GO:0051649","establishment of localization in cell","IEA, IDA","23","23.2","92.1"
"364","GO:0055123","digestive system development","IEA, IEP","23","23.2","92.1"
"365","GO:0043406","positive regulation of MAP kinase activity","IEA, IDA","23","23.2","92.1"
"366","GO:0043405","regulation of MAP kinase activity","IEA, IDA","23","23.2","92.1"
"367","GO:0048565","digestive tract development","IEA, IEP","23","23.2","92.1"
"368","GO:0071803","positive regulation of podosome assembly","IEA, IDA","23","23.2","92.1"
"369","GO:0071801","regulation of podosome assembly","IEA, IDA","23","23.2","92.1"
"370","GO:0010562","positive regulation of phosphorus metabolic process","IEA, IDA","23","23.2","92.1"
"371","GO:0071396","cellular response to lipid","IEA, IDA","23","23.2","92.1"
"372","GO:0043279","response to alkaloid","IEA, IDA","23","23.2","92.1"
"373","GO:0045069","regulation of viral genome replication","IEA, IDA","23","23.2","92.1"
"374","GO:0002544","chronic inflammatory response","IEA, IMP","23","23.2","92.1"
"375","GO:0033365","protein localization to organelle","IEA, IDA","23","23.2","92.1"
"376","GO:0051384","response to glucocorticoid stimulus","IEA, IDA","23","23.2","92.1"
"377","GO:0016337","cell-cell adhesion","IEA, IDA","23","23.2","92.1"
"378","GO:0033135","regulation of peptidyl-serine phosphorylation","IEA, IDA","23","23.2","92.1"
"379","GO:0050994","regulation of lipid catabolic process","IEA, IDA","23","23.2","92.1"
"380","GO:0046890","regulation of lipid biosynthetic process","IEA, IDA","23","23.2","92.1"
"381","GO:0097202","activation of cysteine-type endopeptidase activity","IEA, IDA","23","23.2","92.1"
"382","GO:0071900","regulation of protein serine/threonine kinase activity","IEA, IDA","23","23.2","92.1"
"383","GO:0000060","protein import into nucleus, translocation","IEA, IDA","23","23.2","92.1"
"384","GO:0045937","positive regulation of phosphate metabolic process","IEA, IDA","23","23.2","92.1"
"385","GO:0052547","regulation of peptidase activity","IEA, IDA","23","23.2","92.1"
"386","GO:0052548","regulation of endopeptidase activity","IEA, IDA","23","23.2","92.1"
"387","GO:0002791","regulation of peptide secretion","IEA, IDA","23","23.2","92.1"
"388","GO:0090087","regulation of peptide transport","IEA, IDA","23","23.2","92.1"
"389","GO:0034114","regulation of heterotypic cell-cell adhesion","IEA, IDA","23","23.2","92.1"
"390","GO:0046136","positive regulation of vitamin metabolic process","IEA, IDA","23","23.2","92.1"
"391","GO:0032722","positive regulation of chemokine production","IEA, IDA","23","23.2","92.1"
"392","GO:0006606","protein import into nucleus","IEA, IDA","23","23.2","92.1"
"393","GO:0006605","protein targeting","IEA, IDA","23","23.2","92.1"
"394","GO:0045184","establishment of protein localization","IEA, IDA","23","23.2","92.1"
"395","GO:0060693","regulation of branching involved in salivary gland morphogenesis","IEA, IMP, IDA","22","22.2","91.8"
"396","GO:0033674","positive regulation of kinase activity","IEA, IDA","23","23.2","92.1"
"397","GO:0002439","chronic inflammatory response to antigenic stimulus","IEA, IMP","23","23.2","92.1"
"398","GO:0043549","regulation of kinase activity","IEA, IDA","23","23.2","92.1"
"399","GO:0002437","inflammatory response to antigenic stimulus","IEA, IMP","23","23.2","92.1"
"400","GO:0071219","cellular response to molecule of bacterial origin","IEA, IDA","23","23.2","92.1"
"401","GO:0071216","cellular response to biotic stimulus","IEA, IDA","23","23.2","92.1"
"402","GO:0006810","transport","IEA, IDA","23","23.2","92.1"
"403","GO:0050810","regulation of steroid biosynthetic process","IEA, IDA","23","23.2","92.1"
"404","GO:0046907","intracellular transport","IEA, IDA","23","23.2","92.1"
"405","GO:0031401","positive regulation of protein modification process","IEA, IDA","23","23.2","92.1"
"406","GO:0032770","positive regulation of monooxygenase activity","IEA, IDA","23","23.2","92.1"
"407","GO:0032800","receptor biosynthetic process","IEA, IDA","23","23.2","92.1"
"408","GO:0030155","regulation of cell adhesion","IEA, IDA","23","23.2","92.1"
"409","GO:2000341","regulation of chemokine (C-X-C motif) ligand 2 production","IEA, IDA","23","23.2","92.1"
"410","GO:0045429","positive regulation of nitric oxide biosynthetic process","IEA, IDA","23","23.2","92.1"
"411","GO:0045428","regulation of nitric oxide biosynthetic process","IEA, IDA","23","23.2","92.1"
"412","GO:0033138","positive regulation of peptidyl-serine phosphorylation","IEA, IDA","23","23.2","92.1"
"413","GO:0045833","negative regulation of lipid metabolic process","IEA, IDA","23","23.2","92.1"
"414","GO:0031331","positive regulation of cellular catabolic process","IEA, IDA","23","23.2","92.1"
"415","GO:0031334","positive regulation of protein complex assembly","IEA, IDA","23","23.2","92.1"
"416","GO:0044744","protein targeting to nucleus","IEA, IDA","23","23.2","92.1"
"417","GO:0030656","regulation of vitamin metabolic process","IEA, IDA","23","23.2","92.1"
"418","GO:0016482","cytoplasmic transport","IEA, IDA","23","23.2","92.1"
"419","GO:0048525","negative regulation of viral process","IEA, IDA","23","23.2","92.1"
"420","GO:0071407","cellular response to organic cyclic compound","IEA, IDA","23","23.2","92.1"
"421","GO:0010470","regulation of gastrulation","IEA, IDA","23","23.2","92.1"
"422","GO:0001818","negative regulation of cytokine production","IEA, IDA","23","23.2","92.1"
"423","GO:0034504","protein localization to nucleus","IEA, IDA","23","23.2","92.1"
"424","GO:0071222","cellular response to lipopolysaccharide","IEA, IDA","23","23.2","92.1"
"425","GO:2001056","positive regulation of cysteine-type endopeptidase activity","IEA, IDA","23","23.2","92.1"
"426","GO:0071312","cellular response to alkaloid","IEA, IDA","23","23.2","92.1"
"427","GO:0071316","cellular response to nicotine","IEA, IDA","23","23.2","92.1"
"428","GO:0071702","organic substance transport","IEA, IDA","23","23.2","92.1"
"429","GO:0006919","activation of cysteine-type endopeptidase activity involved in apoptotic process","IEA, IDA","23","23.2","92.1"
"430","GO:0034613","cellular protein localization","IEA, IDA","23","23.2","92.1"
"431","GO:0006913","nucleocytoplasmic transport","IEA, IDA","23","23.2","92.1"
"432","GO:0009059","macromolecule biosynthetic process","IEA, IDA","23","23.2","92.1"
"433","GO:0002718","regulation of cytokine production involved in immune response","IEA, IDA","23","23.2","92.1"
"434","GO:0051641","cellular localization","IEA, IDA","23","23.2","92.1"
"435","GO:0060553","activation of necroptosis","IEA, IDA","23","23.2","92.1"
"436","GO:0060556","regulation of vitamin D biosynthetic process","IEA, IDA","23","23.2","92.1"
"437","GO:0060557","positive regulation of vitamin D biosynthetic process","IEA, IDA","23","23.2","92.1"
"438","GO:0051234","establishment of localization","IEA, IDA","23","23.2","92.1"
"439","GO:0060555","activation of necroptosis by extracellular signals","IEA, IDA","23","23.2","92.1"
"440","GO:0060558","regulation of calcidiol 1-monooxygenase activity","IEA, IDA","23","23.2","92.1"
"441","GO:0060559","positive regulation of calcidiol 1-monooxygenase activity","IEA, IDA","23","23.2","92.1"
"442","GO:0070727","cellular macromolecule localization","IEA, IDA","23","23.2","92.1"
"443","GO:0010893","positive regulation of steroid biosynthetic process","IEA, IDA","23","23.2","92.1"
"444","GO:0045834","positive regulation of lipid metabolic process","IEA, IDA","23","23.2","92.1"
"445","GO:0043281","regulation of cysteine-type endopeptidase activity involved in apoptotic process","IEA, IDA","23","23.2","92.1"
"446","GO:0043280","positive regulation of cysteine-type endopeptidase activity involved in apoptotic process","IEA, IDA","23","23.2","92.1"
"447","GO:0031960","response to corticosteroid stimulus","IEA, IDA","23","23.2","92.1"
"448","GO:0090276","regulation of peptide hormone secretion","IEA, IDA","23","23.2","92.1"
"449","GO:0030162","regulation of proteolysis","IEA, IDA","23","23.2","92.1"
"450","GO:0045995","regulation of embryonic development","IEA, IDA","23","23.2","92.1"
"451","GO:0010876","lipid localization","IEA, IDA","23","23.2","92.1"
"452","GO:0070587","regulation of cell-cell adhesion involved in gastrulation","IEA, IDA","23","23.2","92.1"
"453","GO:0045416","positive regulation of interleukin-8 biosynthetic process","IEA, IDA","23","23.2","92.1"
"454","GO:0045414","regulation of interleukin-8 biosynthetic process","IEA, IDA","23","23.2","92.1"
"455","GO:0051353","positive regulation of oxidoreductase activity","IEA, IDA","23","23.2","92.1"
"456","GO:2000008","regulation of protein localization to cell surface","IEA, IDA","23","23.2","92.1"
"457","GO:0032642","regulation of chemokine production","IEA, IDA","23","23.2","92.1"
"458","GO:0050709","negative regulation of protein secretion","IEA, IDA","23","23.2","92.1"
"459","GO:0050707","regulation of cytokine secretion","IEA, IDA","23","23.2","92.1"
"460","GO:0065008","regulation of biological quality","IEA, IDA","23","23.2","92.1"
"461","GO:0043254","regulation of protein complex assembly","IEA, IDA","23","23.2","92.1"
"462","GO:0002740","negative regulation of cytokine secretion involved in immune response","IEA, IDA","23","23.2","92.1"
"463","GO:0043491","protein kinase B signaling cascade","IEA, IMP","23","23.2","92.1"
"464","GO:0045732","positive regulation of protein catabolic process","IEA, IDA","23","23.2","92.1"
"465","GO:0045639","positive regulation of myeloid cell differentiation","IEA, IDA","23","23.2","92.1"
"466","GO:2000343","positive regulation of chemokine (C-X-C motif) ligand 2 production","IEA, IDA","23","23.2","92.1"
"467","GO:0009790","embryo development","IEA, IEP","23","23.2","92.1"
"468","GO:0043085","positive regulation of catalytic activity","IEA, IDA","23","23.2","92.1"
"469","GO:0022610","biological adhesion","IEA, IDA","23","23.2","92.1"
"470","GO:0010939","regulation of necrotic cell death","IEA, IDA","23","23.2","92.1"
"471","GO:0017038","protein import","IEA, IDA","23","23.2","92.1"
"472","GO:0045597","positive regulation of cell differentiation","IEA, IDA","23","23.2","92.1"
"473","GO:0009725","response to hormone stimulus","IEA, IDA","23","23.2","92.1"
"474","GO:0043170","macromolecule metabolic process","IEA, IDA","23","23.2","92.1"
"475","GO:0045940","positive regulation of steroid metabolic process","IEA, IDA","23","23.2","92.1"
"476","GO:0045860","positive regulation of protein kinase activity","IEA, IDA","23","23.2","92.1"
"477","GO:0000187","activation of MAPK activity","IEA, IDA","23","23.2","92.1"
"478","GO:0070265","necrotic cell death","IEA, IDA","23","23.2","92.1"
"479","GO:0000185","activation of MAPKKK activity","IEA, IDA","23","23.2","92.1"
"480","GO:0031329","regulation of cellular catabolic process","IEA, IDA","23","23.2","92.1"
"481","GO:0010940","positive regulation of necrotic cell death","IEA, IDA","23","23.2","92.1"
"482","GO:1902115","regulation of organelle assembly","IEA, IDA","23","23.2","92.1"
"483","GO:1902117","positive regulation of organelle assembly","IEA, IDA","23","23.2","92.1"
"484","GO:0042108","positive regulation of cytokine biosynthetic process","IEA, IDA","23","23.2","92.1"
"485","GO:0048660","regulation of smooth muscle cell proliferation","IEA, IDA","23","23.2","92.1"
"486","GO:0048661","positive regulation of smooth muscle cell proliferation","IEA, IDA","23","23.2","92.1"
"487","GO:0007159","leukocyte cell-cell adhesion","IEA, IDA","23","23.2","92.1"
"488","GO:0007155","cell adhesion","IEA, IDA","23","23.2","92.1"
"489","GO:0030730","sequestering of triglyceride","IEA, IDA","23","23.2","92.1"
"490","GO:0044087","regulation of cellular component biogenesis","IEA, IDA","23","23.2","92.1"
"491","GO:0045672","positive regulation of osteoclast differentiation","IEA, IDA","23","23.2","92.1"
"492","GO:0015031","protein transport","IEA, IDA","23","23.2","92.1"
"493","GO:0001934","positive regulation of protein phosphorylation","IEA, IDA","23","23.2","92.1"
"494","GO:0043200","response to amino acid stimulus","IEA, IDA","22","22.2","91.8"
"495","GO:0051346","negative regulation of hydrolase activity","IEA, IDA","22","22.2","91.8"
"496","GO:0044723","single-organism carbohydrate metabolic process","IEA, IDA","22","22.2","91.8"
"497","GO:0035303","regulation of dephosphorylation","IEA, IDA","22","22.2","91.8"
"498","GO:0002521","leukocyte differentiation","IEA, IGI","22","22.2","91.8"
"499","GO:0048869","cellular developmental process","IEA, IGI","22","22.2","91.8"
"500","GO:0030316","osteoclast differentiation","IEA, IGI","22","22.2","91.8"
"501","GO:0002637","regulation of immunoglobulin production","IEA, IDA","22","22.2","91.8"
"502","GO:0043062","extracellular structure organization","IEA, IDA","22","22.2","91.8"
"503","GO:0046330","positive regulation of JNK cascade","IEA, IDA","22","22.2","91.8"
"504","GO:0035272","exocrine system development","IEA, IDA","22","22.2","91.8"
"505","GO:0010692","regulation of alkaline phosphatase activity","IEA, IDA","22","22.2","91.8"
"506","GO:0010693","negative regulation of alkaline phosphatase activity","IEA, IDA","22","22.2","91.8"
"507","GO:0032755","positive regulation of interleukin-6 production","IEA, IDA","22","22.2","91.8"
"508","GO:0045667","regulation of osteoblast differentiation","IEA, IDA","22","22.2","91.8"
"509","GO:0044092","negative regulation of molecular function","IEA, IDA","22","22.2","91.8"
"510","GO:0045668","negative regulation of osteoblast differentiation","IEA, IDA","22","22.2","91.8"
"511","GO:0051023","regulation of immunoglobulin secretion","IEA, IDA","22","22.2","91.8"
"512","GO:0046328","regulation of JNK cascade","IEA, IDA","22","22.2","91.8"
"513","GO:0007435","salivary gland morphogenesis","IEA, IDA","22","22.2","91.8"
"514","GO:0007431","salivary gland development","IEA, IDA","22","22.2","91.8"
"515","GO:0009887","organ morphogenesis","IEA, IMP","22","22.2","91.8"
"516","GO:0019318","hexose metabolic process","IEA, IDA","22","22.2","91.8"
"517","GO:0031098","stress-activated protein kinase signaling cascade","IEA, IGI","22","22.2","91.8"
"518","GO:0070302","regulation of stress-activated protein kinase signaling cascade","IEA, IDA","22","22.2","91.8"
"519","GO:0070304","positive regulation of stress-activated protein kinase signaling cascade","IEA, IDA","22","22.2","91.8"
"520","GO:0048732","gland development","IEA, IDA","22","22.2","91.8"
"521","GO:0006417","regulation of translation","IEA, IDA","22","22.2","91.8"
"522","GO:0044238","primary metabolic process","IEA, IDA","22","22.2","91.8"
"523","GO:0005975","carbohydrate metabolic process","IEA, IDA","22","22.2","91.8"
"524","GO:0071840","cellular component organization or biogenesis","IEA, IDA","22","22.2","91.8"
"525","GO:0060664","epithelial cell proliferation involved in salivary gland morphogenesis","IEA, IDA","22","22.2","91.8"
"526","GO:0045727","positive regulation of translation","IEA, IDA","22","22.2","91.8"
"527","GO:0033554","cellular response to stress","IEA, IGI","22","22.2","91.8"
"528","GO:0005996","monosaccharide metabolic process","IEA, IDA","22","22.2","91.8"
"529","GO:0030278","regulation of ossification","IEA, IDA","22","22.2","91.8"
"530","GO:0010921","regulation of phosphatase activity","IEA, IDA","22","22.2","91.8"
"531","GO:0030154","cell differentiation","IEA, IGI","22","22.2","91.8"
"532","GO:0007254","JNK cascade","IEA, IGI","22","22.2","91.8"
"533","GO:0051798","positive regulation of hair follicle development","IEA, IMP","22","22.2","91.8"
"534","GO:0032872","regulation of stress-activated MAPK cascade","IEA, IDA","22","22.2","91.8"
"535","GO:0032874","positive regulation of stress-activated MAPK cascade","IEA, IDA","22","22.2","91.8"
"536","GO:0050673","epithelial cell proliferation","IEA, IDA","22","22.2","91.8"
"537","GO:0006006","glucose metabolic process","IEA, IDA","22","22.2","91.8"
"538","GO:0080135","regulation of cellular response to stress","IEA, IDA","22","22.2","91.8"
"539","GO:0071229","cellular response to acid","IEA, IDA","22","22.2","91.8"
"540","GO:0002573","myeloid leukocyte differentiation","IEA, IGI","22","22.2","91.8"
"541","GO:0051897","positive regulation of protein kinase B signaling cascade","IEA, IDA","22","22.2","91.8"
"542","GO:0051896","regulation of protein kinase B signaling cascade","IEA, IDA","22","22.2","91.8"
"543","GO:0010608","posttranscriptional regulation of gene expression","IEA, IDA","22","22.2","91.8"
"544","GO:0051797","regulation of hair follicle development","IEA, IMP","22","22.2","91.8"
"545","GO:0010923","negative regulation of phosphatase activity","IEA, IDA","22","22.2","91.8"
"546","GO:0006446","regulation of translational initiation","IEA, IDA","22","22.2","91.8"
"547","GO:0006447","regulation of translational initiation by iron","IEA, IDA","22","22.2","91.8"
"548","GO:0045994","positive regulation of translational initiation by iron","IEA, IDA","22","22.2","91.8"
"549","GO:0030198","extracellular matrix organization","IEA, IDA","22","22.2","91.8"
"550","GO:0071230","cellular response to amino acid stimulus","IEA, IDA","22","22.2","91.8"
"551","GO:0016043","cellular component organization","IEA, IDA","22","22.2","91.8"
"552","GO:0042634","regulation of hair cycle","IEA, IMP","22","22.2","91.8"
"553","GO:0043086","negative regulation of catalytic activity","IEA, IDA","22","22.2","91.8"
"554","GO:0022612","gland morphogenesis","IEA, IDA","22","22.2","91.8"
"555","GO:0001101","response to acid","IEA, IDA","22","22.2","91.8"
"556","GO:0030099","myeloid cell differentiation","IEA, IGI","22","22.2","91.8"
"557","GO:0045948","positive regulation of translational initiation","IEA, IDA","22","22.2","91.8"
"558","GO:0030097","hemopoiesis","IEA, IGI","22","22.2","91.8"
"559","GO:0045682","regulation of epidermis development","IEA, IMP","22","22.2","91.8"
"560","GO:0045684","positive regulation of epidermis development","IEA, IMP","22","22.2","91.8"
"561","GO:0048535","lymph node development","IEA, ISS, IMP","21","21.2","91.6"
"562","GO:0051403","stress-activated MAPK cascade","IEA, IGI","22","22.2","91.8"
"563","GO:0009628","response to abiotic stimulus","IEA, IEP, TAS","9","9.09","87"
"564","GO:0001666","response to hypoxia","IEA, IEP","9","9.09","87"
"565","GO:0009605","response to external stimulus","IEA, IEP","9","9.09","87"
"566","GO:0008285","negative regulation of cell proliferation","IEA, IDA","9","9.09","87"
"567","GO:0042493","response to drug","IEA, IEP","9","9.09","87"
"568","GO:0070482","response to oxygen levels","IEA, IEP","9","9.09","87"
"569","GO:0036293","response to decreased oxygen levels","IEA, IEP","9","9.09","87"
"570","GO:0001889","liver development","IEA, IMP","6","6.06","84.8"
"571","GO:0061008","hepaticobiliary system development","IEA, IMP","6","6.06","84.8"
"572","GO:0048147","negative regulation of fibroblast proliferation","IEA, IDA","5","5.05","83.8"
"573","GO:0048145","regulation of fibroblast proliferation","IEA, IDA","5","5.05","83.8"
"574","GO:0031667","response to nutrient levels","IEA, IEP","5","5.05","83.8"
"575","GO:0007584","response to nutrient","IEA, IEP","5","5.05","83.8"
"576","GO:0009991","response to extracellular stimulus","IEA, IEP","5","5.05","83.8"
"577","GO:0016020","membrane","CURATED, TAS, ISS, BY SIMILARITY, IEA, IDA","75","75.8","98.5"
"578","GO:0005576","extracellular region","IEA, IDA, BY SIMILARITY, CURATED","75","75.8","98.5"
"579","GO:0005615","extracellular space","IEA, IDA","75","75.8","98.5"
"580","GO:0044421","extracellular region part","IEA, IDA","75","75.8","98.5"
"581","GO:0071944","cell periphery","IEA, ISS, TAS, CURATED, IDA","23","23.2","92.1"
"582","GO:0005886","plasma membrane","IEA, ISS, TAS, CURATED, IDA","23","23.2","92.1"
"583","GO:0044464","cell part","IEA, ISS, TAS, CURATED, IDA","23","23.2","92.1"
"584","GO:0005623","cell","IEA, ISS, TAS, CURATED, IDA","23","23.2","92.1"
"585","GO:0044425","membrane part","IEA, ISS, TAS, IDA","23","23.2","92.1"
"586","GO:0044459","plasma membrane part","IEA, ISS, TAS, IDA","23","23.2","92.1"
"587","GO:0031224","intrinsic to membrane","IEA, TAS, IDA","23","23.2","92.1"
"588","GO:0016021","integral to membrane","IEA, TAS, IDA","23","23.2","92.1"
"589","GO:0009986","cell surface","IEA, ISS, IDA","23","23.2","92.1"
"590","GO:0043229","intracellular organelle","IEA, ISS, TAS, IDA","22","22.2","91.8"
"591","GO:0043226","organelle","IEA, ISS, TAS, IDA","22","22.2","91.8"
"592","GO:0005737","cytoplasm","IEA, ISS, TAS, IDA","22","22.2","91.8"
"593","GO:0043227","membrane-bounded organelle","IEA, ISS, TAS, IDA","22","22.2","91.8"
"594","GO:0043231","intracellular membrane-bounded organelle","IEA, ISS, TAS, IDA","22","22.2","91.8"
"595","GO:0005622","intracellular","IEA, ISS, TAS, IDA","22","22.2","91.8"
"596","GO:0044444","cytoplasmic part","IEA, ISS, TAS, IDA","22","22.2","91.8"
"597","GO:0044424","intracellular part","IEA, ISS, TAS, IDA","22","22.2","91.8"
"598","GO:0009897","external side of plasma membrane","IEA, ISS, IDA","22","22.2","91.8"
"599","GO:0055037","recycling endosome","IEA, ISS, IDA","22","22.2","91.8"
"600","GO:0031226","intrinsic to plasma membrane","IEA, TAS, IDA","23","23.2","92.1"
"601","GO:0005887","integral to plasma membrane","IEA, TAS, IDA","23","23.2","92.1"
"602","GO:0001891","phagocytic cup","IEA, ISS, IDA","22","22.2","91.8"
"603","GO:0045121","membrane raft","IEA, IDA","22","22.2","91.8"
"604","GO:0005768","endosome","IEA, ISS, IDA","22","22.2","91.8"
