"","V1","V2","V3","V4","V5","V6"
"1","ID","GO term","Evidence","SeqCount","Frequency","relative_fontsize"
"2","GO:0005488","binding","ISS, IBA, IPI, NAS, IEA, IDA","110","80.3","98.8"
"3","GO:0003676","nucleic acid binding","IEA, IBA, NAS, ISS, IDA","110","80.3","98.8"
"4","GO:0003677","DNA binding","IEA, IBA, NAS, ISS, IDA","110","80.3","98.8"
"5","GO:1901363","heterocyclic compound binding","IEA, IBA, NAS, ISS, IDA","110","80.3","98.8"
"6","GO:0003700","sequence-specific DNA binding transcription factor activity","IEA, IBA, NAS, ISS, IDA","110","80.3","98.8"
"7","GO:0097159","organic cyclic compound binding","IEA, IBA, NAS, ISS, IDA","110","80.3","98.8"
"8","GO:0001071","nucleic acid binding transcription factor activity","IEA, IBA, NAS, ISS, IDA","110","80.3","98.8"
"9","GO:0001067","regulatory region nucleic acid binding","IEA, IDA","109","79.6","98.8"
"10","GO:0044212","transcription regulatory region DNA binding","IEA, IDA","109","79.6","98.8"
"11","GO:0000975","regulatory region DNA binding","IEA, IDA","109","79.6","98.8"
"12","GO:0043565","sequence-specific DNA binding","IEA, IBA, ISS, IDA","27","19.7","91.2"
"13","GO:0003682","chromatin binding","IEA, IBA, ISS, IDA","27","19.7","91.2"
"14","GO:0003684","damaged DNA binding","IEA, IBA, ISS, IDA","27","19.7","91.2"
"15","GO:0001077","RNA polymerase II core promoter proximal region sequence-specific DNA binding transcription factor activity involved in positive regulation of transcription","IEA, IDA","18","13.1","89"
"16","GO:0000982","RNA polymerase II core promoter proximal region sequence-specific DNA binding transcription factor activity","IEA, IDA","18","13.1","89"
"17","GO:0000981","sequence-specific DNA binding RNA polymerase II transcription factor activity","IEA, IDA","18","13.1","89"
"18","GO:0001228","RNA polymerase II transcription regulatory region sequence-specific DNA binding transcription factor activity involved in positive regulation of transcription","IEA, IDA","18","13.1","89"
"19","GO:0043169","cation binding","IEA","13","9.49","87.2"
"20","GO:0043167","ion binding","IEA","13","9.49","87.2"
"21","GO:0046872","metal ion binding","IEA","13","9.49","87.2"
"22","GO:0005515","protein binding","ISS, IBA, IPI","10","7.3","85.8"
"23","GO:0043566","structure-specific DNA binding","ISS, IBA","11","8.03","86.3"
"24","GO:0003690","double-stranded DNA binding","ISS, IBA","11","8.03","86.3"
"25","GO:0002039","p53 binding","ISS, IBA","10","7.3","85.8"
"26","GO:0065007","biological regulation","TAS, ISS, IBA, IMP, NAS, IEA, IGI, IDA","110","80.3","98.8"
"27","GO:0050789","regulation of biological process","TAS, ISS, IBA, IMP, NAS, IEA, IGI, IDA","110","80.3","98.8"
"28","GO:0050794","regulation of cellular process","TAS, ISS, IBA, IMP, NAS, IEA, IGI, IDA","110","80.3","98.8"
"29","GO:0044699","single-organism process","TAS, ISS, IBA, IMP, IEP, IEA, IGI, IDA","110","80.3","98.8"
"30","GO:0006915","apoptotic process","TAS, ISS, IBA, IMP, IEA, IDA","110","80.3","98.8"
"31","GO:0044763","single-organism cellular process","TAS, ISS, IBA, IMP, IEA, IDA","110","80.3","98.8"
"32","GO:0019222","regulation of metabolic process","NAS, ISS, IBA, TAS, IMP, IEA, IDA","110","80.3","98.8"
"33","GO:0009987","cellular process","TAS, ISS, IBA, IMP, IEA, IDA","110","80.3","98.8"
"34","GO:0080090","regulation of primary metabolic process","NAS, ISS, IBA, TAS, IMP, IEA, IDA","110","80.3","98.8"
"35","GO:0060255","regulation of macromolecule metabolic process","NAS, ISS, IBA, TAS, IMP, IEA, IDA","110","80.3","98.8"
"36","GO:0031323","regulation of cellular metabolic process","NAS, ISS, IBA, TAS, IMP, IEA, IDA","110","80.3","98.8"
"37","GO:0010556","regulation of macromolecule biosynthetic process","IMP, ISS, IBA, TAS, NAS, IEA, IDA","110","80.3","98.8"
"38","GO:2000112","regulation of cellular macromolecule biosynthetic process","IMP, ISS, IBA, TAS, NAS, IEA, IDA","110","80.3","98.8"
"39","GO:0019219","regulation of nucleobase-containing compound metabolic process","IMP, ISS, IBA, TAS, NAS, IEA, IDA","110","80.3","98.8"
"40","GO:2001141","regulation of RNA biosynthetic process","IMP, ISS, IBA, TAS, NAS, IEA, IDA","110","80.3","98.8"
"41","GO:0009889","regulation of biosynthetic process","IMP, ISS, IBA, TAS, NAS, IEA, IDA","110","80.3","98.8"
"42","GO:0006355","regulation of transcription, DNA-dependent","IMP, ISS, IBA, TAS, NAS, IEA, IDA","110","80.3","98.8"
"43","GO:0051252","regulation of RNA metabolic process","IMP, ISS, IBA, TAS, NAS, IEA, IDA","110","80.3","98.8"
"44","GO:0051171","regulation of nitrogen compound metabolic process","IMP, ISS, IBA, TAS, NAS, IEA, IDA","110","80.3","98.8"
"45","GO:0031326","regulation of cellular biosynthetic process","IMP, ISS, IBA, TAS, NAS, IEA, IDA","110","80.3","98.8"
"46","GO:0010468","regulation of gene expression","IMP, ISS, IBA, TAS, NAS, IEA, IDA","110","80.3","98.8"
"47","GO:0008219","cell death","TAS, ISS, IBA, IMP, IEA, IDA","110","80.3","98.8"
"48","GO:0012501","programmed cell death","TAS, ISS, IBA, IMP, IEA, IDA","110","80.3","98.8"
"49","GO:0016265","death","TAS, ISS, IBA, IMP, IEA, IDA","110","80.3","98.8"
"50","GO:0006351","transcription, DNA-dependent","IEA, IDA","102","74.5","98.4"
"51","GO:0046483","heterocycle metabolic process","IEA, IMP, IDA, TAS","103","75.2","98.5"
"52","GO:1901360","organic cyclic compound metabolic process","IEA, IMP, IDA, TAS","103","75.2","98.5"
"53","GO:0006807","nitrogen compound metabolic process","IEA, IMP, IDA, TAS","103","75.2","98.5"
"54","GO:0044260","cellular macromolecule metabolic process","IEA, IMP, IDA, TAS","103","75.2","98.5"
"55","GO:0044238","primary metabolic process","IEA, IMP, IDA, TAS","103","75.2","98.5"
"56","GO:0044237","cellular metabolic process","IEA, IMP, IDA, TAS","103","75.2","98.5"
"57","GO:0006139","nucleobase-containing compound metabolic process","IEA, IMP, IDA, TAS","103","75.2","98.5"
"58","GO:0006725","cellular aromatic compound metabolic process","IEA, IMP, IDA, TAS","103","75.2","98.5"
"59","GO:0071704","organic substance metabolic process","IEA, IMP, IDA, TAS","103","75.2","98.5"
"60","GO:0008152","metabolic process","IEA, IMP, IDA, TAS","103","75.2","98.5"
"61","GO:0034641","cellular nitrogen compound metabolic process","IEA, IMP, IDA, TAS","103","75.2","98.5"
"62","GO:0043170","macromolecule metabolic process","IEA, IMP, IDA, TAS","103","75.2","98.5"
"63","GO:0090304","nucleic acid metabolic process","IEA, IMP, IDA, TAS","103","75.2","98.5"
"64","GO:0018130","heterocycle biosynthetic process","IEA, IDA","102","74.5","98.4"
"65","GO:0016070","RNA metabolic process","IEA, IDA","102","74.5","98.4"
"66","GO:1901362","organic cyclic compound biosynthetic process","IEA, IDA","102","74.5","98.4"
"67","GO:0034654","nucleobase-containing compound biosynthetic process","IEA, IDA","102","74.5","98.4"
"68","GO:0044271","cellular nitrogen compound biosynthetic process","IEA, IDA","102","74.5","98.4"
"69","GO:0032774","RNA biosynthetic process","IEA, IDA","102","74.5","98.4"
"70","GO:0009058","biosynthetic process","IEA, IDA","102","74.5","98.4"
"71","GO:0009059","macromolecule biosynthetic process","IEA, IDA","102","74.5","98.4"
"72","GO:0019438","aromatic compound biosynthetic process","IEA, IDA","102","74.5","98.4"
"73","GO:1901576","organic substance biosynthetic process","IEA, IDA","102","74.5","98.4"
"74","GO:0034645","cellular macromolecule biosynthetic process","IEA, IDA","102","74.5","98.4"
"75","GO:0010467","gene expression","IEA, IDA","102","74.5","98.4"
"76","GO:0044249","cellular biosynthetic process","IEA, IDA","102","74.5","98.4"
"77","GO:0051262","protein tetramerization","IEA, IPI","79","57.7","97"
"78","GO:0071840","cellular component organization or biogenesis","IEA, IMP, IPI, IDA","79","57.7","97"
"79","GO:0016043","cellular component organization","IEA, IMP, IPI, IDA","79","57.7","97"
"80","GO:0006461","protein complex assembly","IEA, IPI","79","57.7","97"
"81","GO:0070271","protein complex biogenesis","IEA, IPI","79","57.7","97"
"82","GO:0043933","macromolecular complex subunit organization","IEA, IPI","79","57.7","97"
"83","GO:0022607","cellular component assembly","IEA, IPI","79","57.7","97"
"84","GO:0051259","protein oligomerization","IEA, IPI","79","57.7","97"
"85","GO:0065003","macromolecular complex assembly","IEA, IPI","79","57.7","97"
"86","GO:0071822","protein complex subunit organization","IEA, IPI","79","57.7","97"
"87","GO:0044085","cellular component biogenesis","IEA, IPI","79","57.7","97"
"88","GO:0050896","response to stimulus","TAS, ISS, IBA, IMP, IEP, IEA, IDA","41","29.9","93.5"
"89","GO:0048523","negative regulation of cellular process","IEA, IBA, ISS, IMP, IDA","46","33.6","94.1"
"90","GO:0048519","negative regulation of biological process","IEA, IBA, ISS, IMP, IDA","46","33.6","94.1"
"91","GO:0051716","cellular response to stimulus","TAS, ISS, IBA, IMP, IEA, IDA","41","29.9","93.5"
"92","GO:0032501","multicellular organismal process","IEA, IMP, IDA, IGI, IEP","47","34.3","94.2"
"93","GO:0007275","multicellular organismal development","IEA, IMP, IDA, IGI, IEP","47","34.3","94.2"
"94","GO:0048856","anatomical structure development","IEA, IMP, IDA, IGI, IEP","47","34.3","94.2"
"95","GO:0007165","signal transduction","TAS, ISS, IBA, IMP, IEA, IDA","41","29.9","93.5"
"96","GO:0048731","system development","IEA, IMP, IDA, IGI, IEP","47","34.3","94.2"
"97","GO:0044700","single organism signaling","TAS, ISS, IBA, IMP, IEA, IDA","41","29.9","93.5"
"98","GO:0044707","single-multicellular organism process","IEA, IMP, IDA, IGI, IEP","47","34.3","94.2"
"99","GO:0006950","response to stress","TAS, ISS, IBA, IMP, IEA, IDA","41","29.9","93.5"
"100","GO:0032502","developmental process","IEA, IMP, IDA, IGI, IEP","47","34.3","94.2"
"101","GO:0023052","signaling","TAS, ISS, IBA, IMP, IEA, IDA","41","29.9","93.5"
"102","GO:0007154","cell communication","TAS, ISS, IBA, IMP, IEA, IDA","41","29.9","93.5"
"103","GO:0006974","response to DNA damage stimulus","TAS, ISS, IBA, IMP, IEA, IDA","41","29.9","93.5"
"104","GO:0043067","regulation of programmed cell death","TAS, ISS, IBA, IMP, IEA, IDA","41","29.9","93.5"
"105","GO:0033554","cellular response to stress","TAS, ISS, IBA, IMP, IEA, IDA","41","29.9","93.5"
"106","GO:0042981","regulation of apoptotic process","TAS, ISS, IBA, IMP, IEA, IDA","41","29.9","93.5"
"107","GO:0006357","regulation of transcription from RNA polymerase II promoter","TAS, ISS, IBA, IMP, IEA, IDA","42","30.7","93.6"
"108","GO:0010941","regulation of cell death","TAS, ISS, IBA, IMP, IEA, IDA","41","29.9","93.5"
"109","GO:0009892","negative regulation of metabolic process","IEA, IBA, IMP, ISS, IDA","46","33.6","94.1"
"110","GO:0048522","positive regulation of cellular process","TAS, ISS, IBA, IMP, IEA, IGI, IDA","37","27","92.9"
"111","GO:0048518","positive regulation of biological process","TAS, ISS, IBA, IMP, IEA, IGI, IDA","37","27","92.9"
"112","GO:0010605","negative regulation of macromolecule metabolic process","IEA, IBA, IMP, ISS, IDA","46","33.6","94.1"
"113","GO:0031324","negative regulation of cellular metabolic process","IEA, IBA, IMP, ISS, IDA","46","33.6","94.1"
"114","GO:0097190","apoptotic signaling pathway","TAS, ISS, IBA, IMP, IEA, IDA","41","29.9","93.5"
"115","GO:0044767","single-organism developmental process","IEA, IMP, IDA, IEP","42","30.7","93.6"
"116","GO:0009893","positive regulation of metabolic process","IEA, IBA, IMP, ISS, IDA","37","27","92.9"
"117","GO:0048513","organ development","IEA, IMP, IDA, IEP","41","29.9","93.5"
"118","GO:0010604","positive regulation of macromolecule metabolic process","IEA, IBA, IMP, ISS, IDA","37","27","92.9"
"119","GO:0031325","positive regulation of cellular metabolic process","IEA, IBA, IMP, ISS, IDA","37","27","92.9"
"120","GO:0007399","nervous system development","IEA, IMP, IGI","41","29.9","93.5"
"121","GO:0009653","anatomical structure morphogenesis","IEA, IMP, IDA","41","29.9","93.5"
"122","GO:0048583","regulation of response to stimulus","IEA, IBA, IMP, IDA","38","27.7","93"
"123","GO:0009891","positive regulation of biosynthetic process","ISS, IBA, IEA, IMP, IDA","37","27","92.9"
"124","GO:0010557","positive regulation of macromolecule biosynthetic process","ISS, IBA, IEA, IMP, IDA","37","27","92.9"
"125","GO:0045935","positive regulation of nucleobase-containing compound metabolic process","ISS, IBA, IEA, IMP, IDA","37","27","92.9"
"126","GO:0010628","positive regulation of gene expression","ISS, IBA, IEA, IMP, IDA","37","27","92.9"
"127","GO:0051254","positive regulation of RNA metabolic process","ISS, IBA, IEA, IMP, IDA","37","27","92.9"
"128","GO:0051173","positive regulation of nitrogen compound metabolic process","ISS, IBA, IEA, IMP, IDA","37","27","92.9"
"129","GO:0045893","positive regulation of transcription, DNA-dependent","ISS, IBA, IEA, IMP, IDA","37","27","92.9"
"130","GO:0031328","positive regulation of cellular biosynthetic process","ISS, IBA, IEA, IMP, IDA","37","27","92.9"
"131","GO:0009966","regulation of signal transduction","IEA, IBA, IMP, IDA","37","27","92.9"
"132","GO:0023051","regulation of signaling","IEA, IBA, IMP, IDA","37","27","92.9"
"133","GO:0010646","regulation of cell communication","IEA, IBA, IMP, IDA","37","27","92.9"
"134","GO:0045944","positive regulation of transcription from RNA polymerase II promoter","ISS, IBA, IEA, IDA","37","27","92.9"
"135","GO:0048869","cellular developmental process","IEA, IMP, IDA","36","26.3","92.7"
"136","GO:0030154","cell differentiation","IEA, IMP, IDA","36","26.3","92.7"
"137","GO:0007049","cell cycle","IEA, IBA, IMP, ISS, IDA","30","21.9","91.8"
"138","GO:0043066","negative regulation of apoptotic process","IEA, IBA, IMP, IDA","36","26.3","92.7"
"139","GO:0060548","negative regulation of cell death","IEA, IBA, IMP, IDA","36","26.3","92.7"
"140","GO:0043069","negative regulation of programmed cell death","IEA, IBA, IMP, IDA","36","26.3","92.7"
"141","GO:0043589","skin morphogenesis","IEA, IMP","18","13.1","89"
"142","GO:0048468","cell development","IEA, IMP, IDA","36","26.3","92.7"
"143","GO:0048546","digestive tract morphogenesis","IEA, IMP","35","25.5","92.6"
"144","GO:0055123","digestive system development","IEA, IMP","35","25.5","92.6"
"145","GO:0048565","digestive tract development","IEA, IMP","35","25.5","92.6"
"146","GO:0006996","organelle organization","IEA, IMP, IDA","35","25.5","92.6"
"147","GO:0009890","negative regulation of biosynthetic process","IEA, IBA, ISS, IMP","32","23.4","92.1"
"148","GO:0035556","intracellular signal transduction","TAS, ISS, IBA, IMP, IEA, IDA","27","19.7","91.2"
"149","GO:0072331","signal transduction by p53 class mediator","TAS, ISS, IBA, IMP, IEA, IDA","27","19.7","91.2"
"150","GO:0010558","negative regulation of macromolecule biosynthetic process","IEA, IBA, ISS, IMP","32","23.4","92.1"
"151","GO:2000113","negative regulation of cellular macromolecule biosynthetic process","IEA, IBA, ISS, IMP","32","23.4","92.1"
"152","GO:0010629","negative regulation of gene expression","IEA, IBA, ISS, IMP","32","23.4","92.1"
"153","GO:0045934","negative regulation of nucleobase-containing compound metabolic process","IEA, IBA, ISS, IMP","32","23.4","92.1"
"154","GO:0051253","negative regulation of RNA metabolic process","IEA, IBA, ISS, IMP","32","23.4","92.1"
"155","GO:0051172","negative regulation of nitrogen compound metabolic process","IEA, IBA, ISS, IMP","32","23.4","92.1"
"156","GO:0045892","negative regulation of transcription, DNA-dependent","IEA, IBA, ISS, IMP","32","23.4","92.1"
"157","GO:0031327","negative regulation of cellular biosynthetic process","IEA, IBA, ISS, IMP","32","23.4","92.1"
"158","GO:0008630","intrinsic apoptotic signaling pathway in response to DNA damage","TAS, ISS, IBA, IMP, IEA, IDA","27","19.7","91.2"
"159","GO:0072332","intrinsic apoptotic signaling pathway by p53 class mediator","TAS, ISS, IBA, IMP, IEA, IDA","27","19.7","91.2"
"160","GO:0097193","intrinsic apoptotic signaling pathway","TAS, ISS, IBA, IMP, IEA, IDA","27","19.7","91.2"
"161","GO:0022402","cell cycle process","IEA, IBA, IMP, ISS, IDA","25","18.2","90.8"
"162","GO:0051726","regulation of cell cycle","IEA, IBA, IGI, ISS, IDA","25","18.2","90.8"
"163","GO:0042771","intrinsic apoptotic signaling pathway in response to DNA damage by p53 class mediator","TAS, ISS, IBA, IMP, IEA, IDA","27","19.7","91.2"
"164","GO:0000122","negative regulation of transcription from RNA polymerase II promoter","IEA, IBA, ISS, IMP","27","19.7","91.2"
"165","GO:0043523","regulation of neuron apoptotic process","IEA, IBA, ISS, IDA","25","18.2","90.8"
"166","GO:1901214","regulation of neuron death","IEA, IBA, ISS, IDA","25","18.2","90.8"
"167","GO:0001501","skeletal system development","IEA, IMP","24","17.5","90.5"
"168","GO:0048598","embryonic morphogenesis","IEA, IMP","24","17.5","90.5"
"169","GO:0009790","embryo development","IEA, IMP","24","17.5","90.5"
"170","GO:0009887","organ morphogenesis","IEA, IMP","24","17.5","90.5"
"171","GO:0050793","regulation of developmental process","IEA, IMP","23","16.8","90.3"
"172","GO:0051239","regulation of multicellular organismal process","IEA, IMP","23","16.8","90.3"
"173","GO:0045595","regulation of cell differentiation","IEA, IMP","23","16.8","90.3"
"174","GO:0048584","positive regulation of response to stimulus","IEA, IMP, IDA","23","16.8","90.3"
"175","GO:0023056","positive regulation of signaling","IEA, IMP, IDA","22","16.1","90.1"
"176","GO:2000026","regulation of multicellular organismal development","IEA, IMP","22","16.1","90.1"
"177","GO:0050790","regulation of catalytic activity","IEA, IBA, IMP, IDA","19","13.9","89.3"
"178","GO:0009967","positive regulation of signal transduction","IEA, IMP, IDA","22","16.1","90.1"
"179","GO:0065009","regulation of molecular function","IEA, IBA, IMP, IDA","19","13.9","89.3"
"180","GO:0010647","positive regulation of cell communication","IEA, IMP, IDA","22","16.1","90.1"
"181","GO:0007417","central nervous system development","IEA, IMP, IGI","22","16.1","90.1"
"182","GO:0045596","negative regulation of cell differentiation","IEA, IMP","22","16.1","90.1"
"183","GO:0051093","negative regulation of developmental process","IEA, IMP","22","16.1","90.1"
"184","GO:0045859","regulation of protein kinase activity","IEA, IBA, IMP, IDA","18","13.1","89"
"185","GO:0042325","regulation of phosphorylation","IEA, IBA, IMP, IDA","18","13.1","89"
"186","GO:0071900","regulation of protein serine/threonine kinase activity","IEA, IBA, IMP, IDA","18","13.1","89"
"187","GO:0001655","urogenital system development","IEA, IEP, IMP","21","15.3","89.8"
"188","GO:0043065","positive regulation of apoptotic process","IEA, IMP, IDA, TAS","21","15.3","89.8"
"189","GO:0043068","positive regulation of programmed cell death","IEA, IMP, IDA, TAS","21","15.3","89.8"
"190","GO:0010627","regulation of intracellular protein kinase cascade","IEA, IBA, IMP, IDA","18","13.1","89"
"191","GO:0051338","regulation of transferase activity","IEA, IBA, IMP, IDA","18","13.1","89"
"192","GO:0043405","regulation of MAP kinase activity","IEA, IBA, IMP, IDA","18","13.1","89"
"193","GO:0043408","regulation of MAPK cascade","IEA, IBA, IMP, IDA","18","13.1","89"
"194","GO:0051246","regulation of protein metabolic process","IEA, IBA, IMP, IDA","18","13.1","89"
"195","GO:0031399","regulation of protein modification process","IEA, IBA, IMP, IDA","18","13.1","89"
"196","GO:0019220","regulation of phosphate metabolic process","IEA, IBA, IMP, IDA","18","13.1","89"
"197","GO:0043549","regulation of kinase activity","IEA, IBA, IMP, IDA","18","13.1","89"
"198","GO:0072001","renal system development","IEA, IEP, IMP","21","15.3","89.8"
"199","GO:0051174","regulation of phosphorus metabolic process","IEA, IBA, IMP, IDA","18","13.1","89"
"200","GO:0032268","regulation of cellular protein metabolic process","IEA, IBA, IMP, IDA","18","13.1","89"
"201","GO:0010942","positive regulation of cell death","IEA, IMP, IDA, TAS","21","15.3","89.8"
"202","GO:0001932","regulation of protein phosphorylation","IEA, IBA, IMP, IDA","18","13.1","89"
"203","GO:0000003","reproduction","IEA, IMP, IGI","19","13.9","89.3"
"204","GO:0009888","tissue development","IEA, IMP, IDA","19","13.9","89.3"
"205","GO:0022414","reproductive process","IEA, IMP, IGI","19","13.9","89.3"
"206","GO:0022008","neurogenesis","IEA, IMP","18","13.1","89"
"207","GO:0080134","regulation of response to stress","IEA, IBA, IMP, IDA","19","13.9","89.3"
"208","GO:0080135","regulation of cellular response to stress","IEA, IBA, IMP, IDA","19","13.9","89.3"
"209","GO:0045597","positive regulation of cell differentiation","IEA, IMP","20","14.6","89.6"
"210","GO:0051094","positive regulation of developmental process","IEA, IMP","20","14.6","89.6"
"211","GO:0048699","generation of neurons","IEA, IMP","18","13.1","89"
"212","GO:0030850","prostate gland development","IEA, IMP","18","13.1","89"
"213","GO:0030855","epithelial cell differentiation","IEA, IMP, IDA","18","13.1","89"
"214","GO:0042326","negative regulation of phosphorylation","IEA, IBA, IDA","18","13.1","89"
"215","GO:0048610","cellular process involved in reproduction","IEA, IMP","19","13.9","89.3"
"216","GO:0051348","negative regulation of transferase activity","IEA, IBA, IDA","18","13.1","89"
"217","GO:1901215","negative regulation of neuron death","IEA, IBA, IDA","18","13.1","89"
"218","GO:0045747","positive regulation of Notch signaling pathway","IEA, IMP, IDA","19","13.9","89.3"
"219","GO:0008283","cell proliferation","IEA, IMP, IDA","19","13.9","89.3"
"220","GO:0006469","negative regulation of protein kinase activity","IEA, IBA, IDA","18","13.1","89"
"221","GO:0043524","negative regulation of neuron apoptotic process","IEA, IBA, IDA","18","13.1","89"
"222","GO:0010259","multicellular organismal aging","IEA, IMP","19","13.9","89.3"
"223","GO:0044092","negative regulation of molecular function","IEA, IBA, IDA","18","13.1","89"
"224","GO:0048729","tissue morphogenesis","IEA, IMP, IDA","18","13.1","89"
"225","GO:0046328","regulation of JNK cascade","IEA, IBA, IDA","18","13.1","89"
"226","GO:0043407","negative regulation of MAP kinase activity","IEA, IBA, IDA","18","13.1","89"
"227","GO:0051248","negative regulation of protein metabolic process","IEA, IBA, IDA","18","13.1","89"
"228","GO:0010563","negative regulation of phosphorus metabolic process","IEA, IBA, IDA","18","13.1","89"
"229","GO:0070302","regulation of stress-activated protein kinase signaling cascade","IEA, IBA, IDA","18","13.1","89"
"230","GO:0071901","negative regulation of protein serine/threonine kinase activity","IEA, IBA, IDA","18","13.1","89"
"231","GO:0043588","skin development","IEA, IMP, IDA","18","13.1","89"
"232","GO:0045936","negative regulation of phosphate metabolic process","IEA, IBA, IDA","18","13.1","89"
"233","GO:0001738","morphogenesis of a polarized epithelium","IEA, IMP, IDA","18","13.1","89"
"234","GO:0008593","regulation of Notch signaling pathway","IEA, IMP, IDA","19","13.9","89.3"
"235","GO:0048585","negative regulation of response to stimulus","IEA, IBA, IDA","18","13.1","89"
"236","GO:0009968","negative regulation of signal transduction","IEA, IBA, IDA","18","13.1","89"
"237","GO:0042127","regulation of cell proliferation","IEA, IMP","19","13.9","89.3"
"238","GO:0003006","developmental process involved in reproduction","IEA, IMP","19","13.9","89.3"
"239","GO:0033673","negative regulation of kinase activity","IEA, IBA, IDA","18","13.1","89"
"240","GO:0008544","epidermis development","IEA, IMP, IDA","18","13.1","89"
"241","GO:0032872","regulation of stress-activated MAPK cascade","IEA, IBA, IDA","18","13.1","89"
"242","GO:0031400","negative regulation of protein modification process","IEA, IBA, IDA","18","13.1","89"
"243","GO:0043508","negative regulation of JUN kinase activity","IEA, IBA, IDA","18","13.1","89"
"244","GO:0043506","regulation of JUN kinase activity","IEA, IBA, IDA","18","13.1","89"
"245","GO:0051289","protein homotetramerization","IEA, IPI","19","13.9","89.3"
"246","GO:0010741","negative regulation of intracellular protein kinase cascade","IEA, IBA, IDA","18","13.1","89"
"247","GO:0043409","negative regulation of MAPK cascade","IEA, IBA, IDA","18","13.1","89"
"248","GO:0023057","negative regulation of signaling","IEA, IBA, IDA","18","13.1","89"
"249","GO:0010648","negative regulation of cell communication","IEA, IBA, IDA","18","13.1","89"
"250","GO:0043086","negative regulation of catalytic activity","IEA, IBA, IDA","18","13.1","89"
"251","GO:0060429","epithelium development","IEA, IMP, IDA","18","13.1","89"
"252","GO:0032269","negative regulation of cellular protein metabolic process","IEA, IBA, IDA","18","13.1","89"
"253","GO:0007568","aging","IEA, IMP","19","13.9","89.3"
"254","GO:0002009","morphogenesis of an epithelium","IEA, IMP, IDA","18","13.1","89"
"255","GO:0051260","protein homooligomerization","IEA, IPI","19","13.9","89.3"
"256","GO:0001933","negative regulation of protein phosphorylation","IEA, IBA, IDA","18","13.1","89"
"257","GO:0045137","development of primary sexual characteristics","IEA, IMP","18","13.1","89"
"258","GO:0030856","regulation of epithelial cell differentiation","IEA, IMP","18","13.1","89"
"259","GO:0030857","negative regulation of epithelial cell differentiation","IEA, IMP","18","13.1","89"
"260","GO:0048806","genitalia development","IEA, IMP","18","13.1","89"
"261","GO:0030859","polarized epithelial cell differentiation","IEA, IMP","18","13.1","89"
"262","GO:0060601","lateral sprouting from an epithelium","IEA, IMP","18","13.1","89"
"263","GO:0002053","positive regulation of mesenchymal cell proliferation","IEA, IMP","18","13.1","89"
"264","GO:0007498","mesoderm development","IEA, IMP","18","13.1","89"
"265","GO:0007499","ectoderm and mesoderm interaction","IEA, IMP","18","13.1","89"
"266","GO:0072091","regulation of stem cell proliferation","IEA, IMP","18","13.1","89"
"267","GO:0008284","positive regulation of cell proliferation","IEA, IMP","18","13.1","89"
"268","GO:0035239","tube morphogenesis","IEA, IMP","18","13.1","89"
"269","GO:0006338","chromatin remodeling","IEA, IMP","18","13.1","89"
"270","GO:0022404","molting cycle process","IEA, IMP","18","13.1","89"
"271","GO:0022405","hair cycle process","IEA, IMP","18","13.1","89"
"272","GO:0030540","female genitalia development","IEA, IMP","18","13.1","89"
"273","GO:0051276","chromosome organization","IEA, IMP","18","13.1","89"
"274","GO:0009913","epidermal cell differentiation","IEA, IDA","18","13.1","89"
"275","GO:0035295","tube development","IEA, IMP","18","13.1","89"
"276","GO:0060157","urinary bladder development","IEA, IMP","18","13.1","89"
"277","GO:0002067","glandular epithelial cell differentiation","IEA, IMP","18","13.1","89"
"278","GO:0002064","epithelial cell development","IEA, IDA","18","13.1","89"
"279","GO:0002065","columnar/cuboidal epithelial cell differentiation","IEA, IMP","18","13.1","89"
"280","GO:0030216","keratinocyte differentiation","IEA, IDA","18","13.1","89"
"281","GO:0097285","cell-type specific apoptotic process","IEA, IMP","18","13.1","89"
"282","GO:0016568","chromatin modification","IEA, IMP","18","13.1","89"
"283","GO:0060571","morphogenesis of an epithelial fold","IEA, IMP","18","13.1","89"
"284","GO:0060572","morphogenesis of an epithelial bud","IEA, IMP","18","13.1","89"
"285","GO:0070997","neuron death","IEA, IMP","18","13.1","89"
"286","GO:0036342","post-anal tail morphogenesis","IEA, IMP","18","13.1","89"
"287","GO:0006366","transcription from RNA polymerase II promoter","IEA, IDA","18","13.1","89"
"288","GO:0007569","cell aging","IEA, IMP","18","13.1","89"
"289","GO:0046660","female sex differentiation","IEA, IMP","18","13.1","89"
"290","GO:0007548","sex differentiation","IEA, IMP","18","13.1","89"
"291","GO:0009954","proximal/distal pattern formation","IEA, IMP","18","13.1","89"
"292","GO:0001942","hair follicle development","IEA, IMP","18","13.1","89"
"293","GO:0060197","cloacal septation","IEA, IMP","18","13.1","89"
"294","GO:0048608","reproductive structure development","IEA, IMP","18","13.1","89"
"295","GO:0048730","epidermis morphogenesis","IEA, IMP","18","13.1","89"
"296","GO:0045616","regulation of keratinocyte differentiation","IEA, IMP","18","13.1","89"
"297","GO:0045617","negative regulation of keratinocyte differentiation","IEA, IMP","18","13.1","89"
"298","GO:0048736","appendage development","IEA, IMP","18","13.1","89"
"299","GO:0016331","morphogenesis of embryonic epithelium","IEA, IMP","18","13.1","89"
"300","GO:0030326","embryonic limb morphogenesis","IEA, IMP","18","13.1","89"
"301","GO:0006325","chromatin organization","IEA, IMP","18","13.1","89"
"302","GO:0035112","genitalia morphogenesis","IEA, IMP","18","13.1","89"
"303","GO:0007267","cell-cell signaling","IEA, IMP","18","13.1","89"
"304","GO:0001736","establishment of planar polarity","IEA, IDA","18","13.1","89"
"305","GO:0060537","muscle tissue development","IEA, IMP","18","13.1","89"
"306","GO:0003002","regionalization","IEA, IMP","18","13.1","89"
"307","GO:0035844","cloaca development","IEA, IMP","18","13.1","89"
"308","GO:0007164","establishment of tissue polarity","IEA, IDA","18","13.1","89"
"309","GO:0048645","organ formation","IEA, IMP","18","13.1","89"
"310","GO:0048646","anatomical structure formation involved in morphogenesis","IEA, IMP","18","13.1","89"
"311","GO:0042303","molting cycle","IEA, IMP","18","13.1","89"
"312","GO:0048732","gland development","IEA, IMP","18","13.1","89"
"313","GO:0012502","induction of programmed cell death","IEA, IDA, TAS","18","13.1","89"
"314","GO:0061458","reproductive system development","IEA, IMP","18","13.1","89"
"315","GO:0060742","epithelial cell differentiation involved in prostate gland development","IEA, IMP","18","13.1","89"
"316","GO:0060740","prostate gland epithelium morphogenesis","IEA, IMP","18","13.1","89"
"317","GO:0050673","epithelial cell proliferation","IEA, IDA","18","13.1","89"
"318","GO:0045683","negative regulation of epidermis development","IEA, IMP","18","13.1","89"
"319","GO:0007389","pattern specification process","IEA, IMP","18","13.1","89"
"320","GO:0045605","negative regulation of epidermal cell differentiation","IEA, IMP","18","13.1","89"
"321","GO:0045604","regulation of epidermal cell differentiation","IEA, IMP","18","13.1","89"
"322","GO:0006917","induction of apoptosis","IEA, IDA, TAS","18","13.1","89"
"323","GO:0035108","limb morphogenesis","IEA, IMP","18","13.1","89"
"324","GO:0035107","appendage morphogenesis","IEA, IMP","18","13.1","89"
"325","GO:0009611","response to wounding","IEA, IMP","18","13.1","89"
"326","GO:0060525","prostate glandular acinus development","IEA, IMP","18","13.1","89"
"327","GO:0048485","sympathetic nervous system development","IEA, IMP","18","13.1","89"
"328","GO:0060529","squamous basal epithelial stem cell differentiation involved in prostate gland acinus development","IEA, IMP","18","13.1","89"
"329","GO:0031069","hair follicle morphogenesis","IEA, IMP","18","13.1","89"
"330","GO:0060173","limb development","IEA, IMP","18","13.1","89"
"331","GO:0048483","autonomic nervous system development","IEA, IMP","18","13.1","89"
"332","GO:0061138","morphogenesis of a branching epithelium","IEA, IMP","18","13.1","89"
"333","GO:0048807","female genitalia morphogenesis","IEA, IMP","18","13.1","89"
"334","GO:2000648","positive regulation of stem cell proliferation","IEA, IMP","18","13.1","89"
"335","GO:0043616","keratinocyte proliferation","IEA, IDA","18","13.1","89"
"336","GO:0046545","development of primary female sexual characteristics","IEA, IMP","18","13.1","89"
"337","GO:0042633","hair cycle","IEA, IMP","18","13.1","89"
"338","GO:0035113","embryonic appendage morphogenesis","IEA, IMP","18","13.1","89"
"339","GO:0022612","gland morphogenesis","IEA, IMP","18","13.1","89"
"340","GO:0001763","morphogenesis of a branching structure","IEA, IMP","18","13.1","89"
"341","GO:0060512","prostate gland morphogenesis","IEA, IMP","18","13.1","89"
"342","GO:0060513","prostatic bud formation","IEA, IMP","18","13.1","89"
"343","GO:0045682","regulation of epidermis development","IEA, IMP","18","13.1","89"
"344","GO:0010464","regulation of mesenchymal cell proliferation","IEA, IMP","18","13.1","89"
"345","GO:0048745","smooth muscle tissue development","IEA, IMP","18","13.1","89"
"346","GO:0051402","neuron apoptotic process","IEA, IMP","18","13.1","89"
"347","GO:0042475","odontogenesis of dentin-containing tooth","IEA, IMP","18","13.1","89"
"348","GO:0042476","odontogenesis","IEA, IMP","18","13.1","89"
"349","GO:0008361","regulation of cell size","IEA, IMP","17","12.4","88.7"
"350","GO:0021537","telencephalon development","IEA, IMP","17","12.4","88.7"
"351","GO:0021543","pallium development","IEA, IMP","17","12.4","88.7"
"352","GO:0021766","hippocampus development","IEA, IMP","17","12.4","88.7"
"353","GO:0021761","limbic system development","IEA, IMP","17","12.4","88.7"
"354","GO:0050878","regulation of body fluid levels","IEA, IMP","17","12.4","88.7"
"355","GO:0044765","single-organism transport","IEA, IMP","17","12.4","88.7"
"356","GO:0001836","release of cytochrome c from mitochondria","IEA, IDA","17","12.4","88.7"
"357","GO:0033326","cerebrospinal fluid secretion","IEA, IMP","17","12.4","88.7"
"358","GO:0007005","mitochondrion organization","IEA, IDA","17","12.4","88.7"
"359","GO:0045786","negative regulation of cell cycle","IEA, IDA","17","12.4","88.7"
"360","GO:0045667","regulation of osteoblast differentiation","IEA, IMP","17","12.4","88.7"
"361","GO:0045669","positive regulation of osteoblast differentiation","IEA, IMP","17","12.4","88.7"
"362","GO:0007589","body fluid secretion","IEA, IMP","17","12.4","88.7"
"363","GO:0051234","establishment of localization","IEA, IMP","17","12.4","88.7"
"364","GO:0008637","apoptotic mitochondrial changes","IEA, IDA","17","12.4","88.7"
"365","GO:0045793","positive regulation of cell size","IEA, IMP","17","12.4","88.7"
"366","GO:0032535","regulation of cellular component size","IEA, IMP","17","12.4","88.7"
"367","GO:0090066","regulation of anatomical structure size","IEA, IMP","17","12.4","88.7"
"368","GO:0006810","transport","IEA, IMP","17","12.4","88.7"
"369","GO:0006952","defense response","IEA, IMP","17","12.4","88.7"
"370","GO:0006954","inflammatory response","IEA, IMP","17","12.4","88.7"
"371","GO:0030278","regulation of ossification","IEA, IMP","17","12.4","88.7"
"372","GO:0007050","cell cycle arrest","IEA, IDA","17","12.4","88.7"
"373","GO:0046903","secretion","IEA, IMP","17","12.4","88.7"
"374","GO:0007420","brain development","IEA, IMP","17","12.4","88.7"
"375","GO:0051179","localization","IEA, IMP","17","12.4","88.7"
"376","GO:0030900","forebrain development","IEA, IMP","17","12.4","88.7"
"377","GO:0032941","secretion by tissue","IEA, IMP","17","12.4","88.7"
"378","GO:0030182","neuron differentiation","IEA, IMP","17","12.4","88.7"
"379","GO:0065008","regulation of biological quality","IEA, IMP","17","12.4","88.7"
"380","GO:0009791","post-embryonic development","IEA, IMP","17","12.4","88.7"
"381","GO:0048666","neuron development","IEA, IMP","17","12.4","88.7"
"382","GO:0009314","response to radiation","ISS, IBA, TAS, IMP","11","8.03","86.3"
"383","GO:0009628","response to abiotic stimulus","ISS, IBA, TAS, IMP","11","8.03","86.3"
"384","GO:0009411","response to UV","ISS, IBA, IMP","11","8.03","86.3"
"385","GO:0009416","response to light stimulus","ISS, IBA, IMP","11","8.03","86.3"
"386","GO:0010212","response to ionizing radiation","ISS, IBA, IMP","11","8.03","86.3"
"387","GO:0030330","DNA damage response, signal transduction by p53 class mediator","ISS, IBA, TAS","11","8.03","86.3"
"388","GO:0042770","signal transduction in response to DNA damage","ISS, IBA, TAS","11","8.03","86.3"
"389","GO:0010564","regulation of cell cycle process","ISS, IBA","11","8.03","86.3"
"390","GO:1901990","regulation of mitotic cell cycle phase transition","ISS, IBA","11","8.03","86.3"
"391","GO:1901991","negative regulation of mitotic cell cycle phase transition","ISS, IBA","11","8.03","86.3"
"392","GO:0006978","DNA damage response, signal transduction by p53 class mediator resulting in transcription of p21 class mediator","ISS, IBA","11","8.03","86.3"
"393","GO:0044783","G1 DNA damage checkpoint","ISS, IBA","11","8.03","86.3"
"394","GO:0034644","cellular response to UV","ISS, IBA","11","8.03","86.3"
"395","GO:0071482","cellular response to light stimulus","ISS, IBA","11","8.03","86.3"
"396","GO:0071478","cellular response to radiation","ISS, IBA","11","8.03","86.3"
"397","GO:0031571","mitotic G1 DNA damage checkpoint","ISS, IBA","11","8.03","86.3"
"398","GO:0031570","DNA integrity checkpoint","ISS, IBA","11","8.03","86.3"
"399","GO:0071214","cellular response to abiotic stimulus","ISS, IBA","11","8.03","86.3"
"400","GO:2000134","negative regulation of G1/S transition of mitotic cell cycle","ISS, IBA","11","8.03","86.3"
"401","GO:0010332","response to gamma radiation","ISS, IBA","11","8.03","86.3"
"402","GO:0000077","DNA damage checkpoint","ISS, IBA","11","8.03","86.3"
"403","GO:0000075","cell cycle checkpoint","ISS, IBA","11","8.03","86.3"
"404","GO:0007093","mitotic cell cycle checkpoint","ISS, IBA","11","8.03","86.3"
"405","GO:0007346","regulation of mitotic cell cycle","ISS, IBA","11","8.03","86.3"
"406","GO:1901987","regulation of cell cycle phase transition","ISS, IBA","11","8.03","86.3"
"407","GO:1901988","negative regulation of cell cycle phase transition","ISS, IBA","11","8.03","86.3"
"408","GO:0010165","response to X-ray","ISS, IBA","11","8.03","86.3"
"409","GO:2000045","regulation of G1/S transition of mitotic cell cycle","ISS, IBA","11","8.03","86.3"
"410","GO:0010948","negative regulation of cell cycle process","ISS, IBA","11","8.03","86.3"
"411","GO:0044773","mitotic DNA damage checkpoint","ISS, IBA","11","8.03","86.3"
"412","GO:0044774","mitotic DNA integrity checkpoint","ISS, IBA","11","8.03","86.3"
"413","GO:0042772","DNA damage response, signal transduction resulting in transcription","ISS, IBA","11","8.03","86.3"
"414","GO:0044464","cell part","CURATED, ISS, IBA, BY SIMILARITY, IEA, IDA","110","80.3","98.8"
"415","GO:0005623","cell","CURATED, ISS, IBA, BY SIMILARITY, IEA, IDA","110","80.3","98.8"
"416","GO:0005622","intracellular","CURATED, ISS, IBA, BY SIMILARITY, IEA, IDA","110","80.3","98.8"
"417","GO:0044424","intracellular part","CURATED, ISS, IBA, BY SIMILARITY, IEA, IDA","110","80.3","98.8"
"418","GO:0005634","nucleus","CURATED, ISS, IBA, BY SIMILARITY, IEA, IDA","110","80.3","98.8"
"419","GO:0043229","intracellular organelle","CURATED, ISS, IBA, BY SIMILARITY, IEA, IDA","110","80.3","98.8"
"420","GO:0043226","organelle","CURATED, ISS, IBA, BY SIMILARITY, IEA, IDA","110","80.3","98.8"
"421","GO:0043227","membrane-bounded organelle","CURATED, ISS, IBA, BY SIMILARITY, IEA, IDA","110","80.3","98.8"
"422","GO:0043231","intracellular membrane-bounded organelle","CURATED, ISS, IBA, BY SIMILARITY, IEA, IDA","110","80.3","98.8"
"423","GO:0005737","cytoplasm","CURATED, ISS, IBA, BY SIMILARITY, IEA, IDA","34","24.8","92.4"
"424","GO:0044446","intracellular organelle part","IEA, IBA, ISS, IDA","28","20.4","91.4"
"425","GO:0044422","organelle part","IEA, IBA, ISS, IDA","28","20.4","91.4"
"426","GO:0044444","cytoplasmic part","IEA, IBA, ISS, IDA","28","20.4","91.4"
"427","GO:0031974","membrane-enclosed lumen","IEA, IBA, ISS, IDA","28","20.4","91.4"
"428","GO:0031981","nuclear lumen","IEA, IBA, ISS, IDA","28","20.4","91.4"
"429","GO:0005654","nucleoplasm","IEA, IBA, ISS, IDA","28","20.4","91.4"
"430","GO:0043233","organelle lumen","IEA, IBA, ISS, IDA","28","20.4","91.4"
"431","GO:0070013","intracellular organelle lumen","IEA, IBA, ISS, IDA","28","20.4","91.4"
"432","GO:0044428","nuclear part","IEA, IBA, ISS, IDA","28","20.4","91.4"
"433","GO:0043228","non-membrane-bounded organelle","IEA, IBA, ISS, IDA","27","19.7","91.2"
"434","GO:0000785","chromatin","IEA, IBA, ISS, IDA","27","19.7","91.2"
"435","GO:0005694","chromosome","IEA, IBA, ISS, IDA","27","19.7","91.2"
"436","GO:0043232","intracellular non-membrane-bounded organelle","IEA, IBA, ISS, IDA","27","19.7","91.2"
"437","GO:0044427","chromosomal part","IEA, IBA, ISS, IDA","27","19.7","91.2"
"438","GO:0005794","Golgi apparatus","IEA, IDA","19","13.9","89.3"
"439","GO:0000228","nuclear chromosome","IEA, IDA","17","12.4","88.7"
"440","GO:0044454","nuclear chromosome part","IEA, IDA","17","12.4","88.7"
"441","GO:0000790","nuclear chromatin","IEA, IDA","17","12.4","88.7"
"442","GO:0044451","nucleoplasm part","ISS, IBA","11","8.03","86.3"
"443","GO:0043234","protein complex","ISS, IBA","11","8.03","86.3"
"444","GO:0032991","macromolecular complex","ISS, IBA","11","8.03","86.3"
"445","GO:0005829","cytosol","ISS, IBA","11","8.03","86.3"
"446","GO:0005667","transcription factor complex","ISS, IBA","11","8.03","86.3"
