"","V1","V2","V3","V4","V5","V6"
"1","ID","GO term","Evidence","SeqCount","Frequency","relative_fontsize"
"2","GO:0005488","binding","IEA, ISS, IPI, ISO, IDA","10","3.3","86.5"
"3","GO:0005515","protein binding","IEA, ISS, IPI, ISO, IDA","10","3.3","86.5"
"4","GO:0003676","nucleic acid binding","IEA, ISS, IDA","10","3.3","86.5"
"5","GO:0003677","DNA binding","IEA, ISS, IDA","10","3.3","86.5"
"6","GO:1901363","heterocyclic compound binding","IEA, ISS, IDA","10","3.3","86.5"
"7","GO:0097159","organic cyclic compound binding","IEA, ISS, IDA","10","3.3","86.5"
"8","GO:0046983","protein dimerization activity","IEA, ISS, IPI, IDA","10","3.3","86.5"
"9","GO:0003700","sequence-specific DNA binding transcription factor activity","IEA, TAS, ISO, IDA","6","1.98","83.7"
"10","GO:0140110","GO:0140110","IEA, TAS, ISO, IDA","6","1.98","83.7"
"11","GO:0000981","sequence-specific DNA binding RNA polymerase II transcription factor activity","IEA, TAS, ISO, IDA","5","1.65","82.7"
"12","GO:0042802","identical protein binding","IEA, ISS, IPI, IDA","5","1.65","82.7"
"13","GO:0042803","protein homodimerization activity","IEA, ISS, IPI, IDA","5","1.65","82.7"
"14","GO:0046982","protein heterodimerization activity","IEA, ISS, IPI, IDA","5","1.65","82.7"
"15","GO:0008134","transcription factor binding","IPI, ISO","2","0.66","77.7"
"16","GO:0019904","protein domain specific binding","IEA, IPI","3","0.99","79.9"
"17","GO:0003705","RNA polymerase II distal enhancer sequence-specific DNA binding transcription factor activity","IEA, IDA","3","0.99","79.9"
"18","GO:0001012","RNA polymerase II regulatory region DNA binding","IDA","2","0.66","77.7"
"19","GO:0043425","bHLH transcription factor binding","IPI, ISO","2","0.66","77.7"
"20","GO:0070888","E-box binding","IDA","2","0.66","77.7"
"21","GO:0043565","sequence-specific DNA binding","IDA","2","0.66","77.7"
"22","GO:1990837","GO:1990837","IDA","2","0.66","77.7"
"23","GO:0000987","core promoter proximal region sequence-specific DNA binding","IDA","2","0.66","77.7"
"24","GO:0003690","double-stranded DNA binding","IDA","2","0.66","77.7"
"25","GO:0001067","regulatory region nucleic acid binding","IDA","2","0.66","77.7"
"26","GO:0000978","RNA polymerase II core promoter proximal region sequence-specific DNA binding","IDA","2","0.66","77.7"
"27","GO:0044212","transcription regulatory region DNA binding","IDA","2","0.66","77.7"
"28","GO:0000976","transcription regulatory region sequence-specific DNA binding","IDA","2","0.66","77.7"
"29","GO:0000977","RNA polymerase II regulatory region sequence-specific DNA binding","IDA","2","0.66","77.7"
"30","GO:0001228","RNA polymerase II transcription regulatory region sequence-specific DNA binding transcription factor activity involved in positive regulation of transcription","TAS","1","0.33","74"
"31","GO:0001076","RNA polymerase II transcription factor binding transcription factor activity","IDA","1","0.33","74"
"32","GO:0001077","RNA polymerase II core promoter proximal region sequence-specific DNA binding transcription factor activity involved in positive regulation of transcription","TAS","1","0.33","74"
"33","GO:0000989","transcription factor binding transcription factor activity","IDA","1","0.33","74"
"34","GO:0000988","protein binding transcription factor activity","IDA","1","0.33","74"
"35","GO:0000982","RNA polymerase II core promoter proximal region sequence-specific DNA binding transcription factor activity","TAS","1","0.33","74"
"36","GO:0003682","chromatin binding","IDA","1","0.33","74"
"37","GO:0050789","regulation of biological process","TAS, ISS, IMP, NAS, IEA, ISO, IGI, IDA","10","3.3","86.5"
"38","GO:0065007","biological regulation","TAS, ISS, IMP, NAS, IEA, ISO, IGI, IDA","10","3.3","86.5"
"39","GO:0050794","regulation of cellular process","TAS, ISS, IMP, NAS, IEA, ISO, IGI, IDA","10","3.3","86.5"
"40","GO:0048856","anatomical structure development","TAS, ISS, IEP, IMP, NAS, IEA, ISO, IGI, IDA","10","3.3","86.5"
"41","GO:0032502","developmental process","TAS, ISS, IEP, IMP, NAS, IEA, ISO, IGI, IDA","10","3.3","86.5"
"42","GO:0007275","multicellular organismal development","NAS, ISS, TAS, IMP, ISO, IEA, IGI, IDA","10","3.3","86.5"
"43","GO:0032501","multicellular organismal process","NAS, ISS, TAS, IMP, ISO, IEA, IGI, IDA","10","3.3","86.5"
"44","GO:0009987","cellular process","NAS, ISS, TAS, IMP, IEA, IDA","10","3.3","86.5"
"45","GO:0048519","negative regulation of biological process","ISS, IMP, ISO, IEA, IGI, IDA","9","2.97","85.9"
"46","GO:0010556","regulation of macromolecule biosynthetic process","NAS, ISS, TAS, IMP, ISO, IEA, IGI, IDA","10","3.3","86.5"
"47","GO:2000112","regulation of cellular macromolecule biosynthetic process","NAS, ISS, TAS, IMP, ISO, IEA, IGI, IDA","10","3.3","86.5"
"48","GO:0019219","regulation of nucleobase-containing compound metabolic process","NAS, ISS, TAS, IMP, ISO, IEA, IGI, IDA","10","3.3","86.5"
"49","GO:2001141","regulation of RNA biosynthetic process","NAS, ISS, TAS, IMP, ISO, IEA, IGI, IDA","10","3.3","86.5"
"50","GO:0009889","regulation of biosynthetic process","NAS, ISS, TAS, IMP, ISO, IEA, IGI, IDA","10","3.3","86.5"
"51","GO:0019222","regulation of metabolic process","NAS, ISS, TAS, IMP, ISO, IEA, IGI, IDA","10","3.3","86.5"
"52","GO:0080090","regulation of primary metabolic process","NAS, ISS, TAS, IMP, ISO, IEA, IGI, IDA","10","3.3","86.5"
"53","GO:0006355","regulation of transcription, DNA-dependent","NAS, ISS, TAS, IMP, ISO, IEA, IGI, IDA","10","3.3","86.5"
"54","GO:1903506","GO:1903506","NAS, ISS, TAS, IMP, ISO, IEA, IGI, IDA","10","3.3","86.5"
"55","GO:0051252","regulation of RNA metabolic process","NAS, ISS, TAS, IMP, ISO, IEA, IGI, IDA","10","3.3","86.5"
"56","GO:0051171","regulation of nitrogen compound metabolic process","NAS, ISS, TAS, IMP, ISO, IEA, IGI, IDA","10","3.3","86.5"
"57","GO:0060255","regulation of macromolecule metabolic process","NAS, ISS, TAS, IMP, ISO, IEA, IGI, IDA","10","3.3","86.5"
"58","GO:0009653","anatomical structure morphogenesis","NAS, ISS, TAS, IMP, ISO, IEA, IGI, IDA","7","2.31","84.5"
"59","GO:0031326","regulation of cellular biosynthetic process","NAS, ISS, TAS, IMP, ISO, IEA, IGI, IDA","10","3.3","86.5"
"60","GO:0031323","regulation of cellular metabolic process","NAS, ISS, TAS, IMP, ISO, IEA, IGI, IDA","10","3.3","86.5"
"61","GO:0010468","regulation of gene expression","NAS, ISS, TAS, IMP, ISO, IEA, IGI, IDA","10","3.3","86.5"
"62","GO:0048731","system development","TAS, ISS, IMP, ISO, IEA, IGI","8","2.64","85.3"
"63","GO:0048513","organ development","TAS, ISS, IMP, ISO, IEA, IGI","8","2.64","85.3"
"64","GO:0048518","positive regulation of biological process","TAS, IMP, NAS, IEA, ISO, IGI, IDA","9","2.97","85.9"
"65","GO:0048523","negative regulation of cellular process","IEA, IMP, ISO, ISS, IDA","6","1.98","83.7"
"66","GO:0048522","positive regulation of cellular process","TAS, IMP, NAS, IEA, ISO, IGI, IDA","9","2.97","85.9"
"67","GO:0030154","cell differentiation","IEA, ISS, TAS, IDA, IMP","10","3.3","86.5"
"68","GO:0048598","embryonic morphogenesis","NAS, ISS, TAS, IMP, ISO, IEA, IGI, IDA","7","2.31","84.5"
"69","GO:0009790","embryo development","NAS, ISS, TAS, IMP, ISO, IEA, IGI, IDA","7","2.31","84.5"
"70","GO:0048869","cellular developmental process","IEA, ISS, TAS, IDA, IMP","10","3.3","86.5"
"71","GO:0051239","regulation of multicellular organismal process","NAS, ISS, IMP, ISO, IEA, IGI, IDA","8","2.64","85.3"
"72","GO:0009892","negative regulation of metabolic process","IEA, IMP, ISO, ISS, IDA","9","2.97","85.9"
"73","GO:0050793","regulation of developmental process","NAS, ISS, IMP, ISO, IEA, IDA","8","2.64","85.3"
"74","GO:0010605","negative regulation of macromolecule metabolic process","IEA, IMP, ISO, ISS, IDA","9","2.97","85.9"
"75","GO:0006357","regulation of transcription from RNA polymerase II promoter","TAS, IMP, NAS, IEA, ISO, IGI, IDA","7","2.31","84.5"
"76","GO:0010628","positive regulation of gene expression","TAS, IMP, NAS, IEA, ISO, IGI, IDA","6","1.98","83.7"
"77","GO:0009893","positive regulation of metabolic process","TAS, IMP, NAS, IEA, ISO, IGI, IDA","6","1.98","83.7"
"78","GO:2000026","regulation of multicellular organismal development","NAS, ISS, IMP, ISO, IEA, IDA","6","1.98","83.7"
"79","GO:0009887","organ morphogenesis","IEA, IMP, ISO, IGI, TAS","6","1.98","83.7"
"80","GO:0010604","positive regulation of macromolecule metabolic process","TAS, IMP, NAS, IEA, ISO, IGI, IDA","6","1.98","83.7"
"81","GO:0031325","positive regulation of cellular metabolic process","TAS, IMP, NAS, IEA, ISO, IGI, IDA","6","1.98","83.7"
"82","GO:0009891","positive regulation of biosynthetic process","IMP, TAS, NAS, ISO, IEA, IGI, IDA","6","1.98","83.7"
"83","GO:0010557","positive regulation of macromolecule biosynthetic process","IMP, TAS, NAS, ISO, IEA, IGI, IDA","6","1.98","83.7"
"84","GO:0007498","mesoderm development","TAS, ISS, IEP, IMP, NAS, IDA","4","1.32","81.5"
"85","GO:0007369","gastrulation","IMP, ISS, TAS, NAS, IGI, IDA","4","1.32","81.5"
"86","GO:0010629","negative regulation of gene expression","ISS, IMP, IEA, IDA","9","2.97","85.9"
"87","GO:0009888","tissue development","TAS, ISS, IEP, NAS, IEA, IMP, IDA","6","1.98","83.7"
"88","GO:1902680","GO:1902680","IMP, TAS, NAS, ISO, IEA, IGI, IDA","6","1.98","83.7"
"89","GO:0045935","positive regulation of nucleobase-containing compound metabolic process","IMP, TAS, NAS, ISO, IEA, IGI, IDA","6","1.98","83.7"
"90","GO:0048646","anatomical structure formation involved in morphogenesis","TAS, ISS, IMP, ISO, IEA, IGI, IDA","6","1.98","83.7"
"91","GO:0051254","positive regulation of RNA metabolic process","IMP, TAS, NAS, ISO, IEA, IGI, IDA","6","1.98","83.7"
"92","GO:0051172","negative regulation of nitrogen compound metabolic process","IEA, IMP, ISO, ISS, IDA","6","1.98","83.7"
"93","GO:0051173","positive regulation of nitrogen compound metabolic process","IMP, TAS, NAS, ISO, IEA, IGI, IDA","6","1.98","83.7"
"94","GO:0045893","positive regulation of transcription, DNA-dependent","IMP, TAS, NAS, ISO, IEA, IGI, IDA","6","1.98","83.7"
"95","GO:1903508","GO:1903508","IMP, TAS, NAS, ISO, IEA, IGI, IDA","6","1.98","83.7"
"96","GO:0031328","positive regulation of cellular biosynthetic process","IMP, TAS, NAS, ISO, IEA, IGI, IDA","6","1.98","83.7"
"97","GO:0031324","negative regulation of cellular metabolic process","IEA, IMP, ISO, ISS, IDA","6","1.98","83.7"
"98","GO:0046483","heterocycle metabolic process","IEA, TAS","9","2.97","85.9"
"99","GO:0018130","heterocycle biosynthetic process","IEA, TAS","9","2.97","85.9"
"100","GO:0016070","RNA metabolic process","IEA, TAS","9","2.97","85.9"
"101","GO:0006807","nitrogen compound metabolic process","IEA, TAS","9","2.97","85.9"
"102","GO:0044260","cellular macromolecule metabolic process","IEA, TAS","9","2.97","85.9"
"103","GO:0045934","negative regulation of nucleobase-containing compound metabolic process","ISS, IMP, ISO, IDA","6","1.98","83.7"
"104","GO:0044238","primary metabolic process","IEA, TAS","9","2.97","85.9"
"105","GO:0044237","cellular metabolic process","IEA, TAS","9","2.97","85.9"
"106","GO:1901362","organic cyclic compound biosynthetic process","IEA, TAS","9","2.97","85.9"
"107","GO:1901360","organic cyclic compound metabolic process","IEA, TAS","9","2.97","85.9"
"108","GO:0097659","GO:0097659","IEA, TAS","9","2.97","85.9"
"109","GO:0034654","nucleobase-containing compound biosynthetic process","IEA, TAS","9","2.97","85.9"
"110","GO:0006351","transcription, DNA-dependent","IEA, TAS","9","2.97","85.9"
"111","GO:0032774","RNA biosynthetic process","IEA, TAS","9","2.97","85.9"
"112","GO:0006139","nucleobase-containing compound metabolic process","IEA, TAS","9","2.97","85.9"
"113","GO:0006725","cellular aromatic compound metabolic process","IEA, TAS","9","2.97","85.9"
"114","GO:0044271","cellular nitrogen compound biosynthetic process","IEA, TAS","9","2.97","85.9"
"115","GO:0071704","organic substance metabolic process","IEA, TAS","9","2.97","85.9"
"116","GO:0048729","tissue morphogenesis","IEA, ISS, TAS, IDA, IMP","6","1.98","83.7"
"117","GO:0009058","biosynthetic process","IEA, TAS","9","2.97","85.9"
"118","GO:0009059","macromolecule biosynthetic process","IEA, TAS","9","2.97","85.9"
"119","GO:0019438","aromatic compound biosynthetic process","IEA, TAS","9","2.97","85.9"
"120","GO:1901576","organic substance biosynthetic process","IEA, TAS","9","2.97","85.9"
"121","GO:0008152","metabolic process","IEA, TAS","9","2.97","85.9"
"122","GO:0034641","cellular nitrogen compound metabolic process","IEA, TAS","9","2.97","85.9"
"123","GO:0034645","cellular macromolecule biosynthetic process","IEA, TAS","9","2.97","85.9"
"124","GO:0045595","regulation of cell differentiation","IEA, IMP, ISS, IDA","5","1.65","82.7"
"125","GO:0045892","negative regulation of transcription, DNA-dependent","ISS, IMP, IDA","6","1.98","83.7"
"126","GO:0043170","macromolecule metabolic process","IEA, TAS","9","2.97","85.9"
"127","GO:0090304","nucleic acid metabolic process","IEA, TAS","9","2.97","85.9"
"128","GO:0010467","gene expression","IEA, TAS","9","2.97","85.9"
"129","GO:0044249","cellular biosynthetic process","IEA, TAS","9","2.97","85.9"
"130","GO:0009890","negative regulation of biosynthetic process","ISS, IMP, IDA","6","1.98","83.7"
"131","GO:0010558","negative regulation of macromolecule biosynthetic process","ISS, IMP, IDA","6","1.98","83.7"
"132","GO:2000113","negative regulation of cellular macromolecule biosynthetic process","ISS, IMP, IDA","6","1.98","83.7"
"133","GO:1902679","GO:1902679","ISS, IMP, IDA","6","1.98","83.7"
"134","GO:0051241","negative regulation of multicellular organismal process","IEA, IMP, IGI, ISS, IDA","5","1.65","82.7"
"135","GO:1903507","GO:1903507","ISS, IMP, IDA","6","1.98","83.7"
"136","GO:0051253","negative regulation of RNA metabolic process","ISS, IMP, IDA","6","1.98","83.7"
"137","GO:0051093","negative regulation of developmental process","IEA, IMP, ISO, ISS, IDA","5","1.65","82.7"
"138","GO:0045944","positive regulation of transcription from RNA polymerase II promoter","IEA, NAS, TAS, IGI, IDA","6","1.98","83.7"
"139","GO:0031327","negative regulation of cellular biosynthetic process","ISS, IMP, IDA","6","1.98","83.7"
"140","GO:0032879","regulation of localization","IEA, IMP, ISO, IGI, IDA","4","1.32","81.5"
"141","GO:0001710","mesodermal cell fate commitment","ISS, IMP, IDA, TAS","4","1.32","81.5"
"142","GO:0001501","skeletal system development","IMP, IGI, TAS","3","0.99","79.9"
"143","GO:0065009","regulation of molecular function","IEA, IMP, ISO, IDA","3","0.99","79.9"
"144","GO:0048562","embryonic organ morphogenesis","IMP, ISO, IGI, TAS","3","0.99","79.9"
"145","GO:0048568","embryonic organ development","IMP, ISO, IGI, TAS","3","0.99","79.9"
"146","GO:0048705","skeletal system morphogenesis","IMP, IGI, TAS","3","0.99","79.9"
"147","GO:0048634","regulation of muscle organ development","IEA, ISS, IDA, IMP","5","1.65","82.7"
"148","GO:0016202","regulation of striated muscle tissue development","IEA, ISS, IDA, IMP","5","1.65","82.7"
"149","GO:0051240","positive regulation of multicellular organismal process","IEA, IMP, IDA, ISO, NAS","2","0.66","77.7"
"150","GO:1901861","regulation of muscle tissue development","IEA, ISS, IDA, IMP","5","1.65","82.7"
"151","GO:0030278","regulation of ossification","ISS, IMP, ISO, IDA","5","1.65","82.7"
"152","GO:0061061","muscle structure development","IEA, IMP","6","1.98","83.7"
"153","GO:0001707","mesoderm formation","ISS, IMP, IDA, TAS","4","1.32","81.5"
"154","GO:0001704","formation of primary germ layer","ISS, IMP, IDA, TAS","4","1.32","81.5"
"155","GO:0048332","mesoderm morphogenesis","ISS, IMP, IDA, TAS","4","1.32","81.5"
"156","GO:0048333","mesodermal cell differentiation","ISS, IMP, IDA, TAS","4","1.32","81.5"
"157","GO:0060795","cell fate commitment involved in formation of primary germ layer","ISS, IMP, IDA, TAS","4","1.32","81.5"
"158","GO:0045165","cell fate commitment","ISS, IMP, IDA, TAS","4","1.32","81.5"
"159","GO:0045596","negative regulation of cell differentiation","ISS, IMP, IDA","5","1.65","82.7"
"160","GO:0001503","ossification","IEA, IMP, TAS","3","0.99","79.9"
"161","GO:0051716","cellular response to stimulus","IEA, IMP, TAS","2","0.66","77.7"
"162","GO:0051128","regulation of cellular component organization","IEA, IMP, ISO, IDA","2","0.66","77.7"
"163","GO:0010004","gastrulation involving germ band extension","ISS, IMP, IGI, TAS","3","0.99","79.9"
"164","GO:0035239","tube morphogenesis","IEA, ISS, IMP","5","1.65","82.7"
"165","GO:0043067","regulation of programmed cell death","IEA, IMP, ISO, IDA","5","1.65","82.7"
"166","GO:0043066","negative regulation of apoptotic process","IEA, IMP, ISO, IDA","5","1.65","82.7"
"167","GO:0060548","negative regulation of cell death","IEA, IMP, ISO, IDA","5","1.65","82.7"
"168","GO:0043069","negative regulation of programmed cell death","IEA, IMP, ISO, IDA","5","1.65","82.7"
"169","GO:0045667","regulation of osteoblast differentiation","ISS, IMP, IDA","5","1.65","82.7"
"170","GO:0044092","negative regulation of molecular function","IEA, IDA","3","0.99","79.9"
"171","GO:0045668","negative regulation of osteoblast differentiation","ISS, IMP, IDA","5","1.65","82.7"
"172","GO:0050896","response to stimulus","IEA, IMP, TAS","2","0.66","77.7"
"173","GO:0070887","cellular response to chemical stimulus","IEA, IMP, TAS","2","0.66","77.7"
"174","GO:0030326","embryonic limb morphogenesis","IEA, IMP, TAS","2","0.66","77.7"
"175","GO:0042221","response to chemical stimulus","IEA, IMP, TAS","2","0.66","77.7"
"176","GO:0035295","tube development","IEA, ISS, IMP","5","1.65","82.7"
"177","GO:0048468","cell development","IEA, IMP","5","1.65","82.7"
"178","GO:0072359","circulatory system development","IEA, IMP, TAS","3","0.99","79.9"
"179","GO:0042981","regulation of apoptotic process","IEA, IMP, ISO, IDA","5","1.65","82.7"
"180","GO:1904888","GO:1904888","IMP, IGI, TAS","3","0.99","79.9"
"181","GO:0030279","negative regulation of ossification","ISS, IMP, IDA","5","1.65","82.7"
"182","GO:0060562","epithelial tube morphogenesis","IEA, ISS, IMP","5","1.65","82.7"
"183","GO:0043009","chordate embryonic development","IEA, IMP, IGI","3","0.99","79.9"
"184","GO:0001817","regulation of cytokine production","IEA, IMP, ISO, IGI","3","0.99","79.9"
"185","GO:1903555","GO:1903555","IEA, IMP, ISO, IGI","3","0.99","79.9"
"186","GO:0001703","gastrulation with mouth forming first","ISS, IMP, IGI, TAS","3","0.99","79.9"
"187","GO:0009792","embryo development ending in birth or egg hatching","IEA, IMP, IGI","3","0.99","79.9"
"188","GO:0007507","heart development","IEA, IMP, TAS","3","0.99","79.9"
"189","GO:0060429","epithelium development","IEA, ISS, IMP","5","1.65","82.7"
"190","GO:0051094","positive regulation of developmental process","IEA, IMP, IDA, NAS","2","0.66","77.7"
"191","GO:0010941","regulation of cell death","IEA, IMP, ISO, IDA","5","1.65","82.7"
"192","GO:0002009","morphogenesis of an epithelium","IEA, ISS, IMP","5","1.65","82.7"
"193","GO:0032680","regulation of tumor necrosis factor production","IEA, IMP, ISO, IGI","3","0.99","79.9"
"194","GO:0051049","regulation of transport","IEA, IMP, ISO, IDA","2","0.66","77.7"
"195","GO:1905268","GO:1905268","IEA, IMP, ISO, IDA","2","0.66","77.7"
"196","GO:0048583","regulation of response to stimulus","IEA, IMP, ISO, IDA","2","0.66","77.7"
"197","GO:0010639","negative regulation of organelle organization","IEA, IMP, ISO, IDA","2","0.66","77.7"
"198","GO:0048704","embryonic skeletal system morphogenesis","IMP, IGI","3","0.99","79.9"
"199","GO:0048706","embryonic skeletal system development","IMP, IGI","3","0.99","79.9"
"200","GO:0051129","negative regulation of cellular component organization","IEA, IMP, ISO, IDA","2","0.66","77.7"
"201","GO:0051272","positive regulation of cellular component movement","IEA, IMP, IGI","4","1.32","81.5"
"202","GO:0051270","regulation of cellular component movement","IEA, IMP, IGI","4","1.32","81.5"
"203","GO:0040017","positive regulation of locomotion","IEA, IMP, IGI","4","1.32","81.5"
"204","GO:0010646","regulation of cell communication","IEA, IMP, ISO, IDA","2","0.66","77.7"
"205","GO:0010718","positive regulation of epithelial to mesenchymal transition","IEA, IMP, IDA","2","0.66","77.7"
"206","GO:0010717","regulation of epithelial to mesenchymal transition","IEA, IMP, IDA","2","0.66","77.7"
"207","GO:2000145","regulation of cell motility","IEA, IMP, IGI","4","1.32","81.5"
"208","GO:2000147","positive regulation of cell motility","IEA, IMP, IGI","4","1.32","81.5"
"209","GO:0033044","regulation of chromosome organization","IEA, IMP, ISO, IDA","2","0.66","77.7"
"210","GO:0033043","regulation of organelle organization","IEA, IMP, ISO, IDA","2","0.66","77.7"
"211","GO:0051248","negative regulation of protein metabolic process","IEA, IMP, ISO, IDA","2","0.66","77.7"
"212","GO:0051246","regulation of protein metabolic process","IEA, IMP, ISO, IDA","2","0.66","77.7"
"213","GO:0031399","regulation of protein modification process","IEA, IMP, ISO, IDA","2","0.66","77.7"
"214","GO:0040012","regulation of locomotion","IEA, IMP, IGI","4","1.32","81.5"
"215","GO:0048736","appendage development","IEA, IMP, TAS","2","0.66","77.7"
"216","GO:0035113","embryonic appendage morphogenesis","IEA, IMP, TAS","2","0.66","77.7"
"217","GO:0048585","negative regulation of response to stimulus","IEA, IMP, ISO, IDA","2","0.66","77.7"
"218","GO:0031057","negative regulation of histone modification","IEA, IMP, ISO, IDA","2","0.66","77.7"
"219","GO:0031056","regulation of histone modification","IEA, IMP, ISO, IDA","2","0.66","77.7"
"220","GO:0009968","negative regulation of signal transduction","IEA, IMP, ISO, IDA","2","0.66","77.7"
"221","GO:0009966","regulation of signal transduction","IEA, IMP, ISO, IDA","2","0.66","77.7"
"222","GO:0032268","regulation of cellular protein metabolic process","IEA, IMP, ISO, IDA","2","0.66","77.7"
"223","GO:0007370","ventral furrow formation","ISS, IMP, IGI","3","0.99","79.9"
"224","GO:0007423","sensory organ development","IMP, ISO, TAS","3","0.99","79.9"
"225","GO:0031400","negative regulation of protein modification process","IEA, IMP, ISO, IDA","2","0.66","77.7"
"226","GO:1902275","regulation of chromatin organization","IEA, IMP, ISO, IDA","2","0.66","77.7"
"227","GO:2001251","negative regulation of chromosome organization","IEA, IMP, ISO, IDA","2","0.66","77.7"
"228","GO:0035108","limb morphogenesis","IEA, IMP, TAS","2","0.66","77.7"
"229","GO:0035107","appendage morphogenesis","IEA, IMP, TAS","2","0.66","77.7"
"230","GO:0060173","limb development","IEA, IMP, TAS","2","0.66","77.7"
"231","GO:0023057","negative regulation of signaling","IEA, IMP, ISO, IDA","2","0.66","77.7"
"232","GO:0010648","negative regulation of cell communication","IEA, IMP, ISO, IDA","2","0.66","77.7"
"233","GO:0023051","regulation of signaling","IEA, IMP, ISO, IDA","2","0.66","77.7"
"234","GO:0045597","positive regulation of cell differentiation","IEA, IMP, IDA","2","0.66","77.7"
"235","GO:0032269","negative regulation of cellular protein metabolic process","IEA, IMP, ISO, IDA","2","0.66","77.7"
"236","GO:0061309","cardiac neural crest cell development involved in outflow tract morphogenesis","IEA, IMP","2","0.66","77.7"
"237","GO:0072002","Malpighian tubule development","ISS, IMP","3","0.99","79.9"
"238","GO:0035272","exocrine system development","IEA, IMP","3","0.99","79.9"
"239","GO:0007442","hindgut morphogenesis","ISS, IMP","3","0.99","79.9"
"240","GO:0042692","muscle cell differentiation","IEA, IMP","3","0.99","79.9"
"241","GO:0071840","cellular component organization or biogenesis","IEA, IMP","3","0.99","79.9"
"242","GO:0048701","embryonic cranial skeleton morphogenesis","IMP, IGI","3","0.99","79.9"
"243","GO:0007443","Malpighian tubule morphogenesis","ISS, IMP","3","0.99","79.9"
"244","GO:0048635","negative regulation of muscle organ development","IEA, IDA","2","0.66","77.7"
"245","GO:0000122","negative regulation of transcription from RNA polymerase II promoter","IMP, IDA","3","0.99","79.9"
"246","GO:0008284","positive regulation of cell proliferation","IEA, IMP, ISO","3","0.99","79.9"
"247","GO:0055001","muscle cell development","IEA, IMP","3","0.99","79.9"
"248","GO:0055002","striated muscle cell development","IEA, IMP","3","0.99","79.9"
"249","GO:0001654","eye development","IMP, ISO","3","0.99","79.9"
"250","GO:0001655","urogenital system development","ISS, IMP","3","0.99","79.9"
"251","GO:0048565","digestive tract development","ISS, IMP","3","0.99","79.9"
"252","GO:0031032","actomyosin structure organization","IEA, IMP","3","0.99","79.9"
"253","GO:0010033","response to organic substance","IEA, TAS","2","0.66","77.7"
"254","GO:0090596","GO:0090596","IMP, ISO, TAS","2","0.66","77.7"
"255","GO:0045843","negative regulation of striated muscle tissue development","IEA, IDA","2","0.66","77.7"
"256","GO:0061333","renal tubule morphogenesis","ISS, IMP","3","0.99","79.9"
"257","GO:0007431","salivary gland development","IEA, IMP","3","0.99","79.9"
"258","GO:0048546","digestive tract morphogenesis","ISS, IMP","3","0.99","79.9"
"259","GO:0043010","camera-type eye development","IMP, ISO","3","0.99","79.9"
"260","GO:0055123","digestive system development","ISS, IMP","3","0.99","79.9"
"261","GO:0048732","gland development","IEA, IMP","3","0.99","79.9"
"262","GO:0061326","renal tubule development","ISS, IMP","3","0.99","79.9"
"263","GO:0051146","striated muscle cell differentiation","IEA, IMP","3","0.99","79.9"
"264","GO:0001649","osteoblast differentiation","IEA, IMP","3","0.99","79.9"
"265","GO:0030029","actin filament-based process","IEA, IMP","3","0.99","79.9"
"266","GO:0006996","organelle organization","IEA, IMP","3","0.99","79.9"
"267","GO:0030036","actin cytoskeleton organization","IEA, IMP","3","0.99","79.9"
"268","GO:0007501","mesodermal cell fate specification","IMP, IDA, TAS","2","0.66","77.7"
"269","GO:0035137","hindlimb morphogenesis","IEA, IMP","2","0.66","77.7"
"270","GO:0048511","rhythmic process","IEA","3","0.99","79.9"
"271","GO:0032720","negative regulation of tumor necrosis factor production","IEA, IMP, IGI","3","0.99","79.9"
"272","GO:0042127","regulation of cell proliferation","IEA, IMP, ISO","3","0.99","79.9"
"273","GO:0022603","regulation of anatomical structure morphogenesis","IEA, NAS, IDA","2","0.66","77.7"
"274","GO:0051101","regulation of DNA binding","IMP, ISO, IDA","3","0.99","79.9"
"275","GO:0003179","heart valve morphogenesis","IEA, IMP","2","0.66","77.7"
"276","GO:0003170","heart valve development","IEA, IMP","2","0.66","77.7"
"277","GO:0001708","cell fate specification","IMP, IDA, TAS","2","0.66","77.7"
"278","GO:0072001","renal system development","ISS, IMP","3","0.99","79.9"
"279","GO:0050678","regulation of epithelial cell proliferation","IEA, IMP, ISO","3","0.99","79.9"
"280","GO:0050679","positive regulation of epithelial cell proliferation","IEA, IMP, ISO","3","0.99","79.9"
"281","GO:0001818","negative regulation of cytokine production","IEA, IMP, IGI","3","0.99","79.9"
"282","GO:0048619","embryonic hindgut morphogenesis","ISS, IMP","3","0.99","79.9"
"283","GO:0071310","cellular response to organic substance","IEA, TAS","2","0.66","77.7"
"284","GO:0007517","muscle organ development","IEA","3","0.99","79.9"
"285","GO:1903556","GO:1903556","IEA, IMP, IGI","3","0.99","79.9"
"286","GO:1901862","negative regulation of muscle tissue development","IEA, IDA","2","0.66","77.7"
"287","GO:0016043","cellular component organization","IEA, IMP","3","0.99","79.9"
"288","GO:0061525","hindgut development","ISS, IMP","3","0.99","79.9"
"289","GO:0022612","gland morphogenesis","IEA, IMP","3","0.99","79.9"
"290","GO:0051098","regulation of binding","IMP, ISO, IDA","3","0.99","79.9"
"291","GO:0048747","muscle fiber development","IEA, IMP","3","0.99","79.9"
"292","GO:0007435","salivary gland morphogenesis","IEA, IMP","3","0.99","79.9"
"293","GO:0007010","cytoskeleton organization","IEA, IMP","3","0.99","79.9"
"294","GO:0061307","cardiac neural crest cell differentiation involved in heart development","IEA, IMP","2","0.66","77.7"
"295","GO:0051046","regulation of secretion","IMP, ISO","2","0.66","77.7"
"296","GO:0051047","positive regulation of secretion","IMP, ISO","2","0.66","77.7"
"297","GO:0061308","cardiac neural crest cell development involved in heart development","IEA, IMP","2","0.66","77.7"
"298","GO:0003151","outflow tract morphogenesis","IEA, IMP","2","0.66","77.7"
"299","GO:0014033","neural crest cell differentiation","IEA, IMP","2","0.66","77.7"
"300","GO:0014031","mesenchymal cell development","IEA, IMP","2","0.66","77.7"
"301","GO:0001666","response to hypoxia","IMP","2","0.66","77.7"
"302","GO:0006282","regulation of DNA repair","IMP, ISO","2","0.66","77.7"
"303","GO:0001755","neural crest cell migration","IEA, IMP","2","0.66","77.7"
"304","GO:0071363","cellular response to growth factor stimulus","IEA","2","0.66","77.7"
"305","GO:0009628","response to abiotic stimulus","IMP","2","0.66","77.7"
"306","GO:0042325","regulation of phosphorylation","IMP, ISO","2","0.66","77.7"
"307","GO:0042326","negative regulation of phosphorylation","IMP, ISO","2","0.66","77.7"
"308","GO:1902531","GO:1902531","IMP, ISO","2","0.66","77.7"
"309","GO:0009896","positive regulation of catabolic process","IMP, ISO","2","0.66","77.7"
"310","GO:0009894","regulation of catabolic process","IMP, ISO","2","0.66","77.7"
"311","GO:0031076","embryonic camera-type eye development","IMP, ISO","2","0.66","77.7"
"312","GO:0051222","positive regulation of protein transport","IMP, ISO","2","0.66","77.7"
"313","GO:0051223","regulation of protein transport","IMP, ISO","2","0.66","77.7"
"314","GO:0003203","endocardial cushion morphogenesis","IEA, IMP","2","0.66","77.7"
"315","GO:0070201","regulation of establishment of protein localization","IMP, ISO","2","0.66","77.7"
"316","GO:2000276","negative regulation of oxidative phosphorylation uncoupler activity","IEA, IDA","2","0.66","77.7"
"317","GO:2000275","regulation of oxidative phosphorylation uncoupler activity","IEA, IDA","2","0.66","77.7"
"318","GO:0070167","regulation of biomineral tissue development","IMP, ISO","2","0.66","77.7"
"319","GO:0060606","tube closure","IEA, IMP","2","0.66","77.7"
"320","GO:2000780","negative regulation of double-strand break repair","IMP, ISO","2","0.66","77.7"
"321","GO:0050715","positive regulation of cytokine secretion","IMP, ISO","2","0.66","77.7"
"322","GO:0050714","positive regulation of protein secretion","IMP, ISO","2","0.66","77.7"
"323","GO:2000773","negative regulation of cellular senescence","IMP, ISO","2","0.66","77.7"
"324","GO:2000679","positive regulation of transcription regulatory region DNA binding","IMP, ISO","2","0.66","77.7"
"325","GO:0032000","positive regulation of fatty acid beta-oxidation","IMP, ISO","2","0.66","77.7"
"326","GO:0140051","GO:0140051","IEA, IDA","2","0.66","77.7"
"327","GO:0032675","regulation of interleukin-6 production","IMP, ISO","2","0.66","77.7"
"328","GO:0008283","cell proliferation","IMP","2","0.66","77.7"
"329","GO:0060348","bone development","IMP, TAS","2","0.66","77.7"
"330","GO:0045923","positive regulation of fatty acid metabolic process","IMP, ISO","2","0.66","77.7"
"331","GO:0060349","bone morphogenesis","IMP, TAS","2","0.66","77.7"
"332","GO:0060021","palate development","IEA","2","0.66","77.7"
"333","GO:0060973","cell migration involved in heart development","IEA, IMP","2","0.66","77.7"
"334","GO:0032760","positive regulation of tumor necrosis factor production","IMP, ISO","2","0.66","77.7"
"335","GO:0043269","regulation of ion transport","IEA, IDA","2","0.66","77.7"
"336","GO:0021915","neural tube development","IEA, IMP","2","0.66","77.7"
"337","GO:0019217","regulation of fatty acid metabolic process","IMP, ISO","2","0.66","77.7"
"338","GO:0019216","regulation of lipid metabolic process","IMP, ISO","2","0.66","77.7"
"339","GO:0048592","eye morphogenesis","IMP, ISO","2","0.66","77.7"
"340","GO:0048593","camera-type eye morphogenesis","IMP, ISO","2","0.66","77.7"
"341","GO:0048596","embryonic camera-type eye morphogenesis","IMP, ISO","2","0.66","77.7"
"342","GO:0060485","mesenchyme development","IEA, IMP","2","0.66","77.7"
"343","GO:0040011","locomotion","IEA, IMP","2","0.66","77.7"
"344","GO:0050994","regulation of lipid catabolic process","IMP, ISO","2","0.66","77.7"
"345","GO:0050996","positive regulation of lipid catabolic process","IMP, ISO","2","0.66","77.7"
"346","GO:2000027","regulation of organ morphogenesis","IEA, IDA","2","0.66","77.7"
"347","GO:2000756","regulation of peptidyl-lysine acetylation","IEA, IDA","2","0.66","77.7"
"348","GO:2000757","negative regulation of peptidyl-lysine acetylation","IEA, IDA","2","0.66","77.7"
"349","GO:0070848","response to growth factor stimulus","IEA","2","0.66","77.7"
"350","GO:0044093","positive regulation of molecular function","IMP, ISO","2","0.66","77.7"
"351","GO:1901797","negative regulation of signal transduction by p53 class mediator","IMP, ISO","2","0.66","77.7"
"352","GO:1901796","regulation of signal transduction by p53 class mediator","IMP, ISO","2","0.66","77.7"
"353","GO:0051053","negative regulation of DNA metabolic process","IMP, ISO","2","0.66","77.7"
"354","GO:0051052","regulation of DNA metabolic process","IMP, ISO","2","0.66","77.7"
"355","GO:0051051","negative regulation of transport","IEA, IDA","2","0.66","77.7"
"356","GO:0051050","positive regulation of transport","IMP, ISO","2","0.66","77.7"
"357","GO:2001021","negative regulation of response to DNA damage stimulus","IMP, ISO","2","0.66","77.7"
"358","GO:2001020","regulation of response to DNA damage stimulus","IMP, ISO","2","0.66","77.7"
"359","GO:2000800","regulation of endocardial cushion to mesenchymal transition involved in heart valve formation","IEA, IDA","2","0.66","77.7"
"360","GO:2000802","positive regulation of endocardial cushion to mesenchymal transition involved in heart valve formation","IEA, IDA","2","0.66","77.7"
"361","GO:0062042","GO:0062042","IEA, IDA","2","0.66","77.7"
"362","GO:0062043","GO:0062043","IEA, IDA","2","0.66","77.7"
"363","GO:0046321","positive regulation of fatty acid oxidation","IMP, ISO","2","0.66","77.7"
"364","GO:0046320","regulation of fatty acid oxidation","IMP, ISO","2","0.66","77.7"
"365","GO:0001764","neuron migration","IEA, IMP","2","0.66","77.7"
"366","GO:0022898","regulation of transmembrane transporter activity","IEA, IDA","2","0.66","77.7"
"367","GO:2000142","regulation of DNA-dependent transcription, initiation","ISO, IDA","2","0.66","77.7"
"368","GO:2000144","positive regulation of DNA-dependent transcription, initiation","ISO, IDA","2","0.66","77.7"
"369","GO:0010563","negative regulation of phosphorus metabolic process","IMP, ISO","2","0.66","77.7"
"370","GO:0090342","regulation of cell aging","IMP, ISO","2","0.66","77.7"
"371","GO:1903530","GO:1903530","IMP, ISO","2","0.66","77.7"
"372","GO:1903532","GO:1903532","IMP, ISO","2","0.66","77.7"
"373","GO:0032410","negative regulation of transporter activity","IEA, IDA","2","0.66","77.7"
"374","GO:0032880","regulation of protein localization","IMP, ISO","2","0.66","77.7"
"375","GO:0010565","regulation of cellular ketone metabolic process","IMP, ISO","2","0.66","77.7"
"376","GO:0032409","regulation of transporter activity","IEA, IDA","2","0.66","77.7"
"377","GO:0001838","embryonic epithelial tube formation","IEA, IMP","2","0.66","77.7"
"378","GO:0097094","craniofacial suture morphogenesis","IMP, TAS","2","0.66","77.7"
"379","GO:0043271","negative regulation of ion transport","IEA, IDA","2","0.66","77.7"
"380","GO:0014067","negative regulation of phosphatidylinositol 3-kinase cascade","IMP, ISO","2","0.66","77.7"
"381","GO:0014066","regulation of phosphatidylinositol 3-kinase cascade","IMP, ISO","2","0.66","77.7"
"382","GO:0140049","GO:0140049","IEA, IDA","2","0.66","77.7"
"383","GO:1904062","GO:1904062","IEA, IDA","2","0.66","77.7"
"384","GO:1904063","GO:1904063","IEA, IDA","2","0.66","77.7"
"385","GO:0016331","morphogenesis of embryonic epithelium","IEA, IMP","2","0.66","77.7"
"386","GO:0045936","negative regulation of phosphate metabolic process","IMP, ISO","2","0.66","77.7"
"387","GO:0035051","cardiocyte differentiation","IEA, IMP","2","0.66","77.7"
"388","GO:0035115","embryonic forelimb morphogenesis","IEA, IMP","2","0.66","77.7"
"389","GO:0035116","embryonic hindlimb morphogenesis","IEA, IMP","2","0.66","77.7"
"390","GO:0070482","response to oxygen levels","IMP","2","0.66","77.7"
"391","GO:0031998","regulation of fatty acid beta-oxidation","IMP, ISO","2","0.66","77.7"
"392","GO:0002791","regulation of peptide secretion","IMP, ISO","2","0.66","77.7"
"393","GO:0002793","positive regulation of peptide secretion","IMP, ISO","2","0.66","77.7"
"394","GO:0032755","positive regulation of interleukin-6 production","IMP, ISO","2","0.66","77.7"
"395","GO:0035136","forelimb morphogenesis","IEA, IMP","2","0.66","77.7"
"396","GO:0014032","neural crest cell development","IEA, IMP","2","0.66","77.7"
"397","GO:0090087","regulation of peptide transport","IMP, ISO","2","0.66","77.7"
"398","GO:0019220","regulation of phosphate metabolic process","IMP, ISO","2","0.66","77.7"
"399","GO:0030500","regulation of bone mineralization","IMP, ISO","2","0.66","77.7"
"400","GO:0048863","stem cell differentiation","IEA, IMP","2","0.66","77.7"
"401","GO:0048864","stem cell development","IEA, IMP","2","0.66","77.7"
"402","GO:0032722","positive regulation of chemokine production","IMP, ISO","2","0.66","77.7"
"403","GO:0048762","mesenchymal cell differentiation","IEA, IMP","2","0.66","77.7"
"404","GO:0003007","heart morphogenesis","IEA, IMP","2","0.66","77.7"
"405","GO:0043433","negative regulation of sequence-specific DNA binding transcription factor activity","IEA, IDA","2","0.66","77.7"
"406","GO:0033554","cellular response to stress","IMP","2","0.66","77.7"
"407","GO:0006928","cellular component movement","IEA, IMP","2","0.66","77.7"
"408","GO:0051674","localization of cell","IEA, IMP","2","0.66","77.7"
"409","GO:0043388","positive regulation of DNA binding","IMP, ISO","2","0.66","77.7"
"410","GO:0003171","atrioventricular valve development","IEA, IMP","2","0.66","77.7"
"411","GO:0003176","aortic valve development","IMP","2","0.66","77.7"
"412","GO:0003174","mitral valve development","IEA, IMP","2","0.66","77.7"
"413","GO:0048641","regulation of skeletal muscle tissue development","IEA, IDA","2","0.66","77.7"
"414","GO:0048642","negative regulation of skeletal muscle tissue development","IEA, IDA","2","0.66","77.7"
"415","GO:0016477","cell migration","IEA, IMP","2","0.66","77.7"
"416","GO:0006950","response to stress","IMP","2","0.66","77.7"
"417","GO:0010155","regulation of proton transport","IEA, IDA","2","0.66","77.7"
"418","GO:0036293","response to decreased oxygen levels","IMP","2","0.66","77.7"
"419","GO:0080135","regulation of cellular response to stress","IMP, ISO","2","0.66","77.7"
"420","GO:0036294","cellular response to decreased oxygen levels","IMP","2","0.66","77.7"
"421","GO:0003180","aortic valve morphogenesis","IMP","2","0.66","77.7"
"422","GO:0003181","atrioventricular valve morphogenesis","IEA, IMP","2","0.66","77.7"
"423","GO:0060363","cranial suture morphogenesis","IMP, TAS","2","0.66","77.7"
"424","GO:1902532","GO:1902532","IMP, ISO","2","0.66","77.7"
"425","GO:1904951","GO:1904951","IMP, ISO","2","0.66","77.7"
"426","GO:0001701","in utero embryonic development","IEA, IMP","2","0.66","77.7"
"427","GO:0031331","positive regulation of cellular catabolic process","IMP, ISO","2","0.66","77.7"
"428","GO:0003253","cardiac neural crest cell migration involved in outflow tract morphogenesis","IEA, IMP","2","0.66","77.7"
"429","GO:2000677","regulation of transcription regulatory region DNA binding","IMP, ISO","2","0.66","77.7"
"430","GO:2000778","positive regulation of interleukin-6 secretion","IMP, ISO","2","0.66","77.7"
"431","GO:2000779","regulation of double-strand break repair","IMP, ISO","2","0.66","77.7"
"432","GO:2000772","regulation of cellular senescence","IMP, ISO","2","0.66","77.7"
"433","GO:0080134","regulation of response to stress","IMP, ISO","2","0.66","77.7"
"434","GO:0001819","positive regulation of cytokine production","IMP, ISO","2","0.66","77.7"
"435","GO:0062013","GO:0062013","IMP, ISO","2","0.66","77.7"
"436","GO:0062012","GO:0062012","IMP, ISO","2","0.66","77.7"
"437","GO:0048048","embryonic eye morphogenesis","IMP, ISO","2","0.66","77.7"
"438","GO:0003183","mitral valve morphogenesis","IEA, IMP","2","0.66","77.7"
"439","GO:0030335","positive regulation of cell migration","IEA, IGI","2","0.66","77.7"
"440","GO:0030334","regulation of cell migration","IEA, IGI","2","0.66","77.7"
"441","GO:0033127","regulation of histone phosphorylation","IMP, ISO","2","0.66","77.7"
"442","GO:0033128","negative regulation of histone phosphorylation","IMP, ISO","2","0.66","77.7"
"443","GO:0051174","regulation of phosphorus metabolic process","IMP, ISO","2","0.66","77.7"
"444","GO:2000826","regulation of heart morphogenesis","IEA, IDA","2","0.66","77.7"
"445","GO:0051179","localization","IEA, IMP","2","0.66","77.7"
"446","GO:0071639","positive regulation of monocyte chemotactic protein-1 production","IMP, ISO","2","0.66","77.7"
"447","GO:0071637","regulation of monocyte chemotactic protein-1 production","IMP, ISO","2","0.66","77.7"
"448","GO:0035065","regulation of histone acetylation","IEA, IDA","2","0.66","77.7"
"449","GO:0035067","negative regulation of histone acetylation","IEA, IDA","2","0.66","77.7"
"450","GO:0034765","regulation of ion transmembrane transport","IEA, IDA","2","0.66","77.7"
"451","GO:0034766","negative regulation of ion transmembrane transport","IEA, IDA","2","0.66","77.7"
"452","GO:0061029","eyelid development in camera-type eye","IMP, ISO","2","0.66","77.7"
"453","GO:0034762","regulation of transmembrane transport","IEA, IDA","2","0.66","77.7"
"454","GO:0034763","negative regulation of transmembrane transport","IEA, IDA","2","0.66","77.7"
"455","GO:0045834","positive regulation of lipid metabolic process","IMP, ISO","2","0.66","77.7"
"456","GO:0014020","primary neural tube formation","IEA, IMP","2","0.66","77.7"
"457","GO:0060900","embryonic camera-type eye formation","IMP, ISO","2","0.66","77.7"
"458","GO:0048870","cell motility","IEA, IMP","2","0.66","77.7"
"459","GO:0032642","regulation of chemokine production","IMP, ISO","2","0.66","77.7"
"460","GO:1903557","GO:1903557","IMP, ISO","2","0.66","77.7"
"461","GO:0072132","mesenchyme morphogenesis","IEA, IMP","2","0.66","77.7"
"462","GO:2000793","cell proliferation involved in heart valve development","IMP","2","0.66","77.7"
"463","GO:0050708","regulation of protein secretion","IMP, ISO","2","0.66","77.7"
"464","GO:0050707","regulation of cytokine secretion","IMP, ISO","2","0.66","77.7"
"465","GO:0071453","cellular response to oxygen levels","IMP","2","0.66","77.7"
"466","GO:0071456","cellular response to hypoxia","IMP","2","0.66","77.7"
"467","GO:0001841","neural tube formation","IEA, IMP","2","0.66","77.7"
"468","GO:0001843","neural tube closure","IEA, IMP","2","0.66","77.7"
"469","GO:0051130","positive regulation of cellular component organization","ISO, IDA","2","0.66","77.7"
"470","GO:1901984","negative regulation of protein acetylation","IEA, IDA","2","0.66","77.7"
"471","GO:1901983","regulation of protein acetylation","IEA, IDA","2","0.66","77.7"
"472","GO:0043254","regulation of protein complex assembly","ISO, IDA","2","0.66","77.7"
"473","GO:0042733","embryonic digit morphogenesis","IMP, TAS","2","0.66","77.7"
"474","GO:0045738","negative regulation of DNA repair","IMP, ISO","2","0.66","77.7"
"475","GO:1905314","GO:1905314","IMP","2","0.66","77.7"
"476","GO:0035148","tube formation","IEA, IMP","2","0.66","77.7"
"477","GO:0023052","signaling","NAS, TAS","2","0.66","77.7"
"478","GO:0001667","ameboidal cell migration","IEA, IMP","2","0.66","77.7"
"479","GO:0022008","neurogenesis","IEA, IMP","2","0.66","77.7"
"480","GO:0003197","endocardial cushion development","IEA, IMP","2","0.66","77.7"
"481","GO:0051090","regulation of sequence-specific DNA binding transcription factor activity","IEA, IDA","2","0.66","77.7"
"482","GO:0051099","positive regulation of binding","IMP, ISO","2","0.66","77.7"
"483","GO:0090344","negative regulation of cell aging","IMP, ISO","2","0.66","77.7"
"484","GO:0031329","regulation of cellular catabolic process","IMP, ISO","2","0.66","77.7"
"485","GO:0072175","epithelial tube formation","IEA, IMP","2","0.66","77.7"
"486","GO:0035358","regulation of peroxisome proliferator activated receptor signaling pathway","IEA, IDA","2","0.66","77.7"
"487","GO:0035359","negative regulation of peroxisome proliferator activated receptor signaling pathway","IEA, IDA","2","0.66","77.7"
"488","GO:0031334","positive regulation of protein complex assembly","ISO, IDA","2","0.66","77.7"
"489","GO:0043518","negative regulation of DNA damage response, signal transduction by p53 class mediator","IMP, ISO","2","0.66","77.7"
"490","GO:0007154","cell communication","NAS, TAS","2","0.66","77.7"
"491","GO:0043516","regulation of DNA damage response, signal transduction by p53 class mediator","IMP, ISO","2","0.66","77.7"
"492","GO:0048699","generation of neurons","IEA, IMP","2","0.66","77.7"
"493","GO:0007399","nervous system development","IEA, IMP","2","0.66","77.7"
"494","GO:0042476","odontogenesis","IEA","2","0.66","77.7"
"495","GO:0044087","regulation of cellular component biogenesis","ISO, IDA","2","0.66","77.7"
"496","GO:0001933","negative regulation of protein phosphorylation","IMP, ISO","2","0.66","77.7"
"497","GO:0001932","regulation of protein phosphorylation","IMP, ISO","2","0.66","77.7"
"498","GO:0044089","positive regulation of cellular component biogenesis","ISO, IDA","2","0.66","77.7"
"499","GO:0061303","cornea development in camera-type eye","IMP","1","0.33","74"
"500","GO:0048569","post-embryonic organ development","IMP","1","0.33","74"
"501","GO:1901342","regulation of vasculature development","NAS","1","0.33","74"
"502","GO:0002682","regulation of immune system process","IMP","1","0.33","74"
"503","GO:0071345","cellular response to cytokine stimulus","TAS","1","0.33","74"
"504","GO:1904018","GO:1904018","NAS","1","0.33","74"
"505","GO:0043392","negative regulation of DNA binding","IDA","1","0.33","74"
"506","GO:0010171","body morphogenesis","IMP","1","0.33","74"
"507","GO:0009950","dorsal/ventral axis specification","TAS","1","0.33","74"
"508","GO:0002164","larval development","IMP","1","0.33","74"
"509","GO:0007165","signal transduction","TAS","1","0.33","74"
"510","GO:0007166","cell surface receptor signaling pathway","TAS","1","0.33","74"
"511","GO:0006366","transcription from RNA polymerase II promoter","TAS","1","0.33","74"
"512","GO:0009953","dorsal/ventral pattern formation","TAS","1","0.33","74"
"513","GO:0002119","nematode larval development","IMP","1","0.33","74"
"514","GO:0043583","ear development","TAS","1","0.33","74"
"515","GO:0007267","cell-cell signaling","NAS","1","0.33","74"
"516","GO:0019221","cytokine-mediated signaling pathway","TAS","1","0.33","74"
"517","GO:0060322","head development","IMP","1","0.33","74"
"518","GO:0060325","face morphogenesis","IMP","1","0.33","74"
"519","GO:0060324","face development","IMP","1","0.33","74"
"520","GO:0040025","vulval development","IMP","1","0.33","74"
"521","GO:0002683","negative regulation of immune system process","IMP","1","0.33","74"
"522","GO:0003002","regionalization","TAS","1","0.33","74"
"523","GO:0051100","negative regulation of binding","IDA","1","0.33","74"
"524","GO:0008285","negative regulation of cell proliferation","IMP","1","0.33","74"
"525","GO:0034097","response to cytokine stimulus","TAS","1","0.33","74"
"526","GO:0001709","cell fate determination","TAS","1","0.33","74"
"527","GO:0007389","pattern specification process","TAS","1","0.33","74"
"528","GO:0045765","regulation of angiogenesis","NAS","1","0.33","74"
"529","GO:0045766","positive regulation of angiogenesis","NAS","1","0.33","74"
"530","GO:1903706","GO:1903706","IMP","1","0.33","74"
"531","GO:1903707","GO:1903707","IMP","1","0.33","74"
"532","GO:0007499","ectoderm and mesoderm interaction","NAS","1","0.33","74"
"533","GO:0010837","regulation of keratinocyte proliferation","IMP","1","0.33","74"
"534","GO:0072327","vulval cell fate specification","IMP","1","0.33","74"
"535","GO:0072325","vulval cell fate commitment","IMP","1","0.33","74"
"536","GO:0060323","head morphogenesis","IMP","1","0.33","74"
"537","GO:0045638","negative regulation of myeloid cell differentiation","IMP","1","0.33","74"
"538","GO:0045637","regulation of myeloid cell differentiation","IMP","1","0.33","74"
"539","GO:0009791","post-embryonic development","IMP","1","0.33","74"
"540","GO:0009798","axis specification","TAS","1","0.33","74"
"541","GO:0042473","outer ear morphogenesis","TAS","1","0.33","74"
"542","GO:0010838","positive regulation of keratinocyte proliferation","IMP","1","0.33","74"
"543","GO:0007500","mesodermal cell fate determination","TAS","1","0.33","74"
"544","GO:0042471","ear morphogenesis","TAS","1","0.33","74"
"545","GO:0044464","cell part","CURATED, TAS, ISS, IPI, ISO, IEA, IC, IDA","10","3.3","86.5"
"546","GO:0005623","cell","CURATED, TAS, ISS, IPI, ISO, IEA, IC, IDA","10","3.3","86.5"
"547","GO:0005622","intracellular","CURATED, TAS, ISS, IPI, ISO, IEA, IC, IDA","10","3.3","86.5"
"548","GO:0044424","intracellular part","CURATED, TAS, ISS, IPI, ISO, IEA, IC, IDA","10","3.3","86.5"
"549","GO:0005634","nucleus","CURATED, TAS, ISS, ISO, IEA, IC, IDA","10","3.3","86.5"
"550","GO:0043229","intracellular organelle","CURATED, TAS, ISS, ISO, IEA, IC, IDA","10","3.3","86.5"
"551","GO:0043227","membrane-bounded organelle","CURATED, TAS, ISS, ISO, IEA, IC, IDA","10","3.3","86.5"
"552","GO:0043226","organelle","CURATED, TAS, ISS, ISO, IEA, IC, IDA","10","3.3","86.5"
"553","GO:0043231","intracellular membrane-bounded organelle","CURATED, TAS, ISS, ISO, IEA, IC, IDA","10","3.3","86.5"
"554","GO:0031974","membrane-enclosed lumen","IEA, IDA, ISO, TAS","5","1.65","82.7"
"555","GO:0005737","cytoplasm","ISS, IEA, ISO, IDA","6","1.98","83.7"
"556","GO:0031981","nuclear lumen","IEA, IDA, ISO, TAS","5","1.65","82.7"
"557","GO:0043233","organelle lumen","IEA, IDA, ISO, TAS","5","1.65","82.7"
"558","GO:0044446","intracellular organelle part","IEA, IDA, ISO, TAS","5","1.65","82.7"
"559","GO:0070013","intracellular organelle lumen","IEA, IDA, ISO, TAS","5","1.65","82.7"
"560","GO:0044428","nuclear part","IEA, IDA, ISO, TAS","5","1.65","82.7"
"561","GO:0044422","organelle part","IEA, IDA, ISO, TAS","5","1.65","82.7"
"562","GO:0043228","non-membrane-bounded organelle","IEA, ISO, IDA","3","0.99","79.9"
"563","GO:0005730","nucleolus","IEA, ISO, IDA","3","0.99","79.9"
"564","GO:0005654","nucleoplasm","TAS","3","0.99","79.9"
"565","GO:0043232","intracellular non-membrane-bounded organelle","IEA, ISO, IDA","3","0.99","79.9"
"566","GO:0032991","macromolecular complex","IPI","1","0.33","74"
"567","GO:0005667","transcription factor complex","IPI","1","0.33","74"
