"","V1","V2","V3","V4","V5","V6"
"1","ID","GO term","Evidence","SeqCount","Frequency","relative_fontsize"
"2","GO:0005488","binding","TAS, ISS, IBA, IPI, NAS, IEA, IC, IGI, IDA","188","14.7","89.6"
"3","GO:0005515","protein binding","TAS, ISS, IBA, IPI, NAS, IEA, IC, IGI, IDA","139","10.9","88"
"4","GO:0005102","receptor binding","TAS, ISS, IBA, IPI, NAS, IEA, IC, IGI, IDA","139","10.9","88"
"5","GO:0001664","G-protein coupled receptor binding","ISS, IBA, IPI, NAS, IGI, IDA","135","10.6","87.8"
"6","GO:0005109","frizzled binding","ISS, IBA, IPI, NAS, IGI, IDA","116","9.1","87"
"7","GO:1901363","heterocyclic compound binding","IEA, ISS, IDA","66","5.18","83.9"
"8","GO:0097159","organic cyclic compound binding","IEA, ISS, IDA","66","5.18","83.9"
"9","GO:0003676","nucleic acid binding","IEA, ISS, IDA","65","5.1","83.8"
"10","GO:0003677","DNA binding","IEA, ISS, IDA","64","5.02","83.8"
"11","GO:0007275","multicellular organismal development","NAS, ISS, IBA, TAS, IMP, IEP, IEA, IGI, IDA","1055","82.7","99"
"12","GO:0044699","single-organism process","TAS, ISS, IBA, IMP, NAS, IEP, IEA, ISO, IC, IGI, IDA","1055","82.7","99"
"13","GO:0044763","single-organism cellular process","TAS, ISS, IBA, IMP, NAS, IEP, IEA, ISO, IC, IGI, IDA","1055","82.7","99"
"14","GO:0009987","cellular process","TAS, ISS, IBA, IMP, NAS, IEP, IEA, ISO, IC, IGI, IDA","1055","82.7","99"
"15","GO:0032502","developmental process","NAS, ISS, IBA, TAS, IMP, IEP, IEA, IGI, IDA","1055","82.7","99"
"16","GO:0044707","single-multicellular organism process","NAS, ISS, IBA, TAS, IMP, IEP, IEA, IGI, IDA","1055","82.7","99"
"17","GO:0032501","multicellular organismal process","NAS, ISS, IBA, TAS, IMP, IEP, IEA, IGI, IDA","1055","82.7","99"
"18","GO:0050789","regulation of biological process","IPI, NAS, ISS, IBA, TAS, IMP, ISO, IEP, IEA, IC, IGI, IDA","1055","82.7","99"
"19","GO:0065007","biological regulation","IPI, NAS, ISS, IBA, TAS, IMP, ISO, IEP, IEA, IC, IGI, IDA","1055","82.7","99"
"20","GO:0050794","regulation of cellular process","IPI, NAS, ISS, IBA, TAS, IMP, ISO, IEP, IEA, IC, IGI, IDA","1055","82.7","99"
"21","GO:0050896","response to stimulus","NAS, ISS, IBA, TAS, IMP, ISO, IEP, IEA, IC, IGI, IDA","1055","82.7","99"
"22","GO:0016055","Wnt receptor signaling pathway","NAS, ISS, IBA, IMP, IEP, IEA, IGI, IDA","1055","82.7","99"
"23","GO:0051716","cellular response to stimulus","NAS, ISS, IBA, TAS, IMP, ISO, IEP, IEA, IC, IGI, IDA","1055","82.7","99"
"24","GO:0044700","single organism signaling","TAS, ISS, IBA, IMP, NAS, IEP, IEA, ISO, IC, IGI, IDA","1055","82.7","99"
"25","GO:0023052","signaling","TAS, ISS, IBA, IMP, NAS, IEP, IEA, ISO, IC, IGI, IDA","1055","82.7","99"
"26","GO:0007154","cell communication","TAS, ISS, IBA, IMP, NAS, IEP, IEA, ISO, IC, IGI, IDA","1055","82.7","99"
"27","GO:0007165","signal transduction","NAS, ISS, IBA, TAS, IMP, ISO, IEP, IEA, IC, IGI, IDA","1055","82.7","99"
"28","GO:0007166","cell surface receptor signaling pathway","NAS, ISS, IBA, IMP, ISO, IEP, IEA, IGI, IDA","1055","82.7","99"
"29","GO:0048856","anatomical structure development","NAS, ISS, IBA, TAS, IMP, IEP, IEA, IGI, IDA","440","34.5","94.2"
"30","GO:0048731","system development","NAS, ISS, IBA, TAS, IMP, IEP, IEA, IGI, IDA","435","34.1","94.2"
"31","GO:0044767","single-organism developmental process","NAS, ISS, IBA, TAS, IMP, IEP, IEA, IGI, IDA","400","31.4","93.7"
"32","GO:0048513","organ development","NAS, ISS, IEP, TAS, IMP, IBA, IEA, IGI, IDA","410","32.2","93.8"
"33","GO:0048869","cellular developmental process","NAS, ISS, IBA, IMP, IEP, IEA, IGI, IDA","364","28.5","93.2"
"34","GO:0030154","cell differentiation","NAS, ISS, IBA, IMP, IEP, IEA, IGI, IDA","364","28.5","93.2"
"35","GO:0009888","tissue development","NAS, ISS, IBA, TAS, IMP, IEP, IEA, IGI, IDA","378","29.6","93.4"
"36","GO:0009653","anatomical structure morphogenesis","TAS, ISS, IBA, IMP, IEP, IEA, IGI, IDA","373","29.3","93.3"
"37","GO:0048518","positive regulation of biological process","TAS, ISS, IBA, IPI, IMP, IEA, IGI, IDA","360","28.2","93.1"
"38","GO:0019222","regulation of metabolic process","NAS, ISS, IBA, IPI, IMP, ISO, IEA, IGI, IDA","338","26.5","92.8"
"39","GO:0048522","positive regulation of cellular process","TAS, ISS, IBA, IPI, IMP, IEA, IGI, IDA","319","25","92.5"
"40","GO:0060255","regulation of macromolecule metabolic process","ISS, IBA, IPI, IMP, ISO, IEA, IGI, IDA","318","24.9","92.5"
"41","GO:0050793","regulation of developmental process","TAS, ISS, IBA, IMP, NAS, IEA, IGI, IDA","304","23.8","92.2"
"42","GO:0048519","negative regulation of biological process","NAS, ISS, IBA, TAS, IMP, IEA, IGI, IDA","280","22","91.8"
"43","GO:0051239","regulation of multicellular organismal process","NAS, ISS, IBA, IMP, IEA, IGI, IDA","304","23.8","92.2"
"44","GO:0009887","organ morphogenesis","TAS, ISS, IBA, IMP, IEP, IEA, IGI, IDA","308","24.2","92.3"
"45","GO:0010468","regulation of gene expression","ISS, IBA, IPI, IMP, ISO, IEA, IDA","299","23.5","92.1"
"46","GO:0048583","regulation of response to stimulus","IMP, ISS, IBA, TAS, NAS, IEA, IC, IGI, IDA","292","22.9","92"
"47","GO:0009790","embryo development","NAS, ISS, IBA, TAS, IMP, IEP, IEA, IGI, IDA","295","23.1","92.1"
"48","GO:0007399","nervous system development","TAS, ISS, IBA, IMP, IEP, IEA, IGI, IDA","259","20.3","91.3"
"49","GO:0010646","regulation of cell communication","IMP, ISS, IBA, TAS, NAS, IEA, IC, IGI, IDA","275","21.6","91.7"
"50","GO:0023051","regulation of signaling","IMP, ISS, IBA, TAS, NAS, IEA, IC, IGI, IDA","275","21.6","91.7"
"51","GO:0009966","regulation of signal transduction","IMP, ISS, IBA, TAS, NAS, IEA, IC, IGI, IDA","274","21.5","91.7"
"52","GO:0048523","negative regulation of cellular process","NAS, ISS, IBA, TAS, IMP, IEA, IGI, IDA","255","20","91.3"
"53","GO:0009893","positive regulation of metabolic process","ISS, IBA, IPI, IMP, IEA, IGI, IDA","286","22.4","91.9"
"54","GO:0010604","positive regulation of macromolecule metabolic process","ISS, IBA, IPI, IMP, IEA, IGI, IDA","285","22.4","91.9"
"55","GO:0060429","epithelium development","TAS, ISS, IEP, IMP, IBA, IEA, IGI, IDA","261","20.5","91.4"
"56","GO:0060070","canonical Wnt receptor signaling pathway","ISS, IBA, IMP, IEP, IEA, IGI, IDA","285","22.4","91.9"
"57","GO:2000026","regulation of multicellular organismal development","NAS, ISS, IBA, IMP, IEA, IGI, IDA","270","21.2","91.6"
"58","GO:0048729","tissue morphogenesis","TAS, ISS, IBA, IMP, IEP, IEA, IGI, IDA","264","20.7","91.5"
"59","GO:0010628","positive regulation of gene expression","ISS, IBA, IPI, IMP, IEA, IDA","268","21","91.5"
"60","GO:0007389","pattern specification process","NAS, ISS, IBA, TAS, IMP, IEP, IEA, IGI, IDA","229","18","90.7"
"61","GO:0031323","regulation of cellular metabolic process","NAS, ISS, IBA, IPI, IMP, ISO, IEA, IGI, IDA","228","17.9","90.7"
"62","GO:0080090","regulation of primary metabolic process","ISS, IBA, IPI, IMP, ISO, IEA, IGI, IDA","227","17.8","90.6"
"63","GO:0051094","positive regulation of developmental process","ISS, IBA, IMP, IEA, IGI, IDA","253","19.8","91.2"
"64","GO:0023056","positive regulation of signaling","TAS, ISS, IBA, IMP, IEA, IDA","239","18.7","90.9"
"65","GO:0009967","positive regulation of signal transduction","TAS, ISS, IBA, IMP, IEA, IDA","239","18.7","90.9"
"66","GO:0010647","positive regulation of cell communication","TAS, ISS, IBA, IMP, IEA, IDA","239","18.7","90.9"
"67","GO:0048584","positive regulation of response to stimulus","TAS, ISS, IBA, IMP, IEA, IDA","239","18.7","90.9"
"68","GO:0048598","embryonic morphogenesis","ISS, IBA, IMP, IEP, IEA, IGI, IDA","233","18.3","90.8"
"69","GO:0045165","cell fate commitment","ISS, IBA, IMP, IEP, IEA, IGI, IDA","215","16.9","90.3"
"70","GO:0003002","regionalization","NAS, ISS, IBA, TAS, IMP, IEP, IEA, IGI, IDA","209","16.4","90.2"
"71","GO:0009889","regulation of biosynthetic process","ISS, IBA, IPI, IMP, ISO, IEA, IDA","205","16.1","90.1"
"72","GO:0031326","regulation of cellular biosynthetic process","ISS, IBA, IPI, IMP, ISO, IEA, IDA","205","16.1","90.1"
"73","GO:0010556","regulation of macromolecule biosynthetic process","ISS, IBA, IPI, IMP, ISO, IEA, IDA","205","16.1","90.1"
"74","GO:0019219","regulation of nucleobase-containing compound metabolic process","ISS, IBA, IPI, IMP, ISO, IEA, IGI, IDA","205","16.1","90.1"
"75","GO:0051171","regulation of nitrogen compound metabolic process","ISS, IBA, IPI, IMP, ISO, IEA, IGI, IDA","205","16.1","90.1"
"76","GO:0045595","regulation of cell differentiation","TAS, ISS, IBA, IMP, IEA, IGI, IDA","212","16.6","90.3"
"77","GO:0071840","cellular component organization or biogenesis","TAS, ISS, IEP, IMP, IBA, IEA, IGI, IDA","210","16.5","90.2"
"78","GO:0016043","cellular component organization","TAS, ISS, IEP, IMP, IBA, IEA, IGI, IDA","210","16.5","90.2"
"79","GO:2001141","regulation of RNA biosynthetic process","ISS, IBA, IPI, IMP, ISO, IEA, IDA","205","16.1","90.1"
"80","GO:0051252","regulation of RNA metabolic process","ISS, IBA, IPI, IMP, ISO, IEA, IDA","205","16.1","90.1"
"81","GO:0006355","regulation of transcription, DNA-dependent","ISS, IBA, IPI, IMP, ISO, IEA, IDA","205","16.1","90.1"
"82","GO:2000112","regulation of cellular macromolecule biosynthetic process","ISS, IBA, IPI, IMP, ISO, IEA, IDA","205","16.1","90.1"
"83","GO:0022008","neurogenesis","ISS, IBA, IMP, IEP, IEA, IGI, IDA","206","16.2","90.1"
"84","GO:0048699","generation of neurons","ISS, IBA, IMP, IEP, IEA, IGI, IDA","206","16.2","90.1"
"85","GO:0030182","neuron differentiation","ISS, IBA, IMP, IEP, IEA, IGI, IDA","204","16","90.1"
"86","GO:0042221","response to chemical stimulus","IMP, ISS, IBA, NAS, IEP, IEA, IGI, IDA","209","16.4","90.2"
"87","GO:0022603","regulation of anatomical structure morphogenesis","ISS, IBA, IMP, IEA, IGI, IDA","205","16.1","90.1"
"88","GO:0048646","anatomical structure formation involved in morphogenesis","ISS, IBA, IMP, IEP, IEA, IGI, IDA","203","15.9","90"
"89","GO:0031325","positive regulation of cellular metabolic process","ISS, IBA, IPI, IMP, IEA, IGI, IDA","195","15.3","89.8"
"90","GO:0048468","cell development","ISS, IBA, IMP, IEP, IEA, IGI, IDA","183","14.4","89.5"
"91","GO:0002009","morphogenesis of an epithelium","TAS, ISS, IBA, IMP, IEP, IEA, IGI, IDA","194","15.2","89.8"
"92","GO:0010941","regulation of cell death","TAS, ISS, IBA, IMP, IEA, IGI, IDA","194","15.2","89.8"
"93","GO:0042127","regulation of cell proliferation","NAS, ISS, IBA, IMP, IEA, IGI, IDA","182","14.3","89.4"
"94","GO:0030111","regulation of Wnt receptor signaling pathway","ISS, IBA, IMP, IEA, IGI, IDA","194","15.2","89.8"
"95","GO:0009792","embryo development ending in birth or egg hatching","ISS, IBA, IMP, IEP, IEA, IGI","186","14.6","89.6"
"96","GO:0031328","positive regulation of cellular biosynthetic process","ISS, IBA, IPI, IMP, IEA, IDA","191","15","89.7"
"97","GO:0009891","positive regulation of biosynthetic process","ISS, IBA, IPI, IMP, IEA, IDA","191","15","89.7"
"98","GO:0010557","positive regulation of macromolecule biosynthetic process","ISS, IBA, IPI, IMP, IEA, IDA","191","15","89.7"
"99","GO:0043009","chordate embryonic development","ISS, IBA, IMP, IEP, IEA, IGI","183","14.4","89.5"
"100","GO:0072359","circulatory system development","ISS, IBA, IMP, IEP, IEA, IGI, IDA","185","14.5","89.5"
"101","GO:0072358","cardiovascular system development","ISS, IBA, IMP, IEP, IEA, IGI, IDA","185","14.5","89.5"
"102","GO:0007417","central nervous system development","TAS, ISS, IBA, IMP, IEP, IEA, IGI, IDA","168","13.2","89"
"103","GO:0001501","skeletal system development","ISS, IEP, IMP, IBA, IEA, IDA","183","14.4","89.5"
"104","GO:0035295","tube development","ISS, IBA, IMP, IEP, IEA, IGI, IDA","176","13.8","89.3"
"105","GO:0007267","cell-cell signaling","IMP, TAS, ISS, IBA, NAS, IEA, IGI, IDA","179","14","89.3"
"106","GO:0060828","regulation of canonical Wnt receptor signaling pathway","ISS, IBA, IMP, IEA, IGI, IDA","183","14.4","89.5"
"107","GO:0008283","cell proliferation","ISS, IBA, IMP, IEP, IEA, IDA","176","13.8","89.3"
"108","GO:0009798","axis specification","IMP, ISS, IBA, TAS, NAS, IEA, IGI, IDA","171","13.4","89.1"
"109","GO:0043067","regulation of programmed cell death","TAS, ISS, IBA, IMP, IEA, IGI, IDA","173","13.6","89.2"
"110","GO:0007420","brain development","ISS, IBA, IMP, IEP, IEA, IGI, IDA","167","13.1","89"
"111","GO:0051093","negative regulation of developmental process","IMP, ISS, IBA, NAS, IEA, IGI, IDA","160","12.5","88.7"
"112","GO:0042981","regulation of apoptotic process","TAS, ISS, IBA, IMP, IEA, IGI, IDA","173","13.6","89.2"
"113","GO:0045935","positive regulation of nucleobase-containing compound metabolic process","ISS, IBA, IPI, IMP, IEA, IDA","174","13.6","89.2"
"114","GO:0065009","regulation of molecular function","IMP, ISS, IBA, NAS, IEA, IC, IGI, IDA","169","13.3","89"
"115","GO:0051173","positive regulation of nitrogen compound metabolic process","ISS, IBA, IPI, IMP, IEA, IDA","174","13.6","89.2"
"116","GO:0045893","positive regulation of transcription, DNA-dependent","ISS, IBA, IPI, IMP, IEA, IDA","174","13.6","89.2"
"117","GO:0051254","positive regulation of RNA metabolic process","ISS, IBA, IPI, IMP, IEA, IDA","174","13.6","89.2"
"118","GO:0070887","cellular response to chemical stimulus","IEA, ISS, IDA, IMP, IEP","172","13.5","89.1"
"119","GO:0048585","negative regulation of response to stimulus","ISS, IBA, IMP, IEA, IGI, IDA","158","12.4","88.7"
"120","GO:2000027","regulation of organ morphogenesis","ISS, IBA, IMP, IEA, IGI, IDA","163","12.8","88.8"
"121","GO:0045596","negative regulation of cell differentiation","ISS, IBA, IMP, IEA, IGI, IDA","158","12.4","88.7"
"122","GO:0048568","embryonic organ development","ISS, IBA, IMP, IEP, IEA, IGI","158","12.4","88.7"
"123","GO:0048732","gland development","IEA, IEP, IDA, IBA, IMP","162","12.7","88.8"
"124","GO:0051128","regulation of cellular component organization","TAS, ISS, IBA, IMP, IEA, IGI, IDA","158","12.4","88.7"
"125","GO:0009952","anterior/posterior pattern specification","NAS, ISS, IBA, TAS, IMP, IEP, IEA, IGI, IDA","149","11.7","88.3"
"126","GO:0032989","cellular component morphogenesis","ISS, IEP, IMP, IBA, IEA, IGI, IDA","153","12","88.5"
"127","GO:0000902","cell morphogenesis","ISS, IEP, IMP, IBA, IEA, IGI, IDA","153","12","88.5"
"128","GO:0065008","regulation of biological quality","ISS, IBA, IMP, IEA, IGI, IDA","155","12.2","88.6"
"129","GO:0044093","positive regulation of molecular function","IMP, ISS, IBA, NAS, IEA, IC, IGI, IDA","149","11.7","88.3"
"130","GO:0010033","response to organic substance","IMP, ISS, IEP, NAS, IEA, IDA","151","11.8","88.4"
"131","GO:0061061","muscle structure development","ISS, IEP, IMP, IBA, IEA, IGI, IDA","152","11.9","88.5"
"132","GO:0008284","positive regulation of cell proliferation","ISS, IBA, IMP, IEA, IGI, IDA","140","11","88"
"133","GO:0048863","stem cell differentiation","NAS, ISS, IBA, IMP, IEP, IEA, IDA","152","11.9","88.5"
"134","GO:0010648","negative regulation of cell communication","ISS, IBA, IMP, IEA, IGI, IDA","141","11.1","88"
"135","GO:0023057","negative regulation of signaling","ISS, IBA, IMP, IEA, IGI, IDA","141","11.1","88"
"136","GO:0051240","positive regulation of multicellular organismal process","ISS, IBA, IMP, IEA, IGI, IDA","140","11","88"
"137","GO:0030900","forebrain development","ISS, IBA, IMP, IEP, IEA, IGI, IDA","143","11.2","88.1"
"138","GO:0071310","cellular response to organic substance","IEA, ISS, IDA, IEP","150","11.8","88.4"
"139","GO:0006950","response to stress","ISS, IBA, IMP, IEP, IEA, IGI, IDA","141","11.1","88"
"140","GO:0006357","regulation of transcription from RNA polymerase II promoter","ISS, IBA, IMP, ISO, IEA, IDA","139","10.9","88"
"141","GO:0001655","urogenital system development","NAS, ISS, IBA, IMP, IEP, IEA, IGI, IDA","135","10.6","87.8"
"142","GO:0060485","mesenchyme development","NAS, ISS, IEP, IMP, IBA, IEA, IDA","143","11.2","88.1"
"143","GO:0060548","negative regulation of cell death","TAS, ISS, IMP, IEA, IGI, IDA","146","11.5","88.2"
"144","GO:0072001","renal system development","NAS, ISS, IBA, IMP, IEP, IEA, IGI, IDA","135","10.6","87.8"
"145","GO:0051179","localization","ISS, IBA, IMP, IEA, IGI, IDA","133","10.4","87.7"
"146","GO:0007507","heart development","ISS, IBA, IMP, IEP, IEA, IGI, IDA","135","10.6","87.8"
"147","GO:0009892","negative regulation of metabolic process","IMP, ISS, IBA, NAS, IEA, IDA","136","10.7","87.9"
"148","GO:0060562","epithelial tube morphogenesis","IEP, IMP, IBA, IEA, IGI, IDA","137","10.7","87.9"
"149","GO:0035239","tube morphogenesis","IEP, IMP, IBA, IEA, IGI, IDA","137","10.7","87.9"
"150","GO:0010605","negative regulation of macromolecule metabolic process","IEA, IBA, IDA, ISS, IMP","136","10.7","87.9"
"151","GO:0030855","epithelial cell differentiation","ISS, IBA, IMP, IEP, IEA, IGI","129","10.1","87.6"
"152","GO:0000904","cell morphogenesis involved in differentiation","ISS, IBA, IMP, IEP, IEA, IGI, IDA","128","10","87.5"
"153","GO:0007423","sensory organ development","TAS, ISS, IBA, IMP, IEP, IEA, IGI, IDA","130","10.2","87.6"
"154","GO:0051130","positive regulation of cellular component organization","IEA, ISS, IMP, IGI, IDA","136","10.7","87.9"
"155","GO:0009968","negative regulation of signal transduction","ISS, IBA, IMP, IEA, IGI, IDA","122","9.57","87.3"
"156","GO:0032879","regulation of localization","IEA, ISS, IDA, IGI, IMP","124","9.73","87.3"
"157","GO:0035567","non-canonical Wnt receptor signaling pathway","ISS, IBA, IMP, IEA, IGI, IDA","123","9.65","87.3"
"158","GO:0009719","response to endogenous stimulus","NAS, ISS, IEP, IMP, IEA, IDA","127","9.96","87.5"
"159","GO:0051246","regulation of protein metabolic process","ISS, IBA, IMP, IEA, IGI, IDA","120","9.41","87.2"
"160","GO:0045597","positive regulation of cell differentiation","ISS, IBA, IMP, IEA, IGI, IDA","125","9.8","87.4"
"161","GO:0032268","regulation of cellular protein metabolic process","ISS, IBA, IMP, IEA, IGI, IDA","120","9.41","87.2"
"162","GO:0045995","regulation of embryonic development","ISS, IBA, IMP, IEA, IGI, IDA","123","9.65","87.3"
"163","GO:0000003","reproduction","TAS, ISS, IEP, IMP, IBA, IEA, IDA","114","8.94","86.9"
"164","GO:0022414","reproductive process","TAS, ISS, IEP, IMP, IBA, IEA, IDA","113","8.86","86.8"
"165","GO:0002376","immune system process","ISS, IBA, IMP, IEP, IEA, IDA","121","9.49","87.2"
"166","GO:0010629","negative regulation of gene expression","IEA, IBA, IDA, ISS, IMP","119","9.33","87.1"
"167","GO:0003006","developmental process involved in reproduction","TAS, ISS, IEP, IMP, IBA, IEA, IDA","112","8.78","86.8"
"168","GO:0071495","cellular response to endogenous stimulus","IEA, IEP, ISS, IDA","125","9.8","87.4"
"169","GO:0040008","regulation of growth","TAS, ISS, IBA, IMP, IEA, IGI, IDA","120","9.41","87.2"
"170","GO:0048534","hematopoietic or lymphoid organ development","IEA, IBA, IDA, ISS, IMP","121","9.49","87.2"
"171","GO:0060021","palate development","ISS, IMP, IEA, IBA","123","9.65","87.3"
"172","GO:0030097","hemopoiesis","IEA, IBA, IDA, ISS, IMP","121","9.49","87.2"
"173","GO:0002520","immune system development","IEA, IBA, IDA, ISS, IMP","121","9.49","87.2"
"174","GO:0045944","positive regulation of transcription from RNA polymerase II promoter","IEA, ISS, IDA, IMP, IBA","122","9.57","87.3"
"175","GO:0030879","mammary gland development","IEA, IEP, IDA, IBA, IMP","117","9.18","87"
"176","GO:0031324","negative regulation of cellular metabolic process","IMP, ISS, IBA, NAS, IEA, IDA","116","9.1","87"
"177","GO:0048608","reproductive structure development","IEA, IMP, IEP, ISS, IBA","111","8.71","86.7"
"178","GO:0061458","reproductive system development","IEA, IMP, IEP, ISS, IBA","111","8.71","86.7"
"179","GO:0090263","positive regulation of canonical Wnt receptor signaling pathway","IEA, ISS, IBA, IMP, IDA","119","9.33","87.1"
"180","GO:0030177","positive regulation of Wnt receptor signaling pathway","IEA, ISS, IBA, IMP, IDA","119","9.33","87.1"
"181","GO:0040011","locomotion","ISS, IBA, IMP, IEA, IGI, IDA","112","8.78","86.8"
"182","GO:0014706","striated muscle tissue development","ISS, IEP, IMP, IBA, IEA, IGI, IDA","114","8.94","86.9"
"183","GO:0060537","muscle tissue development","ISS, IEP, IMP, IBA, IEA, IGI, IDA","114","8.94","86.9"
"184","GO:0006928","cellular component movement","TAS, ISS, IBA, IMP, IEA, IGI, IDA","111","8.71","86.7"
"185","GO:0051174","regulation of phosphorus metabolic process","IMP, ISS, IBA, NAS, IEA, IGI, IDA","108","8.47","86.6"
"186","GO:0009611","response to wounding","ISS, IEP, IMP, IBA, IEA, IDA","113","8.86","86.8"
"187","GO:0019220","regulation of phosphate metabolic process","IMP, ISS, IBA, NAS, IEA, IGI, IDA","108","8.47","86.6"
"188","GO:0048562","embryonic organ morphogenesis","ISS, IBA, IMP, IEP, IEA, IGI","106","8.31","86.5"
"189","GO:0042325","regulation of phosphorylation","IMP, ISS, IBA, NAS, IEA, IGI, IDA","107","8.39","86.5"
"190","GO:0048589","developmental growth","TAS, ISS, IEP, IMP, IBA, IEA, IGI, IDA","112","8.78","86.8"
"191","GO:0040007","growth","TAS, ISS, IEP, IMP, IBA, IEA, IGI, IDA","112","8.78","86.8"
"192","GO:0031399","regulation of protein modification process","ISS, IBA, IMP, IEA, IGI, IDA","106","8.31","86.5"
"193","GO:0048864","stem cell development","ISS, IEP, IMP, IBA, IEA, IDA","112","8.78","86.8"
"194","GO:0001932","regulation of protein phosphorylation","ISS, IBA, IMP, IEA, IGI, IDA","106","8.31","86.5"
"195","GO:0072089","stem cell proliferation","ISS, IBA, IMP, IEP, IEA, IDA","111","8.71","86.7"
"196","GO:0051641","cellular localization","IEA, ISS, IDA, IGI, IMP","109","8.55","86.6"
"197","GO:0050790","regulation of catalytic activity","ISS, IBA, IMP, IEA, IGI, IDA","108","8.47","86.6"
"198","GO:0008152","metabolic process","IEA, ISS, IDA, IGI, IMP","108","8.47","86.6"
"199","GO:0003007","heart morphogenesis","IEA, IMP, IGI, ISS, IBA","106","8.31","86.5"
"200","GO:0042692","muscle cell differentiation","IEP, IMP, IBA, IEA, IGI, IDA","104","8.16","86.4"
"201","GO:0048762","mesenchymal cell differentiation","NAS, ISS, IEP, IMP, IBA, IEA, IDA","106","8.31","86.5"
"202","GO:0033036","macromolecule localization","IEA, ISS, IGI, IMP, IDA","104","8.16","86.4"
"203","GO:0071363","cellular response to growth factor stimulus","IEA, IEP, ISS","108","8.47","86.6"
"204","GO:0071560","cellular response to transforming growth factor beta stimulus","IEA, IEP, ISS","108","8.47","86.6"
"205","GO:0008104","protein localization","IEA, ISS, IGI, IMP, IDA","103","8.08","86.3"
"206","GO:0070848","response to growth factor stimulus","IEA, IEP, ISS","108","8.47","86.6"
"207","GO:0071559","response to transforming growth factor beta stimulus","IEA, IEP, ISS","108","8.47","86.6"
"208","GO:0060284","regulation of cell development","ISS, IBA, IMP, IEA, IGI, IDA","101","7.92","86.2"
"209","GO:0001822","kidney development","NAS, ISS, IBA, IMP, IEP, IEA, IGI, IDA","97","7.61","86"
"210","GO:0043066","negative regulation of apoptotic process","TAS, ISS, IMP, IEA, IGI, IDA","105","8.24","86.4"
"211","GO:0043069","negative regulation of programmed cell death","TAS, ISS, IMP, IEA, IGI, IDA","105","8.24","86.4"
"212","GO:0051216","cartilage development","ISS, IEP, IMP, IBA, IEA, IDA","104","8.16","86.4"
"213","GO:0061180","mammary gland epithelium development","IEA, IEP, IDA, IBA, IMP","101","7.92","86.2"
"214","GO:0061448","connective tissue development","ISS, IEP, IMP, IBA, IEA, IDA","104","8.16","86.4"
"215","GO:0051270","regulation of cellular component movement","IEA, ISS, IDA, IGI, IMP","100","7.84","86.2"
"216","GO:0040012","regulation of locomotion","IEA, ISS, IDA, IGI, IMP","100","7.84","86.2"
"217","GO:0009890","negative regulation of biosynthetic process","IEA, IBA, IDA, ISS, IMP","99","7.76","86.1"
"218","GO:0045168","cell-cell signaling involved in cell fate commitment","ISS, IBA, IMP, IEA, IGI, IDA","100","7.84","86.2"
"219","GO:0031327","negative regulation of cellular biosynthetic process","IEA, IBA, IDA, ISS, IMP","99","7.76","86.1"
"220","GO:0031128","developmental induction","ISS, IBA, IMP, IEA, IGI, IDA","100","7.84","86.2"
"221","GO:2000113","negative regulation of cellular macromolecule biosynthetic process","IEA, IBA, IDA, ISS, IMP","99","7.76","86.1"
"222","GO:0045934","negative regulation of nucleobase-containing compound metabolic process","IEA, IBA, IDA, ISS, IMP","99","7.76","86.1"
"223","GO:0045892","negative regulation of transcription, DNA-dependent","IEA, IBA, IDA, ISS, IMP","99","7.76","86.1"
"224","GO:0048754","branching morphogenesis of an epithelial tube","IEA, IMP, IDA, IGI, IBA","97","7.61","86"
"225","GO:0051172","negative regulation of nitrogen compound metabolic process","IEA, IBA, IDA, ISS, IMP","99","7.76","86.1"
"226","GO:0010558","negative regulation of macromolecule biosynthetic process","IEA, IBA, IDA, ISS, IMP","99","7.76","86.1"
"227","GO:0051253","negative regulation of RNA metabolic process","IEA, IBA, IDA, ISS, IMP","99","7.76","86.1"
"228","GO:0072073","kidney epithelium development","ISS, IBA, IMP, IEP, IEA, IGI, IDA","96","7.53","86"
"229","GO:0044087","regulation of cellular component biogenesis","IEA, ISS, IMP, IGI, IDA","100","7.84","86.2"
"230","GO:0016331","morphogenesis of embryonic epithelium","ISS, IEP, IMP, IBA, IEA, IGI, IDA","98","7.69","86.1"
"231","GO:0061138","morphogenesis of a branching epithelium","IEA, IMP, IDA, IGI, IBA","97","7.61","86"
"232","GO:0001763","morphogenesis of a branching structure","IEA, IMP, IDA, IGI, IBA","97","7.61","86"
"233","GO:0007517","muscle organ development","ISS, IBA, IMP, IEA, IGI, IDA","98","7.69","86.1"
"234","GO:0007548","sex differentiation","TAS, ISS, IEP, IMP, IBA, IEA, IDA","91","7.14","85.7"
"235","GO:0001657","ureteric bud development","IEA, IMP, IEP, IGI, IBA","97","7.61","86"
"236","GO:0031344","regulation of cell projection organization","ISS, IBA, IMP, IEA, IGI, IDA","96","7.53","86"
"237","GO:0060675","ureteric bud morphogenesis","IEA, IMP, IEP, IGI, IBA","97","7.61","86"
"238","GO:0048736","appendage development","TAS, ISS, IBA, IMP, IEA, IGI, IDA","93","7.29","85.8"
"239","GO:0048638","regulation of developmental growth","ISS, IBA, IMP, IEA, IGI, IDA","95","7.45","85.9"
"240","GO:0045137","development of primary sexual characteristics","IEA, IMP, IEP, ISS, IBA","89","6.98","85.5"
"241","GO:0042060","wound healing","ISS, IEP, IMP, IBA, IEA, IDA","94","7.37","85.8"
"242","GO:0090066","regulation of anatomical structure size","IEA, IBA, IGI, IMP, IDA","98","7.69","86.1"
"243","GO:0022604","regulation of cell morphogenesis","IEA, IBA, IGI, IMP, IDA","98","7.69","86.1"
"244","GO:0051247","positive regulation of protein metabolic process","ISS, IBA, IMP, IEA, IGI, IDA","86","6.75","85.4"
"245","GO:0044237","cellular metabolic process","IEA, ISS, IGI, IMP, IDA","94","7.37","85.8"
"246","GO:0010769","regulation of cell morphogenesis involved in differentiation","IEA, IBA, IGI, IDA","97","7.61","86"
"247","GO:0035107","appendage morphogenesis","ISS, IBA, IMP, IEA, IGI, IDA","92","7.22","85.7"
"248","GO:0001568","blood vessel development","IEA, IMP, ISS, IGI, IBA","94","7.37","85.8"
"249","GO:0001944","vasculature development","IEA, IMP, ISS, IGI, IBA","94","7.37","85.8"
"250","GO:0071704","organic substance metabolic process","IEA, ISS, IGI, IMP, IDA","93","7.29","85.8"
"251","GO:0044238","primary metabolic process","IEA, ISS, IGI, IMP, IDA","93","7.29","85.8"
"252","GO:0045937","positive regulation of phosphate metabolic process","ISS, IBA, IMP, IEA, IGI, IDA","86","6.75","85.4"
"253","GO:0032270","positive regulation of cellular protein metabolic process","ISS, IBA, IMP, IEA, IGI, IDA","86","6.75","85.4"
"254","GO:0031401","positive regulation of protein modification process","ISS, IBA, IMP, IEA, IGI, IDA","86","6.75","85.4"
"255","GO:0045598","regulation of fat cell differentiation","ISS, IBA, IMP, IEA, IGI, IDA","92","7.22","85.7"
"256","GO:0042327","positive regulation of phosphorylation","ISS, IBA, IMP, IEA, IGI, IDA","86","6.75","85.4"
"257","GO:0010562","positive regulation of phosphorus metabolic process","ISS, IBA, IMP, IEA, IGI, IDA","86","6.75","85.4"
"258","GO:0051091","positive regulation of sequence-specific DNA binding transcription factor activity","IEA, ISS, IDA","95","7.45","85.9"
"259","GO:0051090","regulation of sequence-specific DNA binding transcription factor activity","IEA, ISS, IDA","95","7.45","85.9"
"260","GO:0001934","positive regulation of protein phosphorylation","ISS, IBA, IMP, IEA, IGI, IDA","86","6.75","85.4"
"261","GO:0030178","negative regulation of Wnt receptor signaling pathway","ISS, IBA, IMP, IEA, IGI, IDA","88","6.9","85.5"
"262","GO:0043085","positive regulation of catalytic activity","ISS, IBA, IMP, IEA, IGI, IDA","88","6.9","85.5"
"263","GO:0050678","regulation of epithelial cell proliferation","IEA, ISS, IDA, IMP, IBA","83","6.51","85.2"
"264","GO:0035113","embryonic appendage morphogenesis","ISS, IBA, IMP, IEA, IGI, IDA","88","6.9","85.5"
"265","GO:0060173","limb development","TAS, ISS, IBA, IMP, IEA, IGI, IDA","85","6.67","85.3"
"266","GO:0051960","regulation of nervous system development","ISS, IBA, IMP, IEA, IGI, IDA","83","6.51","85.2"
"267","GO:0035108","limb morphogenesis","ISS, IBA, IMP, IEA, IGI, IDA","85","6.67","85.3"
"268","GO:0007369","gastrulation","IEA, IBA, ISS, IGI, IMP","87","6.82","85.4"
"269","GO:0009953","dorsal/ventral pattern formation","TAS, ISS, IBA, IMP, IEA, IGI","87","6.82","85.4"
"270","GO:0014031","mesenchymal cell development","IEA, IMP, IEP, ISS, IBA","87","6.82","85.4"
"271","GO:0001837","epithelial to mesenchymal transition","IEA, IMP, IEP, ISS, IBA","86","6.75","85.4"
"272","GO:0048706","embryonic skeletal system development","IEA, IMP, IEP, ISS, IBA","83","6.51","85.2"
"273","GO:0090090","negative regulation of canonical Wnt receptor signaling pathway","ISS, IBA, IMP, IEA, IGI, IDA","82","6.43","85.1"
"274","GO:0010627","regulation of intracellular protein kinase cascade","IEA, ISS, IDA, IMP, IBA","78","6.12","84.8"
"275","GO:0030326","embryonic limb morphogenesis","ISS, IBA, IMP, IEA, IGI, IDA","84","6.59","85.2"
"276","GO:0010740","positive regulation of intracellular protein kinase cascade","IEA, ISS, IDA, IMP, IBA","78","6.12","84.8"
"277","GO:0050767","regulation of neurogenesis","IEA, IBA, IGI, ISS, IDA","80","6.27","85"
"278","GO:0046661","male sex differentiation","IEA, IMP, IBA, ISS, IEP","81","6.35","85"
"279","GO:0046546","development of primary male sexual characteristics","IEA, IMP, IBA, ISS, IEP","81","6.35","85"
"280","GO:0043588","skin development","ISS, IBA, IMP, IEP, IEA, IGI","65","5.1","83.8"
"281","GO:0048738","cardiac muscle tissue development","ISS, IEP, IMP, IBA, IEA, IGI, IDA","81","6.35","85"
"282","GO:0080134","regulation of response to stress","ISS, IBA, IMP, IEA, IGI, IDA","76","5.96","84.7"
"283","GO:0070727","cellular macromolecule localization","IEA, ISS, IDA, IMP","80","6.27","85"
"284","GO:0034613","cellular protein localization","IEA, ISS, IDA, IMP","80","6.27","85"
"285","GO:0045664","regulation of neuron differentiation","IEA, IBA, IGI, ISS, IDA","78","6.12","84.8"
"286","GO:0043170","macromolecule metabolic process","IEA, ISS, IGI, IMP, IDA","79","6.2","84.9"
"287","GO:0019538","protein metabolic process","IEA, ISS, IGI, IMP, IDA","79","6.2","84.9"
"288","GO:0001558","regulation of cell growth","TAS, ISS, IMP, IEA, IGI, IDA","79","6.2","84.9"
"289","GO:0044267","cellular protein metabolic process","IEA, ISS, IGI, IMP, IDA","79","6.2","84.9"
"290","GO:0044260","cellular macromolecule metabolic process","IEA, ISS, IGI, IMP, IDA","79","6.2","84.9"
"291","GO:0008285","negative regulation of cell proliferation","IEA, IMP, IBA, ISS, IDA","77","6.04","84.8"
"292","GO:0040013","negative regulation of locomotion","IEA, ISS, IMP, IGI, IDA","79","6.2","84.9"
"293","GO:0071425","hematopoietic stem cell proliferation","IEA, IBA, ISS, IDA","79","6.2","84.9"
"294","GO:0080135","regulation of cellular response to stress","IEA, IBA, IDA, ISS, IMP","75","5.88","84.6"
"295","GO:0050768","negative regulation of neurogenesis","IEA, ISS, IGI, IDA","80","6.27","85"
"296","GO:0010721","negative regulation of cell development","IEA, ISS, IGI, IDA","80","6.27","85"
"297","GO:0010975","regulation of neuron projection development","IEA, IBA, IGI, ISS, IDA","77","6.04","84.8"
"298","GO:0001838","embryonic epithelial tube formation","IEA, IBA, IGI, IMP, IDA","79","6.2","84.9"
"299","GO:0072009","nephron epithelium development","IEA, IMP, IDA, ISS, IBA","75","5.88","84.6"
"300","GO:0072006","nephron development","IEA, IMP, IDA, ISS, IBA","75","5.88","84.6"
"301","GO:0035148","tube formation","IEA, IBA, IGI, IMP, IDA","79","6.2","84.9"
"302","GO:0045926","negative regulation of growth","IEA, ISS, IGI, IMP, IDA","78","6.12","84.8"
"303","GO:0009894","regulation of catabolic process","IEA, ISS, IMP, IGI, IDA","78","6.12","84.8"
"304","GO:0030308","negative regulation of cell growth","IEA, ISS, IGI, IMP, IDA","78","6.12","84.8"
"305","GO:0072175","epithelial tube formation","IEA, IBA, IGI, IMP, IDA","79","6.2","84.9"
"306","GO:0021953","central nervous system neuron differentiation","ISS, IBA, IMP, IEA, IGI, IDA","80","6.27","85"
"307","GO:0001658","branching involved in ureteric bud morphogenesis","IEA, IMP, IGI, IBA","76","5.96","84.7"
"308","GO:0060993","kidney morphogenesis","IEA, IMP, IDA, ISS, IBA","75","5.88","84.6"
"309","GO:0002064","epithelial cell development","IEA, IMP, ISS, IGI, IBA","77","6.04","84.8"
"310","GO:0001701","in utero embryonic development","IEA, IBA, ISS, IMP","77","6.04","84.8"
"311","GO:0001775","cell activation","IEA, IMP, IBA, IDA","76","5.96","84.7"
"312","GO:0032535","regulation of cellular component size","IEA, IBA, IGI, IDA","78","6.12","84.8"
"313","GO:0030155","regulation of cell adhesion","IEA, IMP, IGI, IDA","75","5.88","84.6"
"314","GO:0050770","regulation of axonogenesis","IEA, IBA, IGI, IDA","77","6.04","84.8"
"315","GO:0033993","response to lipid","ISS, IEA, NAS, IEP, IMP","72","5.65","84.4"
"316","GO:0022407","regulation of cell-cell adhesion","IEA, IMP, IDA","75","5.88","84.6"
"317","GO:0045599","negative regulation of fat cell differentiation","IEA, IBA, IDA, ISS, IMP","74","5.8","84.5"
"318","GO:0051674","localization of cell","ISS, IBA, IMP, IEA, IGI, IDA","74","5.8","84.5"
"319","GO:0008406","gonad development","IEA, IMP, IEP, ISS, IBA","69","5.41","84.2"
"320","GO:0048870","cell motility","ISS, IBA, IMP, IEA, IGI, IDA","74","5.8","84.5"
"321","GO:0035270","endocrine system development","IEA, IMP, IEP, IBA","68","5.33","84.1"
"322","GO:0016477","cell migration","ISS, IBA, IMP, IEA, IGI, IDA","74","5.8","84.5"
"323","GO:0030278","regulation of ossification","IEA, ISS, IBA, IMP, IDA","71","5.57","84.3"
"324","GO:0031346","positive regulation of cell projection organization","IEA, ISS, IMP, IDA","74","5.8","84.5"
"325","GO:0051726","regulation of cell cycle","IEA, IMP, TAS, IGI, IDA","73","5.73","84.5"
"326","GO:0021915","neural tube development","IEA, IBA, IGI, IMP","72","5.65","84.4"
"327","GO:0009880","embryonic pattern specification","IMP, TAS, ISS, IBA, NAS, IEA, IGI, IDA","72","5.65","84.4"
"328","GO:0050679","positive regulation of epithelial cell proliferation","IEA, ISS, IDA, IMP, IBA","68","5.33","84.1"
"329","GO:0072091","regulation of stem cell proliferation","IEA, IMP, IDA, ISS, IBA","67","5.25","84"
"330","GO:0010942","positive regulation of cell death","IEA, IMP, IBA","72","5.65","84.4"
"331","GO:0043068","positive regulation of programmed cell death","IEA, IMP, IBA","72","5.65","84.4"
"332","GO:0010464","regulation of mesenchymal cell proliferation","IEA, IMP, IDA, ISS, IBA","66","5.18","83.9"
"333","GO:1901700","response to oxygen-containing compound","ISS, IEA, IDA, IEP, NAS","68","5.33","84.1"
"334","GO:0060688","regulation of morphogenesis of a branching structure","ISS, IBA, IMP, IEA, IGI, IDA","64","5.02","83.8"
"335","GO:0051146","striated muscle cell differentiation","IEP, IMP, IBA, IEA, IGI, IDA","69","5.41","84.2"
"336","GO:0030030","cell projection organization","ISS, IBA, IMP, IEA, IGI, IDA","68","5.33","84.1"
"337","GO:0043065","positive regulation of apoptotic process","IEA, IMP, IBA","71","5.57","84.3"
"338","GO:0045859","regulation of protein kinase activity","ISS, IBA, IMP, IEA, IGI, IDA","67","5.25","84"
"339","GO:0033674","positive regulation of kinase activity","ISS, IBA, IMP, IEA, IGI, IDA","67","5.25","84"
"340","GO:0043549","regulation of kinase activity","ISS, IBA, IMP, IEA, IGI, IDA","67","5.25","84"
"341","GO:0045860","positive regulation of protein kinase activity","ISS, IBA, IMP, IEA, IGI, IDA","67","5.25","84"
"342","GO:0048514","blood vessel morphogenesis","IEA, IMP, ISS, IGI, IBA","70","5.49","84.2"
"343","GO:0051347","positive regulation of transferase activity","ISS, IBA, IMP, IEA, IGI, IDA","67","5.25","84"
"344","GO:0051338","regulation of transferase activity","ISS, IBA, IMP, IEA, IGI, IDA","67","5.25","84"
"345","GO:0090287","regulation of cellular response to growth factor stimulus","TAS, IBA, IMP, IEA, IGI, IDA","66","5.18","83.9"
"346","GO:0048666","neuron development","ISS, IBA, IMP, IEA, IGI, IDA","66","5.18","83.9"
"347","GO:0033554","cellular response to stress","ISS, IBA, IMP, IEP, IEA, IDA","69","5.41","84.2"
"348","GO:0048812","neuron projection morphogenesis","ISS, IBA, IMP, IEA, IGI, IDA","66","5.18","83.9"
"349","GO:0031175","neuron projection development","ISS, IBA, IMP, IEA, IGI, IDA","66","5.18","83.9"
"350","GO:0021536","diencephalon development","IEA, IMP, IGI, IBA","66","5.18","83.9"
"351","GO:0048858","cell projection morphogenesis","ISS, IBA, IMP, IEA, IGI, IDA","66","5.18","83.9"
"352","GO:0032990","cell part morphogenesis","ISS, IBA, IMP, IEA, IGI, IDA","66","5.18","83.9"
"353","GO:0048667","cell morphogenesis involved in neuron differentiation","ISS, IBA, IMP, IEA, IGI, IDA","65","5.1","83.8"
"354","GO:0007409","axonogenesis","ISS, IBA, IMP, IEA, IGI, IDA","65","5.1","83.8"
"355","GO:0003156","regulation of organ formation","IEA, ISS, IMP, IGI, IBA","64","5.02","83.8"
"356","GO:0060541","respiratory system development","ISS, IBA, IMP, IEP, IEA, IGI","64","5.02","83.8"
"357","GO:1901701","cellular response to oxygen-containing compound","ISS, IEA, IDA, IEP","66","5.18","83.9"
"358","GO:0061564","axon development","ISS, IBA, IMP, IEA, IGI, IDA","65","5.1","83.8"
"359","GO:0048839","inner ear development","IEA, IBA, IGI, IMP","66","5.18","83.9"
"360","GO:0003205","cardiac chamber development","IEA, IMP, ISS, IBA","65","5.1","83.8"
"361","GO:0003206","cardiac chamber morphogenesis","IEA, IMP, ISS, IBA","65","5.1","83.8"
"362","GO:2000145","regulation of cell motility","IEA, ISS, IDA, IGI, IMP","65","5.1","83.8"
"363","GO:0043583","ear development","IEA, IBA, IGI, IMP","66","5.18","83.9"
"364","GO:0030334","regulation of cell migration","IEA, ISS, IDA, IGI, IMP","65","5.1","83.8"
"365","GO:0060560","developmental growth involved in morphogenesis","ISS, IBA, IMP, IEA, IGI, IDA","64","5.02","83.8"
"366","GO:0048146","positive regulation of fibroblast proliferation","IEA, IMP, ISS, IDA","65","5.1","83.8"
"367","GO:0048145","regulation of fibroblast proliferation","IEA, IMP, ISS, IDA","65","5.1","83.8"
"368","GO:0008544","epidermis development","ISS, IBA, IMP, IEP, IEA, IGI","65","5.1","83.8"
"369","GO:0005576","extracellular region","CURATED, TAS, ISS, IBA, NAS, BY SIMILARITY, ISM, IEA, IDA","1055","82.7","99"
"370","GO:0044421","extracellular region part","CURATED, TAS, ISS, IBA, NAS, BY SIMILARITY, IEA, IDA","1054","82.7","99"
"371","GO:0031012","extracellular matrix","CURATED, ISS, NAS, BY SIMILARITY, IEA, IDA","1043","81.8","98.9"
"372","GO:0005578","proteinaceous extracellular matrix","IEA, ISS, NAS, BY SIMILARITY, CURATED","1043","81.8","98.9"
"373","GO:0005623","cell","ISS, IBA, IEA, NAS, IDA","243","19.1","91"
"374","GO:0044464","cell part","ISS, IBA, IEA, NAS, IDA","242","19","91"
"375","GO:0005615","extracellular space","TAS, ISS, IBA, NAS, IEA, IDA","201","15.8","90"
"376","GO:0009986","cell surface","IEA, ISS, IDA","136","10.7","87.9"
"377","GO:0005622","intracellular","ISS, IEA, NAS, IBA, IDA","117","9.18","87"
"378","GO:0005737","cytoplasm","ISS, IEA, NAS, IBA, IDA","117","9.18","87"
"379","GO:0044424","intracellular part","ISS, IEA, NAS, IBA, IDA","117","9.18","87"
"380","GO:0016020","membrane","IEA, IBA, ISS, IDA","87","6.82","85.4"
"381","GO:0071944","cell periphery","IEA, IBA, ISS, IDA","84","6.59","85.2"
"382","GO:0005886","plasma membrane","IEA, IBA, ISS, IDA","84","6.59","85.2"
