"","From_UniProtKB_AC_ID","To KEGG_ID","From_UniProtKB_AC_ID","To EGGNOG_ID","From_UniProtKB_AC_ID","To ENSEMBL_ID","From_UniProtKB_AC_ID","To PDB_ID","From_UniProtKB_AC_ID","To GENENAME"
"1","P31749","hsa:207","P31749","KOG0690","P31749","ENSG00000142208","P31749","1H10, 1UNP, 1UNQ, 1UNR, 2UVM, 2UZR, 2UZS, 3CQU, 3CQW, 3MV5, 3MVH, 3O96, 3OCB, 3OW4, 3QKK, 3QKL, 3QKM, 4EJN, 4EKK, 4EKL, 4GV1, 5KCV, 6BUU, 6CCY, 6HHF, 6HHG, 6HHH, 6HHI, 6HHJ, 6NPZ, 6S9W, 6S9X","P31749","AKT1"
"2","Q9H161","hsa:60529","Q9H161","KOG0490","Q9H161","ENSG00000052850","Q9H161","2M0C","Q9H161","ALX4"
"3","P10275","hsa:367","P10275","KOG3575","P10275","ENSG00000169083","P10275","1E3G, 1GS4, 1T5Z, 1T63, 1T65, 1XJ7, 1XOW, 1XQ3, 1Z95, 2AM9, 2AMA, 2AMB, 2AO6, 2AX6, 2AX7, 2AX8, 2AX9, 2AXA, 2HVC, 2OZ7, 2PIO, 2PIP, 2PIQ, 2PIR, 2PIT, 2PIU, 2PIV, 2PIW, 2PIX, 2PKL, 2PNU, 2Q7I, 2Q7J, 2Q7K, 2Q7L, 2YHD, 2YLO, 2YLP, 2YLQ, 2Z4J, 3B5R, 3B65, 3B66, 3B67, 3B68, 3BTR, 3L3X, 3L3Z, 3RLJ, 3RLL, 3V49, 3V4A, 3ZQT, 4HLW, 4K7A, 4OEA, 4OED, 4OEY, 4OEZ, 4OFR, 4OFU, 4OGH, 4OH5, 4OH6, 4OHA, 4OIL, 4OIU, 4OJ9, 4OJB, 4OK1, 4OKB, 4OKT, 4OKW, 4OKX, 4OLM, 4QL8, 5CJ6, 5JJM, 5T8E, 5T8J, 5V8Q, 5VO4","P10275","AR"
"4","P10415","hsa:596","P10415","KOG4728","P10415","ENSG00000171791","P10415","1G5M, 1GJH, 1YSW, 2O21, 2O22, 2O2F, 2W3L, 2XA0, 4AQ3, 4IEH, 4LVT, 4LXD, 4MAN, 5AGW, 5AGX, 5FCG, 5JSN, 5VAU, 5VAX, 5VAY, 6GL8, 6IWB, 6O0K, 6O0L, 6O0M, 6O0O, 6O0P, 7LHB","P10415","BCL2"
"5","O60885","hsa:23476","O60885","KOG1474","O60885","ENSG00000141867","O60885","2I8N, 2LSP, 2MJV, 2N3K, 2NCZ, 2ND0, 2ND1, 2NNU, 2OSS, 2OUO, 2YEL, 2YEM, 3MXF, 3P5O, 3SVF, 3SVG, 3U5J, 3U5K, 3U5L, 3UVW, 3UVX, 3UVY, 3UW9, 3ZYU, 4A9L, 4BJX, 4BW1, 4BW2, 4BW3, 4BW4, 4C66, 4C67, 4CFK, 4CFL, 4CL9, 4CLB, 4DON, 4E96, 4F3I, 4GPJ, 4HBV, 4HBW, 4HBX, 4HBY, 4HXK, 4HXL, 4HXM, 4HXN, 4HXO, 4HXP, 4HXR, 4HXS, 4IOO, 4IOQ, 4IOR, 4J0R, 4J0S, 4J3I, 4KV1, 4KV4, 4LR6, 4LRG, 4LYI, 4LYS, 4LYW, 4LZR, 4LZS, 4MEN, 4MEO, 4MEP, 4MEQ, 4MR3, 4MR4, 4NQM, 4NR8, 4NUC, 4NUD, 4NUE, 4O70, 4O71, 4O72, 4O74, 4O75, 4O76, 4O77, 4O78, 4O7A, 4O7B, 4O7C, 4O7E, 4O7F, 4OGI, 4OGJ, 4PCE, 4PCI, 4PS5, 4QB3, 4QR3, 4QR4, 4QR5, 4QZS, 4UIX, 4UIY, 4UIZ, 4UYD, 4WHW, 4WIV, 4X2I, 4XY9, 4XYA, 4YH3, 4YH4, 4Z1Q, 4Z1S, 4Z93, 4ZC9, 4ZW1, 5A5S, 5A85, 5ACY, 5AD2, 5AD3, 5BT4, 5CFW, 5COI, 5CP5, 5CPE, 5CQT, 5CRM, 5CRZ, 5CS8, 5CTL, 5CY9, 5D0C, 5D24, 5D25, 5D26, 5D3H, 5D3J, 5D3L, 5D3N, 5D3P, 5D3R, 5D3S, 5D3T, 5DLX, 5DLZ, 5DW2, 5DX4, 5E0R, 5EGU, 5EI4, 5EIS, 5F5Z, 5F60, 5F61, 5F62, 5F63, 5FBX, 5H21, 5HCL, 5HLS, 5HM0, 5HQ5, 5HQ6, 5HQ7, 5I80, 5I88, 5IGK, 5JWM, 5KDH, 5KHM, 5KJ0, 5KU3, 5LJ1, 5LJ2, 5LRQ, 5LUU, 5M39, 5M3A, 5MKZ, 5MLI, 5N2M, 5NNC, 5NND, 5NNE, 5NNF, 5NNG, 5O97, 5OVB, 5OWM, 5OWW, 5T35, 5TI2, 5TI3, 5TI4, 5TI5, 5TI6, 5TI7, 5U28, 5U2C, 5U2E, 5U2F, 5UEO, 5UEP, 5UEQ, 5UER, 5UES, 5UET, 5UEU, 5UEV, 5UEX, 5UEY, 5UEZ, 5UF0, 5ULA, 5UOO, 5UVS, 5UVT, 5UVU, 5UVV, 5UVW, 5UVX, 5UVY, 5UVZ, 5V67, 5VBO, 5VBP, 5VOM, 5VZS, 5W55, 5WA5, 5WMA, 5WMD, 5WMG, 5WUU, 5XHY, 5XI2, 5XI3, 5XI4, 5Y1Y, 5Y8C, 5Y8W, 5Y8Y, 5Y8Z, 5Y93, 5Y94, 5YOU, 5YOV, 5YQX, 5Z1R, 5Z1S, 5Z1T, 5Z5T, 5Z5U, 5Z5V, 5Z8G, 5Z8R, 5Z8Z, 5Z90, 5Z9C, 5Z9K, 6AFR, 6AJV, 6AJW, 6AJX, 6AJY, 6AJZ, 6BN7, 6BN8, 6BN9, 6BNB, 6BNH, 6BOY, 6C7Q, 6C7R, 6CD4, 6CD5, 6CIS, 6CIY, 6CJ1, 6CJ2, 6CKR, 6CKS, 6CZU, 6CZV, 6DJC, 6DL2, 6DMJ, 6DML, 6DNE, 6DUV, 6E4A, 6FFD, 6FNX, 6FO5, 6FSY, 6FT3, 6FT4, 6G0D, 6G0E, 6G0F, 6G0G, 6G0H, 6G0O, 6G0P, 6G0Q, 6G0R, 6G0S, 6HDQ, 6HOV, 6I7X, 6I7Y, 6IN1, 6JI3, 6JI4, 6JI5, 6JJ3, 6JJ5, 6JJ6, 6JJB, 6KEC, 6KED, 6KEE, 6KEF, 6KEG, 6KEH, 6KEI, 6KEJ, 6KEK, 6KO2, 6LG4, 6LG5, 6LG6, 6LG7, 6LG8, 6LG9, 6LIH, 6LIM, 6MAU, 6MH1, 6MH7, 6MNL, 6P05, 6PRT, 6PS9, 6PSB, 6Q3Y, 6Q3Z, 6RWJ, 6S25, 6S4B, 6S6K, 6SA2, 6SA3, 6SAH, 6SAJ, 6SB8, 6SE4, 6SIS, 6SWN, 6SWQ, 6TPX, 6TPY, 6TPZ, 6U0D, 6U6K, 6U6L, 6U72, 6U74, 6U8G, 6U8I, 6U8M, 6ULS, 6ULV, 6UVJ, 6UVM, 6UWU, 6UWX, 6V0U, 6V1K, 6V1L, 6V1U, 6VIW, 6VIX, 6VIZ, 6VUB, 6VUC, 6VUF, 6VUJ, 6WGX, 6WW8, 6X7B, 6X7C, 6X7D, 6XUZ, 6XV3, 6XV7, 6XVC, 6YIN, 6YQN, 6YQO, 6YQP, 6YQZ, 6Z7G, 6Z7L, 6Z7M, 6ZB3, 6ZCI, 6ZED, 6ZEL, 6ZF9, 7A9U, 7AJN, 7C2Z, 7C6P, 7JKX, 7KHH, 7KHL, 7MCF","O60885","BRD4"
"6","P24385","hsa:595","P24385","KOG0656","P24385","ENSG00000110092","P24385","2W96, 2W99, 2W9F, 2W9Z, 5VZU, 6P8E, 6P8F, 6P8G, 6P8H","P24385","CCND1"
"7","P06850","hsa:1392","P06850","ENOG502S25G","P06850","ENSG00000147571","P06850","1GO9, 1GOE, 3EHT, 3EHU, 6P9X","P06850","CRH"
"8","P35222","hsa:1499","P35222","KOG4203","P35222","ENSG00000168036","P35222","1G3J, 1JDH, 1JPW, 1LUJ, 1P22, 1QZ7, 1T08, 1TH1, 2G57, 2GL7, 2Z6H, 3DIW, 3FQN, 3FQR, 3SL9, 3SLA, 3TX7, 4DJS, 6M90, 6M91, 6M92, 6M93, 6M94, 6O9B, 6O9C, 6WLX, 6WNX, 7AFW, 7AR4","P35222","CTNNB1"
"9","O94907","hsa:22943","O94907","KOG1218","O94907","ENSG00000107984","O94907","3S2K, 3S8V, 3SOQ, 5FWW, 5GJE","O94907","DKK1"
"10","Q86SJ6","hsa:147409","Q86SJ6","KOG3594","Q86SJ6","ENSG00000175065","Q86SJ6","","Q86SJ6","DSG4"
"11","Q9UH73","hsa:1879","Q9UH73","KOG3836","Q9UH73","ENSG00000164330","Q9UH73","3LYR, 3MQI","Q9UH73","EBF1"
"12","Q9UNE0","hsa:10913","Q9UNE0","ENOG502QRV5","Q9UNE0","ENSG00000135960","Q9UNE0","","Q9UNE0","EDAR"
"13","P12034","hsa:2250","P12034","KOG3885","P12034","ENSG00000138675","P12034","","P12034","FGF5"
"14","P21781","hsa:2252","P21781","KOG3885","P21781","ENSG00000140285","P21781","","P21781","FGF7"
"15","Q9UKV0","hsa:9734","Q9UKV0","KOG1343","Q9UKV0","ENSG00000048052","Q9UKV0","","Q9UKV0","HDAC9"
"16","O43593","hsa:55806","O43593","KOG1356","O43593","ENSG00000168453","O43593","","O43593","HR"
"17","P05019","hsa:3479","P05019","ENOG502RCAB","P05019","ENSG00000017427","P05019","1B9G, 1BQT, 1GF1, 1GZR, 1GZY, 1GZZ, 1H02, 1H59, 1IMX, 1PMX, 1TGR, 1WQJ, 2DSP, 2DSQ, 2DSR, 2GF1, 3GF1, 3LRI, 4XSS, 5U8Q, 6FF3, 6PYH, 6RVA","P05019","IGF1"
"18","P01308","hsa:3630","P01308","ENOG502S5P5","P01308","ENSG00000254647","P01308","1A7F, 1AI0, 1AIY, 1B9E, 1BEN, 1EFE, 1EV3, 1EV6, 1EVR, 1FU2, 1FUB, 1G7A, 1G7B, 1GUJ, 1HIQ, 1HIS, 1HIT, 1HLS, 1HTV, 1HUI, 1IOG, 1IOH, 1J73, 1JCA, 1JCO, 1JK8, 1K3M, 1KMF, 1LKQ, 1LPH, 1MHI, 1MHJ, 1MSO, 1OS3, 1OS4, 1Q4V, 1QIY, 1QIZ, 1QJ0, 1RWE, 1SF1, 1SJT, 1SJU, 1T0C, 1T1K, 1T1P, 1T1Q, 1TRZ, 1TYL, 1TYM, 1UZ9, 1VKT, 1W8P, 1XDA, 1XGL, 1XW7, 1ZEG, 1ZEH, 1ZNJ, 2AIY, 2C8Q, 2C8R, 2CEU, 2G54, 2G56, 2H67, 2HH4, 2HHO, 2HIU, 2JMN, 2JUM, 2JUU, 2JUV, 2JV1, 2JZQ, 2K91, 2K9R, 2KJJ, 2KJU, 2KQP, 2KQQ, 2KXK, 2L1Y, 2L1Z, 2LGB, 2LWZ, 2M1D, 2M1E, 2M2M, 2M2N, 2M2O, 2M2P, 2MLI, 2MPG, 2MPI, 2MVC, 2MVD, 2N2V, 2N2W, 2N2X, 2OLY, 2OLZ, 2OM0, 2OM1, 2OMG, 2OMH, 2OMI, 2OMQ, 2QIU, 2R34, 2R35, 2R36, 2RN5, 2VJZ, 2VK0, 2W44, 2WBY, 2WC0, 2WRU, 2WRV, 2WRW, 2WRX, 2WS0, 2WS1, 2WS4, 2WS6, 2WS7, 3AIY, 3BXQ, 3E7Y, 3E7Z, 3EXX, 3FQ9, 3HYD, 3I3Z, 3I40, 3ILG, 3INC, 3IR0, 3JSD, 3KQ6, 3P2X, 3P33, 3Q6E, 3ROV, 3TT8, 3U4N, 3UTQ, 3UTS, 3UTT, 3V19, 3V1G, 3W11, 3W12, 3W13, 3W7Y, 3W7Z, 3W80, 3ZI3, 3ZQR, 3ZS2, 3ZU1, 4AIY, 4AJX, 4AJZ, 4AK0, 4AKJ, 4CXL, 4CXN, 4CY7, 4EFX, 4EWW, 4EWX, 4EWZ, 4EX0, 4EX1, 4EXX, 4EY1, 4EY9, 4EYD, 4EYN, 4EYP, 4F0N, 4F0O, 4F1A, 4F1B, 4F1C, 4F1D, 4F1F, 4F1G, 4F4T, 4F4V, 4F51, 4F8F, 4FG3, 4FKA, 4GBC, 4GBI, 4GBK, 4GBL, 4GBN, 4IUZ, 4IYD, 4IYF, 4NIB, 4OGA, 4P65, 4RXW, 4UNE, 4UNG, 4UNH, 4WDI, 4XC4, 4Y19, 4Y1A, 4Z76, 4Z77, 4Z78, 5AIY, 5BOQ, 5BPO, 5BQQ, 5BTS, 5C0D, 5CJO, 5CNY, 5CO2, 5CO6, 5CO9, 5E7W, 5EMS, 5EN9, 5ENA, 5HPR, 5HPU, 5HQI, 5HRQ, 5HYJ, 5MAM, 5MHD, 5MT3, 5MT9, 5MWQ, 5T7R, 5UDP, 5UOZ, 5UQA, 5URT, 5URU, 5USP, 5USS, 5USV, 5UU2, 5UU3, 5UU4, 5VIZ, 5WBT, 5WDM, 5WOB, 6B3Q, 6B70, 6BFC, 6CE7, 6CE9, 6CEB, 6CK2, 6GNQ, 6GV0, 6H3M, 6HN5, 6JK8, 6JR3, 6K59, 6NWV, 6O17, 6P4Z, 6S34, 6S4I, 6S4J, 6SOF, 6TC2, 6TYH, 6U46, 6VEP, 6VER, 6VES, 6VET, 6X4X, 6Z7W, 6Z7Y, 7BW7, 7BW8, 7BWA, 7NHU","P01308","INS"
"19","Q15306","hsa:3662","Q15306","ENOG502QUE4","Q15306","ENSG00000137265","Q15306","2DLL, 6TD4, 7JM4, 7O56","Q15306","IRF4"
"20","P07288","hsa:354","P07288","KOG3627","P07288","ENSG00000142515","P07288","1PFA, 2PSA, 2ZCH, 2ZCK, 2ZCL, 3QUM","P07288","KLK3"
"21","Q7RTS7","hsa:121391","Q7RTS7","ENOG502RNQG","Q7RTS7","ENSG00000170484","Q7RTS7","","Q7RTS7","KRT74"
"22","O95678","hsa:9119","O95678","ENOG502RTYA","O95678","ENSG00000170454","O95678","","O95678","KRT75"
"23","o43790","hsa:3892","o43790","ENOG502RTZU","o43790","ENSG00000170442","o43790","","o43790","KRT86"
"24","Q9BXB1","hsa:55366","Q9BXB1","KOG0619, KOG2087","Q9BXB1","ENSG00000205213","Q9BXB1","4KT1, 4QXE, 4QXF","Q9BXB1","LGR4"
"25","Q8WWY8","hsa:200879","Q8WWY8","ENOG502QUQT","Q8WWY8","ENSG00000163898","Q8WWY8","","Q8WWY8","LIPH"
"26","P43657","hsa:10161","P43657","ENOG502QSC2","P43657","ENSG00000139679","P43657","","P43657","LPAR6"
"27","P48449","hsa:4047","P48449","KOG0497","P48449","ENSG00000160285","P48449","1W6J, 1W6K","P48449","LSS"
"28","P10636","hsa:4137","P10636","KOG2418","P10636","ENSG00000186868, ENSG00000277956, ENSG00000276155","P10636","1I8H, 2MZ7, 2ON9, 3OVL, 4E0M, 4E0N, 4E0O, 4FL5, 4GLR, 4NP8, 4TQE, 4Y32, 4Y3B, 4Y5I, 5DMG, 5E2V, 5E2W, 5HF3, 5K7N, 5MO3, 5MP1, 5MP3, 5MP5, 5N5A, 5N5B, 5NVB, 5O3L, 5O3O, 5O3T, 5V5B, 5V5C, 5ZIA, 5ZV3, 6BB4, 6CVJ, 6CVN, 6DC8, 6DC9, 6DCA, 6FBW, 6FI5, 6GK7, 6GK8, 6GX5, 6H06, 6HRE, 6HRF, 6LRA, 6N4P, 6NK4, 6NWP, 6NWQ, 6ODG, 6PXR, 6QJH, 6QJM, 6QJP, 6QJQ, 6TJO, 6TJX, 6VH7, 6VHA, 6VHL, 6VI3, 6XLI, 7NRQ, 7NRS, 7NRT, 7NRV, 7NRX","P10636","MAPT"
"29","P42898","hsa:4524","P42898","KOG0564","P42898","ENSG00000177000","P42898","6FCX","P42898","MTHFR"
"30","P19838","hsa:4790","P19838","KOG0504","P19838","ENSG00000109320","P19838","1MDI, 1MDJ, 1MDK, 1NFI, 1SVC, 2DBF, 2O61, 3GUT","P19838","NFKB1"
"31","P46531","hsa:4851","P46531","KOG1217","P46531","ENSG00000148400","P46531","1PB5, 1TOZ, 1YYH, 2F8X, 2F8Y, 2HE0, 2VJ3, 3ETO, 3I08, 3L95, 3NBN, 3V79, 4CUD, 4CUE, 4CUF, 4D0E, 4D0F, 5FM9, 5FMA, 5KZO, 5L0R, 5UB5, 6IDF, 6PY8","P46531","NOTCH1"
"32","Q13635","hsa:5727","Q13635","KOG1935","Q13635","ENSG00000185920","Q13635","6DMB, 6DMO, 6DMY, 6E1H, 6N7G, 6N7H, 6N7K, 6OEU, 6OEV, 6RMG, 6RTW, 6RTX, 6RTY, 6RVC, 6RVD","Q13635","PTCH1"
"33","P35354","hsa:5743","P35354","KOG2408","P35354","ENSG00000073756","P35354","1V0X, 5F19, 5F1A, 5IKQ, 5IKR, 5IKT, 5IKV, 5KIR","P35354","PTGS2"
"34","Q04206","hsa:5970","Q04206","ENOG502QT4Z","Q04206","ENSG00000173039","Q04206","1NFI, 2LSP, 2O61, 3GUT, 3QXY, 3RC0, 4KV1, 4KV4, 5U4K, 5URN, 6NV2, 6QHL, 6QHM, 6YOW, 6YOX, 6YOY, 6YP2, 6YP3, 6YP8, 6YPL, 6YPY, 6YQ2, 7BI3, 7BIQ, 7BIY, 7BJF, 7BJL, 7BJW, 7BKH, 7NJ9, 7NJB, 7NK3, 7NK5, 7NLA, 7NLE, 7NM1, 7NM3, 7NM9, 7NQP, 7NR7, 7NSV, 7NV4, 7NVI, 7NWS, 7NXS, 7NXT, 7NXW, 7NXY, 7NY4, 7NYE, 7NYF, 7NYG, 7NZ6, 7NZG, 7NZK, 7NZV, 7O34, 7O3A, 7O3F, 7O3P, 7O3Q, 7O3R, 7O3S, 7O57, 7O59, 7O5A, 7O5C, 7O5D, 7O5F, 7O5G, 7O5O, 7O5P, 7O5S, 7O5U, 7O5X, 7O6F, 7O6G, 7O6I, 7O6J, 7O6K, 7O6M, 7O6O","Q04206","RELA"
"35","Q01196","hsa:861","Q01196","KOG3982","Q01196","ENSG00000159216","Q01196","1CMO, 1CO1, 1E50, 1H9D, 1LJM","Q01196","RUNX1"
"36","P04278","hsa:6462","P04278","KOG3927","P04278","ENSG00000129214","P04278","1D2S, 1F5F, 1KDK, 1KDM, 1LHN, 1LHO, 1LHU, 1LHV, 1LHW, 6PYA, 6PYB, 6PYF, 6ULB","P04278","SHBG"
"37","Q15465","hsa:6469","Q15465","KOG3638","Q15465","ENSG00000164690","Q15465","3HO5, 3M1N, 3MXW, 6DMY, 6E1H, 6N7G, 6N7H, 6N7K, 6OEV, 6PJV, 6RMG, 6RVD, 7MHZ","Q15465","SHH"
"38","Q13485","hsa:4089","Q13485","KOG3701","Q13485","ENSG00000141646","Q13485","1DD1, 1G88, 1MR1, 1U7F, 1U7V, 1YGS, 5C4V, 5MEY, 5MEZ, 5MF0, 5UWU","Q13485","SMAD4"
"39","O95863","hsa:6615","O95863","KOG2462","O95863","ENSG00000124216","O95863","2Y48, 3W5K, 3ZMT, 4QLI","O95863","SNAI1"
"40","P48436","hsa:6662","P48436","KOG0527","P48436","ENSG00000125398","P48436","1S9M, 1SX9, 4EUW","P48436","SOX9"
"41","P31213","hsa:6716","P31213","KOG1638","P31213","ENSG00000277893","P31213","7BW1","P31213","SRD5A2"
"42","P61812","hsa:7042","P61812","KOG3900","P61812","ENSG00000092969","P61812","1TFG, 2TGI, 4KXZ, 5TX4, 5TY4, 6I9J","P61812","TGFB2"
"43","P01375","hsa:7124","P01375","ENOG502S4K8","P01375","ENSG00000204490, ENSG00000206439, ENSG00000228321, ENSG00000228849, ENSG00000230108, ENSG00000223952, ENSG00000232810","P01375","1A8M, 1TNF, 2AZ5, 2E7A, 2TUN, 2ZJC, 2ZPX, 3ALQ, 3IT8, 3L9J, 3WD5, 4G3Y, 4TSV, 4TWT, 4Y6O, 5M2I, 5M2J, 5M2M, 5MU8, 5TSW, 5UUI, 5WUX, 5YOY, 6OOY, 6OOZ, 6OP0, 6RMJ, 6X81, 6X82, 6X83, 6X85, 6X86, 7ASY, 7AT7, 7ATB, 7JRA, 7KP9, 7KPA, 7KPB","P01375","TNF"
"44","Q9H3D4","hsa:8626","Q9H3D4","ENOG502QQ48","Q9H3D4","ENSG00000073282","Q9H3D4","1RG6, 2NB1, 2RMN, 2Y9T, 2Y9U, 3QYM, 3QYN, 3US0, 3US1, 3US2, 3ZY0, 3ZY1, 4A9Z, 6FGN, 6RU6, 6RU7, 6RU8","Q9H3D4","TP63"
"45","Q8WVJ9","hsa:117581","Q8WVJ9","KOG4447","Q8WVJ9","ENSG00000233608, ENSG00000288335","Q8WVJ9","","Q8WVJ9","TWIST2"
"46","P11473","hsa:7421","P11473","KOG3575","P11473","ENSG00000111424","P11473","1DB1, 1IE8, 1IE9, 1KB2, 1KB4, 1KB6, 1S0Z, 1S19, 1TXI, 1YNW, 2HAM, 2HAR, 2HAS, 2HB7, 2HB8, 3A2I, 3A2J, 3A3Z, 3A40, 3A78, 3AUQ, 3AUR, 3AX8, 3AZ1, 3AZ2, 3AZ3, 3B0T, 3CS4, 3CS6, 3KPZ, 3M7R, 3OGT, 3P8X, 3TKC, 3VHW, 3W0A, 3W0C, 3W0Y, 3WGP, 3WWR, 3X31, 3X36, 4G2I, 4ITE, 4ITF, 5GT4, 5V39, 5YSY, 5YT2","P11473","VDR"
"47","Q9GZT5","hsa:80326","Q9GZT5","KOG3913","Q9GZT5","ENSG00000135925","Q9GZT5","","Q9GZT5","WNT10A"
"48","O00744","hsa:7480","O00744","KOG3913","O00744","ENSG00000169884","O00744","","O00744","WNT10B"
