"","H"
"1","Male"
"2","All"
"3","Male"
"4","All"
"5","All"
"6","Male"
"7","All"
"8","Male"
"9","Male"
"10","Male"
"11","Female"
"12","All"
"13","Male"
"14","All"
"15","All"
"16","All"
"17","Male"
"18","All"
"19","Male"
"20","Male"
"21","Male"
"22","Female"
"23","Male"
"24","Male"
"25","Female"
"26","Male"
"27","Male"
"28","Female"
"29","Male"
"30","Male"
"31","Male"
"32","Female"
"33","All"
"34","All"
"35","Male"
"36","Male"
"37","All"
"38","Male"
"39","Male"
"40","Female"
"41","All"
"42","Male"
"43","All"
"44","All"
"45","Female"
"46","All"
"47","Male"
"48","Male"
"49","Male"
"50","All"
"51","Male"
"52","All"
"53","Male"
"54","All"
"55","Male"
"56","Male"
"57","Male"
"58","Female"
"59","Male"
"60","Male"
"61","Male"
"62","All"
"63","Male"
"64","Male"
"65","Female"
"66","Female"
"67","All"
"68","All"
"69","Male"
"70","All"
"71","Male"
"72","Male"
"73","Male"
"74","Female"
"75","Male"
"76","Male"
"77","All"
"78","All"
"79","Male"
"80","Male"
"81","Male"
"82","Male"
"83","Male"
"84","Male"
"85","Male"
"86","Male"
"87","Male"
"88","All"
"89","Male"
"90","Male"
"91","Male"
"92","All"
"93","Male"
"94","Female"
"95","Male"
"96","Male"
"97","Female"
"98","All"
"99","Female"
"100","All"
"101","Male"
"102","All"
"103","All"
"104","Male"
"105","Male"
"106","All"
"107","Male"
"108","Female"
"109","Male"
"110","Male"
"111","Female"
"112","All"
"113","All"
"114","All"
"115","All"
"116","All"
"117","All"
"118","All"
"119","All"
"120","All"
"121","All"
"122","Male"
"123","Male"
"124","Female"
"125","All"
"126","Male"
"127","Male"
"128","Female"
"129","All"
"130","Male"
"131","Female"
"132","Male"
"133","Female"
"134","All"
"135","All"
"136","All"
"137","Female"
"138","All"
"139","All"
"140","Female"
"141","All"
"142","All"
"143","All"
"144","All"
"145","Female"
"146","Female"
"147","Female"
"148","Male"
"149","Male"
"150","Female"
"151","Female"
"152","Female"
"153","All"
"154","All"
