"","J"
"1","Adult|Older Adult"
"2","Adult"
"3","Adult"
"4","Adult"
"5","Adult"
"6","Adult"
"7","Adult|Older Adult"
"8","Adult"
"9","Adult"
"10","Adult|Older Adult"
"11","Child|Adult|Older Adult"
"12","Adult|Older Adult"
"13","Adult"
"14","Adult|Older Adult"
"15","Adult|Older Adult"
"16","Adult|Older Adult"
"17","Adult|Older Adult"
"18","Adult"
"19","Adult"
"20","Adult"
"21","Adult"
"22","Adult|Older Adult"
"23","Adult"
"24","Adult|Older Adult"
"25","Adult"
"26","Adult"
"27","Adult"
"28","Adult|Older Adult"
"29","Adult"
"30","Adult|Older Adult"
"31","Adult"
"32","Adult"
"33","Child|Adult|Older Adult"
"34","Adult"
"35","Adult"
"36","Adult"
"37","Adult|Older Adult"
"38","Adult"
"39","Adult|Older Adult"
"40","Adult"
"41","Adult|Older Adult"
"42","Adult"
"43","Child|Adult|Older Adult"
"44","Child|Adult|Older Adult"
"45","Adult"
"46","Adult"
"47","Adult"
"48","Adult"
"49","Adult"
"50","Adult|Older Adult"
"51","Adult"
"52","Adult"
"53","Adult|Older Adult"
"54","Adult|Older Adult"
"55","Adult"
"56","Adult"
"57","Adult"
"58","Adult|Older Adult"
"59","Adult"
"60","Adult"
"61","Adult"
"62","Adult"
"63","Adult"
"64","Adult"
"65","Adult|Older Adult"
"66","Adult|Older Adult"
"67","Adult|Older Adult"
"68","Adult"
"69","Adult|Older Adult"
"70","Adult"
"71","Adult"
"72","Adult"
"73","Adult"
"74","Adult"
"75","Adult|Older Adult"
"76","Adult|Older Adult"
"77","Adult|Older Adult"
"78","Adult"
"79","Adult"
"80","Adult"
"81","Adult|Older Adult"
"82","Adult"
"83","Adult|Older Adult"
"84","Child|Adult"
"85","Adult"
"86","Adult"
"87","Adult|Older Adult"
"88","Adult|Older Adult"
"89","Adult"
"90","Adult|Older Adult"
"91","Adult"
"92","Adult"
"93","Adult|Older Adult"
"94","Adult|Older Adult"
"95","Adult"
"96","Adult|Older Adult"
"97","Adult|Older Adult"
"98","Adult|Older Adult"
"99","Adult|Older Adult"
"100","Adult"
"101","Adult"
"102","Adult|Older Adult"
"103","Adult|Older Adult"
"104","Adult"
"105","Adult"
"106","Adult|Older Adult"
"107","Adult"
"108","Adult"
"109","Adult"
"110","Adult"
"111","Adult"
"112","Adult"
"113","Adult|Older Adult"
"114","Adult|Older Adult"
"115","Adult|Older Adult"
"116","Adult|Older Adult"
"117","Adult|Older Adult"
"118","Adult|Older Adult"
"119","Adult|Older Adult"
"120","Adult|Older Adult"
"121","Adult|Older Adult"
"122","Adult|Older Adult"
"123","Adult"
"124","Adult|Older Adult"
"125","Adult"
"126","Adult"
"127","Adult|Older Adult"
"128","Adult|Older Adult"
"129","Adult"
"130","Adult|Older Adult"
"131","Adult"
"132","Adult|Older Adult"
"133","Adult|Older Adult"
"134","Adult|Older Adult"
"135","Adult|Older Adult"
"136","Adult|Older Adult"
"137","Adult|Older Adult"
"138","Child|Adult|Older Adult"
"139","Adult|Older Adult"
"140","Adult"
"141","Adult"
"142","Adult|Older Adult"
"143","Child|Adult|Older Adult"
"144","Adult|Older Adult"
"145","Child|Adult|Older Adult"
"146","Adult"
"147","Adult"
"148","Adult|Older Adult"
"149","Adult|Older Adult"
"150","Adult"
"151","Adult|Older Adult"
"152","Child|Adult"
"153","Adult|Older Adult"
"154","Adult"
