"","X..DiseaseName","DiseaseID","PathwayName","PathwayID","InferenceGeneSymbol"
"21223","Alopecia","MESH:D000505","ABC-family proteins mediated transport","REACT:R-HSA-382556","ABCC2"
"21224","Alopecia","MESH:D000505","ABC transporters","KEGG:hsa02010","ABCC2"
"21225","Alopecia","MESH:D000505","Activated PKN1 stimulates transcription of AR (androgen receptor) regulated genes KLK2 and KLK3","REACT:R-HSA-5625886","AR"
"21226","Alopecia","MESH:D000505","Alcoholism","KEGG:hsa05034","CRH"
"21227","Alopecia","MESH:D000505","Androgen biosynthesis","REACT:R-HSA-193048","SRD5A2"
"21228","Alopecia","MESH:D000505","Antifolate resistance","KEGG:hsa01523","ABCC2"
"21229","Alopecia","MESH:D000505","Antifolate resistance","KEGG:hsa01523","MTHFR"
"21230","Alopecia","MESH:D000505","Apoptosis","KEGG:hsa04210","PARP1"
"21231","Alopecia","MESH:D000505","Apoptosis","KEGG:hsa04210","TNFRSF10A"
"21232","Alopecia","MESH:D000505","Apoptosis","REACT:R-HSA-109581","TNFRSF10A"
"21233","Alopecia","MESH:D000505","Base excision repair","KEGG:hsa03410","PARP1"
"21234","Alopecia","MESH:D000505","Base Excision Repair","REACT:R-HSA-73884","PARP1"
"21235","Alopecia","MESH:D000505","BER complex","KEGG:hsa_M00296","PARP1"
"21236","Alopecia","MESH:D000505","Bile secretion","KEGG:hsa04976","ABCC2"
"21237","Alopecia","MESH:D000505","Carbon metabolism","KEGG:hsa01200","MTHFR"
"21238","Alopecia","MESH:D000505","CASP8 activity is inhibited","REACT:R-HSA-5218900","TNFRSF10A"
"21239","Alopecia","MESH:D000505","Caspase activation via extrinsic apoptotic signalling pathway","REACT:R-HSA-5357769","TNFRSF10A"
"21240","Alopecia","MESH:D000505","Cell surface interactions at the vascular wall","REACT:R-HSA-202733","TNFRSF10A"
"21241","Alopecia","MESH:D000505","Class B/2 (Secretin family receptors)","REACT:R-HSA-373080","CRH"
"21242","Alopecia","MESH:D000505","Cytokine-cytokine receptor interaction","KEGG:hsa04060","TNFRSF10A"
"21243","Alopecia","MESH:D000505","Death Receptor Signalling","REACT:R-HSA-73887","TNFRSF10A"
"21244","Alopecia","MESH:D000505","Deubiquitination","REACT:R-HSA-5688426","AR"
"21245","Alopecia","MESH:D000505","Dimerization of procaspase-8","REACT:R-HSA-69416","TNFRSF10A"
"21246","Alopecia","MESH:D000505","DNA Damage Recognition in GG-NER","REACT:R-HSA-5696394","PARP1"
"21247","Alopecia","MESH:D000505","DNA Double-Strand Break Repair","REACT:R-HSA-5693532","PARP1"
"21248","Alopecia","MESH:D000505","DNA Repair","REACT:R-HSA-73894","PARP1"
"21249","Alopecia","MESH:D000505","Downregulation of SMAD2/3:SMAD4 transcriptional activity","REACT:R-HSA-2173795","PARP1"
"21250","Alopecia","MESH:D000505","Dual Incision in GG-NER","REACT:R-HSA-5696400","PARP1"
"21251","Alopecia","MESH:D000505","Endocrine and other factor-regulated calcium reabsorption","KEGG:hsa04961","VDR"
"21252","Alopecia","MESH:D000505","Formation of Incision Complex in GG-NER","REACT:R-HSA-5696395","PARP1"
"21253","Alopecia","MESH:D000505","G alpha (s) signalling events","REACT:R-HSA-418555","CRH"
"21254","Alopecia","MESH:D000505","Gene Expression","REACT:R-HSA-74160","AR"
"21255","Alopecia","MESH:D000505","Gene Expression","REACT:R-HSA-74160","PARP1"
"21256","Alopecia","MESH:D000505","Gene Expression","REACT:R-HSA-74160","TNFRSF10A"
"21257","Alopecia","MESH:D000505","Gene Expression","REACT:R-HSA-74160","VDR"
"21258","Alopecia","MESH:D000505","Gene Expression","REACT:R-HSA-74160","ZFP36"
"21259","Alopecia","MESH:D000505","Generic Transcription Pathway","REACT:R-HSA-212436","AR"
"21260","Alopecia","MESH:D000505","Generic Transcription Pathway","REACT:R-HSA-212436","PARP1"
"21261","Alopecia","MESH:D000505","Generic Transcription Pathway","REACT:R-HSA-212436","TNFRSF10A"
"21262","Alopecia","MESH:D000505","Generic Transcription Pathway","REACT:R-HSA-212436","VDR"
"21263","Alopecia","MESH:D000505","Global Genome Nucleotide Excision Repair (GG-NER)","REACT:R-HSA-5696399","PARP1"
"21264","Alopecia","MESH:D000505","GPCR downstream signaling","REACT:R-HSA-388396","CRH"
"21265","Alopecia","MESH:D000505","GPCR ligand binding","REACT:R-HSA-500792","CRH"
"21266","Alopecia","MESH:D000505","HDR through MMEJ (alt-NHEJ)","REACT:R-HSA-5685939","PARP1"
"21267","Alopecia","MESH:D000505","Hemostasis","REACT:R-HSA-109582","TNFRSF10A"
"21268","Alopecia","MESH:D000505","Homology Directed Repair","REACT:R-HSA-5693538","PARP1"
"21269","Alopecia","MESH:D000505","HTLV-I infection","KEGG:hsa05166","ZFP36"
"21270","Alopecia","MESH:D000505","Influenza A","KEGG:hsa05164","TNFRSF10A"
"21271","Alopecia","MESH:D000505","Ligand-dependent caspase activation","REACT:R-HSA-140534","TNFRSF10A"
"21272","Alopecia","MESH:D000505","Long-term depression","KEGG:hsa04730","CRH"
"21273","Alopecia","MESH:D000505","Measles","KEGG:hsa05162","TNFRSF10A"
"21274","Alopecia","MESH:D000505","Metabolic pathways","KEGG:hsa01100","MTHFR"
"21275","Alopecia","MESH:D000505","Metabolism","REACT:R-HSA-1430728","MTHFR"
"21276","Alopecia","MESH:D000505","Metabolism","REACT:R-HSA-1430728","SRD5A2"
"21277","Alopecia","MESH:D000505","Metabolism of folate and pterines","REACT:R-HSA-196757","MTHFR"
"21278","Alopecia","MESH:D000505","Metabolism of lipids and lipoproteins","REACT:R-HSA-556833","SRD5A2"
"21279","Alopecia","MESH:D000505","Metabolism of proteins","REACT:R-HSA-392499","AR"
"21280","Alopecia","MESH:D000505","Metabolism of proteins","REACT:R-HSA-392499","PARP1"
"21281","Alopecia","MESH:D000505","Metabolism of steroid hormones","REACT:R-HSA-196071","SRD5A2"
"21282","Alopecia","MESH:D000505","Metabolism of vitamins and cofactors","REACT:R-HSA-196854","MTHFR"
"21283","Alopecia","MESH:D000505","Metabolism of water-soluble vitamins and cofactors","REACT:R-HSA-196849","MTHFR"
"21284","Alopecia","MESH:D000505","Mineral absorption","KEGG:hsa04978","VDR"
"21285","Alopecia","MESH:D000505","Natural killer cell mediated cytotoxicity","KEGG:hsa04650","TNFRSF10A"
"21286","Alopecia","MESH:D000505","NF-kappa B signaling pathway","KEGG:hsa04064","PARP1"
"21287","Alopecia","MESH:D000505","Nuclear Receptor transcription pathway","REACT:R-HSA-383280","AR"
"21288","Alopecia","MESH:D000505","Nuclear Receptor transcription pathway","REACT:R-HSA-383280","VDR"
"21289","Alopecia","MESH:D000505","Nucleotide Excision Repair","REACT:R-HSA-5696398","PARP1"
"21290","Alopecia","MESH:D000505","One carbon pool by folate","KEGG:hsa00670","MTHFR"
"21291","Alopecia","MESH:D000505","Oocyte meiosis","KEGG:hsa04114","AR"
"21292","Alopecia","MESH:D000505","Pathways in cancer","KEGG:hsa05200","AR"
"21293","Alopecia","MESH:D000505","Platinum drug resistance","KEGG:hsa01524","ABCC2"
"21294","Alopecia","MESH:D000505","POLB-Dependent Long Patch Base Excision Repair","REACT:R-HSA-110362","PARP1"
"21295","Alopecia","MESH:D000505","Post-translational protein modification","REACT:R-HSA-597592","AR"
"21296","Alopecia","MESH:D000505","Post-translational protein modification","REACT:R-HSA-597592","PARP1"
"21297","Alopecia","MESH:D000505","Programmed Cell Death","REACT:R-HSA-5357801","TNFRSF10A"
"21298","Alopecia","MESH:D000505","Prostate cancer","KEGG:hsa05215","AR"
"21299","Alopecia","MESH:D000505","Prostate cancer","KEGG:hsa05215","SRD5A2"
"21300","Alopecia","MESH:D000505","Regulated Necrosis","REACT:R-HSA-5218859","TNFRSF10A"
"21301","Alopecia","MESH:D000505","Regulation by c-FLIP","REACT:R-HSA-3371378","TNFRSF10A"
"21302","Alopecia","MESH:D000505","Regulation of mRNA stability by proteins that bind AU-rich elements","REACT:R-HSA-450531","ZFP36"
"21303","Alopecia","MESH:D000505","Regulation of necroptotic cell death","REACT:R-HSA-5675482","TNFRSF10A"
"21304","Alopecia","MESH:D000505","Resolution of Abasic Sites (AP sites)","REACT:R-HSA-73933","PARP1"
"21305","Alopecia","MESH:D000505","Resolution of AP sites via the multiple-nucleotide patch replacement pathway","REACT:R-HSA-110373","PARP1"
"21306","Alopecia","MESH:D000505","RHO GTPase Effectors","REACT:R-HSA-195258","AR"
"21307","Alopecia","MESH:D000505","RHO GTPases activate PKNs","REACT:R-HSA-5625740","AR"
"21308","Alopecia","MESH:D000505","RIPK1-mediated regulated necrosis","REACT:R-HSA-5213460","TNFRSF10A"
"21309","Alopecia","MESH:D000505","Signaling by GPCR","REACT:R-HSA-372790","CRH"
"21310","Alopecia","MESH:D000505","Signaling by Rho GTPases","REACT:R-HSA-194315","AR"
"21311","Alopecia","MESH:D000505","Signaling by TGF-beta Receptor Complex","REACT:R-HSA-170834","PARP1"
"21312","Alopecia","MESH:D000505","Signal Transduction","REACT:R-HSA-162582","AR"
"21313","Alopecia","MESH:D000505","Signal Transduction","REACT:R-HSA-162582","CRH"
"21314","Alopecia","MESH:D000505","Signal Transduction","REACT:R-HSA-162582","PARP1"
"21315","Alopecia","MESH:D000505","Signal Transduction","REACT:R-HSA-162582","TNFRSF10A"
"21316","Alopecia","MESH:D000505","Steroid hormone biosynthesis","KEGG:hsa00140","SRD5A2"
"21317","Alopecia","MESH:D000505","SUMO E3 ligases SUMOylate target proteins","REACT:R-HSA-3108232","PARP1"
"21318","Alopecia","MESH:D000505","SUMOylation","REACT:R-HSA-2990846","PARP1"
"21319","Alopecia","MESH:D000505","SUMOylation of DNA damage response and repair proteins","REACT:R-HSA-3108214","PARP1"
"21320","Alopecia","MESH:D000505","TP53 Regulates Transcription of Cell Death Genes","REACT:R-HSA-5633008","TNFRSF10A"
"21321","Alopecia","MESH:D000505","TP53 Regulates Transcription of Death Receptors and Ligands","REACT:R-HSA-6803211","TNFRSF10A"
"21322","Alopecia","MESH:D000505","TRAIL  signaling","REACT:R-HSA-75158","TNFRSF10A"
"21323","Alopecia","MESH:D000505","Transcriptional activity of SMAD2/SMAD3:SMAD4 heterotrimer","REACT:R-HSA-2173793","PARP1"
"21324","Alopecia","MESH:D000505","Transcriptional Regulation by TP53","REACT:R-HSA-3700989","TNFRSF10A"
"21325","Alopecia","MESH:D000505","Transmembrane transport of small molecules","REACT:R-HSA-382551","ABCC2"
"21326","Alopecia","MESH:D000505","Tristetraprolin (TTP, ZFP36) binds and destabilizes mRNA","REACT:R-HSA-450513","ZFP36"
"21327","Alopecia","MESH:D000505","Tuberculosis","KEGG:hsa05152","VDR"
"21328","Alopecia","MESH:D000505","Ub-specific processing proteases","REACT:R-HSA-5689880","AR"
