"","X..GeneSymbol","GeneID","PathwayName","PathwayID"
"7160","AR",367,"Activated PKN1 stimulates transcription of AR (androgen receptor) regulated genes KLK2 and KLK3","REACT:R-HSA-5625886"
"7161","AR",367,"Deubiquitination","REACT:R-HSA-5688426"
"7162","AR",367,"Gene Expression","REACT:R-HSA-74160"
"7163","AR",367,"Generic Transcription Pathway","REACT:R-HSA-212436"
"7164","AR",367,"Metabolism of proteins","REACT:R-HSA-392499"
"7165","AR",367,"Nuclear Receptor transcription pathway","REACT:R-HSA-383280"
"7166","AR",367,"Oocyte meiosis","KEGG:hsa04114"
"7167","AR",367,"Pathways in cancer","KEGG:hsa05200"
"7168","AR",367,"Post-translational protein modification","REACT:R-HSA-597592"
"7169","AR",367,"Prostate cancer","KEGG:hsa05215"
"7170","AR",367,"RHO GTPase Effectors","REACT:R-HSA-195258"
"7171","AR",367,"RHO GTPases activate PKNs","REACT:R-HSA-5625740"
"7172","AR",367,"Signaling by Rho GTPases","REACT:R-HSA-194315"
"7173","AR",367,"Signal Transduction","REACT:R-HSA-162582"
"7174","AR",367,"Ub-specific processing proteases","REACT:R-HSA-5689880"
