"","X","X..GOName","GOID","DiseaseName","DiseaseID","InferenceChemicalQty","InferenceChemicalNames","InferenceGeneQty","InferenceGeneSymbols"
"49594",49594,"anagen","GO:0042640","Abdominal Pain","MESH:D015746",1,"Cyclophosphamide",0,""
"49595",49595,"anagen","GO:0042640","Abnormalities, Drug-Induced","MESH:D000014",1,"Cyclophosphamide",0,""
"49596",49596,"anagen","GO:0042640","Abnormalities, Multiple","MESH:D000015",1,"Cyclophosphamide",0,""
"49597",49597,"anagen","GO:0042640","Abnormalities, Severe Teratoid","MESH:D009008",1,"Cyclophosphamide",0,""
"49598",49598,"anagen","GO:0042640","Acidosis, Renal Tubular","MESH:D000141",1,"Cyclophosphamide",0,""
"49599",49599,"anagen","GO:0042640","Acute Kidney Injury","MESH:D058186",1,"Cyclophosphamide",0,""
"49600",49600,"anagen","GO:0042640","Adams Oliver syndrome","MESH:C538225",0,"",1,"NOTCH1"
"49601",49601,"anagen","GO:0042640","Adenocarcinoma","MESH:D000230",1,"Cyclophosphamide",2,"AKT1|PTGS2"
"49602",49602,"anagen","GO:0042640","Adenocarcinoma Of Esophagus","MESH:C562730",0,"",1,"PTGS2"
"49603",49603,"anagen","GO:0042640","Adenomatosis, Pulmonary","MESH:D018255",1,"Cyclophosphamide",0,""
"49604",49604,"anagen","GO:0042640","Adenomatous Polyposis Coli","MESH:D011125",0,"",2,"AKT1|PTGS2"
"49605",49605,"anagen","GO:0042640","Adrenal Gland Neoplasms","MESH:D000310",0,"",1,"PTGS2"
"49606",49606,"anagen","GO:0042640","Agranulocytosis","MESH:D000380",1,"Cyclophosphamide",0,""
"49607",49607,"anagen","GO:0042640","Albuminuria","MESH:D000419",0,"",1,"PTGS2"
"49608",49608,"anagen","GO:0042640","Alkalosis","MESH:D000471",1,"Cyclophosphamide",0,""
"49609",49609,"anagen","GO:0042640","Alopecia","MESH:D000505",2,"5-(N-methyl-N-propargylaminomethyl)-8-hydroxyquinoline|Cyclophosphamide",0,""
"49610",49610,"anagen","GO:0042640","Alzheimer Disease","MESH:D000544",0,"",2,"PSEN1|PSEN2"
"49611",49611,"anagen","GO:0042640","Alzheimer Disease, Familial, 3, with Spastic Paraparesis and Apraxia","MESH:C564330",0,"",1,"PSEN1"
"49612",49612,"anagen","GO:0042640","Alzheimer disease type 4","MESH:C536596",0,"",1,"PSEN2"
"49613",49613,"anagen","GO:0042640","Amenorrhea","MESH:D000568",1,"Cyclophosphamide",0,""
"49614",49614,"anagen","GO:0042640","Amphetamine-Related Disorders","MESH:D019969",0,"",1,"AKT1"
"49615",49615,"anagen","GO:0042640","Amyloid Neuropathies","MESH:D017772",0,"",1,"PSEN1"
"49616",49616,"anagen","GO:0042640","Amyloidosis","MESH:D000686",0,"",1,"PSEN1"
"49617",49617,"anagen","GO:0042640","Amyotrophic Lateral Sclerosis","MESH:D000690",0,"",1,"PTGS2"
"49618",49618,"anagen","GO:0042640","Anemia","MESH:D000740",1,"Cyclophosphamide",0,""
"49619",49619,"anagen","GO:0042640","Anemia, Aplastic","MESH:D000741",1,"Cyclophosphamide",0,""
"49620",49620,"anagen","GO:0042640","Anemia, Hemolytic","MESH:D000743",1,"Cyclophosphamide",0,""
"49621",49621,"anagen","GO:0042640","Anemia, Hemolytic, Autoimmune","MESH:D000744",1,"Cyclophosphamide",0,""
"49622",49622,"anagen","GO:0042640","Anemia, Macrocytic","MESH:D000748",1,"Cyclophosphamide",0,""
"49623",49623,"anagen","GO:0042640","Anemia, Megaloblastic","MESH:D000749",1,"Cyclophosphamide",0,""
"49624",49624,"anagen","GO:0042640","Aneurysm","MESH:D000783",1,"Cyclophosphamide",0,""
"49625",49625,"anagen","GO:0042640","Angina Pectoris","MESH:D000787",1,"Cyclophosphamide",0,""
"49626",49626,"anagen","GO:0042640","Anorexia","MESH:D000855",1,"Cyclophosphamide",0,""
"49627",49627,"anagen","GO:0042640","Anti-Glomerular Basement Membrane Disease","MESH:D019867",1,"Cyclophosphamide",0,""
"49628",49628,"anagen","GO:0042640","Anti-Neutrophil Cytoplasmic Antibody-Associated Vasculitis","MESH:D056648",1,"Cyclophosphamide",0,""
"49629",49629,"anagen","GO:0042640","Antiphospholipid Syndrome","MESH:D016736",1,"Cyclophosphamide",0,""
"49630",49630,"anagen","GO:0042640","Aortic Aneurysm, Abdominal","MESH:D017544",0,"",1,"PTGS2"
"49631",49631,"anagen","GO:0042640","Aortic Valve, Calcification of","MESH:C562942",0,"",2,"AKT1|NOTCH1"
"49632",49632,"anagen","GO:0042640","AORTIC VALVE DISEASE 1","OMIM:109730",0,"",1,"NOTCH1"
"49633",49633,"anagen","GO:0042640","Arrhythmias, Cardiac","MESH:D001145",1,"Cyclophosphamide",1,"PTGS2"
"49634",49634,"anagen","GO:0042640","Arteriosclerosis","MESH:D001161",1,"Cyclophosphamide",0,""
"49635",49635,"anagen","GO:0042640","Arteritis","MESH:D001167",1,"Cyclophosphamide",0,""
"49636",49636,"anagen","GO:0042640","Arthritis, Rheumatoid","MESH:D001172",1,"Cyclophosphamide",1,"PTGS2"
"49637",49637,"anagen","GO:0042640","Asphyxia Neonatorum","MESH:D001238",0,"",3,"PSEN1|PSEN2|PTGS2"
"49638",49638,"anagen","GO:0042640","Asthma, Aspirin-Induced","MESH:D055963",0,"",1,"PTGS2"
"49639",49639,"anagen","GO:0042640","Asthma, Occupational","MESH:D059366",0,"",1,"PTGS2"
"49640",49640,"anagen","GO:0042640","Astrocytoma","MESH:D001254",0,"",1,"NOTCH1"
"49641",49641,"anagen","GO:0042640","Ataxia","MESH:D001259",1,"Cyclophosphamide",0,""
"49642",49642,"anagen","GO:0042640","Atherosclerosis","MESH:D050197",0,"",1,"PTGS2"
"49643",49643,"anagen","GO:0042640","Atrial Fibrillation","MESH:D001281",1,"Cyclophosphamide",0,""
"49644",49644,"anagen","GO:0042640","Atrioventricular Block","MESH:D054537",1,"Cyclophosphamide",0,""
"49645",49645,"anagen","GO:0042640","Autistic Disorder","MESH:D001321",0,"",1,"PTGS2"
"49646",49646,"anagen","GO:0042640","Autoimmune Diseases","MESH:D001327",1,"Cyclophosphamide",0,""
"49647",49647,"anagen","GO:0042640","Azoospermia","MESH:D053713",1,"Cyclophosphamide",0,""
"49648",49648,"anagen","GO:0042640","Azotemia","MESH:D053099",1,"Cyclophosphamide",0,""
"49649",49649,"anagen","GO:0042640","Barrett Esophagus","MESH:D001471",0,"",1,"PTGS2"
"49650",49650,"anagen","GO:0042640","Behcet Syndrome","MESH:D001528",1,"Cyclophosphamide",0,""
"49651",49651,"anagen","GO:0042640","Bicuspid Aortic Valve Disease","MESH:D000082882",0,"",1,"NOTCH1"
"49652",49652,"anagen","GO:0042640","Blepharophimosis","MESH:D016569",1,"Cyclophosphamide",0,""
"49653",49653,"anagen","GO:0042640","Blood Platelet Disorders","MESH:D001791",1,"Cyclophosphamide",0,""
"49654",49654,"anagen","GO:0042640","Bone Marrow Diseases","MESH:D001855",1,"Cyclophosphamide",0,""
"49655",49655,"anagen","GO:0042640","Bone Marrow Neoplasms","MESH:D019046",1,"Cyclophosphamide",0,""
"49656",49656,"anagen","GO:0042640","Bone Neoplasms","MESH:D001859",0,"",1,"PTGS2"
"49657",49657,"anagen","GO:0042640","Brain Injuries","MESH:D001930",1,"Cyclophosphamide",1,"PTGS2"
"49658",49658,"anagen","GO:0042640","Brain Injuries, Traumatic","MESH:D000070642",0,"",1,"PTGS2"
"49659",49659,"anagen","GO:0042640","Brain Ischemia","MESH:D002545",0,"",1,"PTGS2"
"49660",49660,"anagen","GO:0042640","Breast Neoplasms","MESH:D001943",1,"Cyclophosphamide",3,"AKT1|NOTCH1|PTGS2"
"49661",49661,"anagen","GO:0042640","Burkitt Lymphoma","MESH:D002051",1,"Cyclophosphamide",0,""
"49662",49662,"anagen","GO:0042640","Burns","MESH:D002056",0,"",1,"PTGS2"
"49663",49663,"anagen","GO:0042640","Cachexia","MESH:D002100",0,"",1,"PTGS2"
"49664",49664,"anagen","GO:0042640","Calcinosis","MESH:D002114",0,"",1,"NOTCH1"
"49665",49665,"anagen","GO:0042640","Carcinogenesis","MESH:D063646",0,"",1,"AKT1"
"49666",49666,"anagen","GO:0042640","Carcinoma","MESH:D002277",1,"Cyclophosphamide",1,"PTGS2"
"49667",49667,"anagen","GO:0042640","Carcinoma, Adenoid Cystic","MESH:D003528",0,"",1,"NOTCH1"
"49668",49668,"anagen","GO:0042640","Carcinoma, Bronchogenic","MESH:D002283",1,"Cyclophosphamide",0,""
"49669",49669,"anagen","GO:0042640","Carcinoma, Ductal, Breast","MESH:D018270",1,"Cyclophosphamide",1,"PTGS2"
"49670",49670,"anagen","GO:0042640","Carcinoma, Ehrlich Tumor","MESH:D002286",1,"Cyclophosphamide",0,""
"49671",49671,"anagen","GO:0042640","Carcinoma, Embryonal","MESH:D018236",1,"Cyclophosphamide",0,""
"49672",49672,"anagen","GO:0042640","Carcinoma, Hepatocellular","MESH:D006528",1,"Cyclophosphamide",2,"AKT1|PTGS2"
"49673",49673,"anagen","GO:0042640","Carcinoma in Situ","MESH:D002278",0,"",1,"PTGS2"
"49674",49674,"anagen","GO:0042640","Carcinoma, Large Cell","MESH:D018287",1,"Cyclophosphamide",0,""
"49675",49675,"anagen","GO:0042640","Carcinoma, Lewis Lung","MESH:D018827",1,"Cyclophosphamide",0,""
"49676",49676,"anagen","GO:0042640","Carcinoma, Ovarian Epithelial","MESH:D000077216",1,"Cyclophosphamide",0,""
"49677",49677,"anagen","GO:0042640","Carcinoma, Pancreatic Ductal","MESH:D021441",0,"",1,"NOTCH1"
"49678",49678,"anagen","GO:0042640","Carcinoma, Renal Cell","MESH:D002292",1,"Cyclophosphamide",1,"PTGS2"
"49679",49679,"anagen","GO:0042640","Carcinoma, Small Cell","MESH:D018288",1,"Cyclophosphamide",0,""
"49680",49680,"anagen","GO:0042640","Carcinoma, Squamous Cell","MESH:D002294",1,"Cyclophosphamide",3,"AKT1|NOTCH1|PTGS2"
"49681",49681,"anagen","GO:0042640","Carcinoma, Transitional Cell","MESH:D002295",1,"Cyclophosphamide",1,"PTGS2"
"49682",49682,"anagen","GO:0042640","Carcinosarcoma","MESH:D002296",1,"Cyclophosphamide",0,""
"49683",49683,"anagen","GO:0042640","Cardiac Tamponade","MESH:D002305",1,"Cyclophosphamide",0,""
"49684",49684,"anagen","GO:0042640","Cardiomegaly","MESH:D006332",1,"Cyclophosphamide",2,"AKT1|PPARD"
"49685",49685,"anagen","GO:0042640","Cardiomyopathies","MESH:D009202",1,"Cyclophosphamide",4,"AKT1|PPARD|PSEN1|PTGS2"
"49686",49686,"anagen","GO:0042640","Cardiomyopathy, Dilated","MESH:D002311",0,"",2,"PSEN1|PSEN2"
"49687",49687,"anagen","GO:0042640","Cardiomyopathy, Dilated, 1u","MESH:C566296",0,"",1,"PSEN1"
"49688",49688,"anagen","GO:0042640","Cardiomyopathy, Dilated, 1V","MESH:C566856",0,"",1,"PSEN2"
"49689",49689,"anagen","GO:0042640","Cardiomyopathy, Restrictive","MESH:D002313",1,"Cyclophosphamide",0,""
"49690",49690,"anagen","GO:0042640","Cardiotoxicity","MESH:D066126",1,"Cyclophosphamide",0,""
"49691",49691,"anagen","GO:0042640","Cardiovascular Diseases","MESH:D002318",0,"",1,"PTGS2"
"49692",49692,"anagen","GO:0042640","Catalepsy","MESH:D002375",1,"Cyclophosphamide",0,""
"49693",49693,"anagen","GO:0042640","Cavernous Sinus Thrombosis","MESH:D020226",1,"Cyclophosphamide",0,""
"49694",49694,"anagen","GO:0042640","Cell Transformation, Neoplastic","MESH:D002471",0,"",1,"NOTCH1"
"49695",49695,"anagen","GO:0042640","Central Nervous System Diseases","MESH:D002493",1,"Cyclophosphamide",0,""
"49696",49696,"anagen","GO:0042640","Cerebral Hemorrhage","MESH:D002543",1,"Cyclophosphamide",0,""
"49697",49697,"anagen","GO:0042640","Chemical and Drug Induced Liver Injury","MESH:D056486",1,"Cyclophosphamide",2,"NOTCH1|PTGS2"
"49698",49698,"anagen","GO:0042640","Cholangiocarcinoma","MESH:D018281",0,"",1,"PTGS2"
"49699",49699,"anagen","GO:0042640","Cholecystitis","MESH:D002764",1,"Cyclophosphamide",0,""
"49700",49700,"anagen","GO:0042640","Cholestasis","MESH:D002779",1,"Cyclophosphamide",0,""
"49701",49701,"anagen","GO:0042640","Chromosome Aberrations","MESH:D002869",1,"Cyclophosphamide",0,""
"49702",49702,"anagen","GO:0042640","Chromosome Breakage","MESH:D019457",1,"Cyclophosphamide",0,""
"49703",49703,"anagen","GO:0042640","Churg-Strauss Syndrome","MESH:D015267",1,"Cyclophosphamide",0,""
"49704",49704,"anagen","GO:0042640","Cleft Palate","MESH:D002972",1,"Cyclophosphamide",0,""
"49705",49705,"anagen","GO:0042640","Cognition Disorders","MESH:D003072",1,"Cyclophosphamide",2,"PSEN1|PTGS2"
"49706",49706,"anagen","GO:0042640","Colitis","MESH:D003092",0,"",1,"PTGS2"
"49707",49707,"anagen","GO:0042640","Colonic Neoplasms","MESH:D003110",0,"",2,"NOTCH1|PTGS2"
"49708",49708,"anagen","GO:0042640","Colorectal Neoplasms","MESH:D015179",0,"",2,"AKT1|PTGS2"
"49709",49709,"anagen","GO:0042640","Congenital Abnormalities","MESH:D000013",1,"Cyclophosphamide",1,"NOTCH1"
"49710",49710,"anagen","GO:0042640","Consciousness Disorders","MESH:D003244",1,"Cyclophosphamide",0,""
"49711",49711,"anagen","GO:0042640","Constipation","MESH:D003248",1,"Cyclophosphamide",0,""
"49712",49712,"anagen","GO:0042640","Coronary Artery Disease","MESH:D003324",0,"",1,"PTGS2"
"49713",49713,"anagen","GO:0042640","Coronary Vasospasm","MESH:D003329",1,"Cyclophosphamide",0,""
"49714",49714,"anagen","GO:0042640","Coronary Vessel Anomalies","MESH:D003330",1,"Cyclophosphamide",0,""
"49715",49715,"anagen","GO:0042640","COWDEN SYNDROME 6","OMIM:615109",0,"",1,"AKT1"
"49716",49716,"anagen","GO:0042640","Craniofacial Abnormalities","MESH:D019465",0,"",2,"MSX2|NOTCH1"
"49717",49717,"anagen","GO:0042640","Craniosynostoses","MESH:D003398",1,"Cyclophosphamide",0,""
"49718",49718,"anagen","GO:0042640","Craniosynostosis, Type 2","MESH:C565753",0,"",1,"MSX2"
"49719",49719,"anagen","GO:0042640","Cystitis","MESH:D003556",1,"Cyclophosphamide",0,""
"49720",49720,"anagen","GO:0042640","Cystitis, Interstitial","MESH:D018856",1,"Cyclophosphamide",0,""
"49721",49721,"anagen","GO:0042640","Cytomegalovirus Retinitis","MESH:D017726",1,"Cyclophosphamide",0,""
"49722",49722,"anagen","GO:0042640","Depressive Disorder","MESH:D003866",1,"Cyclophosphamide",1,"PTGS2"
"49723",49723,"anagen","GO:0042640","Dermatitis, Atopic","MESH:D003876",1,"Cyclophosphamide",0,""
"49724",49724,"anagen","GO:0042640","Dermatomyositis","MESH:D003882",1,"Cyclophosphamide",0,""
"49725",49725,"anagen","GO:0042640","Desmoplastic Small Round Cell Tumor","MESH:D058405",1,"Cyclophosphamide",0,""
"49726",49726,"anagen","GO:0042640","Developmental Disabilities","MESH:D002658",1,"Cyclophosphamide",0,""
"49727",49727,"anagen","GO:0042640","Diabetes Mellitus","MESH:D003920",0,"",1,"PTGS2"
"49728",49728,"anagen","GO:0042640","Diabetes Mellitus, Congenital Autoimmune","MESH:C565730",1,"Cyclophosphamide",0,""
"49729",49729,"anagen","GO:0042640","Diabetes Mellitus, Experimental","MESH:D003921",1,"Cyclophosphamide",1,"PTGS2"
"49730",49730,"anagen","GO:0042640","Diabetes Mellitus, Type 1","MESH:D003922",1,"Cyclophosphamide",0,""
"49731",49731,"anagen","GO:0042640","Diabetes Mellitus, Type 2","MESH:D003924",0,"",1,"AKT1"
"49732",49732,"anagen","GO:0042640","Diarrhea","MESH:D003967",1,"Cyclophosphamide",0,""
"49733",49733,"anagen","GO:0042640","Disease Models, Animal","MESH:D004195",1,"Cyclophosphamide",2,"AKT1|PSEN1"
"49734",49734,"anagen","GO:0042640","Dizziness","MESH:D004244",1,"Cyclophosphamide",0,""
"49735",49735,"anagen","GO:0042640","Drug Hypersensitivity","MESH:D004342",1,"Cyclophosphamide",0,""
"49736",49736,"anagen","GO:0042640","Drug-Related Side Effects and Adverse Reactions","MESH:D064420",1,"Cyclophosphamide",1,"PTGS2"
"49737",49737,"anagen","GO:0042640","Duodenal Ulcer","MESH:D004381",0,"",1,"PTGS2"
"49738",49738,"anagen","GO:0042640","Dyspnea","MESH:D004417",1,"Cyclophosphamide",0,""
"49739",49739,"anagen","GO:0042640","Dyspnea, Paroxysmal","MESH:D004418",1,"Cyclophosphamide",0,""
"49740",49740,"anagen","GO:0042640","Dysuria","MESH:D053159",1,"Cyclophosphamide",0,""
"49741",49741,"anagen","GO:0042640","Ectrodactyly","MESH:C574275",1,"Cyclophosphamide",0,""
"49742",49742,"anagen","GO:0042640","Ectromelia","MESH:D004480",1,"Cyclophosphamide",0,""
"49743",49743,"anagen","GO:0042640","Edema","MESH:D004487",1,"Cyclophosphamide",1,"PTGS2"
"49744",49744,"anagen","GO:0042640","Embryo Loss","MESH:D020964",1,"Cyclophosphamide",0,""
"49745",49745,"anagen","GO:0042640","Encephalomyelitis, Autoimmune, Experimental","MESH:D004681",1,"Cyclophosphamide",0,""
"49746",49746,"anagen","GO:0042640","Endometrial Neoplasms","MESH:D016889",1,"Cyclophosphamide",0,""
"49747",49747,"anagen","GO:0042640","Endometriosis","MESH:D004715",0,"",1,"PTGS2"
"49748",49748,"anagen","GO:0042640","Endomyocardial Fibrosis","MESH:D004719",1,"Cyclophosphamide",0,""
"49749",49749,"anagen","GO:0042640","Endophthalmitis","MESH:D009877",1,"Cyclophosphamide",0,""
"49750",49750,"anagen","GO:0042640","Enteritis","MESH:D004751",1,"Cyclophosphamide",0,""
"49751",49751,"anagen","GO:0042640","Eosinophilia","MESH:D004802",1,"Cyclophosphamide",0,""
"49752",49752,"anagen","GO:0042640","Epilepsy","MESH:D004827",0,"",1,"AKT1"
"49753",49753,"anagen","GO:0042640","Esophageal Neoplasms","MESH:D004938",1,"Cyclophosphamide",1,"PTGS2"
"49754",49754,"anagen","GO:0042640","Esophageal Squamous Cell Carcinoma","MESH:D000077277",0,"",2,"NOTCH1|PTGS2"
"49755",49755,"anagen","GO:0042640","Exanthema","MESH:D005076",1,"Cyclophosphamide",0,""
"49756",49756,"anagen","GO:0042640","Extravasation of Diagnostic and Therapeutic Materials","MESH:D005119",1,"Cyclophosphamide",0,""
"49757",49757,"anagen","GO:0042640","Fatigue","MESH:D005221",1,"Cyclophosphamide",0,""
"49758",49758,"anagen","GO:0042640","Fatty Liver","MESH:D005234",0,"",2,"AKT1|PPARD"
"49759",49759,"anagen","GO:0042640","Female Urogenital Diseases","MESH:D052776",0,"",1,"MSX2"
"49760",49760,"anagen","GO:0042640","Fetal Diseases","MESH:D005315",1,"Cyclophosphamide",0,""
"49761",49761,"anagen","GO:0042640","Fever","MESH:D005334",1,"Cyclophosphamide",1,"PTGS2"
"49762",49762,"anagen","GO:0042640","Fibrosis","MESH:D005355",1,"Cyclophosphamide",2,"AKT1|PTGS2"
"49763",49763,"anagen","GO:0042640","Foot Deformities, Congenital","MESH:D005532",1,"Cyclophosphamide",0,""
"49764",49764,"anagen","GO:0042640","Frontotemporal Dementia","MESH:D057180",0,"",1,"PSEN1"
"49765",49765,"anagen","GO:0042640","Gastroesophageal Reflux","MESH:D005764",0,"",1,"PTGS2"
"49766",49766,"anagen","GO:0042640","Gastrointestinal Diseases","MESH:D005767",1,"Cyclophosphamide",0,""
"49767",49767,"anagen","GO:0042640","Gastrointestinal Hemorrhage","MESH:D006471",1,"Cyclophosphamide",0,""
"49768",49768,"anagen","GO:0042640","Genomic Instability","MESH:D042822",1,"Cyclophosphamide",0,""
"49769",49769,"anagen","GO:0042640","Glaucoma, Open-Angle","MESH:D005902",0,"",1,"PTGS2"
"49770",49770,"anagen","GO:0042640","Glioblastoma","MESH:D005909",0,"",1,"NOTCH1"
"49771",49771,"anagen","GO:0042640","Glioma","MESH:D005910",1,"Cyclophosphamide",1,"PTGS2"
"49772",49772,"anagen","GO:0042640","Gliosarcoma","MESH:D018316",1,"Cyclophosphamide",0,""
"49773",49773,"anagen","GO:0042640","Gliosis","MESH:D005911",0,"",1,"PSEN1"
"49774",49774,"anagen","GO:0042640","Glomerulonephritis","MESH:D005921",1,"Cyclophosphamide",0,""
"49775",49775,"anagen","GO:0042640","Glomerulonephritis, Membranous","MESH:D015433",1,"Cyclophosphamide",0,""
"49776",49776,"anagen","GO:0042640","Glomerulosclerosis, Focal Segmental","MESH:D005923",1,"Cyclophosphamide",0,""
"49777",49777,"anagen","GO:0042640","Glycosuria","MESH:D006029",1,"Cyclophosphamide",0,""
"49778",49778,"anagen","GO:0042640","Gonadal Disorders","MESH:D006058",1,"Cyclophosphamide",0,""
"49779",49779,"anagen","GO:0042640","Graft vs Host Disease","MESH:D006086",1,"Cyclophosphamide",0,""
"49780",49780,"anagen","GO:0042640","Granulomatosis with Polyangiitis","MESH:D014890",1,"Cyclophosphamide",0,""
"49781",49781,"anagen","GO:0042640","Graves Ophthalmopathy","MESH:D049970",0,"",1,"PTGS2"
"49782",49782,"anagen","GO:0042640","Griscelli syndrome type 1","MESH:C537301",0,"",1,"MYO5A"
"49783",49783,"anagen","GO:0042640","Growth Disorders","MESH:D006130",1,"Cyclophosphamide",0,""
"49784",49784,"anagen","GO:0042640","Guillain-Barre Syndrome","MESH:D020275",1,"Cyclophosphamide",0,""
"49785",49785,"anagen","GO:0042640","Headache","MESH:D006261",1,"Cyclophosphamide",0,""
"49786",49786,"anagen","GO:0042640","Hearing Disorders","MESH:D006311",1,"Cyclophosphamide",0,""
"49787",49787,"anagen","GO:0042640","Hearing Loss","MESH:D034381",1,"Cyclophosphamide",0,""
"49788",49788,"anagen","GO:0042640","Heart Arrest","MESH:D006323",1,"Cyclophosphamide",0,""
"49789",49789,"anagen","GO:0042640","Heart Block","MESH:D006327",1,"Cyclophosphamide",0,""
"49790",49790,"anagen","GO:0042640","Heart Diseases","MESH:D006331",1,"Cyclophosphamide",0,""
"49791",49791,"anagen","GO:0042640","Heart Failure","MESH:D006333",1,"Cyclophosphamide",1,"PTGS2"
"49792",49792,"anagen","GO:0042640","Heart Failure, Diastolic","MESH:D054144",1,"Cyclophosphamide",0,""
"49793",49793,"anagen","GO:0042640","Heart Failure, Systolic","MESH:D054143",1,"Cyclophosphamide",0,""
"49794",49794,"anagen","GO:0042640","Heart Valve Diseases","MESH:D006349",1,"Cyclophosphamide",1,"NOTCH1"
"49795",49795,"anagen","GO:0042640","Hematologic Diseases","MESH:D006402",1,"Cyclophosphamide",0,""
"49796",49796,"anagen","GO:0042640","Hematologic Neoplasms","MESH:D019337",1,"Cyclophosphamide",0,""
"49797",49797,"anagen","GO:0042640","Hematoma","MESH:D006406",1,"Cyclophosphamide",0,""
"49798",49798,"anagen","GO:0042640","Hematuria","MESH:D006417",1,"Cyclophosphamide",0,""
"49799",49799,"anagen","GO:0042640","Hemophilia A","MESH:D006467",1,"Cyclophosphamide",0,""
"49800",49800,"anagen","GO:0042640","Hemorrhage","MESH:D006470",1,"Cyclophosphamide",0,""
"49801",49801,"anagen","GO:0042640","Hemorrhagic Disorders","MESH:D006474",1,"Cyclophosphamide",0,""
"49802",49802,"anagen","GO:0042640","Hepatic Veno-Occlusive Disease","MESH:D006504",1,"Cyclophosphamide",0,""
"49803",49803,"anagen","GO:0042640","Hepatitis B","MESH:D006509",1,"Cyclophosphamide",0,""
"49804",49804,"anagen","GO:0042640","Hepatitis, Chronic","MESH:D006521",1,"Cyclophosphamide",0,""
"49805",49805,"anagen","GO:0042640","Hepatomegaly","MESH:D006529",1,"Cyclophosphamide",1,"AKT1"
"49806",49806,"anagen","GO:0042640","Hiccup","MESH:D006606",1,"Cyclophosphamide",0,""
"49807",49807,"anagen","GO:0042640","Hidradenitis suppurativa, familial","MESH:C538118",0,"",1,"PSEN1"
"49808",49808,"anagen","GO:0042640","Hodgkin Disease","MESH:D006689",1,"Cyclophosphamide",0,""
"49809",49809,"anagen","GO:0042640","Hydronephrosis","MESH:D006869",1,"Cyclophosphamide",1,"PTGS2"
"49810",49810,"anagen","GO:0042640","Hyperalgesia","MESH:D006930",1,"Cyclophosphamide",1,"PTGS2"
"49811",49811,"anagen","GO:0042640","Hyperbilirubinemia","MESH:D006932",1,"Cyclophosphamide",0,""
"49812",49812,"anagen","GO:0042640","Hyperemia","MESH:D006940",1,"Cyclophosphamide",1,"PTGS2"
"49813",49813,"anagen","GO:0042640","Hyperglycemia","MESH:D006943",0,"",1,"PTGS2"
"49814",49814,"anagen","GO:0042640","Hyperkalemia","MESH:D006947",1,"Cyclophosphamide",0,""
"49815",49815,"anagen","GO:0042640","Hyperlipidemias","MESH:D006949",1,"Cyclophosphamide",0,""
"49816",49816,"anagen","GO:0042640","Hyperplasia","MESH:D006965",1,"Cyclophosphamide",2,"AKT1|PTGS2"
"49817",49817,"anagen","GO:0042640","Hypersensitivity","MESH:D006967",1,"Cyclophosphamide",0,""
"49818",49818,"anagen","GO:0042640","Hypertension","MESH:D006973",1,"Cyclophosphamide",1,"PTGS2"
"49819",49819,"anagen","GO:0042640","Hypertriglyceridemia","MESH:D015228",0,"",1,"AKT1"
"49820",49820,"anagen","GO:0042640","Hypesthesia","MESH:D006987",1,"Cyclophosphamide",0,""
"49821",49821,"anagen","GO:0042640","Hypocalcemia","MESH:D006996",1,"Cyclophosphamide",0,""
"49822",49822,"anagen","GO:0042640","Hypokalemia","MESH:D007008",1,"Cyclophosphamide",0,""
"49823",49823,"anagen","GO:0042640","Hyponatremia","MESH:D007010",1,"Cyclophosphamide",0,""
"49824",49824,"anagen","GO:0042640","Hypotension","MESH:D007022",1,"Cyclophosphamide",0,""
"49825",49825,"anagen","GO:0042640","Hypothyroidism","MESH:D007037",1,"Cyclophosphamide",0,""
"49826",49826,"anagen","GO:0042640","Hypotrichosis, Localized, Autosomal Recessive 1","MESH:C564312",0,"",1,"DSG4"
"49827",49827,"anagen","GO:0042640","Immune System Diseases","MESH:D007154",1,"Cyclophosphamide",0,""
"49828",49828,"anagen","GO:0042640","Inappropriate ADH Syndrome","MESH:D007177",1,"Cyclophosphamide",0,""
"49829",49829,"anagen","GO:0042640","Infections","MESH:D007239",1,"Cyclophosphamide",0,""
"49830",49830,"anagen","GO:0042640","Infertility, Male","MESH:D007248",1,"Cyclophosphamide",0,""
"49831",49831,"anagen","GO:0042640","Inflammation","MESH:D007249",1,"Cyclophosphamide",2,"AKT1|PTGS2"
"49832",49832,"anagen","GO:0042640","Inflammatory Bowel Diseases","MESH:D015212",0,"",1,"PTGS2"
"49833",49833,"anagen","GO:0042640","Inflammatory Breast Neoplasms","MESH:D058922",1,"Cyclophosphamide",0,""
"49834",49834,"anagen","GO:0042640","Intestinal Diseases","MESH:D007410",1,"Cyclophosphamide",0,""
"49835",49835,"anagen","GO:0042640","Intestinal Polyps","MESH:D007417",0,"",1,"PTGS2"
"49836",49836,"anagen","GO:0042640","Intracranial Hemorrhages","MESH:D020300",1,"Cyclophosphamide",0,""
"49837",49837,"anagen","GO:0042640","Jaundice","MESH:D007565",1,"Cyclophosphamide",0,""
"49838",49838,"anagen","GO:0042640","Kidney Diseases","MESH:D007674",1,"Cyclophosphamide",1,"PTGS2"
"49839",49839,"anagen","GO:0042640","Kidney Failure, Chronic","MESH:D007676",0,"",1,"PTGS2"
"49840",49840,"anagen","GO:0042640","Kidney Neoplasms","MESH:D007680",1,"Cyclophosphamide",1,"PTGS2"
"49841",49841,"anagen","GO:0042640","Kidney Papillary Necrosis","MESH:D007681",1,"Cyclophosphamide",0,""
"49842",49842,"anagen","GO:0042640","Learning Disabilities","MESH:D007859",1,"Cyclophosphamide",1,"PSEN1"
"49843",49843,"anagen","GO:0042640","Leiomyosarcoma","MESH:D007890",1,"Cyclophosphamide",1,"PTGS2"
"49844",49844,"anagen","GO:0042640","Leukemia","MESH:D007938",1,"Cyclophosphamide",0,""
"49845",49845,"anagen","GO:0042640","Leukemia L1210","MESH:D007939",1,"Cyclophosphamide",0,""
"49846",49846,"anagen","GO:0042640","Leukemia, Lymphocytic, Chronic, B-Cell","MESH:D015451",1,"Cyclophosphamide",1,"PTGS2"
"49847",49847,"anagen","GO:0042640","Leukemia, Lymphoid","MESH:D007945",1,"Cyclophosphamide",0,""
"49848",49848,"anagen","GO:0042640","Leukemia, Myelogenous, Chronic, BCR-ABL Positive","MESH:D015464",1,"Cyclophosphamide",0,""
"49849",49849,"anagen","GO:0042640","Leukemia, Myeloid, Acute","MESH:D015470",1,"Cyclophosphamide",0,""
"49850",49850,"anagen","GO:0042640","Leukemia, Myeloid, Chronic, Atypical, BCR-ABL Negative","MESH:D054438",1,"Cyclophosphamide",0,""
"49851",49851,"anagen","GO:0042640","Leukemia, Plasma Cell","MESH:D007952",1,"Cyclophosphamide",0,""
"49852",49852,"anagen","GO:0042640","Leukemia, Promyelocytic, Acute","MESH:D015473",0,"",1,"AKT1"
"49853",49853,"anagen","GO:0042640","Leukemia, T-Cell","MESH:D015458",1,"Cyclophosphamide",1,"NOTCH1"
"49854",49854,"anagen","GO:0042640","Leukoencephalopathy, Progressive Multifocal","MESH:D007968",1,"Cyclophosphamide",0,""
"49855",49855,"anagen","GO:0042640","Leukopenia","MESH:D007970",1,"Cyclophosphamide",0,""
"49856",49856,"anagen","GO:0042640","Leukoplakia, Oral","MESH:D007972",0,"",1,"PTGS2"
"49857",49857,"anagen","GO:0042640","Limb Deformities, Congenital","MESH:D017880",1,"Cyclophosphamide",0,""
"49858",49858,"anagen","GO:0042640","Liver Abscess","MESH:D008100",1,"Cyclophosphamide",0,""
"49859",49859,"anagen","GO:0042640","Liver Cirrhosis","MESH:D008103",1,"Cyclophosphamide",0,""
"49860",49860,"anagen","GO:0042640","Liver Cirrhosis, Experimental","MESH:D008106",0,"",2,"MYO5A|PTGS2"
"49861",49861,"anagen","GO:0042640","Liver Diseases","MESH:D008107",1,"Cyclophosphamide",0,""
"49862",49862,"anagen","GO:0042640","Liver Diseases, Alcoholic","MESH:D008108",0,"",1,"PPARD"
"49863",49863,"anagen","GO:0042640","Liver Failure","MESH:D017093",1,"Cyclophosphamide",0,""
"49864",49864,"anagen","GO:0042640","Liver Failure, Acute","MESH:D017114",1,"Cyclophosphamide",0,""
"49865",49865,"anagen","GO:0042640","Liver Neoplasms","MESH:D008113",1,"Cyclophosphamide",0,""
"49866",49866,"anagen","GO:0042640","Liver Neoplasms, Experimental","MESH:D008114",1,"Cyclophosphamide",0,""
"49867",49867,"anagen","GO:0042640","Lung Diseases","MESH:D008171",1,"Cyclophosphamide",1,"PTGS2"
"49868",49868,"anagen","GO:0042640","Lung Diseases, Interstitial","MESH:D017563",1,"Cyclophosphamide",0,""
"49869",49869,"anagen","GO:0042640","Lung Injury","MESH:D055370",1,"Cyclophosphamide",0,""
"49870",49870,"anagen","GO:0042640","Lung Neoplasms","MESH:D008175",1,"Cyclophosphamide",1,"AKT1"
"49871",49871,"anagen","GO:0042640","Lupus Erythematosus, Systemic","MESH:D008180",1,"Cyclophosphamide",1,"PTGS2"
"49872",49872,"anagen","GO:0042640","Lupus Nephritis","MESH:D008181",1,"Cyclophosphamide",0,""
"49873",49873,"anagen","GO:0042640","Lupus Vasculitis, Central Nervous System","MESH:D020945",1,"Cyclophosphamide",0,""
"49874",49874,"anagen","GO:0042640","Lymphoma","MESH:D008223",1,"Cyclophosphamide",1,"NOTCH1"
"49875",49875,"anagen","GO:0042640","Lymphoma, AIDS-Related","MESH:D016483",1,"Cyclophosphamide",0,""
"49876",49876,"anagen","GO:0042640","Lymphoma, B-Cell","MESH:D016393",1,"Cyclophosphamide",1,"PTGS2"
"49877",49877,"anagen","GO:0042640","Lymphoma, Extranodal NK-T-Cell","MESH:D054391",1,"Cyclophosphamide",0,""
"49878",49878,"anagen","GO:0042640","Lymphoma, Large B-Cell, Diffuse","MESH:D016403",1,"Cyclophosphamide",0,""
"49879",49879,"anagen","GO:0042640","Lymphoma, Non-Hodgkin","MESH:D008228",1,"Cyclophosphamide",0,""
"49880",49880,"anagen","GO:0042640","Lymphoma, T-Cell","MESH:D016399",1,"Cyclophosphamide",1,"AKT1"
"49881",49881,"anagen","GO:0042640","Mammary Neoplasms, Animal","MESH:D015674",1,"Cyclophosphamide",0,""
"49882",49882,"anagen","GO:0042640","Mammary Neoplasms, Experimental","MESH:D008325",1,"Cyclophosphamide",0,""
"49883",49883,"anagen","GO:0042640","Marijuana Abuse","MESH:D002189",0,"",1,"AKT1"
"49884",49884,"anagen","GO:0042640","Medulloblastoma","MESH:D008527",1,"Cyclophosphamide",0,""
"49885",49885,"anagen","GO:0042640","Melanoma","MESH:D008545",1,"Cyclophosphamide",2,"PPARD|PTGS2"
"49886",49886,"anagen","GO:0042640","Melanoma, Experimental","MESH:D008546",1,"Cyclophosphamide",0,""
"49887",49887,"anagen","GO:0042640","Memory Disorders","MESH:D008569",1,"Cyclophosphamide",1,"PSEN1"
"49888",49888,"anagen","GO:0042640","Meningioma","MESH:D008579",0,"",1,"AKT1"
"49889",49889,"anagen","GO:0042640","Menstruation Disturbances","MESH:D008599",1,"Cyclophosphamide",0,""
"49890",49890,"anagen","GO:0042640","Micronuclei, Chromosome-Defective","MESH:D048629",1,"Cyclophosphamide",0,""
"49891",49891,"anagen","GO:0042640","Microscopic Polyangiitis","MESH:D055953",1,"Cyclophosphamide",0,""
"49892",49892,"anagen","GO:0042640","Mitral Valve Insufficiency","MESH:D008944",1,"Cyclophosphamide",0,""
"49893",49893,"anagen","GO:0042640","Mononeuropathies","MESH:D020422",1,"Cyclophosphamide",0,""
"49894",49894,"anagen","GO:0042640","Mouth Diseases","MESH:D009059",0,"",1,"PTGS2"
"49895",49895,"anagen","GO:0042640","Mouth Neoplasms","MESH:D009062",0,"",1,"PTGS2"
"49896",49896,"anagen","GO:0042640","Mucositis","MESH:D052016",1,"Cyclophosphamide",0,""
"49897",49897,"anagen","GO:0042640","Multiple Myeloma","MESH:D009101",1,"Cyclophosphamide",0,""
"49898",49898,"anagen","GO:0042640","Multiple Sclerosis, Chronic Progressive","MESH:D020528",1,"Cyclophosphamide",0,""
"49899",49899,"anagen","GO:0042640","Muscle Weakness","MESH:D018908",1,"Cyclophosphamide",0,""
"49900",49900,"anagen","GO:0042640","Muscular Atrophy","MESH:D009133",0,"",1,"AKT1"
"49901",49901,"anagen","GO:0042640","Muscular Diseases","MESH:D009135",1,"Cyclophosphamide",0,""
"49902",49902,"anagen","GO:0042640","Musculoskeletal Abnormalities","MESH:D009139",1,"Cyclophosphamide",0,""
"49903",49903,"anagen","GO:0042640","Myelinolysis, Central Pontine","MESH:D017590",1,"Cyclophosphamide",0,""
"49904",49904,"anagen","GO:0042640","Myelodysplastic Syndromes","MESH:D009190",1,"Cyclophosphamide",0,""
"49905",49905,"anagen","GO:0042640","Myocardial Infarction","MESH:D009203",1,"Cyclophosphamide",0,""
"49906",49906,"anagen","GO:0042640","Myocardial Ischemia","MESH:D017202",1,"Cyclophosphamide",0,""
"49907",49907,"anagen","GO:0042640","Myocarditis","MESH:D009205",1,"Cyclophosphamide",0,""
"49908",49908,"anagen","GO:0042640","Nausea","MESH:D009325",1,"Cyclophosphamide",0,""
"49909",49909,"anagen","GO:0042640","Necrosis","MESH:D009336",1,"Cyclophosphamide",0,""
"49910",49910,"anagen","GO:0042640","Neoplasm Metastasis","MESH:D009362",1,"Cyclophosphamide",1,"PTGS2"
"49911",49911,"anagen","GO:0042640","Neoplasm Recurrence, Local","MESH:D009364",0,"",1,"PTGS2"
"49912",49912,"anagen","GO:0042640","Neoplasms","MESH:D009369",1,"Cyclophosphamide",1,"PTGS2"
"49913",49913,"anagen","GO:0042640","Neoplasms, Bone Tissue","MESH:D018213",1,"Cyclophosphamide",0,""
"49914",49914,"anagen","GO:0042640","Neoplasms, Experimental","MESH:D009374",1,"Cyclophosphamide",0,""
"49915",49915,"anagen","GO:0042640","Neoplasms, Hormone-Dependent","MESH:D009376",1,"Cyclophosphamide",0,""
"49916",49916,"anagen","GO:0042640","Nephrosis","MESH:D009401",1,"Cyclophosphamide",0,""
"49917",49917,"anagen","GO:0042640","Nephrosis, Lipoid","MESH:D009402",1,"Cyclophosphamide",0,""
"49918",49918,"anagen","GO:0042640","Nephrotic Syndrome","MESH:D009404",1,"Cyclophosphamide",0,""
"49919",49919,"anagen","GO:0042640","Nerve Degeneration","MESH:D009410",0,"",1,"PSEN1"
"49920",49920,"anagen","GO:0042640","Nervous System Diseases","MESH:D009422",1,"Cyclophosphamide",2,"NOTCH1|PTGS2"
"49921",49921,"anagen","GO:0042640","Nervous System Malformations","MESH:D009421",1,"Cyclophosphamide",0,""
"49922",49922,"anagen","GO:0042640","Neuralgia","MESH:D009437",1,"Cyclophosphamide",0,""
"49923",49923,"anagen","GO:0042640","Neural Tube Defects","MESH:D009436",1,"Cyclophosphamide",0,""
"49924",49924,"anagen","GO:0042640","Neuroblastoma","MESH:D009447",1,"Cyclophosphamide",0,""
"49925",49925,"anagen","GO:0042640","Neurodegenerative Diseases","MESH:D019636",0,"",1,"PSEN1"
"49926",49926,"anagen","GO:0042640","Neuroectodermal Tumors","MESH:D017599",1,"Cyclophosphamide",0,""
"49927",49927,"anagen","GO:0042640","Neurogenic Inflammation","MESH:D020078",0,"",1,"PTGS2"
"49928",49928,"anagen","GO:0042640","Neuromuscular Diseases","MESH:D009468",1,"Cyclophosphamide",0,""
"49929",49929,"anagen","GO:0042640","Neurotoxicity Syndromes","MESH:D020258",1,"Cyclophosphamide",0,""
"49930",49930,"anagen","GO:0042640","Neutropenia","MESH:D009503",1,"Cyclophosphamide",0,""
"49931",49931,"anagen","GO:0042640","Nociceptive Pain","MESH:D059226",1,"Cyclophosphamide",0,""
"49932",49932,"anagen","GO:0042640","Non-alcoholic Fatty Liver Disease","MESH:D065626",0,"",1,"PPARD"
"49933",49933,"anagen","GO:0042640","Obesity","MESH:D009765",0,"",3,"AKT1|PPARD|PTGS2"
"49934",49934,"anagen","GO:0042640","Oligospermia","MESH:D009845",1,"Cyclophosphamide",0,""
"49935",49935,"anagen","GO:0042640","Oliguria","MESH:D009846",1,"Cyclophosphamide",0,""
"49936",49936,"anagen","GO:0042640","Oral Submucous Fibrosis","MESH:D009914",0,"",1,"PTGS2"
"49937",49937,"anagen","GO:0042640","Osteoarthritis","MESH:D010003",0,"",1,"PTGS2"
"49938",49938,"anagen","GO:0042640","Osteosarcoma","MESH:D012516",1,"Cyclophosphamide",0,""
"49939",49939,"anagen","GO:0042640","Ovarian Diseases","MESH:D010049",1,"Cyclophosphamide",0,""
"49940",49940,"anagen","GO:0042640","Ovarian Neoplasms","MESH:D010051",1,"Cyclophosphamide",1,"AKT1"
"49941",49941,"anagen","GO:0042640","Pain","MESH:D010146",1,"Cyclophosphamide",1,"AKT1"
"49942",49942,"anagen","GO:0042640","Pancreatic Neoplasms","MESH:D010190",1,"Cyclophosphamide",1,"PTGS2"
"49943",49943,"anagen","GO:0042640","Pancreatitis","MESH:D010195",0,"",1,"PTGS2"
"49944",49944,"anagen","GO:0042640","Pancytopenia","MESH:D010198",1,"Cyclophosphamide",0,""
"49945",49945,"anagen","GO:0042640","Papilloma","MESH:D010212",1,"Cyclophosphamide",1,"PTGS2"
"49946",49946,"anagen","GO:0042640","Paresthesia","MESH:D010292",1,"Cyclophosphamide",0,""
"49947",49947,"anagen","GO:0042640","Parietal Foramina","MESH:C566826",0,"",1,"MSX2"
"49948",49948,"anagen","GO:0042640","Parietal Foramina With Cleidocranial Dysplasia","MESH:C566825",0,"",1,"MSX2"
"49949",49949,"anagen","GO:0042640","Pemphigus","MESH:D010392",1,"Cyclophosphamide",0,""
"49950",49950,"anagen","GO:0042640","Pericardial Effusion","MESH:D010490",1,"Cyclophosphamide",1,"PTGS2"
"49951",49951,"anagen","GO:0042640","Pericarditis","MESH:D010493",1,"Cyclophosphamide",0,""
"49952",49952,"anagen","GO:0042640","Peripheral Nervous System Diseases","MESH:D010523",1,"Cyclophosphamide",2,"MYO5A|PPARD"
"49953",49953,"anagen","GO:0042640","Pica","MESH:D010842",1,"Cyclophosphamide",0,""
"49954",49954,"anagen","GO:0042640","Pick Disease of the Brain","MESH:D020774",0,"",1,"PSEN1"
"49955",49955,"anagen","GO:0042640","Plaque, Amyloid","MESH:D058225",0,"",1,"PSEN1"
"49956",49956,"anagen","GO:0042640","Pleural Effusion","MESH:D010996",1,"Cyclophosphamide",0,""
"49957",49957,"anagen","GO:0042640","Pneumonia","MESH:D011014",1,"Cyclophosphamide",0,""
"49958",49958,"anagen","GO:0042640","Pneumonia, Pneumocystis","MESH:D011020",1,"Cyclophosphamide",0,""
"49959",49959,"anagen","GO:0042640","Polyarteritis Nodosa","MESH:D010488",1,"Cyclophosphamide",0,""
"49960",49960,"anagen","GO:0042640","Polyploidy","MESH:D011123",1,"Cyclophosphamide",0,""
"49961",49961,"anagen","GO:0042640","Porphyria Cutanea Tarda","MESH:D017119",1,"Cyclophosphamide",0,""
"49962",49962,"anagen","GO:0042640","Precancerous Conditions","MESH:D011230",1,"Cyclophosphamide",2,"AKT1|PTGS2"
"49963",49963,"anagen","GO:0042640","Precursor B-Cell Lymphoblastic Leukemia-Lymphoma","MESH:D015452",1,"Cyclophosphamide",0,""
"49964",49964,"anagen","GO:0042640","Precursor Cell Lymphoblastic Leukemia-Lymphoma","MESH:D054198",1,"Cyclophosphamide",0,""
"49965",49965,"anagen","GO:0042640","Precursor T-Cell Lymphoblastic Leukemia-Lymphoma","MESH:D054218",1,"Cyclophosphamide",1,"NOTCH1"
"49966",49966,"anagen","GO:0042640","Premature Birth","MESH:D047928",0,"",1,"PTGS2"
"49967",49967,"anagen","GO:0042640","Prenatal Injuries","MESH:D049188",1,"Cyclophosphamide",0,""
"49968",49968,"anagen","GO:0042640","Primary Ovarian Insufficiency","MESH:D016649",1,"Cyclophosphamide",0,""
"49969",49969,"anagen","GO:0042640","Prinzmetal's variant angina","MESH:C536421",1,"Cyclophosphamide",0,""
"49970",49970,"anagen","GO:0042640","Prostatic Neoplasms","MESH:D011471",1,"Cyclophosphamide",2,"AKT1|PTGS2"
"49971",49971,"anagen","GO:0042640","Proteinuria","MESH:D011507",1,"Cyclophosphamide",1,"PTGS2"
"49972",49972,"anagen","GO:0042640","Proteus Syndrome","MESH:D016715",0,"",1,"AKT1"
"49973",49973,"anagen","GO:0042640","Psychoses, Substance-Induced","MESH:D011605",0,"",1,"AKT1"
"49974",49974,"anagen","GO:0042640","Puberty, Precocious","MESH:D011629",0,"",1,"PTGS2"
"49975",49975,"anagen","GO:0042640","Pulmonary Edema","MESH:D011654",1,"Cyclophosphamide",0,""
"49976",49976,"anagen","GO:0042640","Pulmonary Embolism","MESH:D011655",1,"Cyclophosphamide",0,""
"49977",49977,"anagen","GO:0042640","Pulmonary Fibrosis","MESH:D011658",1,"Cyclophosphamide",0,""
"49978",49978,"anagen","GO:0042640","Pyelitis","MESH:D011702",1,"Cyclophosphamide",0,""
"49979",49979,"anagen","GO:0042640","Pyelonephritis","MESH:D011704",1,"Cyclophosphamide",0,""
"49980",49980,"anagen","GO:0042640","Recurrence","MESH:D012008",1,"Cyclophosphamide",0,""
"49981",49981,"anagen","GO:0042640","Reflex, Abnormal","MESH:D012021",1,"Cyclophosphamide",0,""
"49982",49982,"anagen","GO:0042640","Renal Insufficiency","MESH:D051437",1,"Cyclophosphamide",0,""
"49983",49983,"anagen","GO:0042640","Reperfusion Injury","MESH:D015427",0,"",1,"PTGS2"
"49984",49984,"anagen","GO:0042640","Retinal Diseases","MESH:D012164",1,"Cyclophosphamide",0,""
"49985",49985,"anagen","GO:0042640","Retinoblastoma","MESH:D012175",1,"Cyclophosphamide",0,""
"49986",49986,"anagen","GO:0042640","Rhabdomyolysis","MESH:D012206",1,"Cyclophosphamide",0,""
"49987",49987,"anagen","GO:0042640","Rhabdomyosarcoma","MESH:D012208",1,"Cyclophosphamide",0,""
"49988",49988,"anagen","GO:0042640","Rheumatoid Vasculitis","MESH:D056653",1,"Cyclophosphamide",0,""
"49989",49989,"anagen","GO:0042640","Rhinitis, Allergic","MESH:D065631",0,"",1,"PTGS2"
"49990",49990,"anagen","GO:0042640","Sarcoidosis","MESH:D012507",1,"Cyclophosphamide",0,""
"49991",49991,"anagen","GO:0042640","Sarcoma","MESH:D012509",1,"Cyclophosphamide",0,""
"49992",49992,"anagen","GO:0042640","Sarcoma, Ewing","MESH:D012512",1,"Cyclophosphamide",0,""
"49993",49993,"anagen","GO:0042640","Sarcoma, Experimental","MESH:D012513",1,"Cyclophosphamide",0,""
"49994",49994,"anagen","GO:0042640","Schizophrenia","MESH:D012559",0,"",1,"AKT1"
"49995",49995,"anagen","GO:0042640","Scleroderma, Diffuse","MESH:D045743",1,"Cyclophosphamide",0,""
"49996",49996,"anagen","GO:0042640","Scleroderma, Systemic","MESH:D012595",1,"Cyclophosphamide",0,""
"49997",49997,"anagen","GO:0042640","Scoliosis","MESH:D012600",0,"",1,"NOTCH1"
"49998",49998,"anagen","GO:0042640","Seizures","MESH:D012640",1,"Cyclophosphamide",1,"PTGS2"
"49999",49999,"anagen","GO:0042640","Sensation Disorders","MESH:D012678",1,"Cyclophosphamide",0,""
"50000",50000,"anagen","GO:0042640","Sepsis","MESH:D018805",1,"Cyclophosphamide",0,""
"50001",50001,"anagen","GO:0042640","Shock, Cardiogenic","MESH:D012770",1,"Cyclophosphamide",0,""
"50002",50002,"anagen","GO:0042640","Sialadenitis","MESH:D012793",1,"Cyclophosphamide",0,""
"50003",50003,"anagen","GO:0042640","Skin Diseases","MESH:D012871",1,"Cyclophosphamide",1,"PTGS2"
"50004",50004,"anagen","GO:0042640","Skin Neoplasms","MESH:D012878",0,"",4,"AKT1|NOTCH1|PPARD|PTGS2"
"50005",50005,"anagen","GO:0042640","Sleep Wake Disorders","MESH:D012893",1,"Cyclophosphamide",0,""
"50006",50006,"anagen","GO:0042640","Small Cell Lung Carcinoma","MESH:D055752",1,"Cyclophosphamide",0,""
"50007",50007,"anagen","GO:0042640","SPERMATOGENIC FAILURE 6","OMIM:102530",1,"Cyclophosphamide",0,""
"50008",50008,"anagen","GO:0042640","Spinal Cord Diseases","MESH:D013118",1,"Cyclophosphamide",0,""
"50009",50009,"anagen","GO:0042640","Splenic Diseases","MESH:D013158",1,"Cyclophosphamide",0,""
"50010",50010,"anagen","GO:0042640","Splenomegaly","MESH:D013163",0,"",2,"NOTCH1|PSEN1"
"50011",50011,"anagen","GO:0042640","Squamous Cell Carcinoma of Head and Neck","MESH:D000077195",0,"",2,"AKT1|PTGS2"
"50012",50012,"anagen","GO:0042640","Staphylococcal Infections","MESH:D013203",1,"Cyclophosphamide",0,""
"50013",50013,"anagen","GO:0042640","Status Epilepticus","MESH:D013226",1,"Cyclophosphamide",1,"PTGS2"
"50014",50014,"anagen","GO:0042640","Stevens-Johnson Syndrome","MESH:D013262",1,"Cyclophosphamide",0,""
"50015",50015,"anagen","GO:0042640","Stomach Neoplasms","MESH:D013274",0,"",1,"PTGS2"
"50016",50016,"anagen","GO:0042640","Stomach Ulcer","MESH:D013276",0,"",1,"PTGS2"
"50017",50017,"anagen","GO:0042640","Stomatitis","MESH:D013280",1,"Cyclophosphamide",0,""
"50018",50018,"anagen","GO:0042640","Stroke","MESH:D020521",0,"",1,"PTGS2"
"50019",50019,"anagen","GO:0042640","Superior Vena Cava Syndrome","MESH:D013479",1,"Cyclophosphamide",0,""
"50020",50020,"anagen","GO:0042640","Supratentorial Neoplasms","MESH:D015173",1,"Cyclophosphamide",0,""
"50021",50021,"anagen","GO:0042640","Synovitis","MESH:D013585",1,"Cyclophosphamide",0,""
"50022",50022,"anagen","GO:0042640","Tachycardia","MESH:D013610",1,"Cyclophosphamide",0,""
"50023",50023,"anagen","GO:0042640","Tachycardia, Sinus","MESH:D013616",1,"Cyclophosphamide",0,""
"50024",50024,"anagen","GO:0042640","Tachycardia, Supraventricular","MESH:D013617",1,"Cyclophosphamide",0,""
"50025",50025,"anagen","GO:0042640","Telangiectasis","MESH:D013684",1,"Cyclophosphamide",0,""
"50026",50026,"anagen","GO:0042640","Teratoma","MESH:D013724",1,"Cyclophosphamide",0,""
"50027",50027,"anagen","GO:0042640","Testicular Diseases","MESH:D013733",1,"Cyclophosphamide",0,""
"50028",50028,"anagen","GO:0042640","Testicular Neoplasms","MESH:D013736",1,"Cyclophosphamide",0,""
"50029",50029,"anagen","GO:0042640","Thrombocytopenia","MESH:D013921",1,"Cyclophosphamide",0,""
"50030",50030,"anagen","GO:0042640","Thrombophlebitis","MESH:D013924",1,"Cyclophosphamide",0,""
"50031",50031,"anagen","GO:0042640","Thrombosis","MESH:D013927",0,"",1,"PTGS2"
"50032",50032,"anagen","GO:0042640","Thyroiditis, Autoimmune","MESH:D013967",1,"Cyclophosphamide",0,""
"50033",50033,"anagen","GO:0042640","Thyroid Neoplasms","MESH:D013964",0,"",1,"PTGS2"
"50034",50034,"anagen","GO:0042640","Tinnitus","MESH:D014012",1,"Cyclophosphamide",0,""
"50035",50035,"anagen","GO:0042640","Tongue Neoplasms","MESH:D014062",0,"",1,"PTGS2"
"50036",50036,"anagen","GO:0042640","Toxoplasmosis","MESH:D014123",1,"Cyclophosphamide",0,""
"50037",50037,"anagen","GO:0042640","Tumor Lysis Syndrome","MESH:D015275",1,"Cyclophosphamide",0,""
"50038",50038,"anagen","GO:0042640","Uremia","MESH:D014511",1,"Cyclophosphamide",0,""
"50039",50039,"anagen","GO:0042640","Ureteral Diseases","MESH:D014515",1,"Cyclophosphamide",0,""
"50040",50040,"anagen","GO:0042640","Urinary Bladder Diseases","MESH:D001745",1,"Cyclophosphamide",0,""
"50041",50041,"anagen","GO:0042640","Urinary Bladder Neck Obstruction","MESH:D001748",0,"",1,"PTGS2"
"50042",50042,"anagen","GO:0042640","Urinary Bladder Neoplasms","MESH:D001749",1,"Cyclophosphamide",1,"PTGS2"
"50043",50043,"anagen","GO:0042640","Urinary Bladder, Overactive","MESH:D053201",1,"Cyclophosphamide",0,""
"50044",50044,"anagen","GO:0042640","Urinary Incontinence","MESH:D014549",1,"Cyclophosphamide",0,""
"50045",50045,"anagen","GO:0042640","Urination Disorders","MESH:D014555",1,"Cyclophosphamide",0,""
"50046",50046,"anagen","GO:0042640","Urologic Diseases","MESH:D014570",1,"Cyclophosphamide",0,""
"50047",50047,"anagen","GO:0042640","Urologic Neoplasms","MESH:D014571",1,"Cyclophosphamide",0,""
"50048",50048,"anagen","GO:0042640","Uterine Cervical Neoplasms","MESH:D002583",1,"Cyclophosphamide",1,"NOTCH1"
"50049",50049,"anagen","GO:0042640","Vascular Diseases","MESH:D014652",1,"Cyclophosphamide",0,""
"50050",50050,"anagen","GO:0042640","Vasculitis","MESH:D014657",1,"Cyclophosphamide",0,""
"50051",50051,"anagen","GO:0042640","Vasculitis, Leukocytoclastic, Cutaneous","MESH:D018366",1,"Cyclophosphamide",0,""
"50052",50052,"anagen","GO:0042640","Venous Thrombosis","MESH:D020246",1,"Cyclophosphamide",0,""
"50053",50053,"anagen","GO:0042640","Ventricular Dysfunction, Left","MESH:D018487",1,"Cyclophosphamide",0,""
"50054",50054,"anagen","GO:0042640","Ventricular Dysfunction, Right","MESH:D018497",1,"Cyclophosphamide",0,""
"50055",50055,"anagen","GO:0042640","Ventricular Outflow Obstruction","MESH:D014694",1,"Cyclophosphamide",0,""
"50056",50056,"anagen","GO:0042640","Vesico-Ureteral Reflux","MESH:D014718",1,"Cyclophosphamide",0,""
"50057",50057,"anagen","GO:0042640","Vision Disorders","MESH:D014786",1,"Cyclophosphamide",0,""
"50058",50058,"anagen","GO:0042640","Vitamin B 12 Deficiency","MESH:D014806",1,"Cyclophosphamide",0,""
"50059",50059,"anagen","GO:0042640","Vomiting","MESH:D014839",1,"Cyclophosphamide",0,""
"50060",50060,"anagen","GO:0042640","Water-Electrolyte Imbalance","MESH:D014883",1,"Cyclophosphamide",0,""
"50061",50061,"anagen","GO:0042640","Water Intoxication","MESH:D014869",1,"Cyclophosphamide",0,""
"50062",50062,"anagen","GO:0042640","Weight Gain","MESH:D015430",1,"Cyclophosphamide",1,"PPARD"
"50063",50063,"anagen","GO:0042640","Weight Loss","MESH:D015431",1,"Cyclophosphamide",0,""
"181772",181772,"catagen","GO:0042637","Atherosclerosis","MESH:D050197",0,"",1,"TRPV1"
"181773",181773,"catagen","GO:0042637","Coronavirus Infections","MESH:D018352",0,"",1,"CTSL"
"181774",181774,"catagen","GO:0042637","Cough","MESH:D003371",0,"",1,"TRPV1"
"181775",181775,"catagen","GO:0042637","Endometrial Neoplasms","MESH:D016889",0,"",1,"TRPV1"
"181776",181776,"catagen","GO:0042637","Epilepsy, Temporal Lobe","MESH:D004833",0,"",1,"TRPV1"
"181777",181777,"catagen","GO:0042637","Esophageal Diseases","MESH:D004935",0,"",1,"TRPV1"
"181778",181778,"catagen","GO:0042637","Esophagitis","MESH:D004941",0,"",1,"TRPV1"
"181779",181779,"catagen","GO:0042637","Heartburn","MESH:D006356",0,"",1,"TRPV1"
"181780",181780,"catagen","GO:0042637","Hyperalgesia","MESH:D006930",0,"",1,"TRPV1"
"181781",181781,"catagen","GO:0042637","Inflammation","MESH:D007249",0,"",1,"TRPV1"
"181782",181782,"catagen","GO:0042637","Liver Cirrhosis, Experimental","MESH:D008106",0,"",1,"TRPV1"
"181783",181783,"catagen","GO:0042637","Meningioma","MESH:D008579",0,"",1,"CTSL"
"181784",181784,"catagen","GO:0042637","Neoplasms","MESH:D009369",0,"",1,"TRPV1"
"181785",181785,"catagen","GO:0042637","Obesity","MESH:D009765",0,"",1,"TRPV1"
"181786",181786,"catagen","GO:0042637","Pain","MESH:D010146",0,"",1,"TRPV1"
"181787",181787,"catagen","GO:0042637","Pancreatitis","MESH:D010195",0,"",1,"TRPV1"
"181788",181788,"catagen","GO:0042637","Proteinuria","MESH:D011507",0,"",1,"CTSL"
"181789",181789,"catagen","GO:0042637","Recurrence","MESH:D012008",0,"",1,"CTSL"
"181790",181790,"catagen","GO:0042637","Severe Acute Respiratory Syndrome","MESH:D045169",0,"",1,"CTSL"
"181791",181791,"catagen","GO:0042637","Sneezing","MESH:D012912",0,"",1,"TRPV1"
"181792",181792,"catagen","GO:0042637","Stomach Neoplasms","MESH:D013274",0,"",1,"CTSL"
"181793",181793,"catagen","GO:0042637","Urinary Bladder Neoplasms","MESH:D001749",0,"",1,"TRPV1"
"1817721",181772,"catagen","GO:0042637","Atherosclerosis","MESH:D050197",0,"",1,"TRPV1"
"1817731",181773,"catagen","GO:0042637","Coronavirus Infections","MESH:D018352",0,"",1,"CTSL"
"1817741",181774,"catagen","GO:0042637","Cough","MESH:D003371",0,"",1,"TRPV1"
"1817751",181775,"catagen","GO:0042637","Endometrial Neoplasms","MESH:D016889",0,"",1,"TRPV1"
"1817761",181776,"catagen","GO:0042637","Epilepsy, Temporal Lobe","MESH:D004833",0,"",1,"TRPV1"
"1817771",181777,"catagen","GO:0042637","Esophageal Diseases","MESH:D004935",0,"",1,"TRPV1"
"1817781",181778,"catagen","GO:0042637","Esophagitis","MESH:D004941",0,"",1,"TRPV1"
"1817791",181779,"catagen","GO:0042637","Heartburn","MESH:D006356",0,"",1,"TRPV1"
"1817801",181780,"catagen","GO:0042637","Hyperalgesia","MESH:D006930",0,"",1,"TRPV1"
"1817811",181781,"catagen","GO:0042637","Inflammation","MESH:D007249",0,"",1,"TRPV1"
"1817821",181782,"catagen","GO:0042637","Liver Cirrhosis, Experimental","MESH:D008106",0,"",1,"TRPV1"
"1817831",181783,"catagen","GO:0042637","Meningioma","MESH:D008579",0,"",1,"CTSL"
"1817841",181784,"catagen","GO:0042637","Neoplasms","MESH:D009369",0,"",1,"TRPV1"
"1817851",181785,"catagen","GO:0042637","Obesity","MESH:D009765",0,"",1,"TRPV1"
"1817861",181786,"catagen","GO:0042637","Pain","MESH:D010146",0,"",1,"TRPV1"
"1817871",181787,"catagen","GO:0042637","Pancreatitis","MESH:D010195",0,"",1,"TRPV1"
"1817881",181788,"catagen","GO:0042637","Proteinuria","MESH:D011507",0,"",1,"CTSL"
"1817891",181789,"catagen","GO:0042637","Recurrence","MESH:D012008",0,"",1,"CTSL"
"1817901",181790,"catagen","GO:0042637","Severe Acute Respiratory Syndrome","MESH:D045169",0,"",1,"CTSL"
"1817911",181791,"catagen","GO:0042637","Sneezing","MESH:D012912",0,"",1,"TRPV1"
"1817921",181792,"catagen","GO:0042637","Stomach Neoplasms","MESH:D013274",0,"",1,"CTSL"
"1817931",181793,"catagen","GO:0042637","Urinary Bladder Neoplasms","MESH:D001749",0,"",1,"TRPV1"
"602751",602751,"hair follicle development","GO:0001942","Aberrant Crypt Foci","MESH:D058739",0,"",1,"APC"
"602752",602752,"hair follicle development","GO:0001942","Abnormalities, Multiple","MESH:D000015",0,"",1,"TP63"
"602753",602753,"hair follicle development","GO:0001942","Acro-Osteolysis","MESH:D030981",0,"",1,"ZMPSTE24"
"602754",602754,"hair follicle development","GO:0001942","Acute Kidney Injury","MESH:D058186",0,"",1,"EGFR"
"602755",602755,"hair follicle development","GO:0001942","Adenocarcinoma","MESH:D000230",0,"",3,"APC|EGFR|TP63"
"602756",602756,"hair follicle development","GO:0001942","Adenocarcinoma of Lung","MESH:D000077192",0,"",3,"EGFR|SOS1|TP63"
"602757",602757,"hair follicle development","GO:0001942","Adenoma","MESH:D000236",0,"",1,"APC"
"602758",602758,"hair follicle development","GO:0001942","Adenomatous Polyposis Coli","MESH:D011125",0,"",2,"APC|EGFR"
"602759",602759,"hair follicle development","GO:0001942","Adenomatous Polyps","MESH:D018256",0,"",1,"APC"
"602760",602760,"hair follicle development","GO:0001942","Adrenocortical Carcinoma","MESH:D018268",0,"",1,"EGFR"
"602761",602761,"hair follicle development","GO:0001942","Alopecia","MESH:D000505",1,"trans-3,4'-dimethyl-3-hydroxyflavanone",0,""
"602762",602762,"hair follicle development","GO:0001942","Alzheimer Disease","MESH:D000544",0,"",1,"PSEN2"
"602763",602763,"hair follicle development","GO:0001942","Alzheimer disease type 4","MESH:C536596",0,"",1,"PSEN2"
"602764",602764,"hair follicle development","GO:0001942","Amelogenesis Imperfecta, Type IV","MESH:C566293",0,"",1,"DLX3"
"602765",602765,"hair follicle development","GO:0001942","Amphetamine-Related Disorders","MESH:D019969",0,"",1,"RELA"
"602766",602766,"hair follicle development","GO:0001942","Amyotrophic lateral sclerosis 1","MESH:C531617",0,"",1,"PDGFA"
"602767",602767,"hair follicle development","GO:0001942","Anemia, Macrocytic","MESH:D000748",0,"",1,"APC"
"602768",602768,"hair follicle development","GO:0001942","Anonychia congenita","MESH:C536377",0,"",1,"SOX9"
"602769",602769,"hair follicle development","GO:0001942","Anxiety Disorders","MESH:D001008",0,"",1,"MIF"
"602770",602770,"hair follicle development","GO:0001942","Aortic Aneurysm, Thoracic","MESH:D017545",0,"",1,"TGFB2"
"602771",602771,"hair follicle development","GO:0001942","Aortic Valve Insufficiency","MESH:D001022",0,"",1,"TGFB2"
"602772",602772,"hair follicle development","GO:0001942","Arsenic Poisoning","MESH:D020261",0,"",1,"SOX18"
"602773",602773,"hair follicle development","GO:0001942","Arthritis, Experimental","MESH:D001169",0,"",1,"EGFR"
"602774",602774,"hair follicle development","GO:0001942","Arthritis, Rheumatoid","MESH:D001172",0,"",2,"LHX2|MIF"
"602775",602775,"hair follicle development","GO:0001942","Asphyxia Neonatorum","MESH:D001238",0,"",1,"PSEN2"
"602776",602776,"hair follicle development","GO:0001942","Autism Spectrum Disorder","MESH:D000067877",0,"",2,"MIF|SOX9"
"602777",602777,"hair follicle development","GO:0001942","Autistic Disorder","MESH:D001321",0,"",2,"APC|MIF"
"602778",602778,"hair follicle development","GO:0001942","Autoimmune Diseases","MESH:D001327",0,"",1,"TGFB2"
"602779",602779,"hair follicle development","GO:0001942","Barrett Esophagus","MESH:D001471",0,"",1,"RELA"
"602780",602780,"hair follicle development","GO:0001942","Bile Duct Neoplasms","MESH:D001650",0,"",1,"EGFR"
"602781",602781,"hair follicle development","GO:0001942","Bone Diseases, Developmental","MESH:D001848",0,"",2,"TGFB2|TRPS1"
"602782",602782,"hair follicle development","GO:0001942","Bone Diseases, Endocrine","MESH:D001849",0,"",1,"PDGFA"
"602783",602783,"hair follicle development","GO:0001942","BONE MINERAL DENSITY QUANTITATIVE TRAIT LOCUS 17","OMIM:615311",0,"",1,"LGR4"
"602784",602784,"hair follicle development","GO:0001942","Brain Injuries, Traumatic","MESH:D000070642",0,"",1,"RELA"
"602785",602785,"hair follicle development","GO:0001942","Brain Ischemia","MESH:D002545",0,"",1,"RELA"
"602786",602786,"hair follicle development","GO:0001942","Brain Neoplasms","MESH:D001932",0,"",1,"RELA"
"602787",602787,"hair follicle development","GO:0001942","Breast Diseases","MESH:D001941",0,"",1,"TP63"
"602788",602788,"hair follicle development","GO:0001942","Breast Neoplasms","MESH:D001943",0,"",8,"CD109|DKK1|EGFR|MIF|NORAD|PDGFA|RELA|TRP63"
"602789",602789,"hair follicle development","GO:0001942","Campomelic Dysplasia","MESH:D055036",0,"",1,"SOX9"
"602790",602790,"hair follicle development","GO:0001942","Carcinoma","MESH:D002277",0,"",7,"DBI|EGFR|MIF|PDGFA|SOX9|TP63|TRPS1"
"602791",602791,"hair follicle development","GO:0001942","Carcinoma, Hepatocellular","MESH:D006528",0,"",4,"APC|EGFR|SHH|TGFB2"
"602792",602792,"hair follicle development","GO:0001942","Carcinoma, Non-Small-Cell Lung","MESH:D002289",0,"",2,"APC|EGFR"
"602793",602793,"hair follicle development","GO:0001942","Carcinoma, Renal Cell","MESH:D002292",0,"",1,"RELA"
"602794",602794,"hair follicle development","GO:0001942","Carcinoma, Squamous Cell","MESH:D002294",0,"",2,"EGFR|TP63"
"602795",602795,"hair follicle development","GO:0001942","Cardiomyopathy, Dilated","MESH:D002311",0,"",2,"EGFR|PSEN2"
"602796",602796,"hair follicle development","GO:0001942","Cardiomyopathy, Dilated, 1V","MESH:C566856",0,"",1,"PSEN2"
"602797",602797,"hair follicle development","GO:0001942","Cell Transformation, Neoplastic","MESH:D002471",0,"",3,"APC|RELA|TP63"
"602798",602798,"hair follicle development","GO:0001942","Chloracne","MESH:D054506",0,"",1,"EGFR"
"602799",602799,"hair follicle development","GO:0001942","Cholangiocarcinoma","MESH:D018281",0,"",1,"EGFR"
"602800",602800,"hair follicle development","GO:0001942","Cholangitis","MESH:D002761",0,"",1,"TGFB2"
"602801",602801,"hair follicle development","GO:0001942","Cholestasis","MESH:D002779",0,"",1,"RELA"
"602802",602802,"hair follicle development","GO:0001942","Cholestasis, Extrahepatic","MESH:D001651",0,"",1,"RELA"
"602803",602803,"hair follicle development","GO:0001942","CK SYNDROME","OMIM:300831",0,"",1,"NSDHL"
"602804",602804,"hair follicle development","GO:0001942","Cleft Lip","MESH:D002971",0,"",1,"TP63"
"602805",602805,"hair follicle development","GO:0001942","Cleft Palate","MESH:D002972",0,"",2,"TGFB2|TP63"
"602806",602806,"hair follicle development","GO:0001942","Colitis","MESH:D003092",0,"",2,"MIF|RELA"
"602807",602807,"hair follicle development","GO:0001942","Colitis, Ulcerative","MESH:D003093",0,"",1,"RELA"
"602808",602808,"hair follicle development","GO:0001942","Colonic Neoplasms","MESH:D003110",0,"",4,"APC|EGFR|LGR5|RELA"
"602809",602809,"hair follicle development","GO:0001942","Colorectal Neoplasms","MESH:D015179",0,"",5,"APC|CD109|EGFR|LGR5|TP63"
"602810",602810,"hair follicle development","GO:0001942","Colorectal Neoplasms, Hereditary Nonpolyposis","MESH:D003123",0,"",1,"APC"
"602811",602811,"hair follicle development","GO:0001942","Congenital Hemidysplasia with Ichthyosiform Erythroderma and Limb Defects","MESH:C562515",0,"",1,"NSDHL"
"602812",602812,"hair follicle development","GO:0001942","Craniofacial Abnormalities","MESH:D019465",0,"",7,"ALX4|EGFR|SOX9|TGFB2|TP63|TRPS1|ZMPSTE24"
"602813",602813,"hair follicle development","GO:0001942","Craniofrontonasal dysplasia","MESH:C536456",0,"",1,"EDA"
"602814",602814,"hair follicle development","GO:0001942","Craniosynostoses","MESH:D003398",0,"",1,"ALX4"
"602815",602815,"hair follicle development","GO:0001942","Cyanosis","MESH:D003490",0,"",1,"TGFB2"
"602816",602816,"hair follicle development","GO:0001942","Cystitis","MESH:D003556",0,"",1,"RELA"
"602817",602817,"hair follicle development","GO:0001942","Depressive Disorder","MESH:D003866",0,"",1,"MIF"
"602818",602818,"hair follicle development","GO:0001942","Dermatitis","MESH:D003872",0,"",1,"EGFR"
"602819",602819,"hair follicle development","GO:0001942","Desmoid disease, hereditary","MESH:C535944",0,"",1,"APC"
"602820",602820,"hair follicle development","GO:0001942","Diabetes Mellitus, Experimental","MESH:D003921",0,"",1,"RELA"
"602821",602821,"hair follicle development","GO:0001942","Diabetes Mellitus, Type 2","MESH:D003924",0,"",2,"EGFR|RELA"
"602822",602822,"hair follicle development","GO:0001942","Diabetic Angiopathies","MESH:D003925",0,"",1,"RELA"
"602823",602823,"hair follicle development","GO:0001942","Diabetic Nephropathies","MESH:D003928",0,"",1,"RELA"
"602824",602824,"hair follicle development","GO:0001942","Disease Progression","MESH:D018450",0,"",1,"EGFR"
"602825",602825,"hair follicle development","GO:0001942","Drug Eruptions","MESH:D003875",0,"",1,"RELA"
"602826",602826,"hair follicle development","GO:0001942","ECTODERMAL DYSPLASIA 11A, HYPOHIDROTIC/HAIR/TOOTH TYPE, AUTOSOMAL DOMINANT","OMIM:614940",0,"",1,"EDARADD"
"602827",602827,"hair follicle development","GO:0001942","Ectodermal Dysplasia 1, Anhidrotic","MESH:D053358",0,"",1,"EDA"
"602828",602828,"hair follicle development","GO:0001942","Ectodermal Dysplasia 3, Anhidrotic","MESH:D053359",0,"",2,"EDAR|EDARADD"
"602829",602829,"hair follicle development","GO:0001942","ECTODERMAL DYSPLASIA 4, HAIR/NAIL TYPE","OMIM:602032",0,"",1,"HOXC13"
"602830",602830,"hair follicle development","GO:0001942","ECTODERMAL DYSPLASIA 9, HAIR/NAIL TYPE","OMIM:614931",0,"",1,"HOXC13"
"602831",602831,"hair follicle development","GO:0001942","Ectodermal Dysplasia, Hypohidrotic, Autosomal Recessive","MESH:D053360",0,"",2,"EDAR|EDARADD"
"602832",602832,"hair follicle development","GO:0001942","Ectrodactyly-cleft lip-palate syndrome","MESH:C536189",0,"",1,"TP63"
"602833",602833,"hair follicle development","GO:0001942","Ectrodactyly, Ectodermal Dysplasia, and Cleft Lip-Palate Syndrome 3","MESH:C565799",0,"",1,"TP63"
"602834",602834,"hair follicle development","GO:0001942","Endometriosis","MESH:D004715",0,"",4,"DICER1|DKK1|EGFR|TGFB2"
"602835",602835,"hair follicle development","GO:0001942","Esophageal Neoplasms","MESH:D004938",0,"",1,"EGFR"
"602836",602836,"hair follicle development","GO:0001942","Esophageal Squamous Cell Carcinoma","MESH:D000077277",0,"",1,"EGFR"
"602837",602837,"hair follicle development","GO:0001942","Eye Abnormalities","MESH:D005124",0,"",3,"APC|SHH|TGFB2"
"602838",602838,"hair follicle development","GO:0001942","Facial Dysmorphism with Multiple Malformations","MESH:C565579",0,"",1,"SHH"
"602839",602839,"hair follicle development","GO:0001942","Familial schizencephaly","MESH:C538514",0,"",1,"SHH"
"602840",602840,"hair follicle development","GO:0001942","Female Urogenital Diseases","MESH:D052776",0,"",1,"TP63"
"602841",602841,"hair follicle development","GO:0001942","Fetal Diseases","MESH:D005315",0,"",1,"PRSS8"
"602842",602842,"hair follicle development","GO:0001942","Fibromatosis, Abdominal","MESH:D018221",0,"",1,"APC"
"602843",602843,"hair follicle development","GO:0001942","Fibromatosis, Aggressive","MESH:D018222",0,"",1,"APC"
"602844",602844,"hair follicle development","GO:0001942","FIBROMATOSIS, GINGIVAL, 1","OMIM:135300",0,"",1,"SOS1"
"602845",602845,"hair follicle development","GO:0001942","Foot Deformities, Congenital","MESH:D005532",0,"",1,"TP63"
"602846",602846,"hair follicle development","GO:0001942","Fractures, Bone","MESH:D050723",0,"",1,"DKK1"
"602847",602847,"hair follicle development","GO:0001942","Frontonasal dysplasia","MESH:C538065",0,"",1,"ALX4"
"602848",602848,"hair follicle development","GO:0001942","Gallbladder Neoplasms","MESH:D005706",0,"",1,"EGFR"
"602849",602849,"hair follicle development","GO:0001942","Gastrointestinal Hemorrhage","MESH:D006471",0,"",1,"APC"
"602850",602850,"hair follicle development","GO:0001942","Gastrointestinal Neoplasms","MESH:D005770",0,"",1,"APC"
"602851",602851,"hair follicle development","GO:0001942","Glaucoma","MESH:D005901",0,"",1,"TGFB2"
"602852",602852,"hair follicle development","GO:0001942","Glioblastoma","MESH:D005909",0,"",2,"APC|EGFR"
"602853",602853,"hair follicle development","GO:0001942","Glomerulosclerosis, Focal Segmental","MESH:D005923",0,"",1,"ZMPSTE24"
"602854",602854,"hair follicle development","GO:0001942","GOITER, MULTINODULAR 1, WITH OR WITHOUT SERTOLI-LEYDIG CELL TUMORS","OMIM:138800",0,"",1,"DICER1"
"602855",602855,"hair follicle development","GO:0001942","Hand Deformities, Congenital","MESH:D006228",0,"",2,"SOX9|TP63"
"602856",602856,"hair follicle development","GO:0001942","Hay-Wells syndrome","MESH:C535847",0,"",1,"TP63"
"602857",602857,"hair follicle development","GO:0001942","Head and Neck Neoplasms","MESH:D006258",0,"",1,"EGFR"
"602858",602858,"hair follicle development","GO:0001942","Heart Defects, Congenital","MESH:D006330",0,"",1,"TGFB2"
"602859",602859,"hair follicle development","GO:0001942","Heat Stroke","MESH:D018883",0,"",1,"RELA"
"602860",602860,"hair follicle development","GO:0001942","Hepatic Insufficiency","MESH:D048550",0,"",1,"RELA"
"602861",602861,"hair follicle development","GO:0001942","Hepatomegaly","MESH:D006529",0,"",1,"RELA"
"602862",602862,"hair follicle development","GO:0001942","HIV-Associated Lipodystrophy Syndrome","MESH:D039682",0,"",1,"ZMPSTE24"
"602863",602863,"hair follicle development","GO:0001942","Holoprosencephaly","MESH:D016142",0,"",1,"SHH"
"602864",602864,"hair follicle development","GO:0001942","Holoprosencephaly 3","MESH:C564181",0,"",1,"SHH"
"602865",602865,"hair follicle development","GO:0001942","Hyperlipidemias","MESH:D006949",0,"",1,"APC"
"602866",602866,"hair follicle development","GO:0001942","Hypertension","MESH:D006973",0,"",1,"RELA"
"602867",602867,"hair follicle development","GO:0001942","Hypotrichosis, Localized, Autosomal Recessive 1","MESH:C564312",0,"",1,"DSG4"
"602868",602868,"hair follicle development","GO:0001942","HYPOTRICHOSIS-LYMPHEDEMA-TELANGIECTASIA-RENAL DEFECT SYNDROME","OMIM:137940",0,"",1,"SOX18"
"602869",602869,"hair follicle development","GO:0001942","Hypotrichosis-Lymphedema-Telangiectasia Syndrome","MESH:C564327",0,"",1,"SOX18"
"602870",602870,"hair follicle development","GO:0001942","Hypotrichosis simplex","MESH:C537160",0,"",1,"APCDD1"
"602871",602871,"hair follicle development","GO:0001942","Inflammation","MESH:D007249",0,"",1,"MIF"
"602872",602872,"hair follicle development","GO:0001942","Inflammatory Bowel Diseases","MESH:D015212",0,"",1,"APC"
"602873",602873,"hair follicle development","GO:0001942","INFLAMMATORY SKIN AND BOWEL DISEASE, NEONATAL, 2","OMIM:616069",0,"",1,"EGFR"
"602874",602874,"hair follicle development","GO:0001942","Insulin Resistance","MESH:D007333",0,"",1,"EGFR"
"602875",602875,"hair follicle development","GO:0001942","Intellectual Disability","MESH:D008607",0,"",1,"APC"
"602876",602876,"hair follicle development","GO:0001942","Intestinal Neoplasms","MESH:D007414",0,"",1,"APC"
"602877",602877,"hair follicle development","GO:0001942","Intestinal Polyps","MESH:D007417",0,"",1,"APC"
"602878",602878,"hair follicle development","GO:0001942","Keloid","MESH:D007627",0,"",1,"MIF"
"602879",602879,"hair follicle development","GO:0001942","Kidney Failure, Chronic","MESH:D007676",0,"",1,"RELA"
"602880",602880,"hair follicle development","GO:0001942","Langer-Giedion Syndrome","MESH:D015826",0,"",1,"TRPS1"
"602881",602881,"hair follicle development","GO:0001942","Leiomyoma","MESH:D007889",0,"",2,"EGFR|INHBA"
"602882",602882,"hair follicle development","GO:0001942","Leukocytosis","MESH:D007964",0,"",1,"APC"
"602883",602883,"hair follicle development","GO:0001942","Limb Deformities, Congenital","MESH:D017880",0,"",2,"TGFB2|TP63"
"602884",602884,"hair follicle development","GO:0001942","Limb-mammary syndrome","MESH:C535903",0,"",1,"TP63"
"602885",602885,"hair follicle development","GO:0001942","Lipodystrophy","MESH:D008060",0,"",1,"ZMPSTE24"
"602886",602886,"hair follicle development","GO:0001942","Liver Cirrhosis, Alcoholic","MESH:D008104",0,"",1,"RELA"
"602887",602887,"hair follicle development","GO:0001942","Liver Cirrhosis, Biliary","MESH:D008105",0,"",1,"RELA"
"602888",602888,"hair follicle development","GO:0001942","Liver Cirrhosis, Experimental","MESH:D008106",0,"",2,"PDGFA|RELA"
"602889",602889,"hair follicle development","GO:0001942","Liver Failure, Acute","MESH:D017114",0,"",1,"INHBA"
"602890",602890,"hair follicle development","GO:0001942","Liver Neoplasms","MESH:D008113",0,"",2,"APC|DICER1"
"602891",602891,"hair follicle development","GO:0001942","Loeys-Dietz Syndrome","MESH:D055947",0,"",1,"TGFB2"
"602892",602892,"hair follicle development","GO:0001942","Lung Diseases","MESH:D008171",0,"",1,"PDGFA"
"602893",602893,"hair follicle development","GO:0001942","Lung Neoplasms","MESH:D008175",0,"",5,"ALX4|APC|EGFR|SOX9|TP63"
"602894",602894,"hair follicle development","GO:0001942","Lymphoma, Large-Cell, Anaplastic","MESH:D017728",0,"",1,"RELA"
"602895",602895,"hair follicle development","GO:0001942","Lymphoma, Mantle-Cell","MESH:D020522",0,"",1,"WNT10A"
"602896",602896,"hair follicle development","GO:0001942","Mammary Neoplasms, Animal","MESH:D015674",0,"",7,"APC|DBI|EGFR|MIF|PDGFA|SOX9|TRPS1"
"602897",602897,"hair follicle development","GO:0001942","Mammary Neoplasms, Experimental","MESH:D008325",0,"",6,"DBI|EGFR|MIF|PDGFA|SOX9|TRPS1"
"602898",602898,"hair follicle development","GO:0001942","Mandibular Diseases","MESH:D008336",0,"",1,"ZMPSTE24"
"602899",602899,"hair follicle development","GO:0001942","Mandibuloacral dysplasia with type B lipodystrophy","MESH:C535706",0,"",1,"ZMPSTE24"
"602900",602900,"hair follicle development","GO:0001942","Medulloblastoma","MESH:D008527",0,"",1,"APC"
"602901",602901,"hair follicle development","GO:0001942","Melanoma","MESH:D008545",0,"",2,"EDA|TNFRSF19"
"602902",602902,"hair follicle development","GO:0001942","Memory Disorders","MESH:D008569",0,"",1,"MIF"
"602903",602903,"hair follicle development","GO:0001942","Mesothelioma","MESH:D008654",0,"",3,"APC|EGFR|PDGFA"
"602904",602904,"hair follicle development","GO:0001942","Mesothelioma, Malignant","MESH:D000086002",0,"",3,"EGFR|MIF|TGFB2"
"602905",602905,"hair follicle development","GO:0001942","Microphthalmia, Isolated, with Coloboma 5","MESH:C566899",0,"",1,"SHH"
"602906",602906,"hair follicle development","GO:0001942","Microphthalmos","MESH:D008850",0,"",1,"SHH"
"602907",602907,"hair follicle development","GO:0001942","Musculoskeletal Abnormalities","MESH:D009139",0,"",1,"TGFB2"
"602908",602908,"hair follicle development","GO:0001942","Myasthenic Syndromes, Congenital","MESH:D020294",0,"",1,"LRP4"
"602909",602909,"hair follicle development","GO:0001942","NAIL DISORDER, NONSYNDROMIC CONGENITAL, 1","OMIM:161050",0,"",1,"FZD6"
"602910",602910,"hair follicle development","GO:0001942","Nasopharyngeal Carcinoma","MESH:D000077274",0,"",1,"TP63"
"602911",602911,"hair follicle development","GO:0001942","Nasopharyngeal Neoplasms","MESH:D009303",0,"",2,"EGFR|TNFRSF19"
"602912",602912,"hair follicle development","GO:0001942","Neoplasm Invasiveness","MESH:D009361",0,"",3,"EGFR|RELA|SOX9"
"602913",602913,"hair follicle development","GO:0001942","Neoplasm Metastasis","MESH:D009362",0,"",3,"EGFR|SOX9|TP63"
"602914",602914,"hair follicle development","GO:0001942","Neoplasm Recurrence, Local","MESH:D009364",0,"",1,"EGFR"
"602915",602915,"hair follicle development","GO:0001942","Neoplasms, Experimental","MESH:D009374",0,"",2,"RELA|TRP63"
"602916",602916,"hair follicle development","GO:0001942","Neoplasms, Squamous Cell","MESH:D018307",0,"",1,"TP63"
"602917",602917,"hair follicle development","GO:0001942","Neural Tube Defects","MESH:D009436",0,"",3,"FUZ|PRSS8|VANGL2"
"602918",602918,"hair follicle development","GO:0001942","Noonan Syndrome","MESH:D009634",0,"",1,"SOS1"
"602919",602919,"hair follicle development","GO:0001942","Noonan Syndrome 4","MESH:C548082",0,"",1,"SOS1"
"602920",602920,"hair follicle development","GO:0001942","Obesity","MESH:D009765",0,"",1,"APCDD1"
"602921",602921,"hair follicle development","GO:0001942","Odontoonychodermal dysplasia","MESH:C537742",0,"",1,"WNT10A"
"602922",602922,"hair follicle development","GO:0001942","Oligospermia","MESH:D009845",0,"",1,"DICER1"
"602923",602923,"hair follicle development","GO:0001942","Osteosarcoma","MESH:D012516",0,"",1,"EGFR"
"602924",602924,"hair follicle development","GO:0001942","Ovarian Neoplasms","MESH:D010051",0,"",2,"EGFR|TP63"
"602925",602925,"hair follicle development","GO:0001942","Pancreatic Neoplasms","MESH:D010190",0,"",2,"EGFR|TP63"
"602926",602926,"hair follicle development","GO:0001942","Papilloma","MESH:D010212",0,"",1,"EGFR"
"602927",602927,"hair follicle development","GO:0001942","Parietal Foramina","MESH:C566826",0,"",1,"ALX4"
"602928",602928,"hair follicle development","GO:0001942","Parietal Foramina 2","MESH:C566510",0,"",1,"ALX4"
"602929",602929,"hair follicle development","GO:0001942","Parkinson Disease, Secondary","MESH:D010302",0,"",1,"SHH"
"602930",602930,"hair follicle development","GO:0001942","Pierre Robin Syndrome","MESH:D010855",0,"",1,"SOX9"
"602931",602931,"hair follicle development","GO:0001942","Placenta Diseases","MESH:D010922",0,"",1,"PRSS8"
"602932",602932,"hair follicle development","GO:0001942","Pleuropulmonary blastoma","MESH:C537516",0,"",1,"DICER1"
"602933",602933,"hair follicle development","GO:0001942","Polycystic Kidney, Autosomal Recessive","MESH:D017044",0,"",1,"EGFR"
"602934",602934,"hair follicle development","GO:0001942","Polydactyly","MESH:D017689",0,"",1,"ALX4"
"602935",602935,"hair follicle development","GO:0001942","Pre-Eclampsia","MESH:D011225",0,"",1,"INHBA"
"602936",602936,"hair follicle development","GO:0001942","Prenatal Injuries","MESH:D049188",0,"",1,"PRSS8"
"602937",602937,"hair follicle development","GO:0001942","Progeria","MESH:D011371",0,"",1,"ZMPSTE24"
"602938",602938,"hair follicle development","GO:0001942","Propping Zerres syndrome","MESH:C538052",0,"",1,"TP63"
"602939",602939,"hair follicle development","GO:0001942","Prostatic Intraepithelial Neoplasia","MESH:D019048",0,"",1,"TRP63"
"602940",602940,"hair follicle development","GO:0001942","Prostatic Neoplasms","MESH:D011471",0,"",6,"APC|DNASE1L2|EGFR|MIF|PRSS8|TRP63"
"602941",602941,"hair follicle development","GO:0001942","Pulmonary Fibrosis","MESH:D011658",0,"",1,"PDGFA"
"602942",602942,"hair follicle development","GO:0001942","Rapp-Hodgkin syndrome","MESH:C535289",0,"",1,"TP63"
"602943",602943,"hair follicle development","GO:0001942","Rectal Neoplasms","MESH:D012004",0,"",2,"APC|EGFR"
"602944",602944,"hair follicle development","GO:0001942","Reperfusion Injury","MESH:D015427",0,"",1,"RELA"
"602945",602945,"hair follicle development","GO:0001942","Respiratory Distress Syndrome","MESH:D012128",0,"",1,"APC"
"602946",602946,"hair follicle development","GO:0001942","Respiratory System Abnormalities","MESH:D015619",0,"",1,"TGFB2"
"602947",602947,"hair follicle development","GO:0001942","Rhabdomyosarcoma, Embryonal, 2","MESH:C566709",0,"",1,"DICER1"
"602948",602948,"hair follicle development","GO:0001942","Rheumatoid Arthritis, Systemic Juvenile","MESH:C565798",0,"",1,"MIF"
"602949",602949,"hair follicle development","GO:0001942","Schopf-Schulz-Passarge Syndrome","MESH:C565607",0,"",1,"WNT10A"
"602950",602950,"hair follicle development","GO:0001942","Sclerosteosis","MESH:C537525",0,"",1,"LRP4"
"602951",602951,"hair follicle development","GO:0001942","Sepsis","MESH:D018805",0,"",1,"MIF"
"602952",602952,"hair follicle development","GO:0001942","Severe Acute Respiratory Syndrome","MESH:D045169",0,"",1,"RELA"
"602953",602953,"hair follicle development","GO:0001942","Single upper central incisor","MESH:C537342",0,"",1,"SHH"
"602954",602954,"hair follicle development","GO:0001942","Skin Abnormalities","MESH:D012868",0,"",1,"TP63"
"602955",602955,"hair follicle development","GO:0001942","Skin Diseases","MESH:D012871",0,"",2,"PRSS8|SOX18"
"602956",602956,"hair follicle development","GO:0001942","Skin Neoplasms","MESH:D012878",0,"",1,"RELA"
"602957",602957,"hair follicle development","GO:0001942","Small Cell Lung Carcinoma","MESH:D055752",0,"",1,"EGFR"
"602958",602958,"hair follicle development","GO:0001942","Spinal Dysraphism","MESH:D016135",0,"",1,"VANGL2"
"602959",602959,"hair follicle development","GO:0001942","Splenomegaly","MESH:D013163",0,"",1,"APC"
"602960",602960,"hair follicle development","GO:0001942","Split-Hand-Foot Malformation 4","MESH:C565344",0,"",1,"TP63"
"602961",602961,"hair follicle development","GO:0001942","Squamous Cell Carcinoma of Head and Neck","MESH:D000077195",0,"",1,"NSDHL"
"602962",602962,"hair follicle development","GO:0001942","Stevens-Johnson Syndrome","MESH:D013262",0,"",1,"MIF"
"602963",602963,"hair follicle development","GO:0001942","Stomach Neoplasms","MESH:D013274",0,"",3,"APC|EGFR|TFAP2C"
"602964",602964,"hair follicle development","GO:0001942","Subarachnoid Hemorrhage","MESH:D013345",0,"",1,"RELA"
"602965",602965,"hair follicle development","GO:0001942","Sweat Gland Neoplasms","MESH:D013544",0,"",1,"TP63"
"602966",602966,"hair follicle development","GO:0001942","Syndactyly","MESH:D013576",0,"",1,"LRP4"
"602967",602967,"hair follicle development","GO:0001942","Syndactyly Cenani Lenz type","MESH:C538150",0,"",1,"LRP4"
"602968",602968,"hair follicle development","GO:0001942","T-cell immunodeficiency, congenital alopecia and nail dystrophy","MESH:C536781",0,"",1,"FOXN1"
"602969",602969,"hair follicle development","GO:0001942","Thrombocythemia, Essential","MESH:D013920",0,"",1,"PDGFA"
"602970",602970,"hair follicle development","GO:0001942","Thyroid Neoplasms","MESH:D013964",0,"",1,"PDGFA"
"602971",602971,"hair follicle development","GO:0001942","Tight skin contracture syndrome, lethal","MESH:C536920",0,"",1,"ZMPSTE24"
"602972",602972,"hair follicle development","GO:0001942","Tooth Abnormalities","MESH:D014071",0,"",1,"LRP4"
"602973",602973,"hair follicle development","GO:0001942","Tooth Agenesis, Selective, 4","MESH:C563634",0,"",1,"WNT10A"
"602974",602974,"hair follicle development","GO:0001942","Tooth Agenesis, Selective, X-Linked, 1","MESH:C567060",0,"",1,"EDA"
"602975",602975,"hair follicle development","GO:0001942","TRICHODENTOOSSEOUS SYNDROME","OMIM:190320",0,"",1,"DLX3"
"602976",602976,"hair follicle development","GO:0001942","Trichorhinophalangeal Syndrome, Type I","MESH:C536820",0,"",1,"TRPS1"
"602977",602977,"hair follicle development","GO:0001942","Trichorhinophalangeal Syndrome, Type III","MESH:C566033",0,"",1,"TRPS1"
"602978",602978,"hair follicle development","GO:0001942","Turcot syndrome","MESH:C536928",0,"",1,"APC"
"602979",602979,"hair follicle development","GO:0001942","Ureteral Obstruction","MESH:D014517",0,"",2,"RELA|TGFB2"
"602980",602980,"hair follicle development","GO:0001942","Urinary Bladder Neoplasms","MESH:D001749",0,"",1,"EGFR"
"602981",602981,"hair follicle development","GO:0001942","Urogenital Abnormalities","MESH:D014564",0,"",1,"TGFB2"
"602982",602982,"hair follicle development","GO:0001942","Uterine Cervical Neoplasms","MESH:D002583",0,"",1,"EGFR"
"602983",602983,"hair follicle development","GO:0001942","Uterine Neoplasms","MESH:D014594",0,"",1,"INHBA"
"602984",602984,"hair follicle development","GO:0001942","Wilms Tumor","MESH:D009396",0,"",1,"DICER1"
