"","x"
"1","hair loss disorder>MESH:D000505"
"2","anxiety>MESH:D001007"
"3","depression>MESH:D000275"
"4","Endocrinological diseases>MESH:D004700"
"5","hyperandrogenism>MESH:D017588"
"6","polycystic ovarian syndrome>MESH:D011085"
"7","PCOS>MESH:D011085"
"8","hyperprolactinemia>MESH:D002640"
"9","adrenal hyperplasia>MESH:D000312"
"10","ovarian and adrenal tumours>MESH:D010051"
"11","hair disease>MESH:D006201"
"12","hair loss>MESH:D000505"
"13","COVID-19>MESH:C000657245"
"14","coronavirus disease 2019>MESH:C000657245"
"15","mortality>MESH:D003643"
"16","infection>MESH:D007239"
"17","psychosocial distress>MESH:D012128"
"18","baldness>MESH:D000505"
"19","dermal papilla>MESH:D010211"
"20","Pain>MESH:D010146"
"21","loss dysfunction>MESH:D006474"
"22","inflammation>MESH:D007249"
"23","hyperandrogenia>No Data"
"24","trichotillomania>MESH:D014256"
"25","discoid lupus erythematosus>MESH:D008179"
"26","follicullitis decalvans>MESH:D005499"
"27","Metabolic Syndrome>MESH:D024821"
"28","metabolic syndrome>MESH:D024821"
"29","hypertension>MESH:D006973"
"30","open-angle glaucoma>MESH:D005902"
"31","idiopathic hypotrichosis>MESH:D007039"
"32","hypotrichosis>MESH:D007039"
"33","Eyebrow hypotrichosis>MESH:D007039"
"34","fibrosis>MESH:D005355"
"35","hirsutism>MESH:D006628"
"36","cystic acne>MESH:D000152"
"37","galactorrhea>MESH:D005687"
"38","diabetes mellitus>MESH:D003920"
"39","heart disease>MESH:D006331"
"40","hyperpigmentation>MESH:D017495"
"41","Frontal edema>MESH:D001929"
"42","erythema and headaches>MESH:D006261"
"43","necrosis>MESH:D009336"
"44","angioedema>MESH:D000799"
"45","edema>MESH:D004487"
"46","adrenal>MESH:D000310"
"47","Premature puberty, polycystic ovarian syndrome>MESH:D011085"
"48","Hyperandrogenism>MESH:D017588"
"49","obesity>MESH:D009765"
"50","blood glucose>MESH:D007022"
"51","lipid abnormalities>MESH:C562935"
"52","tinea capitis>MESH:D014006"
"53","trichotillomania/trichotillosis>MESH:D014256"
"54","nutritional deficiency>MESH:D044342"
"55","common disorder>MESH:D003139"
"56","autosomal dominant disorder>MESH:D030342"
"57","immunodeficient>MESH:D007153"
"58","combined immunodeficiency>MESH:D016511"
"59","immunodeficiency>MESH:D007153"
"60","dystrophic hair>MESH:D006201"
"61","Cardiovascular Diseases>MESH:D002318"
"62","cardiotoxicity>MESH:D066126"
"63","cardiovascular disease>MESH:D002318"
"64","CVD>MESH:D002318"
"65","cardiotoxicity complications>MESH:D066126"
"66","arrest>MESH:D006323"
"67","skin diseases>MESH:D012871"
"68","Androgenetic Alopecia>MESH:D000505"
"69","Metabolic syndrome>MESH:D024821"
"70","Cardiovascular disease>MESH:D002318"
"71","dermatosis>MESH:D012871"
"72","hirsutism and hypertrichosis>MESH:D006628"
"73","hypertrichosis>MESH:D006983"
"74","pain>MESH:D010146"
"75","hair loss disease>MESH:D000505"
"76","mechanical injury>MESH:D006930"
"77","male pattern baldness>MESH:D018567"
"78","stress>MESH:D000079225"
"79","stressful disorder>MESH:D000079225"
"80","erectile dysfunction>MESH:D007172"
"81","reductase deficiency>MESH:C536415"
"82","benign prostatic hyperplasia>MESH:D011470"
"83","bald dermal papilla>MESH:D000505"
"84","papilla>MESH:D010211"
"85","autoimmune disorder>MESH:D001327"
"86","seborrheic dermatitis>MESH:D012628"
"87","autoimmunity>MESH:D001327"
"88","ferritin deficiencies>OMIM:615604"
"89","Infection>MESH:D007239"
"90","dry eye>MESH:D015352"
"91","Meibomian gland dysfunction>MESH:D000080343"
"92","Ocular Surface Disease>MESH:D010534"
"93","lower eyelid Meibomian>MESH:D017043"
"94","dry eye and Meibomian gland dysfunction>MESH:D000080343"
"95","vertex baldness>MESH:D000505"
"96","atherosclerosis>MESH:D050197"
"97","High-grade ovarian serous carcinoma>MESH:D010051"
"98","mental illness>MESH:D002908"
"99","loss disorders>MESH:D006474"
"100","anxieties>MESH:D001007"
"101","Stress>MESH:D000079225"
"102","atrichia>MESH:C537055"
"103","loss diseases>MESH:D003141"
"104","lichen scleroatrophicus>MESH:D018459"
"105","kinky hair disorder>MESH:D007706"
"106","Anxiety>MESH:D001007"
"107","Depression>MESH:D000275"
"108","HADS-anxiety>MESH:D001007"
"109","sadness>No Data"
"110","hyperinsulinaemia>MESH:D006946"
"111","dyslipidemia>MESH:D050171"
"112","autoimmune disease>MESH:D001327"
"113","hair disorders>MESH:D006201"
"114","lesional skin>MESH:D012871"
"115","acne>MESH:D000152"
"116","Benign prostatic hyperplasia>MESH:D011470"
"117","dysmorphic facial features>OMIM:617360"
"118","mental retardation>MESH:D008607"
"119","seizures>MESH:D012640"
"120","muscle weakness>MESH:D018908"
"121","atonic hemiparesis>MESH:D010291"
"122","congenital anomalies>MESH:D000013"
"123","upper airway infection>MESH:D012141"
"124","fever>MESH:D005334"
"125","diarrhea>MESH:D003967"
"126","circulatory shock and asystolia>MESH:D012769"
"127","deep coma>MESH:D003128"
"128","brain edema>MESH:D001929"
"129","apallic syndrome>MESH:D061325"
"130","unilateral muscle weakness>MESH:D018908"
"131","shock>MESH:D012769"
"132","sudden death>MESH:D003645"
"133","Breast Cancer>MESH:D001943"
"134","breast cancer>MESH:D001943"
"135","genetic disorder>MESH:D030342"
"136","hypocalcemia>MESH:D006996"
"137","hyperparathyroidism>MESH:D006961"
"138","systemic lupus erythematosus>MESH:D008180"
"139","seborrhea capillitii>MESH:D012628"
"140","hypoplasia>MESH:D000075262"
"141","chronic hepatitis C>MESH:D019698"
"142","hypertricosis>No Data"
"143","chronic hepatitis C virus infection>MESH:D019698"
"144","infected>MESH:D007239"
"145","thyroid dysfunction>MESH:D013959"
"146","erythematous cutaneous eczema>MESH:D004485"
"147","T-cell deficiency>MESH:D016399"
"148","epidermal hyperplasia>MESH:D006965"
"149","hyperkeratosis>MESH:D017488"
"150","hyperplasia>MESH:D006965"
"151","acanthosis, orthokeratosis>MESH:D000052"
"152","skin defect>MESH:D012868"
"153","multiple seborrheic keratoses>MESH:D017492"
"154","psoriasis>MESH:D011565"
"155","radiation injury>MESH:D011832"
"156","cutaneous radiation injury>MESH:D011832"
"157","zoonotic>MESH:D015047"
"158","adenomatous polyposis coli>MESH:D011125"
"159","toxicity>MESH:D064420"
"160","Cronkhite-Canada syndrome>MESH:D044483"
"161","cirrhosis>MESH:D005355"
"162","congenital growth hormone deficiency>MESH:D004393"
"163","congenital hyposomatotropism>MESH:D000013"
"164","hyperadrenocorticism>MESH:D000308"
"165","Francois' syndrome>MESH:C535375"
"166","folliculitis>MESH:D005499"
"167","Melkersson-Rosenthal syndrome>MESH:D008556"
"168","hidradenitis suppurativa>MESH:D017497"
"169","hereditary hypotrichosis>MESH:C537160"
"170","pruritus>MESH:D011537"
"171","eruptions>MESH:D003875"
"172","erythema>MESH:D004890"
"173","lichen planus lesions>MESH:D008010"
"174","hydropic degeneration>MESH:D004487"
"175","atrophy>MESH:D001284"
"176","Tumor necrosis>MESH:D009336"
"177","Primary hypogammaglobulinemia>MESH:D000361"
"178","cytotoxicity>MESH:D064420"
"179","stomatitis>MESH:D013280"
"180","rheumatic>MESH:D012216"
"181","rheumatic diseases>MESH:D012216"
"182","mouth ulcers>MESH:D019226"
"183","stomatitis or mouth>MESH:D013280"
"184","ulcers>MESH:D014456"
"185","rheumatic disease>MESH:D012216"
"186","cancer>MESH:D009369"
"187","psoriatic lesion>MESH:D015535"
"188","skin disease>MESH:D012871"
"189","empathy>No Data"
"190","hepatitis>MESH:D056486"
"191","leukemic>MESH:D007938"
"192","lamellar hyperkeratosis/parakeratosis>MESH:D010241"
"193","focal disease>MESH:D005490"
"194","neuroectodermal syndrome>MESH:D020752"
"195","anosmia>MESH:D000857"
"196","deafness>MESH:D003638"
"197","hypogonadism>MESH:D007006"
"198","hyposmia or anosmia>MESH:D000857"
"199","atresia>MESH:D018633"
"200","hypogonadotropic hypogonadism>MESH:D007006"
"201","FSH deficiency>MESH:C537070"
"202","congenital heart defect>MESH:D006330"
"203","cleft palate>MESH:D002972"
"204","branchial arches>MESH:C537102"
"205","CHILD syndrome>MESH:C562515"
"206","dystrophy>MESH:D008268"
"207","cone-rod dystrophy>MESH:D000071700"
"208","Cronkhite-Canada's syndrome>MESH:D044483"
"209","gastrointestinal polyposis>MESH:D005767"
"210","pigmentation>MESH:D010859"
"211","blastomycosis>MESH:D001759"
"212","sporotrichosis>MESH:D013174"
"213","cryptococcosis>MESH:D003453"
"214","coccidioidomycosis>MESH:D003047"
"215","mucosal candidiasis>MESH:D002177"
"216","hair abnormalities>MESH:D006201"
"217","Hypertrichosis>MESH:D006983"
"218","Incontinentia pigmenti>MESH:D007184"
"219","retinal dysplasia>MESH:D015792"
"220","Porokeratotic Adnexal>MESH:D000292"
"221","hypopigmentation>MESH:D017496"
"222","acrodermatitis enteropathica>MESH:C538178"
"223","Acrodermatitis enteropathica>MESH:C538178"
"224","AE>MESH:C538178"
"225","autosomal-recessive disorder>MESH:D030342"
"226","dermatitis>MESH:D003872"
"227","retardation>MESH:D008607"
"228","acrodermatitis>MESH:D000169"
"229","Pityriasis amiantacea and folliculitis decalvans>MESH:D005499"
"230","Crohn's disease>MESH:D003424"
"231","pityriasis amiantacea>MESH:D010915"
"232","folliculitis decalvans>MESH:D005499"
"233","pityriasis amiantacea in folliculitis decalvans>MESH:D005499"
"234","immunological dysfunctions>MESH:D007154"
"235","infections>MESH:D007239"
"236","Mastocytosis>MESH:D008415"
"237","Celsi>MESH:C531609"
"238","Lipedematous alopecia>MESH:D000505"
"239","Osteomyelitis of Jaws>MESH:D010019"
"240","growth retardation>MESH:D006130"
"241","ophthalmic abnormalities>MESH:C535922"
"242","Osteomyelitis of the jaws>MESH:D010019"
"243","osteomyelitis>MESH:D010019"
"244","allergic dermatitis>MESH:D003872"
"245","genodermatosis>No Data"
"246","verrucous hyperkeratotic lesions>MESH:D018289"
"247","hypochromic atrophic lesions>MESH:D000747"
"248","ichthyosis>MESH:D007057"
"249","photophobia syndrome>MESH:D020795"
"250","Ichthyosis>MESH:D007057"
"251","photophobia (IFAP) syndrome>MESH:C536085"
"252","congenital disorder>MESH:D009358"
"253","ichthyosiform skin changes>MESH:D012871"
"254","IFAP syndrome>MESH:C536085"
"255","DLE>MESH:D008179"
"256","Folliculitis decalvans>MESH:D005499"
"257","cellulitis>MESH:D002481"
"258","thyroid disorders>MESH:D013959"
"259","FD>MESH:D005499"
"260","Autoimmune disorders>MESH:D001327"
"261","autoimmune diseases>MESH:D001327"
"262","diabetes>MESH:D003920"
"263","autoimmune polyendocrinopathy-candidiasis-ectodermal dystrophy (APECED) syndrome>MESH:D016884"
"264","lichen sclerosus atrophicus>MESH:D018459"
"265","ophiasis>MESH:C536159"
"266","Altered hypothalamic-pituitary-adrenal>MESH:D007029"
"267","achromotrichia>No Data"
"268","weakness>MESH:D018908"
