"","x"
"1","men>9606"
"2","women>9606"
"3","patients>9606"
"4","patient>9606"
"5","saw palmetto>4722"
"6","rosemary>39367"
"7","humans>9606"
"8","children>9606"
"9","severe acute respiratory syndrome coronavirus 2>2697049"
"10","SARS-CoV-2>2697049"
"11","participants>9606"
"12","human>9606"
"13","Murine>10090"
"14","Human>9606"
"15","Serenoa Repens>4722"
"16","Patients>9606"
"17","Men>9606"
"18","Patient>9606"
"19","Women>9606"
"20","honeycomb>119431"
"21","Participants>9606"
"22","people>9606"
"23","boys>9606"
"24","girls>9606"
"25","mice>10090"
"26","PATIENTS>9606"
"27","persons>9606"
"28","Mayo>162683"
"29","Christmas-tree>45372"
"30","rats>10116"
"31","woman>9606"
"32","Turkey>9103"
"33","Woman>9606"
"34","outpatient>9606"
"35","L'Aquila>880232"
"36","murine>10090"
"37","Children>9606"
"38","boy>9606"
"39","alpacas>30538"
"40","llamas>9844"
"41","alpaca>30538"
"42","PATIENTs>9606"
"43","PATIENT>9606"
"44","mouse>10090"
"45","Mice>10090"
"46","Microsporum canis>63405"
"47","cats>9685"
"48","Cats>9685"
"49","dogs>9615"
"50","M. canis>63405"
"51","herbal medicine>1407750"
"52","rat>10116"
"53","transgenic mice>10090"
"54","sheep>9940"
"55","Argania Spinosa>85884"
"56","girl>9606"
"57","infants>9606"
