"","x"
"1","dihydrotestosterone>MESH:D013196"
"2","DHT>MESH:D013196"
"3","minoxidil>MESH:D008914"
"4","finasteride>MESH:D018120"
"5","Dutasteride>MESH:D000068538"
"6","testosterone>MESH:D013739"
"7","4-azasteroid>-"
"8","Finasteride>MESH:D018120"
"9","dutasteride>MESH:D000068538"
"10","RF-Mesotherapy>-"
"11","alcohol>MESH:D000438"
"12","ketoconazole>MESH:D007654"
"13","prostaglandins>MESH:D011453"
"14","Minoxidil>MESH:D008914"
"15","monoxidil>-"
"16","Prostaglandins>MESH:D011453"
"17","PGD2>MESH:D015230"
"18","PGE2>MESH:D015232"
"19","F2a>-"
"20","cyproterone acetate>MESH:D017373"
"21","spironolactone>MESH:D013148"
"22","DHT>-"
"23","minoxidil sulfate>MESH:C039516"
"24","glucose>MESH:D005947"
"25","lipids>MESH:D008055"
"26","Bimatoprost>MESH:D000069580"
"27","prostamide F2alpha>MESH:C493494"
"28","bimatoprost>MESH:D000069580"
"29","Prostaglandin>MESH:D011453"
"30","lidocaine>MESH:D008012"
"31","PBM>-"
"32","Testosterone>MESH:D013739"
"33","carboxytherapy>-"
"34","prostaglandin>MESH:D011453"
"35","latanoprost>MESH:D000077338"
"36","F-AGA>-"
"37","Spironolactone>MESH:D013148"
"38","dermapen>-"
"39","PL-FUT>-"
"40","adenosine>MESH:D000241"
"41","dehydroepiandrosterone sulfate>MESH:D019314"
"42","manganese thiophosphite>MESH:C486057"
"43","MnPS3>MESH:D008345"
"44","MnMNP>MESH:C034526"
"45","oxygen>MESH:D010100"
"46","phenols>MESH:D010636"
"47","isoflavones>MESH:D007529"
"48","phenolic methoxy abietanes>-"
"49","hydroxylated anthraquinones>-"
"50","polycyclic>-"
"51","triterpenes>MESH:D014315"
"52","sterols>MESH:D013261"
"53","lupanes>MESH:D053978"
"54","anthraquinones>MESH:D000880"
"55","procyanidins>MESH:D044945"
"56","saponins>MESH:D012503"
"57","hydrogen sulphide>MESH:D006862"
"58","progesterone>MESH:D011374"
"59","dihydroprogesterone>MESH:D004092"
"60","allopregnanolone>MESH:D011280"
"61","5alpha-androstane-3alpha>-"
"62","17beta-diol>-"
"63","pregnenolone>MESH:D011284"
"64","FPHL>-"
"65","vitamin B12>MESH:D014805"
"66","vitamin D>MESH:D014807"
"67","TSH>MESH:D013972"
"68","HGQ>-"
"69","flutamide>MESH:D005485"
"70","triglyceride>MESH:D014280"
"71","Nicotine>MESH:D009538"
"72","cotinine>MESH:D003367"
"73","Vitamin D>MESH:D014807"
"74","nicotinic acid hexyl ester>MESH:C049457"
"75","polyphenols>MESH:D059808"
"76","glycine>MESH:D005998"
"77","caffeine>MESH:D002110"
"78","hexyl nicotinate>MESH:C049457"
"79","5 alpha-dihydrotestosterone>MESH:D013196"
"80","copper>MESH:D003300"
"81","dUTP fluorescein>-"
"82","steroid>MESH:D013256"
"83","Dihydrotestosterone>MESH:D013196"
"84","albendazole>MESH:D015766"
"85","Albendazole>MESH:D015766"
"86","benzimidazole>MESH:C031000"
"87","Steroid>MESH:D013256"
"88","5alpha-DHT>MESH:D013196"
"89","Docetaxel>MESH:D000077143"
"90","Cyclophosphamide>MESH:D003520"
"91","TC>MESH:D013667"
"92","docetaxel>MESH:D000077143"
"93","Taxotere>MESH:D000077143"
"94","cyclophosphamide>MESH:D003520"
"95","calcium>MESH:D002118"
"96","1,25-(OH)2D3>MESH:D002117"
"97","calcitriol>MESH:D002117"
"98","Taxanes>MESH:D043823"
"99","taxanes>MESH:D043823"
"100","PEG-interferon>-"
"101","ribavirin>MESH:D012254"
"102","Ribavirin>MESH:D012254"
"103","2-n-nonyl-1,3-dioxolane>MESH:C111109"
"104","water>MESH:D014867"
"105","Rogaine>MESH:D008914"
"106","KOH>MESH:C029943"
"107","Baicalin>MESH:C038044"
"108","baicalin>MESH:C038044"
"109","heparan sulfate>MESH:D006497"
"110","polysaccharide>MESH:D011134"
"111","Heparan sulfate>MESH:D006497"
"112","heparin>MESH:D006493"
"113","clonidine>MESH:D003000"
"114","acuminate>-"
"115","Hemotoxylin>MESH:D006416"
"116","eosin>MESH:D004801"
"117","adalimumab>MESH:D000068879"
"118","Methotrexate>MESH:D008727"
"119","MTX>MESH:D008727"
"120","folic>-"
"121","folinic acid>MESH:D002955"
"122","trephine>-"
"123","M50054>MESH:C456599"
"124","2,2'-methylenebis>-"
"125","1,3-cyclohexanedione>MESH:C004636"
"126","etoposide>MESH:D005047"
"127","phosphatidylserine>MESH:D010718"
"128","Argan press cake>-"
"129","ethanol>MESH:D000431"
"130","ATP>MESH:D000255"
"131","H2O2>MESH:D006861"
"132","fatty acids>MESH:D005227"
"133","sugar>MESH:D000073893"
"134","tocopherols>MESH:D024505"
"135","squalene>MESH:D013185"
"136","spinasterol>MESH:C031312"
"137","fluconazole>MESH:D015725"
"138","Thallium>MESH:D013793"
"139","thallium>MESH:D013793"
"140","ruxolitinib>MESH:C540383"
"141","Ruxolitinib>MESH:C540383"
"142","retinol>MESH:D014801"
"143","vitamin A>MESH:D014801"
"144","danazol>MESH:D003613"
"145","metyrapone>MESH:D008797"
"146","steroids>MESH:D013256"
"147","cyclosporin>MESH:D016572"
"148","diazoxide>MESH:D003981"
"149","quinine>MESH:D011803"
"150","Clobetasol>MESH:D002990"
"151","tetracycline>MESH:D013752"
"152","Isotretinoin>MESH:D015474"
"153","isotretinoin>MESH:D015474"
"154","isonicotinic acid hydrazide>MESH:D007538"
"155","iron>MESH:D007501"
"156","Copper>MESH:D003300"
