"","x"
"1","PRP>5621"
"2","Platelet-Rich Plasma>722"
"3","PRP>722"
"4","Platelet-rich plasma>722"
"5","platelet-rich plasma>722"
"6","VEGF>7422"
"7","vascular endothelial growth factor>7422"
"8","prostaglandin D2 receptor>5729"
"9","androgen receptor>367"
"10","beta-catenin>1499"
"11","Dkk-1>22943"
"12","AR>367"
"13","Superoxide Dismutase>6647"
"14","superoxide dismutase>6647"
"15","SOD>6647"
"16","insulin>3630"
"17","SHBG>6462"
"18","DPP-4>1803"
"19","PTP1B>5770"
"20","PPARgamma>5468"
"21","type II 5alpha-reductase>6716"
"22","Hic-5>7041"
"23","ARA55>7041"
"24","TGF-beta1>7040"
"25","TGF-beta2>7042"
"26","DKK-1>22943"
"27","Dickkopf-1>22943"
"28","dickkopf-1>22943"
"29","FOXC1>2296"
"30","SFRP1>6422"
"31","Secreted frizzled related protein 1>6422"
"32","forkhead box C1>2296"
"33","C-reactive protein>1401"
"34","galectin-3>3958"
"35","VDR>7421"
"36","Dickkopf 1>13380"
"37","DKK-1>13380"
"38","beta-catenin>12387"
"39","bcl-2>596"
"40","beta 2, 4, and 13>27239;5355;28888"
"41","Vascular Endothelial Growth Factor>7422"
"42","CD200>4345"
"43","Phosphoinositide 3-Kinase>5293"
"44","Akt>207"
"45","Vascular endothelial growth factor>7422"
"46","Bcl-2>596"
"47","caspase-3>836"
"48","Bax>581"
"49","phosphoinositide 3-kinase>5293"
"50","vitamin D receptor>7421"
"51","PADI3>51702"
"52","peptidyl arginine deiminase, type III>51702"
"53","cathepsin L>13039"
"54","CD4>12504"
"55","Ctsl>13039"
"56","profilaggrin>14246"
"57","Rag2>19374"
"58","SEPA>9700"
"59","CD8>925"
"60","Smad3>17127"
"61","Wnt>22416;22418"
"62","Wnt3a>22416"
"63","Wnt5a>22418"
"64","frizzled 7>14369"
"65","Axin>12005"
"66","growth hormone>403795"
"67","insulin-like growth factor I>610255"
"68","IGF-I>610255"
"69","growth hormone releasing hormone>485863"
"70","GHRH>485863"
"71","TNF>7124"
"72","GasderminA3>450219"
"73","Gsdma3>450219"
"74","Wnt10b>22410"
"75","Wnt>22410"
"76","CIA>57727"
"77","eukaryotic initiation factor (eIF) 4E>1977"
"78","eIF4E>1977"
"79","eIF4E>13684"
"80","CIA>228869"
"81","Fas ligand>356"
"82","alanine aminotransferase>2875"
"83","defolliculated>450219"
"84","Defolliculated>450219"
"85","GsdmA3>450219"
"86","rag1>19373"
"87","ICAM-1>15894"
"88","peroxisome proliferator-activated receptor-gamma>19016"
"89","PPARgamma>19016"
"90","hype>11153"
"91","JAK1>3716"
"92","JAK2>3717"
"93","ACTH>5443"
"94","SLC39A4>55630"
"95","ZIP4>55630"
"96","tumor necrosis factor (TNF)-alpha>7124"
"97","TNF-alpha>7124"
"98","SRD5A1>6715"
"99","SRD5A2>6716"
"100","ESR1>2099"
"101","ESR2>2100"
"102","PGR>5241"
"103","progesterone receptor>5241"
"104","Incontinentia pigmenti>8517"
"105","MBTPS2>51360"
"106","adrenocorticotropin receptor>4158"
"107","ACTHR>4158"
