"","DRUG1.CID","DRUG2.CID","INTERACTION.CLASS"
"346731",6918296,5493381,"CYP induction: CYP3A4"
"346732",6918296,15951529,"CYP induction: CYP3A4"
"346733",6918296,46174075,"CYP induction: CYP3A4"
"346734",6918296,2764,"CYP inhibition: CYP3A4 CYP3A5"
"346735",6918296,4539,"CYP inhibition: CYP3A4 CYP3A5"
"346736",6918296,5959,"CYP inhibition: CYP3A4 CYP3A5"
"346737",6918296,62998,"CYP inhibition: CYP3A4 CYP3A5"
"346738",6918296,83908,"CYP inhibition: CYP3A4 CYP3A5"
"346739",6918296,83945,"CYP inhibition: CYP3A4 CYP3A5"
"346740",6918296,149514,"CYP inhibition: CYP3A4 CYP3A5"
"346741",6918296,443382,"CYP inhibition: CYP3A4 CYP3A5"
"346742",6918296,656580,"CYP inhibition: CYP3A4 CYP3A5"
"346743",6918296,656833,"CYP inhibition: CYP3A4 CYP3A5"
"346744",6918296,2375,"Enzyme: CYP3A4"
"346745",6918296,2754,"Enzyme: CYP3A4"
"346746",6918296,2789,"Enzyme: CYP3A4"
"346747",6918296,4192,"Enzyme: CYP3A4"
"346748",6918296,64142,"Enzyme: CYP3A4"
"346749",6918296,64143,"Enzyme: CYP3A4"
"346750",6918296,65016,"Enzyme: CYP3A4"
"346751",6918296,71616,"Enzyme: CYP3A4"
"346752",6918296,84029,"Enzyme: CYP3A4"
"346753",6918296,131535,"Enzyme: CYP3A4"
"346754",6918296,131536,"Enzyme: CYP3A4"
"346755",6918296,131537,"Enzyme: CYP3A4"
"346756",6918296,148192,"Enzyme: CYP3A4"
"346757",6918296,158550,"Enzyme: CYP3A4"
"346758",6918296,178265,"Enzyme: CYP3A4"
"346759",6918296,636389,"Enzyme: CYP3A4"
"346760",6918296,644241,"Enzyme: CYP3A4"
"346761",6918296,3010818,"Enzyme: CYP3A4"
"346762",6918296,5282504,"Enzyme: CYP3A4"
"346763",6918296,5324346,"Enzyme: CYP3A4"
"346764",6918296,5381226,"Enzyme: CYP3A4"
"346765",6918296,9560989,"Enzyme: CYP3A4"
"346766",6918296,11525740,"Enzyme: CYP3A4"
"346767",6918296,11954282,"Enzyme: CYP3A4"
"346768",6918296,11979774,"Enzyme: CYP3A4"
"346769",6918296,16757572,"Enzyme: CYP3A4"
"346770",6918296,2157,"Enzyme: CYP3A4 / CYP inhibition: CYP3A4"
"346771",6918296,5991,"Enzyme: CYP3A4 / CYP inhibition: CYP3A4"
"346772",6918296,6167,"Enzyme: CYP3A4 / CYP inhibition: CYP3A4"
"346773",6918296,68582,"Enzyme: CYP3A4 / CYP inhibition: CYP3A4"
"346774",6918296,202225,"Enzyme: CYP3A4 / CYP inhibition: CYP3A4"
"346775",6918296,213039,"Enzyme: CYP3A4 / CYP inhibition: CYP3A4"
"346776",6918296,441325,"Enzyme: CYP3A4 / CYP inhibition: CYP3A4"
"346777",6918296,5311454,"Enzyme: CYP3A4 / CYP inhibition: CYP3A4"
"346778",6918296,23725083,"Enzyme: CYP3A4 / CYP inhibition: CYP3A4"
"346779",6918296,44516822,"Enzyme: CYP3A4 / CYP inhibition: CYP3A4 / CYP induction: CYP3A4"
"346780",6918296,2756,"Enzyme: CYP3A4 / CYP inhibition: CYP3A4 CYP3A5"
"346781",6918296,12560,"Enzyme: CYP3A4 / CYP inhibition: CYP3A4 CYP3A5"
"346782",6918296,50963,"Enzyme: CYP3A4 / CYP inhibition: CYP3A4 CYP3A5"
"346783",6918296,55283,"Enzyme: CYP3A4 / CYP inhibition: CYP3A4 CYP3A5"
"346784",6918296,71276,"Enzyme: CYP3A4 / CYP inhibition: CYP3A4 CYP3A5"
"346785",6918296,71277,"Enzyme: CYP3A4 / CYP inhibition: CYP3A4 CYP3A5"
"346786",6918296,71469,"Enzyme: CYP3A4 / CYP inhibition: CYP3A4 CYP3A5"
"346787",6918296,83938,"Enzyme: CYP3A4 / CYP inhibition: CYP3A4 CYP3A5"
"346788",6918296,441371,"Enzyme: CYP3A4 / CYP inhibition: CYP3A4 CYP3A5"
"346789",6918296,443953,"Enzyme: CYP3A4 / CYP inhibition: CYP3A4 CYP3A5"
"346790",6918296,5284554,"Enzyme: CYP3A4 / CYP inhibition: CYP3A4 CYP3A5"
"346791",6918296,15527165,"Enzyme: CYP3A4 / CYP inhibition: CYP3A4 CYP3A5"
"346792",6918296,16051953,"Enzyme: CYP3A4 / CYP inhibition: CYP3A4 CYP3A5"
"346793",6918296,2162,"Enzyme: CYP3A4 CYP3A5"
"346794",6918296,5291,"Enzyme: CYP3A4 CYP3A5"
"346795",6918296,60496,"Enzyme: CYP3A4 CYP3A5"
"346796",6918296,123596,"Enzyme: CYP3A4 CYP3A5"
"346797",6918296,208908,"Enzyme: CYP3A4 CYP3A5"
"346798",6918296,6435922,"Enzyme: CYP3A4 CYP3A5"
"346799",6918296,11557040,"Enzyme: CYP3A4 CYP3A5"
"346800",6918296,11626560,"Enzyme: CYP3A4 CYP3A5"
"346801",6918296,22525209,"Enzyme: CYP3A4 CYP3A5"
"346802",6918296,5280754,"Enzyme: CYP3A4 CYP3A5 / CYP inhibition: CYP3A4"
"346803",6918296,2520,"Enzyme: CYP3A4 CYP3A5 / CYP inhibition: CYP3A4 CYP3A5"
"346804",6918296,39186,"Enzyme: CYP3A4 CYP3A5 / CYP inhibition: CYP3A4 CYP3A5"
"346805",6918296,60934,"Enzyme: CYP3A4 CYP3A5 / CYP inhibition: CYP3A4 CYP3A5"
"346806",6918296,62920,"Enzyme: CYP3A4 CYP3A5 / CYP inhibition: CYP3A4 CYP3A5"
"346807",6918296,62969,"Enzyme: CYP3A4 CYP3A5 / CYP inhibition: CYP3A4 CYP3A5"
"346808",6918296,441243,"Enzyme: CYP3A4 CYP3A5 / CYP inhibition: CYP3A4 CYP3A5"
"346809",6918296,3037122,"Enzyme: CYP3A4 CYP3A5 / CYP inhibition: CYP3A4 CYP3A5"
"346810",6918296,5462355,"Enzyme: CYP3A4 CYP3A5 / CYP inhibition: CYP3A4 CYP3A5"
"346811",6918296,5484730,"Enzyme: CYP3A4 CYP3A5 / CYP inhibition: CYP3A4 CYP3A5"
"346812",6918296,11954281,"Enzyme: CYP3A4 CYP3A5 / CYP inhibition: CYP3A4 CYP3A5"
"346813",6918296,6918365,"Enzyme: CYP3A4 CYP3A5 / CYP inhibition: CYP3A4 CYP3A5 / CYP induction: CYP3A4"
"346814",6918296,1775,"unclassified"
"346815",6918296,2118,"unclassified"
"346816",6918296,2187,"unclassified"
"346817",6918296,3365,"unclassified"
"346818",6918296,3386,"unclassified"
"346819",6918296,3767,"unclassified"
"346820",6918296,4189,"unclassified"
"346821",6918296,4211,"unclassified"
"346822",6918296,4449,"unclassified"
"346823",6918296,4763,"unclassified"
"346824",6918296,5502,"unclassified"
"346825",6918296,12559,"unclassified"
"346826",6918296,47576,"unclassified"
"346827",6918296,54911,"unclassified"
"346828",6918296,55245,"unclassified"
"346829",6918296,56959,"unclassified"
"346830",6918296,60490,"unclassified"
"346831",6918296,60662,"unclassified"
"346832",6918296,60663,"unclassified"
"346833",6918296,62857,"unclassified"
"346834",6918296,65329,"unclassified"
"346835",6918296,68553,"unclassified"
"346836",6918296,71279,"unclassified"
"346837",6918296,129228,"unclassified"
"346838",6918296,151171,"unclassified"
"346839",6918296,214356,"unclassified"
"346840",6918296,216322,"unclassified"
"346841",6918296,392622,"unclassified"
"346842",6918296,468595,"unclassified"
"346843",6918296,3001055,"unclassified"
"346844",6918296,3033332,"unclassified"
"346845",6918296,3033887,"unclassified"
"346846",6918296,5282165,"unclassified"
"346847",6918296,9568684,"unclassified"
"346848",6918296,9871419,"unclassified"
"346849",6918296,10324367,"unclassified"
"346850",6918296,11540687,"unclassified"
"346851",6918296,11979606,"unclassified"
"346852",6918296,23674889,"unclassified"
"346853",6918296,23679632,"unclassified"
"346854",6918296,23724827,"unclassified"
"346855",6918296,23724871,"unclassified"
"346856",6918296,23724981,"unclassified"
"346857",6918296,42611257,"unclassified"
"346858",6918296,53297476,"unclassified"
"346859",6918296,92042797,"unclassified"
