"","DRUG1.CID","DRUG2.CID","INTERACTION.CLASS"
"171307",57363,11540687,"CYP induction: CYP3A4"
"171308",57363,444795,"Enzyme: CYP2C9 / CYP inhibition: CYP2C9"
"171309",57363,2375,"Enzyme: CYP3A4"
"171310",57363,5757,"Enzyme: CYP3A4"
"171311",57363,60934,"Enzyme: CYP3A4"
"171312",57363,64142,"Enzyme: CYP3A4"
"171313",57363,158550,"Enzyme: CYP3A4"
"171314",57363,441325,"Enzyme: CYP3A4"
"171315",57363,15527165,"Enzyme: CYP3A4"
"171316",57363,23674889,"Enzyme: CYP3A4"
"171317",57363,23679632,"Enzyme: CYP3A4"
"171318",57363,92042797,"Enzyme: CYP3A4"
"171319",57363,3672,"Enzyme: CYP3A4 / CYP inhibition: CYP3A4"
"171320",57363,65329,"Enzyme: CYP3A4 / CYP inhibition: CYP3A4"
"171321",57363,129228,"Enzyme: CYP3A4 / CYP inhibition: CYP3A4"
"171322",57363,5493381,"Enzyme: CYP3A4 / CYP inhibition: CYP3A4"
"171323",57363,5282504,"Enzyme: CYP3A4 / CYP inhibition: CYP3A4 / CYP induction: CYP3A4"
"171324",57363,5282315,"Enzyme: CYP3A4 / CYP inhibition: CYP3A4 CYP2C19"
"171325",57363,1775,"unclassified"
"171326",57363,2789,"unclassified"
"171327",57363,4192,"unclassified"
"171328",57363,636389,"unclassified"
"171329",57363,6918365,"unclassified"
"171330",57363,11979774,"unclassified"
"171331",57363,15951529,"unclassified"
"171332",57363,16757572,"unclassified"
"171333",57363,42611257,"unclassified"
"171334",57363,46174075,"unclassified"
