"","DRUG1.CID","DRUG2.CID","INTERACTION.CLASS"
"60302",4201,2244,"unclassified"
"60303",4201,2405,"unclassified"
"60304",4201,3108,"unclassified"
"60305",4201,3388,"unclassified"
"60306",4201,3702,"unclassified"
"60307",4201,3767,"unclassified"
"60308",4201,4418,"unclassified"
"60309",4201,4494,"unclassified"
"60310",4201,4507,"unclassified"
"60311",4201,4510,"unclassified"
"60312",4201,4747,"unclassified"
"60313",4201,4748,"unclassified"
"60314",4201,4943,"unclassified"
"60315",4201,5073,"unclassified"
"60316",4201,5546,"unclassified"
"60317",4201,5639,"unclassified"
"60318",4201,5736,"unclassified"
"60319",4201,5816,"unclassified"
"60320",4201,6014,"unclassified"
"60321",4201,6018,"unclassified"
"60322",4201,6240,"unclassified"
"60323",4201,16961,"unclassified"
"60324",4201,25715,"unclassified"
"60325",4201,28620,"unclassified"
"60326",4201,31100,"unclassified"
"60327",4201,39147,"unclassified"
"60328",4201,40127,"unclassified"
"60329",4201,42373,"unclassified"
"60330",4201,47812,"unclassified"
"60331",4201,54405,"unclassified"
"60332",4201,54746,"unclassified"
"60333",4201,60496,"unclassified"
"60334",4201,60795,"unclassified"
"60335",4201,62853,"unclassified"
"60336",4201,62920,"unclassified"
"60337",4201,62935,"unclassified"
"60338",4201,62969,"unclassified"
"60339",4201,62978,"unclassified"
"60340",4201,65948,"unclassified"
"60341",4201,68546,"unclassified"
"60342",4201,72006,"unclassified"
"60343",4201,74835,"unclassified"
"60344",4201,104870,"unclassified"
"60345",4201,107882,"unclassified"
"60346",4201,114869,"unclassified"
"60347",4201,115237,"unclassified"
"60348",4201,122125,"unclassified"
"60349",4201,123707,"unclassified"
"60350",4201,125564,"unclassified"
"60351",4201,125791,"unclassified"
"60352",4201,150762,"unclassified"
"60353",4201,155032,"unclassified"
"60354",4201,157690,"unclassified"
"60355",4201,163701,"unclassified"
"60356",4201,439260,"unclassified"
"60357",4201,439302,"unclassified"
"60358",4201,441236,"unclassified"
"60359",4201,443951,"unclassified"
"60360",4201,636401,"unclassified"
"60361",4201,656667,"unclassified"
"60362",4201,5280360,"unclassified"
"60363",4201,5280363,"unclassified"
"60364",4201,5281032,"unclassified"
"60365",4201,5281064,"unclassified"
"60366",4201,5282138,"unclassified"
"60367",4201,5282479,"unclassified"
"60368",4201,5282484,"unclassified"
"60369",4201,5282504,"unclassified"
"60370",4201,5284443,"unclassified"
"60371",4201,5312125,"unclassified"
"60372",4201,5362376,"unclassified"
"60373",4201,5484727,"unclassified"
"60374",4201,5485193,"unclassified"
"60375",4201,5702062,"unclassified"
"60376",4201,6444477,"unclassified"
"60377",4201,6917875,"unclassified"
"60378",4201,11408688,"unclassified"
"60379",4201,11954230,"unclassified"
"60380",4201,13290219,"unclassified"
"60381",4201,23665410,"unclassified"
"60382",4201,23677058,"unclassified"
"60383",4201,23724827,"unclassified"
"60384",4201,23724861,"unclassified"
"60385",4201,23724979,"unclassified"
"60386",4201,71449006,"unclassified"
