"","Avicennia.marina"
"1","gray mangrove"
"2","bai gu rang"
"3","grey mangrove"
"4","mchu"
"5","venkandan"
"6","<U+30D2><U+30EB><U+30AE><U+30C0><U+30DE><U+30B7>"
"7","Api-api"
"8","Gray Mangrove"
"9","M<U+1EAF>m <U+1ED5>i"
"10","Pokok Api-api Jambu"
"11","Witseebasboom"
"12","<U+0410><U+0432><U+0438><U+0446><U+0435><U+043D><U+043D><U+0438><U+044F> <U+043C><U+043E><U+0440><U+0441><U+043A><U+0430><U+044F>"
"13","<U+062D><U+0631><U+0627>"
"14","<U+0642><U+0631><U+0645> <U+0628><U+062D><U+0631><U+064A>"
"15","<U+09AA><U+09C7><U+09AF><U+09BC><U+09BE><U+09B0><U+09BE> <U+09AC><U+09BE><U+0987><U+09A8>"
"16","<U+0D1A><U+0D46><U+0D31><U+0D3F><U+0D2F> <U+0D09><U+0D2A><U+0D4D><U+0D2A><U+0D1F><U+0D4D><U+0D1F><U+0D3F>"
"17","<U+30D2><U+30EB><U+30AE><U+30C0><U+30DE><U+30B7>"
"18","Api-api"
"19","Gray Mangrove"
"20","M<U+1EAF>m <U+1ED5>i"
"21","Pokok Api-api Jambu"
"22","Witseebasboom"
"23","<U+0410><U+0432><U+0438><U+0446><U+0435><U+043D><U+043D><U+0438><U+044F> <U+043C><U+043E><U+0440><U+0441><U+043A><U+0430><U+044F>"
"24","<U+062D><U+0631><U+0627>"
"25","<U+0642><U+0631><U+0645> <U+0628><U+062D><U+0631><U+064A>"
"26","<U+09AA><U+09C7><U+09AF><U+09BC><U+09BE><U+09B0><U+09BE> <U+09AC><U+09BE><U+0987><U+09A8>"
"27","<U+0D1A><U+0D46><U+0D31><U+0D3F><U+0D2F> <U+0D09><U+0D2A><U+0D4D><U+0D2A><U+0D1F><U+0D4D><U+0D1F><U+0D3F>"
"28","Whitbas seeboom"
"29","Whitbas seeboom"
"30","parwa"
"31","mangle nero"
"32","mangle prieto"
"33","manglecito"
"34","Merimustamangrove"
"35","Api-api jambu"
"36","timmer"
"37","mangle nero"
"38","Merimustamangrove"
"39","Api-api jambu"
"40","timmer"
"41","Gray mangrove"
"42","gray mangrove"
"43","<U+0634><U+0648><U+0631><U+0647> (<U+0634><U+064F><U+0648><U+0631><U+0647>)"
"44","<U+0634><U+0648><U+0631><U+0649>"
