"","Scutellaria.baicalensis"
"1","Baikal-Helmkraut"
"2","Baikali tihashein"
"3","Bajkala skutelario"
"4","Baykal basliqotu"
"5","Ho�ng c<U+1EA7>m"
"6","<U+0431><U+0430><U+0439><U+043A><U+0430><U+043B><U+0441><U+043A><U+0438> <U+0448><U+043B><U+0435><U+043C><U+043D><U+0438><U+043A>"
"7","<U+0E2D><U+0E36><U+0E48><U+0E07><U+0E07><U+0E34><U+0E49><U+0E21>"
"8","<U+30B3><U+30AC><U+30CD><U+30D0><U+30CA>"
"9","Baikal-Helmkraut"
"10","Baikali tihashein"
"11","Bajkala skutelario"
"12","Baykal basliqotu"
"13","Ho�ng c<U+1EA7>m"
"14","<U+0431><U+0430><U+0439><U+043A><U+0430><U+043B><U+0441><U+043A><U+0438> <U+0448><U+043B><U+0435><U+043C><U+043D><U+0438><U+043A>"
"15","<U+0E2D><U+0E36><U+0E48><U+0E07><U+0E07><U+0E34><U+0E49><U+0E21>"
"16","<U+30B3><U+30AC><U+30CD><U+30D0><U+30CA>"
