"c1([F,Cl,Br,I,$(N(=O)~O)])c([F,Cl,Br,I,$(N(=O)~O),$(C#N),$(C=O),$(C(F)(F)F),$(S=O)])cc([F,Cl,Br,I,$(N(=O)~O),$(C#N),$(C=O),$(C(F)(F)F),$(S=O)])cc1",enoch.smarts_0
"c1([F,Cl,Br,I,$(N(=O)~O)])c([F,Cl,Br,I,$(N(=O)~O),$(C#N),$(C=O),$(C(F)(F)F),$(S=O)])cccc1([F,Cl,Br,I,$(N(=O)~O),$(C#N),$(C=O),$(C(F)(F)F),$(S=O)])",enoch.smarts_1
"c1([F,Cl,Br,I,$(N(=O)~O)])ncc([F,Cl,Br,I,$(N(=O)~O),$(C#N),$(C=O),$(C(F)(F)F),$(S=O)])cc1",enoch.smarts_2
"c1([F,Cl,Br,I,$(N(=O)~O)])ncccc1([F,Cl,Br,I,$(N(=O)~O),$(C#N),$(C=O),$(C(F)(F)F),$(S=O)])",enoch.smarts_3
"c1([F,Cl,Br,I,$(N(=O)~O)])ncccn1",enoch.smarts_4
"c1([F,Cl,Br,I,$(N(=O)~O)])ncncc1",enoch.smarts_5
"c1([F,Cl,Br,I,$(N(=O)~O)])ncc([F,Cl,Br,I,$(N(=O)~O),$(C#N),$(C=O),$(C(F)(F)F),$(S=O)])nc1",enoch.smarts_6
"c1nc([F,Cl,Br,I,$(N(=O)~O)])ncn1",enoch.smarts_7
[CH2]=O,enoch.smarts_8
"[CX4][CH]=[O,SX2]",enoch.smarts_9
[a][CH]=O,enoch.smarts_10
"C(C)(C)=CC=[O,SX2]",enoch.smarts_11
"[C;!r5]([C;!r5])=[C;!r5](C)[C;!r5]=[O,SX2;!r5]",enoch.smarts_12
"[#6]C(=[O,SX2])C(=[O,SX2])[#6]",enoch.smarts_13
"[#6]C(=[O,SX2])[CX4]C(=[O,SX2])[#6]",enoch.smarts_14
"[#6][$([NX2]=O),$(N=C=O),$(OC#N),$(SC#N),$(N=C=S)]",enoch.smarts_15
[CH2][NH2],enoch.smarts_16
[CH2]N([CH3])[CH3],enoch.smarts_17
CC(C)=[CH][CH2][OH],enoch.smarts_18
CC=C(C)[CH2][OH],enoch.smarts_19
"[CH2,CH]=[CH][$(N(=O)~O),$(C=O),$(C#N),$(S=O),$(C(=O)N),$(a)]",enoch.smarts_20
"[CH2]=C[$(N(=O)~O),$(C=O),$(C#N),$(S=O),$(C(=O)N),$(a)]",enoch.smarts_21
"aC=C[$(N(=O)~O),$(C=O),$(C#N),$(S=O),$(C(=O)N),$(a)]",enoch.smarts_22
"C#C[$(N(=O)~O),$(C=O),$(C#N),$(S=O),$(C(=O)N),$(a)]",enoch.smarts_23
"[CH2,CH]=[CH]C=C[$(N(=O)~O),$(C=O),$(C#N),$(S=O),$(C(=O)N),$(a)]",enoch.smarts_24
"[CHR]=[CR][$(N(=O)~O),$(C=O),$(C#N),$(S=O),$(C(=O)N),$(a)]",enoch.smarts_25
"C=C([F,Cl,Br,I])[F,Cl,Br,I]",enoch.smarts_26
"c1c(=[O,NH2,NH])c(=[O,NH2,NH])ccc1",enoch.smarts_27
"c1c(=[O,NH2,NH])ccc(=[O,NH2,NH])c1",enoch.smarts_28
"C1=[C,N][$(S(=O)(=O)),$(C=[N,O]),$(S=O)][C,N]=C1c2ccccc2",enoch.smarts_29
"[CH2,CH]=C1C(=[O,SX2])**C1",enoch.smarts_30
"c1c([OH,NH2,NH])c([OH,NH2,NH,$(N=N),$(N(C)C)])ccc1",enoch.smarts_31
"c1c([OH,NH2,NH])ccc([OH,NH2,NH,$(N=N),$(N(C)C)])c1",enoch.smarts_32
c1([OH])c(O[CH3])cccc1,enoch.smarts_33
c1([OH])ccc(O[CH3])cc1,enoch.smarts_34
c1c([OH])ccc(C=C[CH3])c1,enoch.smarts_35
"c1c([OH,NH2,NH])cc([OH,NH2,NH,$(N(C)C)])cc1",enoch.smarts_36
"C([F,Cl,Br,I])[CH2,CH][$(N(=O)~O),$(C=O),$(C#N),$(S=O),$(C(=O)N),$(a)]",enoch.smarts_37
"[$([CH]=[CH2,CH]),$(C(C)=[CH2,CH]),$(C#C);!$(C(C)=CC)][CH2][OH]",enoch.smarts_38
c1([OH])ccc([CH2][CH]=[CH2])cc1,enoch.smarts_39
c1(O[CH3])ccc([CH2][CH]=[CH2])cc1,enoch.smarts_40
[OH]c1cccc2ccccc12,enoch.smarts_41
"F[CH2,CH]C(F)[$(N(=O)~O),$(C=O),$(C#N),$(S=O),$(C(=O)N),$(a)]",enoch.smarts_42
"Cl[CH2,CH]C(Cl)[$(N(=O)~O),$(C=O),$(C#N),$(S=O),$(C(=O)N),$(a)]",enoch.smarts_43
"Br[CH2,CH]C(Br)[$(N(=O)~O),$(C=O),$(C#N),$(S=O),$(C(=O)N),$(a)]",enoch.smarts_44
"I[CH2,CH]C(I)[$(N(=O)~O),$(C=O),$(C#N),$(S=O),$(C(=O)N),$(a)]",enoch.smarts_45
"[CH,CH2,CH3;!$([CH2]CC=[O,S])][F,Cl,Br,I,$(OS(=O)(=O)[#6,#1]),$(OS(=O)(=O)O[#6,#1])]",enoch.smarts_46
"[#6]1[O,N,SX2][#6]1",enoch.smarts_47
"C1C(=[O,S])[O,S][CH2,CH]1",enoch.smarts_48
"[$(C=C),$(C#C),a][CH2,CH][O,S][$([CH]=O),$([CH]=S),$(C(C)=O),$(C(C)=S),[a]]",enoch.smarts_49
"[#6]1=,:[#6]C(=[O,SX1])N[SX2]1",enoch.smarts_50
"[#6][O,SX2,N][O,SX2,N][$([CH]=O),$([CH]=S),$(C(C)=O),$(C(C)=S),[a]]",enoch.smarts_51
"[CH2,CH3][NX3][NX2]=[O,S]",enoch.smarts_52
c1ccc2cc3ccccc3cc2c1,enoch.smarts_53
c1ccc2c(c1)ccc3ccccc23,enoch.smarts_54
"[!$(C=C);!$(C#C)]C(=[O,SX1,N])[F,Cl,Br,I]",enoch.smarts_55
"[!$(C=C);!$(C#C)]C(=[O,SX1,N])[O,S,N][a]",enoch.smarts_56
"[!$(C=C);!$(C#C)]C(=[O,SX1,N])[O,S,N]C(=[O,SX1,N])",enoch.smarts_57
"[!$(C=C);!$(C#C)]C(=[O,S,N])[O,S][$(C=C),$(C=N),$(C#C),$(C#N)]",enoch.smarts_58
"[#6]1C(=[O,S])[O,N,S][#6]1",enoch.smarts_59
"[C,N,O,S,a]c1[n,o,s]c2ccccc2[n,o,s]1",enoch.smarts_60
"[#6]1[#6](=[N,O,S])[#7,#8,#16][#6][#7,#8,#16]1",enoch.smarts_61
"[C,O]=[#6]1[#7,#8,#16][#6](=[O,N,SX1])c2ccccc12",enoch.smarts_62
"[!$(C=C);!$(C#C)]C(=[O,SX1,N])[O,S,N][CX4,O,S][$(C=O),a,$(C=C),$(C#C),$(C=N),$(C#N)]",enoch.smarts_63
