"","protein_class","disease_semantic_type","disease_type","el","source","disease_class","disease_class_name","uniprotid","year_initial","gene_symbol","ei","gene_dpi","gene_pli","diseaseid","geneid","score","disease_name","protein_class_name","gene_dsi","year_final"
"1","DTO_00102000","Disease or Syndrome","disease",NA,"CURATED","C23;C17","   Pathological Conditions, Signs and Symptoms;    Skin and Connective Tissue Diseases","P10275",1998,"AR",0.963,0.846,0.98837,"C4083212",367,0.5,"Alopecia, Male Pattern","Nuclear receptor",0.351,2019
"2","DTO_05007624","Disease or Syndrome","disease",NA,"CURATED","C23;C17","   Pathological Conditions, Signs and Symptoms;    Skin and Connective Tissue Diseases","P31213",2003,"SRD5A2",1,0.615,NA,"C0162311",6716,0.42,"Androgenetic Alopecia","Enzyme",0.564,2016
"3","DTO_05007624","Disease or Syndrome","disease",NA,"CURATED","C23;C17","   Pathological Conditions, Signs and Symptoms;    Skin and Connective Tissue Diseases","P31213",2003,"SRD5A2",1,0.615,NA,"C4083212",6716,0.41,"Alopecia, Male Pattern","Enzyme",0.564,2016
"4","DTO_00102000","Disease or Syndrome","disease",NA,"CURATED","C23;C17","   Pathological Conditions, Signs and Symptoms;    Skin and Connective Tissue Diseases","P10275",1998,"AR",0.9,0.846,0.98837,"C0162311",367,0.4,"Androgenetic Alopecia","Nuclear receptor",0.351,2019
"5","DTO_05007405","Disease or Syndrome","disease",NA,"CURATED","C23;C17","   Pathological Conditions, Signs and Symptoms;    Skin and Connective Tissue Diseases","Q92887",2008,"ABCC2",1,0.808,5.2025e-47,"C0162311",1244,0.3,"Androgenetic Alopecia","Transporter",0.483,2008
"6","DTO_05007599","Disease or Syndrome","disease",NA,"CURATED","C23;C17","   Pathological Conditions, Signs and Symptoms;    Skin and Connective Tissue Diseases","P06850",2011,"CRH",1,0.808,0.71614,"C0162311",1392,0.3,"Androgenetic Alopecia","Signaling",0.439,2011
"7","","Disease or Syndrome","disease",NA,"CURATED","C23;C17","   Pathological Conditions, Signs and Symptoms;    Skin and Connective Tissue Diseases","P09874",2010,"PARP1",1,0.923,0.00033366,"C0162311",142,0.3,"Androgenetic Alopecia","",0.389,2010
"8","DTO_05007378","Disease or Syndrome","disease",NA,"CURATED","C23;C17","   Pathological Conditions, Signs and Symptoms;    Skin and Connective Tissue Diseases","O60885",2014,"BRD4",1,0.885,1,"C0162311",23476,0.3,"Androgenetic Alopecia","Epigenetic regulator",0.446,2014
"9","DTO_05007584","Disease or Syndrome","disease",NA,"CURATED","C23;C17","   Pathological Conditions, Signs and Symptoms;    Skin and Connective Tissue Diseases","P61586",2019,"RHOA",1,0.808,0.60405,"C0162311",387,0.3,"Androgenetic Alopecia","Enzyme modulator",0.502,2019
"10","","Disease or Syndrome","disease",NA,"CURATED","C23;C17","   Pathological Conditions, Signs and Symptoms;    Skin and Connective Tissue Diseases","P42898",2008,"MTHFR",1,0.885,3.2068e-10,"C0162311",4524,0.3,"Androgenetic Alopecia","",0.337,2008
"11","","Disease or Syndrome","disease",NA,"CURATED","C23;C17","   Pathological Conditions, Signs and Symptoms;    Skin and Connective Tissue Diseases","Q8IUH4",2010,"ZDHHC13",1,0.346,1.1955e-19,"C0162311",54503,0.3,"Androgenetic Alopecia","",0.729,2010
"12","","Disease or Syndrome","disease",NA,"CURATED","C23;C17","   Pathological Conditions, Signs and Symptoms;    Skin and Connective Tissue Diseases","P10644",2018,"PRKAR1A",1,0.846,0.99985,"C0162311",5573,0.3,"Androgenetic Alopecia","",0.401,2018
"13","DTO_05007542","Disease or Syndrome","disease",NA,"CURATED","C23;C17","   Pathological Conditions, Signs and Symptoms;    Skin and Connective Tissue Diseases","O43593",2006,"HR",1,0.192,7.438e-10,"C0162311",55806,0.3,"Androgenetic Alopecia","Transcription factor",0.722,2006
"14","","Disease or Syndrome","disease",NA,"CURATED","C23;C17","   Pathological Conditions, Signs and Symptoms;    Skin and Connective Tissue Diseases","Q8IYB8",2009,"SUPV3L1",1,0.115,0.032006,"C0162311",6832,0.3,"Androgenetic Alopecia","",0.821,2009
"15","DTO_00102000","Disease or Syndrome","disease",NA,"CURATED","C23;C17","   Pathological Conditions, Signs and Symptoms;    Skin and Connective Tissue Diseases","P11473",1992,"VDR",1,0.885,1.6787e-05,"C0162311",7421,0.3,"Androgenetic Alopecia","Nuclear receptor",0.352,2012
"16","DTO_05007557","Disease or Syndrome","disease",NA,"CURATED","C23;C17","   Pathological Conditions, Signs and Symptoms;    Skin and Connective Tissue Diseases","P26651",2005,"ZFP36",1,0.692,0.75244,"C0162311",7538,0.3,"Androgenetic Alopecia","Nucleic acid binding",0.523,2005
"17","","Disease or Syndrome","disease",NA,"CURATED","C23;C17","   Pathological Conditions, Signs and Symptoms;    Skin and Connective Tissue Diseases","O00220",2009,"TNFRSF10A",1,0.731,5.0697e-15,"C0162311",8797,0.3,"Androgenetic Alopecia","",0.521,2009
"18","DTO_05007405","Disease or Syndrome","disease",NA,"CURATED","C23;C17","   Pathological Conditions, Signs and Symptoms;    Skin and Connective Tissue Diseases","Q92887",2008,"ABCC2",1,0.808,5.2025e-47,"C4083212",1244,0.3,"Alopecia, Male Pattern","Transporter",0.483,2008
"19","DTO_05007599","Disease or Syndrome","disease",NA,"CURATED","C23;C17","   Pathological Conditions, Signs and Symptoms;    Skin and Connective Tissue Diseases","P06850",2011,"CRH",1,0.808,0.71614,"C4083212",1392,0.3,"Alopecia, Male Pattern","Signaling",0.439,2011
"20","","Disease or Syndrome","disease",NA,"CURATED","C23;C17","   Pathological Conditions, Signs and Symptoms;    Skin and Connective Tissue Diseases","P09874",2010,"PARP1",1,0.923,0.00033366,"C4083212",142,0.3,"Alopecia, Male Pattern","",0.389,2010
"21","DTO_05007378","Disease or Syndrome","disease",NA,"CURATED","C23;C17","   Pathological Conditions, Signs and Symptoms;    Skin and Connective Tissue Diseases","O60885",2014,"BRD4",1,0.885,1,"C4083212",23476,0.3,"Alopecia, Male Pattern","Epigenetic regulator",0.446,2014
"22","DTO_05007584","Disease or Syndrome","disease",NA,"CURATED","C23;C17","   Pathological Conditions, Signs and Symptoms;    Skin and Connective Tissue Diseases","P61586",2019,"RHOA",1,0.808,0.60405,"C4083212",387,0.3,"Alopecia, Male Pattern","Enzyme modulator",0.502,2019
"23","","Disease or Syndrome","disease",NA,"CURATED","C23;C17","   Pathological Conditions, Signs and Symptoms;    Skin and Connective Tissue Diseases","P42898",2008,"MTHFR",1,0.885,3.2068e-10,"C4083212",4524,0.3,"Alopecia, Male Pattern","",0.337,2008
"24","","Disease or Syndrome","disease",NA,"CURATED","C23;C17","   Pathological Conditions, Signs and Symptoms;    Skin and Connective Tissue Diseases","Q8IUH4",2010,"ZDHHC13",1,0.346,1.1955e-19,"C4083212",54503,0.3,"Alopecia, Male Pattern","",0.729,2010
"25","","Disease or Syndrome","disease",NA,"CURATED","C23;C17","   Pathological Conditions, Signs and Symptoms;    Skin and Connective Tissue Diseases","P10644",2018,"PRKAR1A",1,0.846,0.99985,"C4083212",5573,0.3,"Alopecia, Male Pattern","",0.401,2018
"26","DTO_05007542","Disease or Syndrome","disease",NA,"CURATED","C23;C17","   Pathological Conditions, Signs and Symptoms;    Skin and Connective Tissue Diseases","O43593",2006,"HR",1,0.192,7.438e-10,"C4083212",55806,0.3,"Alopecia, Male Pattern","Transcription factor",0.722,2006
"27","","Disease or Syndrome","disease",NA,"CURATED","C23;C17","   Pathological Conditions, Signs and Symptoms;    Skin and Connective Tissue Diseases","Q8IYB8",2009,"SUPV3L1",1,0.115,0.032006,"C4083212",6832,0.3,"Alopecia, Male Pattern","",0.821,2009
"28","DTO_00102000","Disease or Syndrome","disease",NA,"CURATED","C23;C17","   Pathological Conditions, Signs and Symptoms;    Skin and Connective Tissue Diseases","P11473",1992,"VDR",1,0.885,1.6787e-05,"C4083212",7421,0.3,"Alopecia, Male Pattern","Nuclear receptor",0.352,2012
"29","DTO_05007557","Disease or Syndrome","disease",NA,"CURATED","C23;C17","   Pathological Conditions, Signs and Symptoms;    Skin and Connective Tissue Diseases","P26651",2005,"ZFP36",1,0.692,0.75244,"C4083212",7538,0.3,"Alopecia, Male Pattern","Nucleic acid binding",0.523,2005
"30","","Disease or Syndrome","disease",NA,"CURATED","C23;C17","   Pathological Conditions, Signs and Symptoms;    Skin and Connective Tissue Diseases","O00220",2009,"TNFRSF10A",1,0.731,5.0697e-15,"C4083212",8797,0.3,"Alopecia, Male Pattern","",0.521,2009
