"","diseaseid","disease_name","year_final","score","disease_class","gene_dpi","disease_class_name","disease_type","protein_class","gene_pli","ei","gene_dsi","gene_symbol","protein_class_name","el","source","year_initial","geneid","disease_semantic_type","uniprotid"
"1","C4551976","HYPOTRICHOSIS 1",2012,0.6,"",0.538,"","disease","",0.0073159,1,0.644,"APCDD1","","strong","CURATED",2010,147495,"Disease or Syndrome","Q8J025"
"2","C1854310","Hypotrichosis simplex",2018,0.53,"C17",0.538,"   Skin and Connective Tissue Diseases","disease","",0.0073159,1,0.644,"APCDD1","","","CURATED",2010,147495,"Disease or Syndrome","Q8J025"
"3","C1854310","Hypotrichosis simplex",2009,0.51,"C17",0.385,"   Skin and Connective Tissue Diseases","disease","DTO_02300001",0.0007129,1,0.678,"LPAR6","G-protein coupled receptor","","CURATED",2008,10161,"Disease or Syndrome","P43657"
"4","C1854310","Hypotrichosis simplex",2015,0.44,"C17",0.346,"   Skin and Connective Tissue Diseases","disease","DTO_05007624",6.5309e-11,1,0.691,"LIPH","Enzyme","","CURATED",2008,200879,"Disease or Syndrome","Q8WWY8"
"5","C1854310","Hypotrichosis simplex",2019,0.32,"C17",0.654,"   Skin and Connective Tissue Diseases","disease","",1.813e-07,1,0.606,"LSS","","","CURATED",2018,4047,"Disease or Syndrome","P48449"
"6","C1854310","Hypotrichosis simplex",2011,0.31,"C17",0.115,"   Skin and Connective Tissue Diseases","disease","DTO_05007557",0.83747,1,0.839,"RPL21","Nucleic acid binding","","CURATED",2011,6144,"Disease or Syndrome","P46778"
"7","C1854310","Hypotrichosis simplex",2013,0.31,"C17",0.346,"   Skin and Connective Tissue Diseases","disease","DTO_05007557",0.90614,1,0.78,"SNRPE","Nucleic acid binding","","CURATED",2013,6635,"Disease or Syndrome","P62304"
"8","C1854310","Hypotrichosis simplex",2006,0.3,"C17",0.423,"   Skin and Connective Tissue Diseases","disease","DTO_05007620",5.9129e-13,1,0.686,"DSG4","Cell adhesion","","CURATED",2006,147409,"Disease or Syndrome","Q86SJ6"
