"","protein_class","disease_semantic_type","disease_type","el","source","disease_class","disease_class_name","uniprotid","year_initial","gene_symbol","ei","gene_dpi","gene_pli","diseaseid","geneid","score","disease_name","protein_class_name","gene_dsi","year_final"
"1","DTO_00102000","Disease or Syndrome","disease","","CURATED","C18;C19","   Nutritional and Metabolic Diseases;    Endocrine System Diseases","P41235",1992,"HNF4A",0.942,0.808,0.15285,"C0011860",3172,1,"Diabetes Mellitus, Non-Insulin-Dependent","Nuclear receptor",0.461,2019
"2","","Disease or Syndrome","disease","limited","CURATED","C18;C19","   Nutritional and Metabolic Diseases;    Endocrine System Diseases","O43316",1999,"PAX4",0.857,0.423,0.00042273,"C0011860",5078,1,"Diabetes Mellitus, Non-Insulin-Dependent","",0.644,2019
"3","DTO_05007584","Disease or Syndrome","disease","limited","CURATED","C18;C19","   Nutritional and Metabolic Diseases;    Endocrine System Diseases","Q16821",1994,"PPP1R3A",0.929,0.577,9.3122e-16,"C0011860",5506,1,"Diabetes Mellitus, Non-Insulin-Dependent","Enzyme modulator",0.711,2018
"4","DTO_03300101","Disease or Syndrome","disease","","CURATED","C18;C19","   Nutritional and Metabolic Diseases;    Endocrine System Diseases","P31751",2001,"AKT2",1,0.769,0.64432,"C0011860",208,0.96,"Diabetes Mellitus, Non-Insulin-Dependent","Kinase",0.474,2018
"5","DTO_03300101","Disease or Syndrome","disease","strong","CURATED","C18;C19","   Nutritional and Metabolic Diseases;    Endocrine System Diseases","P35557",1992,"GCK",0.953,0.808,0.63464,"C0011860",2645,0.9,"Diabetes Mellitus, Non-Insulin-Dependent","Kinase",0.523,2020
"6","","Disease or Syndrome","disease","","CURATED","C18;C19","   Nutritional and Metabolic Diseases;    Endocrine System Diseases","P35568",1993,"IRS1",0.939,0.769,0.023645,"C0011860",3667,0.9,"Diabetes Mellitus, Non-Insulin-Dependent","",0.488,2019
"7","DTO_01300327","Disease or Syndrome","disease","strong","CURATED","C18;C19","   Nutritional and Metabolic Diseases;    Endocrine System Diseases","Q14654",1996,"KCNJ11",0.943,0.615,0.010894,"C0011860",3767,0.9,"Diabetes Mellitus, Non-Insulin-Dependent","Ion channel",0.529,2019
"8","DTO_05007557","Disease or Syndrome","disease","strong","CURATED","C18;C19","   Nutritional and Metabolic Diseases;    Endocrine System Diseases","P20823",1995,"HNF1A",0.954,0.846,0.96115,"C0011860",6927,0.9,"Diabetes Mellitus, Non-Insulin-Dependent","Nucleic acid binding",0.478,2019
"9","DTO_05007624","Disease or Syndrome","disease","strong","CURATED","C18;C19","   Nutritional and Metabolic Diseases;    Endocrine System Diseases","Q13562",1999,"NEUROD1",0.92,0.808,0.77109,"C0011860",4760,0.8,"Diabetes Mellitus, Non-Insulin-Dependent","Enzyme",0.543,2018
"10","DTO_05007405","Disease or Syndrome","disease","","CURATED","C18;C19","   Nutritional and Metabolic Diseases;    Endocrine System Diseases","P14672",1990,"SLC2A4",0.951,0.769,4.7123e-05,"C0011860",6517,0.8,"Diabetes Mellitus, Non-Insulin-Dependent","Transporter",0.528,2020
"11","DTO_05007557","Disease or Syndrome","disease","","CURATED","C18;C19","   Nutritional and Metabolic Diseases;    Endocrine System Diseases","P35680",1998,"HNF1B",0.978,0.808,0.99976,"C0011860",6928,0.8,"Diabetes Mellitus, Non-Insulin-Dependent","Nucleic acid binding",0.473,2019
"12","","Disease or Syndrome","disease","","CURATED","C18;C19","   Nutritional and Metabolic Diseases;    Endocrine System Diseases","O95622",2002,"ADCY5",0.947,0.577,0.99928,"C0011860",111,0.7,"Diabetes Mellitus, Non-Insulin-Dependent","",0.617,2019
"13","DTO_05007624","Disease or Syndrome","disease","","CURATED","C18;C19","   Nutritional and Metabolic Diseases;    Endocrine System Diseases","Q9HC96",2000,"CAPN10",0.926,0.577,6.9206e-13,"C0011860",11132,0.7,"Diabetes Mellitus, Non-Insulin-Dependent","Enzyme",0.621,2019
"14","DTO_05007557","Disease or Syndrome","disease","","CURATED","C18;C19","   Nutritional and Metabolic Diseases;    Endocrine System Diseases","P17096",2005,"HMGA1",0.929,0.769,0.83209,"C0011860",3159,0.7,"Diabetes Mellitus, Non-Insulin-Dependent","Nucleic acid binding",0.494,2018
"15","","Disease or Syndrome","disease","","CURATED","C18;C19","   Nutritional and Metabolic Diseases;    Endocrine System Diseases","P01308",1983,"INS",0.978,0.923,0.30091,"C0011860",3630,0.7,"Diabetes Mellitus, Non-Insulin-Dependent","",0.445,2020
"16","DTO_03300101","Disease or Syndrome","disease","","CURATED","C18;C19","   Nutritional and Metabolic Diseases;    Endocrine System Diseases","P06213",1985,"INSR",0.962,0.846,3.6145e-05,"C0011860",3643,0.7,"Diabetes Mellitus, Non-Insulin-Dependent","Kinase",0.432,2020
"17","","Disease or Syndrome","disease","","CURATED","C18;C19","   Nutritional and Metabolic Diseases;    Endocrine System Diseases","P52945",1998,"PDX1",0.956,0.654,0.017775,"C0011860",3651,0.7,"Diabetes Mellitus, Non-Insulin-Dependent","",0.53,2019
"18","DTO_05007624","Disease or Syndrome","disease","moderate","CURATED","C18;C19","   Nutritional and Metabolic Diseases;    Endocrine System Diseases","P22413",2000,"ENPP1",0.814,0.808,4.9944e-08,"C0011860",5167,0.7,"Diabetes Mellitus, Non-Insulin-Dependent","Enzyme",0.498,2019
"19","DTO_00102000","Disease or Syndrome","disease","","CURATED","C18;C19","   Nutritional and Metabolic Diseases;    Endocrine System Diseases","P37231",1998,"PPARG",0.953,0.885,0.029194,"C0011860",5468,0.7,"Diabetes Mellitus, Non-Insulin-Dependent","Nuclear receptor",0.358,2020
"20","","Disease or Syndrome","disease","","CURATED","C18;C19","   Nutritional and Metabolic Diseases;    Endocrine System Diseases","Q5VV42",2007,"CDKAL1",0.984,0.615,0.016021,"C0011860",54901,0.7,"Diabetes Mellitus, Non-Insulin-Dependent","",0.617,2019
"21","DTO_05007405","Disease or Syndrome","disease","","CURATED","C18;C19","   Nutritional and Metabolic Diseases;    Endocrine System Diseases","P11168",1990,"SLC2A2",0.839,0.692,3.4337e-08,"C0011860",6514,0.7,"Diabetes Mellitus, Non-Insulin-Dependent","Transporter",0.572,2019
"22","DTO_05007405","Disease or Syndrome","disease","","CURATED","C18;C19","   Nutritional and Metabolic Diseases;    Endocrine System Diseases","Q09428",1995,"ABCC8",0.9,0.846,7.9571e-24,"C0011860",6833,0.7,"Diabetes Mellitus, Non-Insulin-Dependent","Transporter",0.474,2018
"23","","Disease or Syndrome","disease","","CURATED","C18;C19","   Nutritional and Metabolic Diseases;    Endocrine System Diseases","Q9NQB0",2006,"TCF7L2",0.965,0.846,0.99537,"C0011860",6934,0.7,"Diabetes Mellitus, Non-Insulin-Dependent","",0.485,2020
"24","DTO_05007599","Disease or Syndrome","disease","","CURATED","C18;C19","   Nutritional and Metabolic Diseases;    Endocrine System Diseases","P01137",2002,"TGFB1",1,0.962,0.03685,"C0011860",7040,0.7,"Diabetes Mellitus, Non-Insulin-Dependent","Signaling",0.287,2020
"25","","Disease or Syndrome","disease","strong","CURATED","C18;C19","   Nutritional and Metabolic Diseases;    Endocrine System Diseases","O76024",2002,"WFS1",0.974,0.846,1.6231e-38,"C0011860",7466,0.7,"Diabetes Mellitus, Non-Insulin-Dependent","",0.528,2020
"26","","Disease or Syndrome","disease","","CURATED","C18;C19","   Nutritional and Metabolic Diseases;    Endocrine System Diseases","Q9Y4H2",1997,"IRS2",0.975,0.654,0.99032,"C0011860",8660,0.7,"Diabetes Mellitus, Non-Insulin-Dependent","",0.535,2017
"27","DTO_05007624","Disease or Syndrome","disease","","CURATED","C18;C19","   Nutritional and Metabolic Diseases;    Endocrine System Diseases","P11150",2001,"LIPC",1,0.654,3.2764e-07,"C0011860",3990,0.68,"Diabetes Mellitus, Non-Insulin-Dependent","Enzyme",0.585,2018
"28","DTO_05007599","Disease or Syndrome","disease","","CURATED","C18;C19","   Nutritional and Metabolic Diseases;    Endocrine System Diseases","P10415",2006,"BCL2",1,0.885,0.55903,"C0011860",596,0.67,"Diabetes Mellitus, Non-Insulin-Dependent","Signaling",0.291,2020
"29","DTO_05007599","Disease or Syndrome","disease","","CURATED","C18;C19","   Nutritional and Metabolic Diseases;    Endocrine System Diseases","Q9UQF2",2000,"MAPK8IP1",1,0.462,0.99983,"C0011860",9479,0.62,"Diabetes Mellitus, Non-Insulin-Dependent","Signaling",0.716,2018
"30","DTO_05007542","Disease or Syndrome","disease","","CURATED","C18;C19","   Nutritional and Metabolic Diseases;    Endocrine System Diseases","Q9UBK2",2001,"PPARGC1A",0.925,0.885,0.9973,"C0011860",10891,0.6,"Diabetes Mellitus, Non-Insulin-Dependent","Transcription factor",0.453,2020
"31","DTO_05007599","Disease or Syndrome","disease","","CURATED","C18;C19","   Nutritional and Metabolic Diseases;    Endocrine System Diseases","P05305",1999,"EDN1",1,0.846,0.45504,"C0011860",1906,0.6,"Diabetes Mellitus, Non-Insulin-Dependent","Signaling",0.38,2019
"32","DTO_02300001","Disease or Syndrome","disease","","CURATED","C18;C19","   Nutritional and Metabolic Diseases;    Endocrine System Diseases","P25101",2006,"EDNRA",1,0.885,0.99158,"C0011860",1909,0.6,"Diabetes Mellitus, Non-Insulin-Dependent","G-protein coupled receptor",0.426,2018
"33","DTO_05007378","Disease or Syndrome","disease","","CURATED","C18;C19","   Nutritional and Metabolic Diseases;    Endocrine System Diseases","Q96EB6",2008,"SIRT1",1,0.885,0.087326,"C0011860",23411,0.6,"Diabetes Mellitus, Non-Insulin-Dependent","Epigenetic regulator",0.378,2020
"34","","Disease or Syndrome","disease","","CURATED","C18;C19","   Nutritional and Metabolic Diseases;    Endocrine System Diseases","P09601",2002,"HMOX1",0.95,0.923,0.0096817,"C0011860",3162,0.6,"Diabetes Mellitus, Non-Insulin-Dependent","",0.381,2019
"35","DTO_05007624","Disease or Syndrome","disease","","CURATED","C18;C19","   Nutritional and Metabolic Diseases;    Endocrine System Diseases","P00738",1986,"HP",0.975,0.885,1.736e-05,"C0011860",3240,0.6,"Diabetes Mellitus, Non-Insulin-Dependent","Enzyme",0.412,2019
"36","","Disease or Syndrome","disease","","CURATED","C18;C19","   Nutritional and Metabolic Diseases;    Endocrine System Diseases","P05362",2002,"ICAM1",0.862,0.962,0.035295,"C0011860",3383,0.6,"Diabetes Mellitus, Non-Insulin-Dependent","",0.364,2019
"37","","Disease or Syndrome","disease","","CURATED","C18;C19","   Nutritional and Metabolic Diseases;    Endocrine System Diseases","P41159",1996,"LEP",0.952,0.846,0.46491,"C0011860",3952,0.6,"Diabetes Mellitus, Non-Insulin-Dependent","",0.349,2020
"38","DTO_05007599","Disease or Syndrome","disease","","CURATED","C18;C19","   Nutritional and Metabolic Diseases;    Endocrine System Diseases","P48357",1966,"LEPR",0.975,0.808,0.99475,"C0011860",3953,0.6,"Diabetes Mellitus, Non-Insulin-Dependent","Signaling",0.433,2019
"39","","Disease or Syndrome","disease","","CURATED","C18;C19","   Nutritional and Metabolic Diseases;    Endocrine System Diseases","P29474",1999,"NOS3",0.9,0.885,6.7246e-07,"C0011860",4846,0.6,"Diabetes Mellitus, Non-Insulin-Dependent","",0.378,2019
"40","DTO_05007599","Disease or Syndrome","disease","","CURATED","C18;C19","   Nutritional and Metabolic Diseases;    Endocrine System Diseases","P01375",1995,"TNF",0.95,0.962,0.8033,"C0011860",7124,0.6,"Diabetes Mellitus, Non-Insulin-Dependent","Signaling",0.231,2020
"41","DTO_05007405","Disease or Syndrome","disease","","CURATED","C18;C19","   Nutritional and Metabolic Diseases;    Endocrine System Diseases","P55851",1998,"UCP2",0.857,0.808,1.5497e-10,"C0011860",7351,0.6,"Diabetes Mellitus, Non-Insulin-Dependent","Transporter",0.493,2019
"42","","Disease or Syndrome","disease","","CURATED","C18;C19","   Nutritional and Metabolic Diseases;    Endocrine System Diseases","Q15848",1999,"ADIPOQ",0.95,0.885,4.6434e-09,"C0011860",9370,0.6,"Diabetes Mellitus, Non-Insulin-Dependent","",0.376,2020
"43","","Disease or Syndrome","disease","","CURATED","C18;C19","   Nutritional and Metabolic Diseases;    Endocrine System Diseases","P19438",2002,"TNFRSF1A",1,0.923,0.9949,"C0011860",7132,0.59,"Diabetes Mellitus, Non-Insulin-Dependent","",0.409,2019
"44","","Disease or Syndrome","disease","","CURATED","C18;C19","   Nutritional and Metabolic Diseases;    Endocrine System Diseases","P35228",2002,"NOS2",1,0.923,4.0277e-15,"C0011860",4843,0.57,"Diabetes Mellitus, Non-Insulin-Dependent","",0.364,2019
"45","DTO_05007624","Disease or Syndrome","disease","","CURATED","C18;C19","   Nutritional and Metabolic Diseases;    Endocrine System Diseases","Q9UEF7",2006,"KL",1,0.769,0.00022444,"C0011860",9365,0.57,"Diabetes Mellitus, Non-Insulin-Dependent","Enzyme",0.448,2019
"46","DTO_05007624","Disease or Syndrome","disease","","CURATED","C18;C19","   Nutritional and Metabolic Diseases;    Endocrine System Diseases","P50416",2005,"CPT1A",1,0.808,5.114e-09,"C0011860",1374,0.56,"Diabetes Mellitus, Non-Insulin-Dependent","Enzyme",0.555,2019
"47","DTO_05007405","Disease or Syndrome","disease","","CURATED","C18;C19","   Nutritional and Metabolic Diseases;    Endocrine System Diseases","P60880",2005,"SNAP25",1,0.808,0.98653,"C0011860",6616,0.52,"Diabetes Mellitus, Non-Insulin-Dependent","Transporter",0.489,2017
"48","DTO_02300001","Disease or Syndrome","disease","","CURATED","C18;C19","   Nutritional and Metabolic Diseases;    Endocrine System Diseases","P24530",2006,"EDNRB",1,0.846,0.0092419,"C0011860",1910,0.51,"Diabetes Mellitus, Non-Insulin-Dependent","G-protein coupled receptor",0.47,2009
"49","DTO_05007405","Disease or Syndrome","disease","","CURATED","C18;C19","   Nutritional and Metabolic Diseases;    Endocrine System Diseases","P16615",2005,"ATP2A2",1,0.808,0.99945,"C0011860",488,0.51,"Diabetes Mellitus, Non-Insulin-Dependent","Transporter",0.529,2016
"50","DTO_05007624","Disease or Syndrome","disease","","CURATED","C18;C19","   Nutritional and Metabolic Diseases;    Endocrine System Diseases","Q9Y6M1",2007,"IGF2BP2",0.972,0.615,0.23861,"C0011860",10644,0.5,"Diabetes Mellitus, Non-Insulin-Dependent","Enzyme",0.588,2019
"51","DTO_05007405","Disease or Syndrome","disease","","CURATED","C18;C19","   Nutritional and Metabolic Diseases;    Endocrine System Diseases","Q8IWU4",2007,"SLC30A8",0.963,0.731,7.4306e-12,"C0011860",169026,0.5,"Diabetes Mellitus, Non-Insulin-Dependent","Transporter",0.623,2019
"52","","Disease or Syndrome","disease","","CURATED","C18;C19","   Nutritional and Metabolic Diseases;    Endocrine System Diseases","Q8NEA6",2010,"GLIS3",1,0.654,5.5977e-08,"C0011860",169792,0.5,"Diabetes Mellitus, Non-Insulin-Dependent","",0.59,2019
"53","","Disease or Syndrome","disease","","CURATED","C18;C19","   Nutritional and Metabolic Diseases;    Endocrine System Diseases","Q86VZ6",2008,"JAZF1",0.971,0.654,0.89582,"C0011860",221895,0.5,"Diabetes Mellitus, Non-Insulin-Dependent","",0.582,2019
"54","DTO_02300001","Disease or Syndrome","disease","","CURATED","C18;C19","   Nutritional and Metabolic Diseases;    Endocrine System Diseases","P47871",1995,"GCGR",0.891,0.308,2.2154e-06,"C0011860",2642,0.5,"Diabetes Mellitus, Non-Insulin-Dependent","G-protein coupled receptor",0.656,2020
"55","","Disease or Syndrome","disease","","CURATED","C18;C19","   Nutritional and Metabolic Diseases;    Endocrine System Diseases","Q14397",2005,"GCKR",0.957,0.615,8.5354e-19,"C0011860",2646,0.5,"Diabetes Mellitus, Non-Insulin-Dependent","",0.604,2020
"56","DTO_02300001","Disease or Syndrome","disease","","CURATED","C18;C19","   Nutritional and Metabolic Diseases;    Endocrine System Diseases","P43220",1993,"GLP1R",0.978,0.846,0.29347,"C0011860",2740,0.5,"Diabetes Mellitus, Non-Insulin-Dependent","G-protein coupled receptor",0.471,2020
"57","DTO_01300327","Disease or Syndrome","disease","","CURATED","C18;C19","   Nutritional and Metabolic Diseases;    Endocrine System Diseases","P51787",2008,"KCNQ1",0.972,0.769,4.5453e-08,"C0011860",3784,0.5,"Diabetes Mellitus, Non-Insulin-Dependent","Ion channel",0.485,2019
"58","DTO_02300001","Disease or Syndrome","disease","","CURATED","C18;C19","   Nutritional and Metabolic Diseases;    Endocrine System Diseases","P49286",2008,"MTNR1B",0.987,0.731,0.00064771,"C0011860",4544,0.5,"Diabetes Mellitus, Non-Insulin-Dependent","G-protein coupled receptor",0.588,2020
"59","","Disease or Syndrome","disease","","CURATED","C18;C19","   Nutritional and Metabolic Diseases;    Endocrine System Diseases","Q9HD89",2001,"RETN",0.95,0.808,0.036545,"C0011860",56729,0.5,"Diabetes Mellitus, Non-Insulin-Dependent","",0.454,2020
"60","","Disease or Syndrome","disease","","CURATED","C18;C19","   Nutritional and Metabolic Diseases;    Endocrine System Diseases","P18031",1999,"PTPN1",0.961,0.731,0.81293,"C0011860",5770,0.5,"Diabetes Mellitus, Non-Insulin-Dependent","",0.523,2019
"61","","Disease or Syndrome","disease","","CURATED","C18;C19","   Nutritional and Metabolic Diseases;    Endocrine System Diseases","Q9C0B1",2007,"FTO",0.954,0.885,8.364e-08,"C0011860",79068,0.5,"Diabetes Mellitus, Non-Insulin-Dependent","",0.486,2020
"62","DTO_05007575","Disease or Syndrome","disease","","CURATED","C18;C19","   Nutritional and Metabolic Diseases;    Endocrine System Diseases","Q6YHU6",2008,"THADA",1,0.5,4.6208e-41,"C0011860",63892,0.49,"Diabetes Mellitus, Non-Insulin-Dependent","Receptor",0.686,2019
"63","","Disease or Syndrome","disease","","CURATED","C18;C19","   Nutritional and Metabolic Diseases;    Endocrine System Diseases","Q9NP66",2011,"HMG20A",1,0.154,0.67769,"C0011860",10363,0.48,"Diabetes Mellitus, Non-Insulin-Dependent","",0.89,2018
"64","","Disease or Syndrome","disease","","CURATED","C18;C19","   Nutritional and Metabolic Diseases;    Endocrine System Diseases","Q04721",2007,"NOTCH2",1,0.808,1,"C0011860",4853,0.46,"Diabetes Mellitus, Non-Insulin-Dependent","",0.441,2019
"65","DTO_05007542","Disease or Syndrome","disease","","CURATED","C18;C19","   Nutritional and Metabolic Diseases;    Endocrine System Diseases","Q92786",2010,"PROX1",1,0.538,0.99884,"C0011860",5629,0.46,"Diabetes Mellitus, Non-Insulin-Dependent","Transcription factor",0.565,2019
"66","DTO_05007624","Disease or Syndrome","disease","","CURATED","C18;C19","   Nutritional and Metabolic Diseases;    Endocrine System Diseases","P43304",1996,"GPD2",0.833,0.538,8.1316e-11,"C0011860",2820,0.45,"Diabetes Mellitus, Non-Insulin-Dependent","Enzyme",0.678,2005
"67","","Disease or Syndrome","disease","","CURATED","C18;C19","   Nutritional and Metabolic Diseases;    Endocrine System Diseases","Q96LR5",2010,"UBE2E2",0.929,0.423,0.96378,"C0011860",7325,0.45,"Diabetes Mellitus, Non-Insulin-Dependent","",0.695,2019
"68","DTO_01300327","Disease or Syndrome","disease","","CURATED","C18;C19","   Nutritional and Metabolic Diseases;    Endocrine System Diseases","Q96T55",2011,"KCNK16",1,0.154,0.00010207,"C0011860",83795,0.45,"Diabetes Mellitus, Non-Insulin-Dependent","Ion channel",0.89,2019
"69","DTO_05007405","Disease or Syndrome","disease","","CURATED","C18;C19","   Nutritional and Metabolic Diseases;    Endocrine System Diseases","P59780",2011,"AP3S2",1,0.115,2.3273e-05,"C0011860",10239,0.44,"Diabetes Mellitus, Non-Insulin-Dependent","Transporter",0.931,2019
"70","","Disease or Syndrome","disease","","CURATED","C18;C19","   Nutritional and Metabolic Diseases;    Endocrine System Diseases","Q7L5Y9",2011,"MAEA",0.857,0.385,0.22741,"C0011860",10296,0.44,"Diabetes Mellitus, Non-Insulin-Dependent","",0.736,2019
"71","DTO_05007575","Disease or Syndrome","disease","","CURATED","C18;C19","   Nutritional and Metabolic Diseases;    Endocrine System Diseases","Q14449",2011,"GRB14",1,0.346,0.053089,"C0011860",2888,0.43,"Diabetes Mellitus, Non-Insulin-Dependent","Receptor",0.743,2019
"72","DTO_05007624","Disease or Syndrome","disease","","CURATED","C18;C19","   Nutritional and Metabolic Diseases;    Endocrine System Diseases","P12955",2011,"PEPD",1,0.769,1.4633e-14,"C0011860",5184,0.43,"Diabetes Mellitus, Non-Insulin-Dependent","Enzyme",0.621,2019
"73","DTO_05007542","Disease or Syndrome","disease","","CURATED","C18;C19","   Nutritional and Metabolic Diseases;    Endocrine System Diseases","Q8IY22",2011,"CMIP",1,0.577,0.99999,"C0011860",80790,0.43,"Diabetes Mellitus, Non-Insulin-Dependent","Transcription factor",0.682,2019
"74","","Disease or Syndrome","disease","","CURATED","C18;C19","   Nutritional and Metabolic Diseases;    Endocrine System Diseases","P56199",2012,"ITGA1",1,0.654,2.6124e-16,"C0011860",3672,0.42,"Diabetes Mellitus, Non-Insulin-Dependent","",0.644,2019
"75","DTO_05007624","Disease or Syndrome","disease","","CURATED","C18;C19","   Nutritional and Metabolic Diseases;    Endocrine System Diseases","P19021",2014,"PAM",1,0.692,6.934e-06,"C0011860",5066,0.42,"Diabetes Mellitus, Non-Insulin-Dependent","Enzyme",0.542,2019
"76","DTO_05007378","Disease or Syndrome","disease","","CURATED","C18;C19","   Nutritional and Metabolic Diseases;    Endocrine System Diseases","Q9HB21",2014,"PLEKHA1",1,0.269,0.0002347,"C0011860",59338,0.42,"Diabetes Mellitus, Non-Insulin-Dependent","Epigenetic regulator",0.769,2019
"77","","Disease or Syndrome","disease","","CURATED","C18;C19","   Nutritional and Metabolic Diseases;    Endocrine System Diseases","Q9H8U3",2011,"ZFAND3",1,0.192,0.92174,"C0011860",60685,0.42,"Diabetes Mellitus, Non-Insulin-Dependent","",0.792,2019
"78","DTO_05007624","Disease or Syndrome","disease","","CURATED","C18;C19","   Nutritional and Metabolic Diseases;    Endocrine System Diseases","Q16760",2008,"DGKD",1,0.346,0.072171,"C0011860",8527,0.42,"Diabetes Mellitus, Non-Insulin-Dependent","Enzyme",0.78,2019
"79","DTO_05007584","Disease or Syndrome","disease","","CURATED","C18;C19","   Nutritional and Metabolic Diseases;    Endocrine System Diseases","P30279",2014,"CCND2",1,0.808,0.98658,"C0011860",894,0.42,"Diabetes Mellitus, Non-Insulin-Dependent","Enzyme modulator",0.477,2019
"80","","Disease or Syndrome","disease","","CURATED","C18;C19","   Nutritional and Metabolic Diseases;    Endocrine System Diseases","Q15008",2011,"PSMD6",1,0.269,0.99518,"C0011860",9861,0.42,"Diabetes Mellitus, Non-Insulin-Dependent","",0.839,2019
"81","DTO_03300101","Disease or Syndrome","disease","","CURATED","C18;C19","   Nutritional and Metabolic Diseases;    Endocrine System Diseases","Q6VAB6",2013,"KSR2",1,0.231,1,"C0011860",283455,0.41,"Diabetes Mellitus, Non-Insulin-Dependent","Kinase",0.743,2019
"82","DTO_05007542","Disease or Syndrome","disease","","CURATED","C18;C19","   Nutritional and Metabolic Diseases;    Endocrine System Diseases","Q13469",2016,"NFATC2",1,0.731,0.99995,"C0011860",4773,0.41,"Diabetes Mellitus, Non-Insulin-Dependent","Transcription factor",0.525,2019
"83","","Disease or Syndrome","disease","","CURATED","C18;C19","   Nutritional and Metabolic Diseases;    Endocrine System Diseases","Q9Y2Q1",2019,"ZNF257",1,0.154,0.018857,"C0011860",113835,0.4,"Diabetes Mellitus, Non-Insulin-Dependent","",0.931,2019
"84","DTO_05007557","Disease or Syndrome","disease","","CURATED","C18;C19","   Nutritional and Metabolic Diseases;    Endocrine System Diseases","Q8TD94",2011,"KLF14",1,0.385,0.01598,"C0011860",136259,0.4,"Diabetes Mellitus, Non-Insulin-Dependent","Nucleic acid binding",0.691,2018
"85","","Disease or Syndrome","disease","","CURATED","C18;C19","   Nutritional and Metabolic Diseases;    Endocrine System Diseases","P13498",2003,"CYBA",0.917,0.769,8.8678e-06,"C0011860",1535,0.4,"Diabetes Mellitus, Non-Insulin-Dependent","",0.52,2016
"86","DTO_05007542","Disease or Syndrome","disease","","CURATED","C18;C19","   Nutritional and Metabolic Diseases;    Endocrine System Diseases","P14921",2018,"ETS1",1,0.731,0.7816,"C0011860",2113,0.4,"Diabetes Mellitus, Non-Insulin-Dependent","Transcription factor",0.444,2019
"87","","Disease or Syndrome","disease","","CURATED","C18;C19","   Nutritional and Metabolic Diseases;    Endocrine System Diseases","Q8WXI2",2019,"CNKSR2",1,0.538,0.99996,"C0011860",22866,0.4,"Diabetes Mellitus, Non-Insulin-Dependent","",0.628,2019
"88","DTO_05007542","Disease or Syndrome","disease","","CURATED","C18;C19","   Nutritional and Metabolic Diseases;    Endocrine System Diseases","Q9NQC1",2017,"JADE2",1,0.192,0.99994,"C0011860",23338,0.4,"Diabetes Mellitus, Non-Insulin-Dependent","Transcription factor",0.89,2017
"89","","Disease or Syndrome","disease","","CURATED","C18;C19","   Nutritional and Metabolic Diseases;    Endocrine System Diseases","Q8WXX7",2019,"AUTS2",1,0.846,0.99934,"C0011860",26053,0.4,"Diabetes Mellitus, Non-Insulin-Dependent","",0.569,2019
"90","DTO_05007557","Disease or Syndrome","disease","","CURATED","C18;C19","   Nutritional and Metabolic Diseases;    Endocrine System Diseases","Q52LR7",2019,"EPC2",1,0.5,0.99998,"C0011860",26122,0.4,"Diabetes Mellitus, Non-Insulin-Dependent","Nucleic acid binding",0.743,2019
"91","DTO_05007599","Disease or Syndrome","disease","","CURATED","C18;C19","   Nutritional and Metabolic Diseases;    Endocrine System Diseases","Q9NSA1",2008,"FGF21",1,0.769,0.029439,"C0011860",26291,0.4,"Diabetes Mellitus, Non-Insulin-Dependent","Signaling",0.485,2019
"92","","Disease or Syndrome","disease","","CURATED","C18;C19","   Nutritional and Metabolic Diseases;    Endocrine System Diseases","P01275",1986,"GCG",0.99,0.885,0.034814,"C0011860",2641,0.4,"Diabetes Mellitus, Non-Insulin-Dependent","",0.431,2020
"93","DTO_05007624","Disease or Syndrome","disease","","CURATED","C18;C19","   Nutritional and Metabolic Diseases;    Endocrine System Diseases","P16520",1999,"GNB3",0.923,0.808,3.3303e-11,"C0011860",2784,0.4,"Diabetes Mellitus, Non-Insulin-Dependent","Enzyme",0.518,2018
"94","","Disease or Syndrome","disease","","CURATED","C18;C19","   Nutritional and Metabolic Diseases;    Endocrine System Diseases","P55259",2019,"GP2",1,0.5,1.675e-21,"C0011860",2813,0.4,"Diabetes Mellitus, Non-Insulin-Dependent","",0.67,2019
"95","","Disease or Syndrome","disease","","CURATED","C18;C19","   Nutritional and Metabolic Diseases;    Endocrine System Diseases","P09488",2006,"GSTM1",0.95,0.923,0.0020641,"C0011860",2944,0.4,"Diabetes Mellitus, Non-Insulin-Dependent","",0.38,2019
"96","","Disease or Syndrome","disease","","CURATED","C18;C19","   Nutritional and Metabolic Diseases;    Endocrine System Diseases","Q03014",2007,"HHEX",0.949,0.692,0.54289,"C0011860",3087,0.4,"Diabetes Mellitus, Non-Insulin-Dependent","",0.599,2020
"97","DTO_05007599","Disease or Syndrome","disease","","CURATED","C18;C19","   Nutritional and Metabolic Diseases;    Endocrine System Diseases","P10997",1989,"IAPP",0.958,0.808,0.0031814,"C0011860",3375,0.4,"Diabetes Mellitus, Non-Insulin-Dependent","Signaling",0.507,2020
"98","DTO_05007599","Disease or Syndrome","disease","","CURATED","C18;C19","   Nutritional and Metabolic Diseases;    Endocrine System Diseases","P78552",2019,"IL13RA1",1,0.577,0.96333,"C0011860",3597,0.4,"Diabetes Mellitus, Non-Insulin-Dependent","Signaling",0.659,2019
"99","","Disease or Syndrome","disease","","CURATED","C18;C19","   Nutritional and Metabolic Diseases;    Endocrine System Diseases","O15357",2002,"INPPL1",1,0.769,0.0023313,"C0011860",3636,0.4,"Diabetes Mellitus, Non-Insulin-Dependent","",0.59,2020
"100","","Disease or Syndrome","disease","","CURATED","C18;C19","   Nutritional and Metabolic Diseases;    Endocrine System Diseases","",2010,"MIR126",1,0.846,NA,"C0011860",406913,0.4,"Diabetes Mellitus, Non-Insulin-Dependent","",0.447,2020
"101","","Disease or Syndrome","disease","","CURATED","C18;C19","   Nutritional and Metabolic Diseases;    Endocrine System Diseases","",2010,"MIR375",0.923,0.769,NA,"C0011860",494324,0.4,"Diabetes Mellitus, Non-Insulin-Dependent","",0.476,2019
"102","DTO_00102000","Disease or Syndrome","disease","","CURATED","C18;C19","   Nutritional and Metabolic Diseases;    Endocrine System Diseases","Q07869",2000,"PPARA",0.966,0.885,0.030182,"C0011860",5465,0.4,"Diabetes Mellitus, Non-Insulin-Dependent","Nuclear receptor",0.432,2020
"103","DTO_03300101","Disease or Syndrome","disease","","CURATED","C18;C19","   Nutritional and Metabolic Diseases;    Endocrine System Diseases","Q9UQ07",2001,"MOK",1,0.769,8.8397e-22,"C0011860",5891,0.4,"Diabetes Mellitus, Non-Insulin-Dependent","Kinase",0.476,2019
"104","","Disease or Syndrome","disease","","CURATED","C18;C19","   Nutritional and Metabolic Diseases;    Endocrine System Diseases","Q9Y252",2014,"RNF6",1,0.615,0.01389,"C0011860",6049,0.4,"Diabetes Mellitus, Non-Insulin-Dependent","",0.656,2019
"105","DTO_02300001","Disease or Syndrome","disease","","CURATED","C18;C19","   Nutritional and Metabolic Diseases;    Endocrine System Diseases","P47872",2019,"SCTR",1,0.423,2.4257e-12,"C0011860",6344,0.4,"Diabetes Mellitus, Non-Insulin-Dependent","G-protein coupled receptor",0.678,2019
"106","","Disease or Syndrome","disease","","CURATED","C18;C19","   Nutritional and Metabolic Diseases;    Endocrine System Diseases","P04278",2000,"SHBG",0.965,0.808,1.2538e-06,"C0011860",6462,0.4,"Diabetes Mellitus, Non-Insulin-Dependent","",0.438,2019
"107","","Disease or Syndrome","disease","","CURATED","C18;C19","   Nutritional and Metabolic Diseases;    Endocrine System Diseases","P15907",2011,"ST6GAL1",1,0.731,0.2341,"C0011860",6480,0.4,"Diabetes Mellitus, Non-Insulin-Dependent","",0.569,2019
"108","DTO_05007405","Disease or Syndrome","disease","","CURATED","C18;C19","   Nutritional and Metabolic Diseases;    Endocrine System Diseases","P43004",2019,"SLC1A2",1,0.731,0.71036,"C0011860",6506,0.4,"Diabetes Mellitus, Non-Insulin-Dependent","Transporter",0.511,2019
"109","DTO_05007405","Disease or Syndrome","disease","","CURATED","C18;C19","   Nutritional and Metabolic Diseases;    Endocrine System Diseases","P11166",1990,"SLC2A1",0.853,0.808,0.9941,"C0011860",6513,0.4,"Diabetes Mellitus, Non-Insulin-Dependent","Transporter",0.388,2020
"110","DTO_05007624","Disease or Syndrome","disease","","CURATED","C18;C19","   Nutritional and Metabolic Diseases;    Endocrine System Diseases","P00441",2001,"SOD1",0.929,0.962,0.1773,"C0011860",6647,0.4,"Diabetes Mellitus, Non-Insulin-Dependent","Enzyme",0.379,2019
"111","DTO_05007624","Disease or Syndrome","disease","","CURATED","C18;C19","   Nutritional and Metabolic Diseases;    Endocrine System Diseases","P04179",2004,"SOD2",0.941,0.923,0.15499,"C0011860",6648,0.4,"Diabetes Mellitus, Non-Insulin-Dependent","Enzyme",0.379,2019
"112","DTO_03300101","Disease or Syndrome","disease","","CURATED","C18;C19","   Nutritional and Metabolic Diseases;    Endocrine System Diseases","P15056",2017,"BRAF",1,0.846,0.99995,"C0011860",673,0.4,"Diabetes Mellitus, Non-Insulin-Dependent","Kinase",0.319,2017
"113","","Disease or Syndrome","disease","","CURATED","C18;C19","   Nutritional and Metabolic Diseases;    Endocrine System Diseases","Q9H0X4",2017,"FAM234A",1,0.077,1.459e-12,"C0011860",83986,0.4,"Diabetes Mellitus, Non-Insulin-Dependent","",1,2018
"114","","Disease or Syndrome","disease","","CURATED","C18;C19","   Nutritional and Metabolic Diseases;    Endocrine System Diseases","Q86UV5",2019,"USP48",1,0.308,1,"C0011860",84196,0.4,"Diabetes Mellitus, Non-Insulin-Dependent","",0.743,2019
"115","DTO_05007624","Disease or Syndrome","disease","","CURATED","C18;C19","   Nutritional and Metabolic Diseases;    Endocrine System Diseases","P04040",1992,"CAT",0.952,0.962,1.6263e-10,"C0011860",847,0.4,"Diabetes Mellitus, Non-Insulin-Dependent","Enzyme",0.359,2019
"116","DTO_05007405","Disease or Syndrome","disease","","CURATED","C18;C19","   Nutritional and Metabolic Diseases;    Endocrine System Diseases","O75436",2011,"VPS26A",1,0.269,0.61411,"C0011860",9559,0.4,"Diabetes Mellitus, Non-Insulin-Dependent","Transporter",0.821,2013
"117","","Disease or Syndrome","disease","","CURATED","C18;C19","   Nutritional and Metabolic Diseases;    Endocrine System Diseases","P20333",2001,"TNFRSF1B",1,0.885,0.50201,"C0011860",7133,0.39,"Diabetes Mellitus, Non-Insulin-Dependent","",0.425,2019
"118","DTO_05007624","Disease or Syndrome","disease","","CURATED","C18;C19","   Nutritional and Metabolic Diseases;    Endocrine System Diseases","P42574",2004,"CASP3",1,0.923,0.10017,"C0011860",836,0.39,"Diabetes Mellitus, Non-Insulin-Dependent","Enzyme",0.351,2020
"119","","Disease or Syndrome","disease","","CURATED","C18;C19","   Nutritional and Metabolic Diseases;    Endocrine System Diseases","O15527",2009,"OGG1",1,0.808,3.9314e-12,"C0011860",4968,0.38,"Diabetes Mellitus, Non-Insulin-Dependent","",0.453,2014
"120","","Disease or Syndrome","disease","","CURATED","C18;C19","   Nutritional and Metabolic Diseases;    Endocrine System Diseases","Q6FHJ7",2012,"SFRP4",1,0.654,9.2586e-05,"C0011860",6424,0.38,"Diabetes Mellitus, Non-Insulin-Dependent","",0.524,2020
"121","DTO_03300101","Disease or Syndrome","disease","","CURATED","C18;C19","   Nutritional and Metabolic Diseases;    Endocrine System Diseases","P00533",2010,"EGFR",1,0.885,0.36837,"C0011860",1956,0.37,"Diabetes Mellitus, Non-Insulin-Dependent","Kinase",0.295,2018
"122","DTO_05007624","Disease or Syndrome","disease","","CURATED","C18;C19","   Nutritional and Metabolic Diseases;    Endocrine System Diseases","P07203",2005,"GPX1",1,0.923,3.8518e-05,"C0011860",2876,0.37,"Diabetes Mellitus, Non-Insulin-Dependent","Enzyme",0.458,2018
"123","","Disease or Syndrome","disease","","CURATED","C18;C19","   Nutritional and Metabolic Diseases;    Endocrine System Diseases","",2012,"MIR27A",1,0.846,NA,"C0011860",407018,0.37,"Diabetes Mellitus, Non-Insulin-Dependent","",0.466,2019
"124","DTO_05007542","Disease or Syndrome","disease","","CURATED","C18;C19","   Nutritional and Metabolic Diseases;    Endocrine System Diseases","P19838",2006,"NFKB1",1,0.923,1,"C0011860",4790,0.37,"Diabetes Mellitus, Non-Insulin-Dependent","Transcription factor",0.396,2019
"125","DTO_05007624","Disease or Syndrome","disease","","CURATED","C18;C19","   Nutritional and Metabolic Diseases;    Endocrine System Diseases","Q9P2N4",2008,"ADAMTS9",1,0.692,1.0004e-06,"C0011860",56999,0.37,"Diabetes Mellitus, Non-Insulin-Dependent","Enzyme",0.633,2019
"126","","Disease or Syndrome","disease","","CURATED","C18;C19","   Nutritional and Metabolic Diseases;    Endocrine System Diseases","P69905",1991,"HBA1",0.714,0.808,0.0067313,"C0011860",3039,0.36,"Diabetes Mellitus, Non-Insulin-Dependent","",0.508,2017
"127","","Disease or Syndrome","disease","","CURATED","C18;C19","   Nutritional and Metabolic Diseases;    Endocrine System Diseases","",2011,"MIR144",1,0.769,NA,"C0011860",406936,0.36,"Diabetes Mellitus, Non-Insulin-Dependent","",0.5,2018
"128","","Disease or Syndrome","disease","","CURATED","C18;C19","   Nutritional and Metabolic Diseases;    Endocrine System Diseases","",2014,"MIR192",1,0.846,NA,"C0011860",406967,0.36,"Diabetes Mellitus, Non-Insulin-Dependent","",0.503,2019
"129","DTO_05007624","Disease or Syndrome","disease","","CURATED","C18;C19","   Nutritional and Metabolic Diseases;    Endocrine System Diseases","P16519",1995,"PCSK2",1,0.462,0.99853,"C0011860",5126,0.36,"Diabetes Mellitus, Non-Insulin-Dependent","Enzyme",0.663,2017
"130","DTO_03300101","Disease or Syndrome","disease","","CURATED","C18;C19","   Nutritional and Metabolic Diseases;    Endocrine System Diseases","P05771",2003,"PRKCB",1,0.885,1,"C0011860",5579,0.36,"Diabetes Mellitus, Non-Insulin-Dependent","Kinase",0.453,2018
"131","DTO_05007584","Disease or Syndrome","disease","","CURATED","C18;C19","   Nutritional and Metabolic Diseases;    Endocrine System Diseases","P01033",2002,"TIMP1",0.8,0.885,0.4993,"C0011860",7076,0.35,"Diabetes Mellitus, Non-Insulin-Dependent","Enzyme modulator",0.38,2018
"132","","Disease or Syndrome","disease","","CURATED","C18;C19","   Nutritional and Metabolic Diseases;    Endocrine System Diseases","Q96B42",2013,"TMEM18",1,0.308,0.0022182,"C0011860",129787,0.34,"Diabetes Mellitus, Non-Insulin-Dependent","",0.729,2019
"133","","Disease or Syndrome","disease","","CURATED","C18;C19","   Nutritional and Metabolic Diseases;    Endocrine System Diseases","Q8NCU7",2010,"C2CD4A",1,0.077,0.017468,"C0011860",145741,0.34,"Diabetes Mellitus, Non-Insulin-Dependent","",0.931,2018
"134","","Disease or Syndrome","disease","","CURATED","C18;C19","   Nutritional and Metabolic Diseases;    Endocrine System Diseases","",2014,"MIR221",1,0.846,NA,"C0011860",407006,0.34,"Diabetes Mellitus, Non-Insulin-Dependent","",0.449,2018
"135","DTO_05007542","Disease or Syndrome","disease","","CURATED","C18;C19","   Nutritional and Metabolic Diseases;    Endocrine System Diseases","P18847",2005,"ATF3",1,0.885,0.089296,"C0011860",467,0.34,"Diabetes Mellitus, Non-Insulin-Dependent","Transcription factor",0.494,2017
"136","DTO_05007405","Disease or Syndrome","disease","","CURATED","C18;C19","   Nutritional and Metabolic Diseases;    Endocrine System Diseases","O75751",2016,"SLC22A3",1,0.846,7.7723e-10,"C0011860",6581,0.34,"Diabetes Mellitus, Non-Insulin-Dependent","Transporter",0.531,2019
"137","","Disease or Syndrome","disease","","CURATED","C18;C19","   Nutritional and Metabolic Diseases;    Endocrine System Diseases","A6NLJ0",2010,"C2CD4B",1,0.077,8.8732e-05,"C0011860",388125,0.33,"Diabetes Mellitus, Non-Insulin-Dependent","",0.931,2018
"138","DTO_05007584","Disease or Syndrome","disease","","CURATED","C18;C19","   Nutritional and Metabolic Diseases;    Endocrine System Diseases","P01024",2010,"C3",1,0.885,0.90421,"C0011860",718,0.33,"Diabetes Mellitus, Non-Insulin-Dependent","Enzyme modulator",0.445,2020
"139","DTO_03300101","Disease or Syndrome","disease","","CURATED","C18;C19","   Nutritional and Metabolic Diseases;    Endocrine System Diseases","P19367",1993,"HK1",1,0.731,0.91459,"C0011860",3098,0.32,"Diabetes Mellitus, Non-Insulin-Dependent","Kinase",0.542,2011
"140","","Disease or Syndrome","disease","","CURATED","C18;C19","   Nutritional and Metabolic Diseases;    Endocrine System Diseases","P25445",2005,"FAS",1,0.923,0.8117,"C0011860",355,0.32,"Diabetes Mellitus, Non-Insulin-Dependent","",0.372,2019
"141","","Disease or Syndrome","disease","","CURATED","C18;C19","   Nutritional and Metabolic Diseases;    Endocrine System Diseases","",2014,"MIR130B",1,0.808,NA,"C0011860",406920,0.32,"Diabetes Mellitus, Non-Insulin-Dependent","",0.547,2018
"142","","Disease or Syndrome","disease","","CURATED","C18;C19","   Nutritional and Metabolic Diseases;    Endocrine System Diseases","",2014,"MIR222",1,0.808,NA,"C0011860",407007,0.32,"Diabetes Mellitus, Non-Insulin-Dependent","",0.486,2020
"143","DTO_05007405","Disease or Syndrome","disease","","CURATED","C18;C19","   Nutritional and Metabolic Diseases;    Endocrine System Diseases","Q93084",1999,"ATP2A3",1,0.577,2.247e-09,"C0011860",489,0.32,"Diabetes Mellitus, Non-Insulin-Dependent","Transporter",0.617,2019
"144","","Disease or Syndrome","disease","","CURATED","C18;C19","   Nutritional and Metabolic Diseases;    Endocrine System Diseases","Q8N5K1",2015,"CISD2",1,0.692,0.41583,"C0011860",493856,0.32,"Diabetes Mellitus, Non-Insulin-Dependent","",0.59,2017
"145","","Disease or Syndrome","disease","","CURATED","C18;C19","   Nutritional and Metabolic Diseases;    Endocrine System Diseases","",2014,"MIR423",1,0.769,NA,"C0011860",494335,0.32,"Diabetes Mellitus, Non-Insulin-Dependent","",0.566,2017
"146","DTO_05007542","Disease or Syndrome","disease","","CURATED","C18;C19","   Nutritional and Metabolic Diseases;    Endocrine System Diseases","Q04206",2013,"RELA",1,0.885,0.99948,"C0011860",5970,0.32,"Diabetes Mellitus, Non-Insulin-Dependent","Transcription factor",0.406,2018
"147","","Disease or Syndrome","disease","","CURATED","C18;C19","   Nutritional and Metabolic Diseases;    Endocrine System Diseases","",2012,"MIR483",1,0.769,NA,"C0011860",619552,0.32,"Diabetes Mellitus, Non-Insulin-Dependent","",0.537,2019
"148","DTO_05007624","Disease or Syndrome","disease","","CURATED","C18;C19","   Nutritional and Metabolic Diseases;    Endocrine System Diseases","P0DN79;P35520",2013,"CBS",1,0.885,3.0799e-05,"C0011860",875,0.32,"Diabetes Mellitus, Non-Insulin-Dependent","Enzyme",0.465,2019
"149","DTO_05007624","Disease or Syndrome","disease","","CURATED","C18;C19","   Nutritional and Metabolic Diseases;    Endocrine System Diseases","P42892",2006,"ECE1",1,0.769,0.95987,"C0011860",1889,0.31,"Diabetes Mellitus, Non-Insulin-Dependent","Enzyme",0.541,2018
"150","DTO_05007608","Disease or Syndrome","disease","","CURATED","C18;C19","   Nutritional and Metabolic Diseases;    Endocrine System Diseases","Q30154",2017,"HLA-DRB5",1,0.731,3.6359e-07,"C0011860",3127,0.31,"Diabetes Mellitus, Non-Insulin-Dependent","Immune response",0.608,2017
"151","","Disease or Syndrome","disease","","CURATED","C18;C19","   Nutritional and Metabolic Diseases;    Endocrine System Diseases","",2017,"MIR10B",1,0.808,NA,"C0011860",406903,0.31,"Diabetes Mellitus, Non-Insulin-Dependent","",0.509,2020
"152","","Disease or Syndrome","disease","","CURATED","C18;C19","   Nutritional and Metabolic Diseases;    Endocrine System Diseases","",2014,"MIR140",1,0.769,NA,"C0011860",406932,0.31,"Diabetes Mellitus, Non-Insulin-Dependent","",0.522,2017
"153","","Disease or Syndrome","disease","","CURATED","C18;C19","   Nutritional and Metabolic Diseases;    Endocrine System Diseases","",2014,"MIR142",1,0.846,NA,"C0011860",406934,0.31,"Diabetes Mellitus, Non-Insulin-Dependent","",0.48,2018
"154","","Disease or Syndrome","disease","","CURATED","C18;C19","   Nutritional and Metabolic Diseases;    Endocrine System Diseases","",2017,"MIR200A",1,0.808,NA,"C0011860",406983,0.31,"Diabetes Mellitus, Non-Insulin-Dependent","",0.519,2019
"155","","Disease or Syndrome","disease","","CURATED","C18;C19","   Nutritional and Metabolic Diseases;    Endocrine System Diseases","",2017,"MIR203A",1,0.808,NA,"C0011860",406986,0.31,"Diabetes Mellitus, Non-Insulin-Dependent","",0.471,2018
"156","","Disease or Syndrome","disease","","CURATED","C18;C19","   Nutritional and Metabolic Diseases;    Endocrine System Diseases","",2017,"MIR204",1,0.808,NA,"C0011860",406987,0.31,"Diabetes Mellitus, Non-Insulin-Dependent","",0.487,2019
"157","","Disease or Syndrome","disease","","CURATED","C18;C19","   Nutritional and Metabolic Diseases;    Endocrine System Diseases","",2015,"MIR214",1,0.808,NA,"C0011860",406996,0.31,"Diabetes Mellitus, Non-Insulin-Dependent","",0.48,2017
"158","","Disease or Syndrome","disease","","CURATED","C18;C19","   Nutritional and Metabolic Diseases;    Endocrine System Diseases","",2017,"MIR30A",1,0.808,NA,"C0011860",407029,0.31,"Diabetes Mellitus, Non-Insulin-Dependent","",0.478,2019
"159","","Disease or Syndrome","disease","","CURATED","C18;C19","   Nutritional and Metabolic Diseases;    Endocrine System Diseases","",2016,"MIR98",1,0.731,NA,"C0011860",407054,0.31,"Diabetes Mellitus, Non-Insulin-Dependent","",0.565,2017
"160","","Disease or Syndrome","disease","","CURATED","C18;C19","   Nutritional and Metabolic Diseases;    Endocrine System Diseases","",2017,"MIR377",1,0.731,NA,"C0011860",494326,0.31,"Diabetes Mellitus, Non-Insulin-Dependent","",0.587,2018
"161","","Disease or Syndrome","disease","","CURATED","C18;C19","   Nutritional and Metabolic Diseases;    Endocrine System Diseases","P26367",2005,"PAX6",1,0.769,0.99975,"C0011860",5080,0.31,"Diabetes Mellitus, Non-Insulin-Dependent","",0.45,2014
"162","","Disease or Syndrome","disease","","CURATED","C18;C19","   Nutritional and Metabolic Diseases;    Endocrine System Diseases","Q8WWA0",2012,"ITLN1",1,0.577,3.4119e-06,"C0011860",55600,0.31,"Diabetes Mellitus, Non-Insulin-Dependent","",0.656,2013
"163","","Disease or Syndrome","disease","","CURATED","C18;C19","   Nutritional and Metabolic Diseases;    Endocrine System Diseases","Q53HC0",2017,"CCDC92",1,0.154,0.29985,"C0011860",80212,0.31,"Diabetes Mellitus, Non-Insulin-Dependent","",0.839,2017
"164","","Disease or Syndrome","disease","","CURATED","C18;C19","   Nutritional and Metabolic Diseases;    Endocrine System Diseases","",2017,"MIR744",1,0.615,NA,"C0011860",100126313,0.3,"Diabetes Mellitus, Non-Insulin-Dependent","",0.617,2017
"165","","Disease or Syndrome","disease","","CURATED","C18;C19","   Nutritional and Metabolic Diseases;    Endocrine System Diseases","",2017,"MIR885",1,0.615,NA,"C0011860",100126334,0.3,"Diabetes Mellitus, Non-Insulin-Dependent","",0.597,2017
"166","","Disease or Syndrome","disease","","CURATED","C18;C19","   Nutritional and Metabolic Diseases;    Endocrine System Diseases","",2017,"MIR939",1,0.538,NA,"C0011860",100126351,0.3,"Diabetes Mellitus, Non-Insulin-Dependent","",0.659,2017
"167","","Disease or Syndrome","disease","","CURATED","C18;C19","   Nutritional and Metabolic Diseases;    Endocrine System Diseases","O43521",2017,"BCL2L11",1,0.731,0.88857,"C0011860",10018,0.3,"Diabetes Mellitus, Non-Insulin-Dependent","",0.51,2017
"168","","Disease or Syndrome","disease","","CURATED","C18;C19","   Nutritional and Metabolic Diseases;    Endocrine System Diseases","",2017,"MIR1249",1,0.269,NA,"C0011860",100302149,0.3,"Diabetes Mellitus, Non-Insulin-Dependent","",0.743,2017
"169","","Disease or Syndrome","disease","","CURATED","C18;C19","   Nutritional and Metabolic Diseases;    Endocrine System Diseases","",2017,"MIR1296",1,0.231,NA,"C0011860",100302150,0.3,"Diabetes Mellitus, Non-Insulin-Dependent","",0.736,2017
"170","","Disease or Syndrome","disease","","CURATED","C18;C19","   Nutritional and Metabolic Diseases;    Endocrine System Diseases","",2017,"MIR1307",1,0.577,NA,"C0011860",100302174,0.3,"Diabetes Mellitus, Non-Insulin-Dependent","",0.659,2017
"171","","Disease or Syndrome","disease","","CURATED","C18;C19","   Nutritional and Metabolic Diseases;    Endocrine System Diseases","",2017,"MIR1306",1,0.308,NA,"C0011860",100302197,0.3,"Diabetes Mellitus, Non-Insulin-Dependent","",0.736,2017
"172","","Disease or Syndrome","disease","","CURATED","C18;C19","   Nutritional and Metabolic Diseases;    Endocrine System Diseases","",2017,"MIR1228",1,0.192,NA,"C0011860",100302201,0.3,"Diabetes Mellitus, Non-Insulin-Dependent","",0.769,2017
"173","","Disease or Syndrome","disease","","CURATED","C18;C19","   Nutritional and Metabolic Diseases;    Endocrine System Diseases","",2017,"MIR1226",1,0.269,NA,"C0011860",100302232,0.3,"Diabetes Mellitus, Non-Insulin-Dependent","",0.792,2017
"174","","Disease or Syndrome","disease","","CURATED","C18;C19","   Nutritional and Metabolic Diseases;    Endocrine System Diseases","",2017,"MIR1260A",1,0.462,NA,"C0011860",100302236,0.3,"Diabetes Mellitus, Non-Insulin-Dependent","",0.716,2017
"175","","Disease or Syndrome","disease","","CURATED","C18;C19","   Nutritional and Metabolic Diseases;    Endocrine System Diseases","",2017,"MIR1301",1,0.269,NA,"C0011860",100302246,0.3,"Diabetes Mellitus, Non-Insulin-Dependent","",0.711,2017
"176","","Disease or Syndrome","disease","","CURATED","C18;C19","   Nutritional and Metabolic Diseases;    Endocrine System Diseases","",2017,"MIR1908",1,0.577,NA,"C0011860",100302263,0.3,"Diabetes Mellitus, Non-Insulin-Dependent","",0.67,2017
"177","","Disease or Syndrome","disease","","CURATED","C18;C19","   Nutritional and Metabolic Diseases;    Endocrine System Diseases","",2017,"MIR2116",1,0.154,NA,"C0011860",100313886,0.3,"Diabetes Mellitus, Non-Insulin-Dependent","",0.931,2017
"178","","Disease or Syndrome","disease","","CURATED","C18;C19","   Nutritional and Metabolic Diseases;    Endocrine System Diseases","",2017,"MIR3173",1,0.231,NA,"C0011860",100422981,0.3,"Diabetes Mellitus, Non-Insulin-Dependent","",0.931,2017
"179","","Disease or Syndrome","disease","","CURATED","C18;C19","   Nutritional and Metabolic Diseases;    Endocrine System Diseases","",2017,"MIR1260B",1,0.423,NA,"C0011860",100422991,0.3,"Diabetes Mellitus, Non-Insulin-Dependent","",0.711,2017
"180","","Disease or Syndrome","disease","","CURATED","C18;C19","   Nutritional and Metabolic Diseases;    Endocrine System Diseases","",2017,"MIR4516",1,0.385,NA,"C0011860",100616258,0.3,"Diabetes Mellitus, Non-Insulin-Dependent","",0.695,2017
"181","","Disease or Syndrome","disease","","CURATED","C18;C19","   Nutritional and Metabolic Diseases;    Endocrine System Diseases","",2017,"MIR4482",1,0.077,NA,"C0011860",100616323,0.3,"Diabetes Mellitus, Non-Insulin-Dependent","",1,2017
"182","","Disease or Syndrome","disease","","CURATED","C18;C19","   Nutritional and Metabolic Diseases;    Endocrine System Diseases","",2017,"MIR7704",1,0.154,NA,"C0011860",102465802,0.3,"Diabetes Mellitus, Non-Insulin-Dependent","",0.821,2017
"183","","Disease or Syndrome","disease","","CURATED","C18;C19","   Nutritional and Metabolic Diseases;    Endocrine System Diseases","",2017,"MIR8061",1,0.115,NA,"C0011860",102466251,0.3,"Diabetes Mellitus, Non-Insulin-Dependent","",0.931,2017
"184","","Disease or Syndrome","disease","","CURATED","C18;C19","   Nutritional and Metabolic Diseases;    Endocrine System Diseases","",2017,"MIR6741",1,0.308,NA,"C0011860",102466270,0.3,"Diabetes Mellitus, Non-Insulin-Dependent","",0.805,2017
"185","","Disease or Syndrome","disease","","CURATED","C18;C19","   Nutritional and Metabolic Diseases;    Endocrine System Diseases","",2017,"MIR6803",1,0.192,NA,"C0011860",102466739,0.3,"Diabetes Mellitus, Non-Insulin-Dependent","",0.839,2017
"186","","Disease or Syndrome","disease","","CURATED","C18;C19","   Nutritional and Metabolic Diseases;    Endocrine System Diseases","Q16878",2013,"CDO1",1,0.654,0.0096603,"C0011860",1036,0.3,"Diabetes Mellitus, Non-Insulin-Dependent","",0.592,2013
"187","","Disease or Syndrome","disease","","CURATED","C18;C19","   Nutritional and Metabolic Diseases;    Endocrine System Diseases","Q96E22",2019,"NUS1",1,0.615,0.98117,"C0011860",116150,0.3,"Diabetes Mellitus, Non-Insulin-Dependent","",0.619,2019
"188","","Disease or Syndrome","disease","","CURATED","C18;C19","   Nutritional and Metabolic Diseases;    Endocrine System Diseases","Q4W5P6",2017,"TMEM155",1,0.077,0.036443,"C0011860",132332,0.3,"Diabetes Mellitus, Non-Insulin-Dependent","",1,2017
"189","DTO_05007624","Disease or Syndrome","disease","","CURATED","C18;C19","   Nutritional and Metabolic Diseases;    Endocrine System Diseases","P05177",2012,"CYP1A2",1,0.923,2.4795e-10,"C0011860",1544,0.3,"Diabetes Mellitus, Non-Insulin-Dependent","Enzyme",0.494,2012
"190","DTO_01300327","Disease or Syndrome","disease","","CURATED","C18;C19","   Nutritional and Metabolic Diseases;    Endocrine System Diseases","A8MYU2",2017,"KCNU1",1,0.077,2.7854e-16,"C0011860",157855,0.3,"Diabetes Mellitus, Non-Insulin-Dependent","Ion channel",1,2017
"191","DTO_05007584","Disease or Syndrome","disease","","CURATED","C18;C19","   Nutritional and Metabolic Diseases;    Endocrine System Diseases","O14807",2017,"MRAS",1,0.731,0.92111,"C0011860",22808,0.3,"Diabetes Mellitus, Non-Insulin-Dependent","Enzyme modulator",0.59,2017
"192","DTO_05007624","Disease or Syndrome","disease","","CURATED","C18;C19","   Nutritional and Metabolic Diseases;    Endocrine System Diseases","P02790",2006,"HPX",1,0.731,1.3005e-11,"C0011860",3263,0.3,"Diabetes Mellitus, Non-Insulin-Dependent","Enzyme",0.599,2006
"193","DTO_05007542","Disease or Syndrome","disease","","CURATED","C18;C19","   Nutritional and Metabolic Diseases;    Endocrine System Diseases","P41134",2005,"ID1",1,0.692,0.00031026,"C0011860",3397,0.3,"Diabetes Mellitus, Non-Insulin-Dependent","Transcription factor",0.544,2005
"194","","Disease or Syndrome","disease","","CURATED","C18;C19","   Nutritional and Metabolic Diseases;    Endocrine System Diseases","",2017,"MIRLET7D",1,0.692,NA,"C0011860",406886,0.3,"Diabetes Mellitus, Non-Insulin-Dependent","",0.579,2017
"195","","Disease or Syndrome","disease","","CURATED","C18;C19","   Nutritional and Metabolic Diseases;    Endocrine System Diseases","",2014,"MIR125B1",1,0.538,NA,"C0011860",406911,0.3,"Diabetes Mellitus, Non-Insulin-Dependent","",0.656,2014
"196","","Disease or Syndrome","disease","","CURATED","C18;C19","   Nutritional and Metabolic Diseases;    Endocrine System Diseases","",2017,"MIR127",1,0.692,NA,"C0011860",406914,0.3,"Diabetes Mellitus, Non-Insulin-Dependent","",0.553,2017
"197","","Disease or Syndrome","disease","","CURATED","C18;C19","   Nutritional and Metabolic Diseases;    Endocrine System Diseases","",2017,"MIR141",1,0.808,NA,"C0011860",406933,0.3,"Diabetes Mellitus, Non-Insulin-Dependent","",0.497,2017
"198","","Disease or Syndrome","disease","","CURATED","C18;C19","   Nutritional and Metabolic Diseases;    Endocrine System Diseases","",2017,"MIR181C",1,0.769,NA,"C0011860",406957,0.3,"Diabetes Mellitus, Non-Insulin-Dependent","",0.555,2017
"199","","Disease or Syndrome","disease","","CURATED","C18;C19","   Nutritional and Metabolic Diseases;    Endocrine System Diseases","",2014,"MIR195",1,0.769,NA,"C0011860",406971,0.3,"Diabetes Mellitus, Non-Insulin-Dependent","",0.496,2014
"200","","Disease or Syndrome","disease","","CURATED","C18;C19","   Nutritional and Metabolic Diseases;    Endocrine System Diseases","",2017,"MIR205",1,0.846,NA,"C0011860",406988,0.3,"Diabetes Mellitus, Non-Insulin-Dependent","",0.482,2017
"201","","Disease or Syndrome","disease","","CURATED","C18;C19","   Nutritional and Metabolic Diseases;    Endocrine System Diseases","",2017,"MIR215",1,0.654,NA,"C0011860",406997,0.3,"Diabetes Mellitus, Non-Insulin-Dependent","",0.559,2017
"202","","Disease or Syndrome","disease","","CURATED","C18;C19","   Nutritional and Metabolic Diseases;    Endocrine System Diseases","Q75NE6",2017,"MIR17HG",1,0.808,NA,"C0011860",407975,0.3,"Diabetes Mellitus, Non-Insulin-Dependent","",0.483,2017
"203","DTO_05007542","Disease or Syndrome","disease","","CURATED","C18;C19","   Nutritional and Metabolic Diseases;    Endocrine System Diseases","Q99717",2010,"SMAD5",1,0.615,0.99838,"C0011860",4090,0.3,"Diabetes Mellitus, Non-Insulin-Dependent","Transcription factor",0.633,2010
"204","DTO_05007624","Disease or Syndrome","disease","","CURATED","C18;C19","   Nutritional and Metabolic Diseases;    Endocrine System Diseases","Q00266",2013,"MAT1A",1,0.577,0.00080978,"C0011860",4143,0.3,"Diabetes Mellitus, Non-Insulin-Dependent","Enzyme",0.582,2013
"205","","Disease or Syndrome","disease","","CURATED","C18;C19","   Nutritional and Metabolic Diseases;    Endocrine System Diseases","",2017,"MIR151A",1,0.538,NA,"C0011860",442893,0.3,"Diabetes Mellitus, Non-Insulin-Dependent","",0.682,2017
"206","","Disease or Syndrome","disease","","CURATED","C18;C19","   Nutritional and Metabolic Diseases;    Endocrine System Diseases","",2017,"MIR335",1,0.808,NA,"C0011860",442904,0.3,"Diabetes Mellitus, Non-Insulin-Dependent","",0.521,2017
"207","","Disease or Syndrome","disease","","CURATED","C18;C19","   Nutritional and Metabolic Diseases;    Endocrine System Diseases","",2017,"MIR339",1,0.615,NA,"C0011860",442907,0.3,"Diabetes Mellitus, Non-Insulin-Dependent","",0.608,2017
"208","DTO_05007542","Disease or Syndrome","disease","","CURATED","C18;C19","   Nutritional and Metabolic Diseases;    Endocrine System Diseases","P78426",2005,"NKX6-1",1,0.231,0.062705,"C0011860",4825,0.3,"Diabetes Mellitus, Non-Insulin-Dependent","Transcription factor",0.76,2005
"209","","Disease or Syndrome","disease","","CURATED","C18;C19","   Nutritional and Metabolic Diseases;    Endocrine System Diseases","Q86WB0",2017,"ZC3HC1",1,0.308,0.00025557,"C0011860",51530,0.3,"Diabetes Mellitus, Non-Insulin-Dependent","",0.76,2017
"210","","Disease or Syndrome","disease","","CURATED","C18;C19","   Nutritional and Metabolic Diseases;    Endocrine System Diseases","",2017,"MIR409",1,0.731,NA,"C0011860",574413,0.3,"Diabetes Mellitus, Non-Insulin-Dependent","",0.57,2017
"211","","Disease or Syndrome","disease","","CURATED","C18;C19","   Nutritional and Metabolic Diseases;    Endocrine System Diseases","",2017,"MIR485",1,0.731,NA,"C0011860",574436,0.3,"Diabetes Mellitus, Non-Insulin-Dependent","",0.593,2017
"212","","Disease or Syndrome","disease","","CURATED","C18;C19","   Nutritional and Metabolic Diseases;    Endocrine System Diseases","",2017,"MIR432",1,0.577,NA,"C0011860",574451,0.3,"Diabetes Mellitus, Non-Insulin-Dependent","",0.644,2017
"213","DTO_05007599","Disease or Syndrome","disease","","CURATED","C18;C19","   Nutritional and Metabolic Diseases;    Endocrine System Diseases","Q07817",2006,"BCL2L1",1,0.885,0.93667,"C0011860",598,0.3,"Diabetes Mellitus, Non-Insulin-Dependent","Signaling",0.493,2006
"214","DTO_05007616","Disease or Syndrome","disease","","CURATED","C18;C19","   Nutritional and Metabolic Diseases;    Endocrine System Diseases","P06703",2005,"S100A6",1,0.808,0.17565,"C0011860",6277,0.3,"Diabetes Mellitus, Non-Insulin-Dependent","Calcium-binding protein",0.51,2005
"215","","Disease or Syndrome","disease","","CURATED","C18;C19","   Nutritional and Metabolic Diseases;    Endocrine System Diseases","Q93088",2013,"BHMT",1,0.731,3.739e-14,"C0011860",635,0.3,"Diabetes Mellitus, Non-Insulin-Dependent","",0.595,2013
"216","","Disease or Syndrome","disease","","CURATED","C18;C19","   Nutritional and Metabolic Diseases;    Endocrine System Diseases","",2017,"MIR487B",1,0.423,NA,"C0011860",664616,0.3,"Diabetes Mellitus, Non-Insulin-Dependent","",0.67,2017
"217","","Disease or Syndrome","disease","","CURATED","C18;C19","   Nutritional and Metabolic Diseases;    Endocrine System Diseases","",2017,"MIR33B",1,0.615,NA,"C0011860",693120,0.3,"Diabetes Mellitus, Non-Insulin-Dependent","",0.601,2017
"218","","Disease or Syndrome","disease","","CURATED","C18;C19","   Nutritional and Metabolic Diseases;    Endocrine System Diseases","",2014,"MIR532",1,0.615,NA,"C0011860",693124,0.3,"Diabetes Mellitus, Non-Insulin-Dependent","",0.628,2014
"219","","Disease or Syndrome","disease","","CURATED","C18;C19","   Nutritional and Metabolic Diseases;    Endocrine System Diseases","",2017,"MIR628",1,0.462,NA,"C0011860",693213,0.3,"Diabetes Mellitus, Non-Insulin-Dependent","",0.7,2017
"220","","Disease or Syndrome","disease","","CURATED","C18;C19","   Nutritional and Metabolic Diseases;    Endocrine System Diseases","",2017,"MIR92B",1,0.654,NA,"C0011860",693235,0.3,"Diabetes Mellitus, Non-Insulin-Dependent","",0.59,2017
"221","DTO_05007624","Disease or Syndrome","disease","","CURATED","C18;C19","   Nutritional and Metabolic Diseases;    Endocrine System Diseases","Q14790",2004,"CASP8",1,0.923,3.7236e-06,"C0011860",841,0.3,"Diabetes Mellitus, Non-Insulin-Dependent","Enzyme",0.404,2004
