"","drugbank_id","drugbank_name","umls_cui_from_meddra","side_effect_name"
"17","DB07768","(10ALPHA,13ALPHA,14BETA,17ALPHA)-17-HYDROXYANDROST-4-EN-3-ONE","C0002170","Alopecia"
"643","DB07702","(16ALPHA,17ALPHA)-ESTRA-1,3,5(10)-TRIENE-3,16,17-TRIOL","C0002170","Alopecia"
"831","DB08567","(1S,4S)-4-(3,4-dichlorophenyl)-N-methyl-1,2,3,4-tetrahydronaphthalen-1-amine","C0002170","Alopecia"
"1249","DB07129","(2R)-1-(2,6-dimethylphenoxy)propan-2-amine","C0002170","Alopecia"
"1367","DB08298","(2S)-2-(6-methoxynaphthalen-2-yl)propanoic acid","C0002170","Alopecia"
"1717","DB02932","(2r)-N-[4-Cyano-3-(Trifluoromethyl)Phenyl]-3-[(4-Fluorophenyl)Sulfonyl]-2-Hydroxy-2-Methylpropanamide","C0002170","Alopecia"
"2011","DB08472","(3R)-N-methyl-3-phenyl-3-[4-(trifluoromethyl)phenoxy]propan-1-amine","C0002170","Alopecia"
"2560","DB08544","(3S)-N-methyl-3-phenyl-3-[4-(trifluoromethyl)phenoxy]propan-1-amine","C0002170","Alopecia"
"3205","DB02032","1-(3-Mercapto-2-Methyl-Propionyl)-Pyrrolidine-2-Carboxylic Acid","C0002170","Alopecia"
"3355","DB03322","1-(Isopropylamino)-3-(1-Naphthyloxy)-2-Propanol","C0002170","Alopecia"
"3477","DB07701","1-BENZYL-4-[(5,6-DIMETHOXY-1-INDANON-2-YL)METHYL]PIPERIDINE","C0002170","Alopecia"
"3937","DB06987","2-(4-(2-HYDROXY-3-(ISOPROPYLAMINO)PROPOXY)PHENYL)ETHANAMIDE","C0002170","Alopecia"
"4101","DB04441","2-Fluoroadenosine","C0002170","Alopecia"
"4704","DB08764","4-BROMO-2-FLUORO-N-[(4E)-6-METHOXY-7-[(1-METHYLPIPERIDIN-4-YL)METHOXY]QUINAZOLIN-4(1H)-YLIDENE]ANILINE","C0002170","Alopecia"
"5243","DB03256","5-Formyl-5,6,7,8-Tetrahydrofolate","C0002170","Alopecia"
"5679","DB05488","99mTc-ciprofloxacin","C0002170","Alopecia"
"6175","DB05379","APL-202","C0002170","Alopecia"
"6407","DB01048","Abacavir","C0002170","Alopecia"
"6618","DB00659","Acamprosate","C0002170","Alopecia"
"6883","DB01193","Acebutolol","C0002170","Alopecia"
"7008","DB01418","Acenocoumarol","C0002170","Alopecia"
"7301","DB00551","Acetohydroxamic Acid","C0002170","Alopecia"
"7502","DB00787","Aciclovir","C0002170","Alopecia"
"7681","DB00459","Acitretin","C0002170","Alopecia"
"8233","DB08916","Afatinib","C0002170","Alopecia"
"8377","DB00518","Albendazole","C0002170","Alopecia"
"8436","DB00630","Alendronate","C0002170","Alopecia"
"8785","DB00523","Alitretinoin","C0002170","Alopecia"
"9227","DB00437","Allopurinol","C0002170","Alopecia"
"9635","DB00969","Alosetron","C0002170","Alopecia"
"9763","DB03856","Alpha-Difluoromethylornithine","C0002170","Alopecia"
"10317","DB00915","Amantadine","C0002170","Alopecia"
"10564","DB00594","Amiloride","C0002170","Alopecia"
"10876","DB01223","Aminophylline","C0002170","Alopecia"
"11032","DB01118","Amiodarone","C0002170","Alopecia"
"11366","DB00321","Amitriptyline","C0002170","Alopecia"
"11513","DB00381","Amlodipine","C0002170","Alopecia"
"11729","DB00543","Amoxapine","C0002170","Alopecia"
"12019","DB00681","Amphotericin B","C0002170","Alopecia"
"12459","DB00276","Amsacrine","C0002170","Alopecia"
"12569","DB00261","Anagrelide","C0002170","Alopecia"
"12748","DB01217","Anastrozole","C0002170","Alopecia"
"13320","DB00673","Aprepitant","C0002170","Alopecia"
"13551","DB00407","Ardeparin","C0002170","Alopecia"
"13915","DB01238","Aripiprazole","C0002170","Alopecia"
"14930","DB01072","Atazanavir","C0002170","Alopecia"
"15168","DB00335","Atenolol","C0002170","Alopecia"
"15722","DB00995","Auranofin","C0002170","Alopecia"
"15890","DB00928","Azacitidine","C0002170","Alopecia"
"16124","DB00993","Azathioprine","C0002170","Alopecia"
"16709","DB00181","Baclofen","C0002170","Alopecia"
"17014","DB00542","Benazepril","C0002170","Alopecia"
"17736","DB00443","Betamethasone","C0002170","Alopecia"
"17987","DB00195","Betaxolol","C0002170","Alopecia"
"18280","DB00307","Bexarotene","C0002170","Alopecia"
"18563","DB01393","Bezafibrate","C0002170","Alopecia"
"18627","DB01128","Bicalutamide","C0002170","Alopecia"
"19073","DB00612","Bisoprolol","C0002170","Alopecia"
"19287","DB00290","Bleomycin","C0002170","Alopecia"
"19400","DB08873","Boceprevir","C0002170","Alopecia"
"20841","DB01194","Brinzolamide","C0002170","Alopecia"
"21159","DB01200","Bromocriptine","C0002170","Alopecia"
"21326","DB01222","Budesonide","C0002170","Alopecia"
"22081","DB01156","Bupropion","C0002170","Alopecia"
"22594","DB00490","Buspirone","C0002170","Alopecia"
"22784","DB01008","Busulfan","C0002170","Alopecia"
"23215","DB06772","Cabazitaxel","C0002170","Alopecia"
"23354","DB00248","Cabergoline","C0002170","Alopecia"
"24013","DB01101","Capecitabine","C0002170","Alopecia"
"24524","DB01197","Captopril","C0002170","Alopecia"
"24730","DB00564","Carbamazepine","C0002170","Alopecia"
"25090","DB00190","Carbidopa","C0002170","Alopecia"
"25250","DB00389","Carbimazole","C0002170","Alopecia"
"25592","DB00262","Carmustine","C0002170","Alopecia"
"25816","DB01136","Carvedilol","C0002170","Alopecia"
"27159","DB01416","Cefpodoxime","C0002170","Alopecia"
"27992","DB00482","Celecoxib","C0002170","Alopecia"
"28411","DB00439","Cerivastatin","C0002170","Alopecia"
"28540","DB00341","Cetirizine","C0002170","Alopecia"
"28837","DB00185","Cevimeline","C0002170","Alopecia"
"29276","DB06777","Chenodeoxycholic acid","C0002170","Alopecia"
"29499","DB01494","Chloral betaine","C0002170","Alopecia"
"29535","DB00291","Chlorambucil","C0002170","Alopecia"
"29979","DB00608","Chloroquine","C0002170","Alopecia"
"30053","DB00880","Chlorothiazide","C0002170","Alopecia"
"30522","DB01188","Ciclopirox","C0002170","Alopecia"
"30560","DB00369","Cidofovir","C0002170","Alopecia"
"30838","DB01340","Cilazapril","C0002170","Alopecia"
"31184","DB00501","Cimetidine","C0002170","Alopecia"
"31374","DB00537","Ciprofloxacin","C0002170","Alopecia"
"31915","DB00515","Cisplatin","C0002170","Alopecia"
"32110","DB00215","Citalopram","C0002170","Alopecia"
"32939","DB00242","Cladribine","C0002170","Alopecia"
"33725","DB01013","Clobetasol propionate","C0002170","Alopecia"
"33875","DB00631","Clofarabine","C0002170","Alopecia"
"34115","DB00882","Clomifene","C0002170","Alopecia"
"34355","DB01242","Clomipramine","C0002170","Alopecia"
"34786","DB01068","Clonazepam","C0002170","Alopecia"
"35074","DB00575","Clonidine","C0002170","Alopecia"
"35675","DB01394","Colchicine","C0002170","Alopecia"
"35990","DB00286","Conjugated Estrogens","C0002170","Alopecia"
"36521","DB00924","Cyclobenzaprine","C0002170","Alopecia"
"36709","DB00531","Cyclophosphamide","C0002170","Alopecia"
"37055","DB00091","Cyclosporine","C0002170","Alopecia"
"37463","DB04839","Cyproterone acetate","C0002170","Alopecia"
"38296","DB08912","Dabrafenib","C0002170","Alopecia"
"38444","DB00970","Dactinomycin","C0002170","Alopecia"
"38564","DB01406","Danazol","C0002170","Alopecia"
"39022","DB01264","Darunavir","C0002170","Alopecia"
"39296","DB01254","Dasatinib","C0002170","Alopecia"
"39583","DB00694","Daunorubicin","C0002170","Alopecia"
"39760","DB01262","Decitabine","C0002170","Alopecia"
"40210","DB06699","Degarelix","C0002170","Alopecia"
"40336","DB00705","Delavirdine","C0002170","Alopecia"
"40849","DB01151","Desipramine","C0002170","Alopecia"
"41173","DB00304","Desogestrel","C0002170","Alopecia"
"41306","DB06700","Desvenlafaxine","C0002170","Alopecia"
"41422","DB01234","Dexamethasone","C0002170","Alopecia"
"41821","DB06701","Dexmethylphenidate","C0002170","Alopecia"
"42137","DB00380","Dexrazoxane","C0002170","Alopecia"
"42333","DB03034","Dextrofloxacine","C0002170","Alopecia"
"42920","DB00509","Dextrothyroxine","C0002170","Alopecia"
"43465","DB00586","Diclofenac","C0002170","Alopecia"
"44103","DB00900","Didanosine","C0002170","Alopecia"
"44193","DB00937","Diethylpropion","C0002170","Alopecia"
"44780","DB00343","Diltiazem","C0002170","Alopecia"
"45359","DB00975","Dipyridamole","C0002170","Alopecia"
"45693","DB01248","Docetaxel","C0002170","Alopecia"
"46329","DB00843","Donepezil","C0002170","Alopecia"
"46690","DB00869","Dorzolamide","C0002170","Alopecia"
"46923","DB00590","Doxazosin","C0002170","Alopecia"
"47184","DB01142","Doxepin","C0002170","Alopecia"
"47469","DB00997","Doxorubicin","C0002170","Alopecia"
"48283","DB00476","Duloxetine","C0002170","Alopecia"
"48794","DB00625","Efavirenz","C0002170","Alopecia"
"49055","DB00216","Eletriptan","C0002170","Alopecia"
"49488","DB00584","Enalapril","C0002170","Alopecia"
"49701","DB01225","Enoxaparin","C0002170","Alopecia"
"49778","DB00494","Entacapone","C0002170","Alopecia"
"50036","DB00442","Entecavir","C0002170","Alopecia"
"50330","DB00445","Epirubicin","C0002170","Alopecia"
"51469","DB00530","Erlotinib","C0002170","Alopecia"
"52034","DB01175","Escitalopram","C0002170","Alopecia"
"52956","DB00736","Esomeprazole","C0002170","Alopecia"
"53402","DB00783","Estradiol","C0002170","Alopecia"
"53937","DB01196","Estramustine","C0002170","Alopecia"
"54006","DB04573","Estriol","C0002170","Alopecia"
"54203","DB04574","Estropipate","C0002170","Alopecia"
"54385","DB00402","Eszopiclone","C0002170","Alopecia"
"54789","DB00977","Ethinyl Estradiol","C0002170","Alopecia"
"55083","DB01077","Etidronic acid","C0002170","Alopecia"
"55173","DB00749","Etodolac","C0002170","Alopecia"
"55375","DB00294","Etonogestrel","C0002170","Alopecia"
"55569","DB00773","Etoposide","C0002170","Alopecia"
"55723","DB01628","Etoricoxib","C0002170","Alopecia"
"56109","DB01590","Everolimus","C0002170","Alopecia"
"56515","DB00990","Exemestane","C0002170","Alopecia"
"56642","DB00973","Ezetimibe","C0002170","Alopecia"
"56767","DB04953","Ezogabine","C0002170","Alopecia"
"56852","DB05286","FTY 720","C0002170","Alopecia"
"57030","DB00927","Famotidine","C0002170","Alopecia"
"57166","DB00949","Felbamate","C0002170","Alopecia"
"57548","DB01039","Fenofibrate","C0002170","Alopecia"
"57819","DB00573","Fenoprofen","C0002170","Alopecia"
"57934","DB00813","Fentanyl","C0002170","Alopecia"
"58671","DB08868","Fingolimod","C0002170","Alopecia"
"58784","DB01195","Flecainide","C0002170","Alopecia"
"58931","DB00322","Floxuridine","C0002170","Alopecia"
"59082","DB00196","Fluconazole","C0002170","Alopecia"
"59298","DB01073","Fludarabine","C0002170","Alopecia"
"59821","DB00591","Fluocinolone Acetonide","C0002170","Alopecia"
"60143","DB00544","Fluorouracil","C0002170","Alopecia"
"60327","DB00472","Fluoxetine","C0002170","Alopecia"
"60856","DB01185","Fluoxymesterone","C0002170","Alopecia"
"61079","DB00712","Flurbiprofen","C0002170","Alopecia"
"61652","DB01095","Fluvastatin","C0002170","Alopecia"
"61835","DB00176","Fluvoxamine","C0002170","Alopecia"
"64294","DB00996","Gabapentin","C0002170","Alopecia"
"66421","DB01440","Gamma Hydroxybutyric Acid","C0002170","Alopecia"
"66671","DB01004","Ganciclovir","C0002170","Alopecia"
"67157","DB00317","Gefitinib","C0002170","Alopecia"
"67286","DB00441","Gemcitabine","C0002170","Alopecia"
"67472","DB01241","Gemfibrozil","C0002170","Alopecia"
"67755","DB00798","Gentamicin","C0002170","Alopecia"
"68343","DB01016","Glyburide","C0002170","Alopecia"
"68706","DB00014","Goserelin","C0002170","Alopecia"
"68955","DB00889","Granisetron","C0002170","Alopecia"
"69312","DB01018","Guanfacine","C0002170","Alopecia"
"69648","DB00502","Haloperidol","C0002170","Alopecia"
"70188","DB00999","Hydrochlorothiazide","C0002170","Alopecia"
"71232","DB01611","Hydroxychloroquine","C0002170","Alopecia"
"71359","DB01005","Hydroxyurea","C0002170","Alopecia"
"71717","DB00710","Ibandronate","C0002170","Alopecia"
"71928","DB01050","Ibuprofen","C0002170","Alopecia"
"72308","DB08887","Icosapent ethyl","C0002170","Alopecia"
"72420","DB01177","Idarubicin","C0002170","Alopecia"
"72530","DB01181","Ifosfamide","C0002170","Alopecia"
"72990","DB00619","Imatinib","C0002170","Alopecia"
"73345","DB00458","Imipramine","C0002170","Alopecia"
"73512","DB00724","Imiquimod","C0002170","Alopecia"
"74079","DB00224","Indinavir","C0002170","Alopecia"
"74303","DB00328","Indomethacin","C0002170","Alopecia"
"75436","DB00762","Irinotecan","C0002170","Alopecia"
"76273","DB00982","Isotretinoin","C0002170","Alopecia"
"76840","DB01167","Itraconazole","C0002170","Alopecia"
"77216","DB04845","Ixabepilone","C0002170","Alopecia"
"77424","DB01026","Ketoconazole","C0002170","Alopecia"
"77550","DB01009","Ketoprofen","C0002170","Alopecia"
"77712","DB00465","Ketorolac","C0002170","Alopecia"
"78190","DB01235","L-DOPA","C0002170","Alopecia"
"78433","DB00598","Labetalol","C0002170","Alopecia"
"78708","DB00709","Lamivudine","C0002170","Alopecia"
"78930","DB00555","Lamotrigine","C0002170","Alopecia"
"79299","DB00448","Lansoprazole","C0002170","Alopecia"
"79708","DB01259","Lapatinib","C0002170","Alopecia"
"79851","DB01097","Leflunomide","C0002170","Alopecia"
"80103","DB00480","Lenalidomide","C0002170","Alopecia"
"80590","DB00528","Lercanidipine","C0002170","Alopecia"
"80757","DB01006","Letrozole","C0002170","Alopecia"
"80932","DB00650","Leucovorin","C0002170","Alopecia"
"80995","DB01202","Levetiracetam","C0002170","Alopecia"
"81180","DB01210","Levobunolol","C0002170","Alopecia"
"81495","DB01137","Levofloxacin","C0002170","Alopecia"
"82114","DB00367","Levonorgestrel","C0002170","Alopecia"
"82421","DB00451","Levothyroxine","C0002170","Alopecia"
"82737","DB00431","Lindane","C0002170","Alopecia"
"82904","DB01583","Liotrix","C0002170","Alopecia"
"83134","DB00722","Lisinopril","C0002170","Alopecia"
"83462","DB01356","Lithium","C0002170","Alopecia"
"83925","DB01206","Lomustine","C0002170","Alopecia"
"84023","DB00455","Loratadine","C0002170","Alopecia"
"84098","DB00186","Lorazepam","C0002170","Alopecia"
"84228","DB00678","Losartan","C0002170","Alopecia"
"84415","DB00227","Lovastatin","C0002170","Alopecia"
"84537","DB00408","Loxapine","C0002170","Alopecia"
"84925","DB05289","MPC-7869","C0002170","Alopecia"
"85464","DB00934","Maprotiline","C0002170","Alopecia"
"85636","DB04835","Maraviroc","C0002170","Alopecia"
"85919","DB00888","Mechlorethamine","C0002170","Alopecia"
"85978","DB00939","Meclofenamic acid","C0002170","Alopecia"
"86046","DB00603","Medroxyprogesterone Acetate","C0002170","Alopecia"
"86457","DB00784","Mefenamic acid","C0002170","Alopecia"
"86609","DB00358","Mefloquine","C0002170","Alopecia"
"86901","DB00814","Meloxicam","C0002170","Alopecia"
"87117","DB01042","Melphalan","C0002170","Alopecia"
"87245","DB01043","Memantine","C0002170","Alopecia"
"87708","DB00532","Mephenytoin","C0002170","Alopecia"
"87890","DB01033","Mercaptopurine","C0002170","Alopecia"
"88211","DB00244","Mesalazine","C0002170","Alopecia"
"89115","DB00763","Methimazole","C0002170","Alopecia"
"89236","DB00563","Methotrexate","C0002170","Alopecia"
"89943","DB00422","Methylphenidate","C0002170","Alopecia"
"90502","DB06710","Methyltestosterone","C0002170","Alopecia"
"90533","DB00247","Methysergide","C0002170","Alopecia"
"90969","DB00264","Metoprolol","C0002170","Alopecia"
"91395","DB01011","Metyrapone","C0002170","Alopecia"
"91462","DB00379","Mexiletine","C0002170","Alopecia"
"92595","DB00370","Mirtazapine","C0002170","Alopecia"
"92936","DB00929","Misoprostol","C0002170","Alopecia"
"93053","DB00305","Mitomycin","C0002170","Alopecia"
"93243","DB01204","Mitoxantrone","C0002170","Alopecia"
"95036","DB00688","Mycophenolate mofetil","C0002170","Alopecia"
"95525","DB01024","Mycophenolic acid","C0002170","Alopecia"
"96103","DB03894","N-Propargyl-1(S)-Aminoindan","C0002170","Alopecia"
"97233","DB00461","Nabumetone","C0002170","Alopecia"
"97360","DB01203","Nadolol","C0002170","Alopecia"
"97459","DB00666","Nafarelin","C0002170","Alopecia"
"97856","DB00704","Naltrexone","C0002170","Alopecia"
"98195","DB00788","Naproxen","C0002170","Alopecia"
"98544","DB00952","Naratriptan","C0002170","Alopecia"
"98925","DB01149","Nefazodone","C0002170","Alopecia"
"99754","DB00627","Niacin","C0002170","Alopecia"
"100232","DB01115","Nifedipine","C0002170","Alopecia"
"100500","DB04868","Nilotinib","C0002170","Alopecia"
"100848","DB00665","Nilutamide","C0002170","Alopecia"
"100992","DB00401","Nisoldipine","C0002170","Alopecia"
"101208","DB00348","Nitisinone","C0002170","Alopecia"
"101409","DB00698","Nitrofurantoin","C0002170","Alopecia"
"101722","DB00717","Norethindrone","C0002170","Alopecia"
"102008","DB00540","Nortriptyline","C0002170","Alopecia"
"102318","DB00104","Octreotide","C0002170","Alopecia"
"102619","DB01165","Ofloxacin","C0002170","Alopecia"
"103096","DB00275","Olmesartan","C0002170","Alopecia"
"103378","DB00338","Omeprazole","C0002170","Alopecia"
"103916","DB01083","Orlistat","C0002170","Alopecia"
"104336","DB00991","Oxaprozin","C0002170","Alopecia"
"104526","DB00776","Oxcarbazepine","C0002170","Alopecia"
"105530","DB05508","PTI-901","C0002170","Alopecia"
"105799","DB01229","Paclitaxel","C0002170","Alopecia"
"106244","DB01267","Paliperidone","C0002170","Alopecia"
"106601","DB00377","Palonosetron","C0002170","Alopecia"
"106732","DB00282","Pamidronate","C0002170","Alopecia"
"106952","DB00213","Pantoprazole","C0002170","Alopecia"
"107328","DB00910","Paricalcitol","C0002170","Alopecia"
"107540","DB00715","Paroxetine","C0002170","Alopecia"
"108149","DB06663","Pasireotide","C0002170","Alopecia"
"108204","DB06589","Pazopanib","C0002170","Alopecia"
"108430","DB00642","Pemetrexed","C0002170","Alopecia"
"108569","DB01359","Penbutolol","C0002170","Alopecia"
"108666","DB00859","Penicillamine","C0002170","Alopecia"
"109123","DB00686","Pentosan Polysulfate","C0002170","Alopecia"
"109217","DB00552","Pentostatin","C0002170","Alopecia"
"109658","DB01186","Pergolide","C0002170","Alopecia"
"110040","DB00790","Perindopril","C0002170","Alopecia"
"111534","DB01085","Pilocarpine","C0002170","Alopecia"
"112311","DB01291","Pirbuterol","C0002170","Alopecia"
"112762","DB08901","Ponatinib","C0002170","Alopecia"
"112967","DB01263","Posaconazole","C0002170","Alopecia"
"113713","DB00413","Pramipexole","C0002170","Alopecia"
"114412","DB00175","Pravastatin","C0002170","Alopecia"
"114631","DB00457","Prazosin","C0002170","Alopecia"
"114868","DB00635","Prednisone","C0002170","Alopecia"
"115135","DB00230","Pregabalin","C0002170","Alopecia"
"116095","DB01032","Probenecid","C0002170","Alopecia"
"116283","DB01168","Procarbazine","C0002170","Alopecia"
"116570","DB00396","Progesterone","C0002170","Alopecia"
"117004","DB01182","Propafenone","C0002170","Alopecia"
"117658","DB00571","Propranolol","C0002170","Alopecia"
"117766","DB00550","Propylthiouracil","C0002170","Alopecia"
"117846","DB00344","Protriptyline","C0002170","Alopecia"
"118055","DB00545","Pyridostigmine","C0002170","Alopecia"
"118587","DB00881","Quinapril","C0002170","Alopecia"
"119321","DB01129","Rabeprazole","C0002170","Alopecia"
"119779","DB06817","Raltegravir","C0002170","Alopecia"
"120035","DB00293","Raltitrexed","C0002170","Alopecia"
"120120","DB00178","Ramipril","C0002170","Alopecia"
"120325","DB00863","Ranitidine","C0002170","Alopecia"
"120542","DB01367","Rasagiline","C0002170","Alopecia"
"121127","DB08896","Regorafenib","C0002170","Alopecia"
"121361","DB00912","Repaglinide","C0002170","Alopecia"
"121557","DB00811","Ribavirin","C0002170","Alopecia"
"122305","DB00740","Riluzole","C0002170","Alopecia"
"123063","DB00734","Risperidone","C0002170","Alopecia"
"124186","DB00989","Rivastigmine","C0002170","Alopecia"
"124854","DB00533","Rofecoxib","C0002170","Alopecia"
"125166","DB00268","Ropinirole","C0002170","Alopecia"
"126526","DB05665","SCH-503034","C0002170","Alopecia"
"127841","DB01232","Saquinavir","C0002170","Alopecia"
"128440","DB01037","Selegiline","C0002170","Alopecia"
"128898","DB01104","Sertraline","C0002170","Alopecia"
"129491","DB01105","Sibutramine","C0002170","Alopecia"
"129853","DB00203","Sildenafil","C0002170","Alopecia"
"130240","DB00641","Simvastatin","C0002170","Alopecia"
"130847","DB06268","Sitaxentan","C0002170","Alopecia"
"131601","DB08934","Sofosbuvir","C0002170","Alopecia"
"131765","DB00398","Sorafenib","C0002170","Alopecia"
"131959","DB00489","Sotalol","C0002170","Alopecia"
"132096","DB01208","Sparfloxacin","C0002170","Alopecia"
"132333","DB00421","Spironolactone","C0002170","Alopecia"
"132976","DB00605","Sulindac","C0002170","Alopecia"
"133539","DB01268","Sunitinib","C0002170","Alopecia"
"133959","DB00864","Tacrolimus","C0002170","Alopecia"
"134712","DB00675","Tamoxifen","C0002170","Alopecia"
"135221","DB01079","Tegaserod","C0002170","Alopecia"
"135911","DB00231","Temazepam","C0002170","Alopecia"
"136029","DB00853","Temozolomide","C0002170","Alopecia"
"136463","DB00444","Teniposide","C0002170","Alopecia"
"136816","DB00857","Terbinafine","C0002170","Alopecia"
"137070","DB00894","Testolactone","C0002170","Alopecia"
"137101","DB00624","Testosterone","C0002170","Alopecia"
"137492","DB01420","Testosterone Propionate","C0002170","Alopecia"
"137773","DB01041","Thalidomide","C0002170","Alopecia"
"138165","DB00277","Theophylline","C0002170","Alopecia"
"138428","DB04572","Thiotepa","C0002170","Alopecia"
"138700","DB00906","Tiagabine","C0002170","Alopecia"
"139333","DB00373","Timolol","C0002170","Alopecia"
"139822","DB00697","Tizanidine","C0002170","Alopecia"
"140298","DB00323","Tolcapone","C0002170","Alopecia"
"140768","DB00273","Topiramate","C0002170","Alopecia"
"141280","DB01030","Topotecan","C0002170","Alopecia"
"141448","DB00539","Toremifene","C0002170","Alopecia"
"141542","DB05109","Trabectedin","C0002170","Alopecia"
"142405","DB00519","Trandolapril","C0002170","Alopecia"
"142701","DB02665","Trans-2-Phenylcyclopropylamine","C0002170","Alopecia"
"142785","DB00752","Tranylcypromine","C0002170","Alopecia"
"143057","DB00656","Trazodone","C0002170","Alopecia"
"143381","DB00755","Tretinoin","C0002170","Alopecia"
"144318","DB00347","Trimethadione","C0002170","Alopecia"
"144512","DB04455","Trimethyl Glycine","C0002170","Alopecia"
"144577","DB00726","Trimipramine","C0002170","Alopecia"
"145202","DB01586","Ursodeoxycholic acid","C0002170","Alopecia"
"145560","DB00577","Valaciclovir","C0002170","Alopecia"
"145694","DB00580","Valdecoxib","C0002170","Alopecia"
"146005","DB01610","Valganciclovir","C0002170","Alopecia"
"146231","DB00313","Valproic Acid","C0002170","Alopecia"
"146598","DB00177","Valsartan","C0002170","Alopecia"
"146801","DB05294","Vandetanib","C0002170","Alopecia"
"147527","DB08881","Vemurafenib","C0002170","Alopecia"
"147638","DB00285","Venlafaxine","C0002170","Alopecia"
"148205","DB00661","Verapamil","C0002170","Alopecia"
"148900","DB00570","Vinblastine","C0002170","Alopecia"
"148963","DB00541","Vincristine","C0002170","Alopecia"
"149106","DB00361","Vinorelbine","C0002170","Alopecia"
"149265","DB08828","Vismodegib","C0002170","Alopecia"
"149334","DB00582","Voriconazole","C0002170","Alopecia"
"149730","DB02546","Vorinostat","C0002170","Alopecia"
"149892","DB00943","Zalcitabine","C0002170","Alopecia"
"150215","DB00962","Zaleplon","C0002170","Alopecia"
"150825","DB00246","Ziprasidone","C0002170","Alopecia"
"151211","DB00399","Zoledronate","C0002170","Alopecia"
"152030","DB00909","Zonisamide","C0002170","Alopecia"
"152298","DB01198","Zopiclone","C0002170","Alopecia"
"152879","DB05347","iontophoretic acyclovir","C0002170","Alopecia"
"153224","DB05302","naltrexone depot","C0002170","Alopecia"
