"","X1","X1.1","Therapeutic.response.unexpected","Therapeutic.and.nontherapeutic.responses","Therapeutic.and.nontherapeutic.effects..excl.toxicity.","Genrl","N","X187"
"1696279",1,1,"Abnormal dreams","Parasomnias","Sleep disorders and disturbances","Psych","N",5311027
"1696280",1,2,"Arthralgia","Joint related signs and symptoms","Joint disorders","Musc","N",5311027
"1696281",1,3,"Burning sensation mucosal","Paraesthesias and dysaesthesias","Neurological disorders NEC","Nerv","N",5311027
"1696282",1,4,"Eye pain","Ocular disorders NEC","Eye disorders NEC","Eye","N",5311027
"1696283",1,5,"Headache","Headaches NEC","Headaches","Nerv","N",5311027
"1696284",1,6,"Palpitations","Cardiac signs and symptoms NEC","Cardiac disorder signs and symptoms","Card","N",5311027
"1696285",2,1,"Eye pain","Ocular disorders NEC","Eye disorders NEC","Eye","N",5311027
"1696286",2,2,"Ocular hyperaemia","Ocular infections, inflammations and associated manifestations","Ocular infections, irritations and inflammations","Eye","N",5311027
"1696287",3,1,"Palpitations","Cardiac signs and symptoms NEC","Cardiac disorder signs and symptoms","Card","N",5311027
"1696288",3,2,"Tachycardia","Rate and rhythm disorders NEC","Cardiac arrhythmias","Card","N",5311027
"1696289",4,1,"Diarrhoea","Diarrhoea (excl infective)","Gastrointestinal motility and defaecation conditions","Gastr","N",5311027
"1696290",5,1,"Eye pruritus","Ocular infections, inflammations and associated manifestations","Ocular infections, irritations and inflammations","Eye","N",5311027
"1696291",5,2,"Ocular hyperaemia","Ocular infections, inflammations and associated manifestations","Ocular infections, irritations and inflammations","Eye","N",5311027
"1696292",6,1,"Eye irritation","Ocular infections, inflammations and associated manifestations","Ocular infections, irritations and inflammations","Eye","N",5311027
"1696293",6,2,"Insomnia","Disturbances in initiating and maintaining sleep","Sleep disorders and disturbances","Psych","N",5311027
"1696294",6,3,"Ocular hyperaemia","Ocular infections, inflammations and associated manifestations","Ocular infections, irritations and inflammations","Eye","N",5311027
"1696295",7,1,"Hepatitis","Hepatocellular damage and hepatitis NEC","Hepatic and hepatobiliary disorders","Hepat","N",5311027
"1696296",7,2,"Iritis","Iris and uveal tract infections, irritations and inflammations","Ocular infections, irritations and inflammations","Eye","N",5311027
"1696297",8,1,"Asthenopia","Ocular sensation disorders","Ocular sensory symptoms NEC","Eye","N",5311027
"1696298",8,2,"Heart rate irregular","Heart rate and pulse investigations","Cardiac and vascular investigations (excl enzyme tests)","Inv","N",5311027
"1696299",8,3,"Influenza like illness","General signs and symptoms NEC","General system disorders NEC","Genrl","N",5311027
"1696300",8,4,"Vision blurred","Visual disorders NEC","Vision disorders","Eye","N",5311027
"1696301",9,1,"Eyelash thickening","Lid, lash and lacrimal structural disorders","Anterior eye structural change, deposit and degeneration","Eye","N",5311027
"1696302",10,1,"Dyspnoea","Breathing abnormalities","Respiratory disorders NEC","Resp","N",5311027
"1696303",11,1,"Pigmentation disorder","Pigmentation changes NEC","Pigmentation disorders","Skin","N",5311027
"1696304",12,1,"Back pain","Musculoskeletal and connective tissue pain and discomfort","Musculoskeletal and connective tissue disorders NEC","Musc","N",5311027
"1696305",12,2,"Headache","Headaches NEC","Headaches","Nerv","N",5311027
"1696306",12,3,"Hemiplegia","Paralysis and paresis (excl cranial nerve)","Movement disorders (incl parkinsonism)","Nerv","N",5311027
"1696307",12,4,"Syncope","Disturbances in consciousness NEC","Neurological disorders NEC","Nerv","N",5311027
"1696308",13,1,"Blood pressure increased","Vascular tests NEC (incl blood pressure)","Cardiac and vascular investigations (excl enzyme tests)","Inv","N",5311027
"1696309",13,2,"Conjunctival hyperaemia","Conjunctival infections, irritations and inflammations","Ocular infections, irritations and inflammations","Eye","N",5311027
"1696310",14,1,"Blepharitis","Lid, lash and lacrimal infections, irritations and inflammations","Ocular infections, irritations and inflammations","Eye","N",5311027
"1696311",14,2,"Conjunctivitis","Eye and eyelid infections","Infections - pathogen unspecified","Infec","N",5311027
"1696312",14,3,"Eyelid oedema","Lid, lash and lacrimal infections, irritations and inflammations","Ocular infections, irritations and inflammations","Eye","N",5311027
"1696313",15,1,"Eye irritation","Ocular infections, inflammations and associated manifestations","Ocular infections, irritations and inflammations","Eye","N",5311027
"1696314",15,2,"Ocular hyperaemia","Ocular infections, inflammations and associated manifestations","Ocular infections, irritations and inflammations","Eye","N",5311027
"1696315",15,3,"Respiratory disorder","Respiratory tract disorders NEC","Respiratory disorders NEC","Resp","N",5311027
"1696316",15,4,"Vision blurred","Visual disorders NEC","Vision disorders","Eye","N",5311027
"1696317",16,1,"Eyelash discolouration","Lid, lash and lacrimal structural disorders","Anterior eye structural change, deposit and degeneration","Eye","N",5311027
"1696318",16,2,"Hair colour changes","Pilar disorders NEC","Skin appendage conditions","Skin","N",5311027
"1696319",16,3,"Iris disorder","Iris and ciliary body structural change, deposit and degeneration","Anterior eye structural change, deposit and degeneration","Eye","N",5311027
"1696320",16,4,"Skin discolouration","Dermal and epidermal conditions NEC","Epidermal and dermal conditions","Skin","N",5311027
"1696321",17,1,"Asthma","Bronchospasm and obstruction","Bronchial disorders (excl neoplasms)","Resp","N",5311027
"1696322",18,1,"Eye irritation","Ocular infections, inflammations and associated manifestations","Ocular infections, irritations and inflammations","Eye","N",5311027
"1696323",18,2,"Eye pruritus","Ocular infections, inflammations and associated manifestations","Ocular infections, irritations and inflammations","Eye","N",5311027
"1696324",18,3,"Urticaria","Urticarias","Angioedema and urticaria","Skin","N",5311027
"1696325",19,1,"Conjunctivitis allergic","Conjunctival infections, irritations and inflammations","Ocular infections, irritations and inflammations","Eye","N",5311027
"1696326",20,1,"Eye pain","Ocular disorders NEC","Eye disorders NEC","Eye","N",5311027
"1696327",20,2,"Visual acuity reduced","Partial vision loss","Vision disorders","Eye","N",5311027
"1696328",21,1,"Skin discolouration","Dermal and epidermal conditions NEC","Epidermal and dermal conditions","Skin","N",5311027
"1696329",22,1,"Skin discolouration","Dermal and epidermal conditions NEC","Epidermal and dermal conditions","Skin","N",5311027
"1696330",23,1,"Eye pain","Ocular disorders NEC","Eye disorders NEC","Eye","N",5311027
"1696331",24,1,"Dyspnoea","Breathing abnormalities","Respiratory disorders NEC","Resp","N",5311027
"1696332",24,2,"Palpitations","Cardiac signs and symptoms NEC","Cardiac disorder signs and symptoms","Card","N",5311027
"1696333",25,1,"Dermatitis","Dermatitis and eczema","Epidermal and dermal conditions","Skin","N",5311027
"1696334",26,1,"Fatigue","Asthenic conditions","General system disorders NEC","Genrl","N",5311027
"1696335",26,2,"Gamma-glutamyltransferase increased","Liver function analyses","Hepatobiliary investigations","Inv","N",5311027
"1696336",26,3,"Liver function test abnormal","Liver function analyses","Hepatobiliary investigations","Inv","N",5311027
"1696337",27,1,"Conjunctival haemorrhage","Conjunctival and corneal bleeding and vascular disorders","Ocular haemorrhages and vascular disorders NEC","Eye","N",5311027
"1696338",27,2,"Eye pruritus","Ocular infections, inflammations and associated manifestations","Ocular infections, irritations and inflammations","Eye","N",5311027
"1696339",27,3,"Photophobia","Ocular sensation disorders","Ocular sensory symptoms NEC","Eye","N",5311027
"1696340",28,1,"Growth of eyelashes","Lid, lash and lacrimal structural disorders","Anterior eye structural change, deposit and degeneration","Eye","N",5311027
"1696341",28,2,"Skin discolouration","Dermal and epidermal conditions NEC","Epidermal and dermal conditions","Skin","N",5311027
"1696342",29,1,"Skin discolouration","Dermal and epidermal conditions NEC","Epidermal and dermal conditions","Skin","N",5311027
"1696343",30,1,"Blood pressure increased","Vascular tests NEC (incl blood pressure)","Cardiac and vascular investigations (excl enzyme tests)","Inv","N",5311027
"1696344",31,1,"Eye disorder","Ocular disorders NEC","Eye disorders NEC","Eye","N",5311027
"1696345",31,2,"Eye pain","Ocular disorders NEC","Eye disorders NEC","Eye","N",5311027
"1696346",31,3,"Foreign body sensation in eyes","Ocular sensation disorders","Ocular sensory symptoms NEC","Eye","N",5311027
"1696347",31,4,"Ocular hyperaemia","Ocular infections, inflammations and associated manifestations","Ocular infections, irritations and inflammations","Eye","N",5311027
"1696348",31,5,"Throat irritation","Upper respiratory tract signs and symptoms","Respiratory tract signs and symptoms","Resp","N",5311027
"1696349",31,6,"Vision blurred","Visual disorders NEC","Vision disorders","Eye","N",5311027
"1696350",32,1,"Capillaritis","Skin vasculitides","Skin vascular abnormalities","Skin","N",5311027
"1696351",33,1,"Headache","Headaches NEC","Headaches","Nerv","N",5311027
"1696352",34,1,"Iridocyclitis","Iris and uveal tract infections, irritations and inflammations","Ocular infections, irritations and inflammations","Eye","N",5311027
"1696353",35,1,"Lethargy","Disturbances in consciousness NEC","Neurological disorders NEC","Nerv","N",5311027
"1696354",36,1,"Eye swelling","Ocular disorders NEC","Eye disorders NEC","Eye","N",5311027
"1696355",36,2,"Hypersensitivity","Allergic conditions NEC","Allergic conditions","Immun","N",5311027
"1696356",36,3,"Periorbital oedema","Ocular disorders NEC","Eye disorders NEC","Eye","N",5311027
"1696357",36,4,"Swelling face","Angioedemas","Angioedema and urticaria","Skin","N",5311027
"1696358",37,1,"Dyspnoea","Breathing abnormalities","Respiratory disorders NEC","Resp","N",5311027
"1696359",37,2,"Hyperventilation","Breathing abnormalities","Respiratory disorders NEC","Resp","N",5311027
"1696360",38,1,"Lipoatrophy","Lipodystrophies","Skin and subcutaneous tissue disorders NEC","Skin","N",5311027
"1696361",38,2,"Skin discolouration","Dermal and epidermal conditions NEC","Epidermal and dermal conditions","Skin","N",5311027
"1696362",39,1,"Blindness","Blindness (excl colour blindness)","Vision disorders","Eye","N",5311027
"1696363",39,2,"Eye inflammation","Ocular infections, inflammations and associated manifestations","Ocular infections, irritations and inflammations","Eye","N",5311027
"1696364",39,3,"Headache","Headaches NEC","Headaches","Nerv","N",5311027
"1696365",39,4,"Muscular weakness","Muscle weakness conditions","Muscle disorders","Musc","N",5311027
"1696366",39,5,"Tremor","Tremor (excl congenital)","Movement disorders (incl parkinsonism)","Nerv","N",5311027
"1696367",40,1,"Eyelid disorder","Ocular disorders NEC","Eye disorders NEC","Eye","N",5311027
"1696368",41,1,"Anosmia","Olfactory nerve disorders","Cranial nerve disorders (excl neoplasms)","Nerv","N",5311027
"1696369",41,2,"Dysgeusia","Sensory abnormalities NEC","Neurological disorders NEC","Nerv","N",5311027
"1696370",42,1,"Eyelash hyperpigmentation","Lid, lash and lacrimal structural disorders","Anterior eye structural change, deposit and degeneration","Eye","N",5311027
"1696371",42,2,"Growth of eyelashes","Lid, lash and lacrimal structural disorders","Anterior eye structural change, deposit and degeneration","Eye","N",5311027
"1696372",42,3,"Skin discolouration","Dermal and epidermal conditions NEC","Epidermal and dermal conditions","Skin","N",5311027
"1696373",43,1,"Ectropion","Lid, lash and lacrimal structural disorders","Anterior eye structural change, deposit and degeneration","Eye","N",5311027
"1696374",43,2,"Entropion","Lid, lash and lacrimal structural disorders","Anterior eye structural change, deposit and degeneration","Eye","N",5311027
"1696375",43,3,"Eyelid operation","Eyelid therapeutic procedures","Eye therapeutic procedures","Surg","N",5311027
"1696376",43,4,"Trabeculectomy","Iris and ciliary body therapeutic procedures","Eye therapeutic procedures","Surg","N",5311027
"1696377",44,1,"Drug administration error","Product administration errors and issues","Medication errors and other product use errors and issues","Inj&P","N",5311027
"1696378",44,2,"Intraocular pressure increased","Ophthalmic function diagnostic procedures","Neurological, special senses and psychiatric investigations","Inv","N",5311027
"1696379",45,1,"Blepharitis","Lid, lash and lacrimal infections, irritations and inflammations","Ocular infections, irritations and inflammations","Eye","N",5311027
"1696380",45,2,"Conjunctival hyperaemia","Conjunctival infections, irritations and inflammations","Ocular infections, irritations and inflammations","Eye","N",5311027
"1696381",45,3,"Disorientation","Confusion and disorientation","Deliria (incl confusion)","Psych","N",5311027
"1696382",45,4,"Visual field defect","Neurologic visual problems NEC","Neurological disorders of the eye","Nerv","N",5311027
"1696383",46,1,"Ocular hyperaemia","Ocular infections, inflammations and associated manifestations","Ocular infections, irritations and inflammations","Eye","N",5311027
"1696384",46,2,"Uveitis","Iris and uveal tract infections, irritations and inflammations","Ocular infections, irritations and inflammations","Eye","N",5311027
"1696385",47,1,"Hyperaesthesia","Paraesthesias and dysaesthesias","Neurological disorders NEC","Nerv","N",5311027
"1696386",48,1,"Confusional state","Confusion and disorientation","Deliria (incl confusion)","Psych","N",5311027
"1696387",48,2,"Disturbance in attention","Mental impairment (excl dementia and memory loss)","Mental impairment disorders","Nerv","N",5311027
"1696388",48,3,"Dyspnoea","Breathing abnormalities","Respiratory disorders NEC","Resp","N",5311027
"1696389",48,4,"Foreign body sensation in eyes","Ocular sensation disorders","Ocular sensory symptoms NEC","Eye","N",5311027
"1696390",48,5,"Palpitations","Cardiac signs and symptoms NEC","Cardiac disorder signs and symptoms","Card","N",5311027
"1696391",49,1,"Night blindness","Blindness (excl colour blindness)","Vision disorders","Eye","N",5311027
"1696392",50,1,"Renal cancer","Renal neoplasms malignant","Renal and urinary tract neoplasms malignant and unspecified","Neopl","N",5311027
"1696393",51,1,"Eye pain","Ocular disorders NEC","Eye disorders NEC","Eye","N",5311027
"1696394",51,2,"Headache","Headaches NEC","Headaches","Nerv","N",5311027
"1696395",51,3,"Malaise","Asthenic conditions","General system disorders NEC","Genrl","N",5311027
"1696396",51,4,"Photophobia","Ocular sensation disorders","Ocular sensory symptoms NEC","Eye","N",5311027
"1696397",51,5,"Pruritus","Pruritus NEC","Epidermal and dermal conditions","Skin","N",5311027
"1696398",51,6,"Vision blurred","Visual disorders NEC","Vision disorders","Eye","N",5311027
"1696399",52,1,"Hypertension","Vascular hypertensive disorders NEC","Vascular hypertensive disorders","Vasc","N",5311027
"1696400",53,1,"Gout","Disorders of purine metabolism","Purine and pyrimidine metabolism disorders","Metab","N",5311027
"1696401",54,1,"Blepharitis","Lid, lash and lacrimal infections, irritations and inflammations","Ocular infections, irritations and inflammations","Eye","N",5311027
"1696402",54,2,"Blindness","Blindness (excl colour blindness)","Vision disorders","Eye","N",5311027
"1696403",54,3,"Dry throat","Upper respiratory tract signs and symptoms","Respiratory tract signs and symptoms","Resp","N",5311027
"1696404",54,4,"Eyelid disorder","Ocular disorders NEC","Eye disorders NEC","Eye","N",5311027
"1696405",54,5,"Feeling cold","Feelings and sensations NEC","General system disorders NEC","Genrl","N",5311027
"1696406",54,6,"Muscular weakness","Muscle weakness conditions","Muscle disorders","Musc","N",5311027
"1696407",54,7,"Photophobia","Ocular sensation disorders","Ocular sensory symptoms NEC","Eye","N",5311027
"1696408",54,8,"Tinnitus","Inner ear signs and symptoms","Inner ear and VIIIth cranial nerve disorders","Ear","N",5311027
"1696409",55,1,"Dermatitis","Dermatitis and eczema","Epidermal and dermal conditions","Skin","N",5311027
"1696410",55,2,"Erythema","Erythemas","Epidermal and dermal conditions","Skin","N",5311027
"1696411",56,1,"Hallucination","Perception disturbances","Disturbances in thinking and perception","Psych","N",5311027
"1696412",57,1,"Bradycardia","Rate and rhythm disorders NEC","Cardiac arrhythmias","Card","N",5311027
"1696413",58,1,"Cystoid macular oedema","Retinal, choroid and vitreous infections and inflammations","Ocular infections, irritations and inflammations","Eye","N",5311027
"1696414",59,1,"Eye irritation","Ocular infections, inflammations and associated manifestations","Ocular infections, irritations and inflammations","Eye","N",5311027
"1696415",60,1,"Asthenopia","Ocular sensation disorders","Ocular sensory symptoms NEC","Eye","N",5311027
"1696416",60,2,"Dry eye","Lacrimation disorders","Eye disorders NEC","Eye","N",5311027
"1696417",60,3,"Eye irritation","Ocular infections, inflammations and associated manifestations","Ocular infections, irritations and inflammations","Eye","N",5311027
"1696418",60,4,"Eye pain","Ocular disorders NEC","Eye disorders NEC","Eye","N",5311027
"1696419",60,5,"Intraocular pressure increased","Ophthalmic function diagnostic procedures","Neurological, special senses and psychiatric investigations","Inv","N",5311027
"1696420",61,1,"Depression","Depressive disorders","Depressed mood disorders and disturbances","Psych","N",5311027
"1696421",62,1,"Headache","Headaches NEC","Headaches","Nerv","N",5311027
"1696422",63,1,"Asthma","Bronchospasm and obstruction","Bronchial disorders (excl neoplasms)","Resp","N",5311027
"1696423",63,2,"Cataract","Cataract conditions","Anterior eye structural change, deposit and degeneration","Eye","N",5311027
"1696424",63,3,"Eye discharge","Ocular infections, inflammations and associated manifestations","Ocular infections, irritations and inflammations","Eye","N",5311027
"1696425",63,4,"Purulent discharge","Infections NEC","Infections - pathogen unspecified","Infec","N",5311027
"1696426",63,5,"Vision blurred","Visual disorders NEC","Vision disorders","Eye","N",5311027
"1696427",64,1,"Chest discomfort","Pain and discomfort NEC","General system disorders NEC","Genrl","N",5311027
"1696428",64,2,"Dyspnoea","Breathing abnormalities","Respiratory disorders NEC","Resp","N",5311027
"1696429",64,3,"Respiratory disorder","Respiratory tract disorders NEC","Respiratory disorders NEC","Resp","N",5311027
"1696430",65,1,"Gamma-glutamyltransferase increased","Liver function analyses","Hepatobiliary investigations","Inv","N",5311027
"1696431",66,1,"Eye irritation","Ocular infections, inflammations and associated manifestations","Ocular infections, irritations and inflammations","Eye","N",5311027
"1696432",66,2,"Eye oedema","Ocular disorders NEC","Eye disorders NEC","Eye","N",5311027
"1696433",67,1,"Headache","Headaches NEC","Headaches","Nerv","N",5311027
"1696434",67,2,"Visual impairment","Visual disorders NEC","Vision disorders","Eye","N",5311027
"1696435",68,1,"Conjunctivitis","Eye and eyelid infections","Infections - pathogen unspecified","Infec","N",5311027
"1696436",68,2,"Ocular hyperaemia","Ocular infections, inflammations and associated manifestations","Ocular infections, irritations and inflammations","Eye","N",5311027
"1696437",68,3,"Scleritis","Scleral infections, irritations and inflammations","Ocular infections, irritations and inflammations","Eye","N",5311027
"1696438",68,4,"Ulcerative keratitis","Corneal infections, oedemas and inflammations","Ocular infections, irritations and inflammations","Eye","N",5311027
"1696439",69,1,"Tinnitus","Inner ear signs and symptoms","Inner ear and VIIIth cranial nerve disorders","Ear","N",5311027
"1696440",70,1,"Anxiety","Anxiety symptoms","Anxiety disorders and symptoms","Psych","N",5311027
"1696441",70,2,"Confusional state","Confusion and disorientation","Deliria (incl confusion)","Psych","N",5311027
"1696442",70,3,"Delirium","Deliria","Deliria (incl confusion)","Psych","N",5311027
"1696443",70,4,"Memory impairment","Memory loss (excl dementia)","Mental impairment disorders","Nerv","N",5311027
"1696444",70,5,"Nightmare","Parasomnias","Sleep disorders and disturbances","Psych","N",5311027
"1696445",71,1,"Blood creatine phosphokinase increased","Skeletal and cardiac muscle analyses","Enzyme investigations NEC","Inv","N",5311027
"1696446",71,2,"Mobility decreased","Musculoskeletal and connective tissue signs and symptoms NEC","Musculoskeletal and connective tissue disorders NEC","Musc","N",5311027
"1696447",71,3,"Myopathy","Myopathies","Muscle disorders","Musc","N",5311027
"1696448",72,1,"Erythema","Erythemas","Epidermal and dermal conditions","Skin","N",5311027
"1696449",72,2,"Oedema","Oedema NEC","General system disorders NEC","Genrl","N",5311027
"1696450",72,3,"Rash pruritic","Pruritus NEC","Epidermal and dermal conditions","Skin","N",5311027
"1696451",72,4,"Urticaria","Urticarias","Angioedema and urticaria","Skin","N",5311027
"1696452",73,1,"Eyelid irritation","Lid, lash and lacrimal infections, irritations and inflammations","Ocular infections, irritations and inflammations","Eye","N",5311027
"1696453",73,2,"Skin exfoliation","Exfoliative conditions","Epidermal and dermal conditions","Skin","N",5311027
"1696454",74,1,"Atrial fibrillation","Supraventricular arrhythmias","Cardiac arrhythmias","Card","N",5311027
"1696455",75,1,"Choroidal detachment","Choroid and vitreous structural change, deposit and degeneration","Ocular structural change, deposit and degeneration NEC","Eye","N",5311027
"1696456",76,1,"Retinal vein occlusion","Retinal bleeding and vascular disorders (excl retinopathy)","Retina, choroid and vitreous haemorrhages and vascular disorders","Eye","N",5311027
"1696457",77,1,"Conjunctival irritation","Conjunctival infections, irritations and inflammations","Ocular infections, irritations and inflammations","Eye","N",5311027
"1696458",78,1,"Abdominal discomfort","Gastrointestinal signs and symptoms NEC","Gastrointestinal signs and symptoms","Gastr","N",5311027
"1696459",78,2,"Arthralgia","Joint related signs and symptoms","Joint disorders","Musc","N",5311027
"1696460",78,3,"Asthenia","Asthenic conditions","General system disorders NEC","Genrl","N",5311027
"1696461",78,4,"Dizziness","Neurological signs and symptoms NEC","Neurological disorders NEC","Nerv","N",5311027
"1696462",78,5,"Flatulence","Flatulence, bloating and distension","Gastrointestinal signs and symptoms","Gastr","N",5311027
"1696463",78,6,"Headache","Headaches NEC","Headaches","Nerv","N",5311027
"1696464",78,7,"Myalgia","Muscle pains","Muscle disorders","Musc","N",5311027
"1696465",79,1,"Blindness transient","Blindness (excl colour blindness)","Vision disorders","Eye","N",5311027
"1696466",79,2,"Eye pain","Ocular disorders NEC","Eye disorders NEC","Eye","N",5311027
"1696467",80,1,"Nephropathy toxic","Nephropathies and tubular disorders NEC","Nephropathies","Renal","N",5311027
"1696468",80,2,"Renal impairment","Renal failure and impairment","Renal disorders (excl nephropathies)","Renal","N",5311027
"1696469",81,1,"Alopecia","Alopecias","Skin appendage conditions","Skin","N",5311027
"1696470",81,2,"Pruritus","Pruritus NEC","Epidermal and dermal conditions","Skin","N",5311027
"1696471",82,1,"Ocular hyperaemia","Ocular infections, inflammations and associated manifestations","Ocular infections, irritations and inflammations","Eye","N",5311027
"1696472",82,2,"Vision blurred","Visual disorders NEC","Vision disorders","Eye","N",5311027
"1696473",83,1,"Choroidal effusion","Choroid and vitreous structural change, deposit and degeneration","Ocular structural change, deposit and degeneration NEC","Eye","N",5311027
"1696474",83,2,"Retinal detachment","Retinal structural change, deposit and degeneration","Ocular structural change, deposit and degeneration NEC","Eye","N",5311027
"1696475",84,1,"Blindness transient","Blindness (excl colour blindness)","Vision disorders","Eye","N",5311027
"1696476",85,1,"Choroidal effusion","Choroid and vitreous structural change, deposit and degeneration","Ocular structural change, deposit and degeneration NEC","Eye","N",5311027
"1696477",85,2,"Retinal detachment","Retinal structural change, deposit and degeneration","Ocular structural change, deposit and degeneration NEC","Eye","N",5311027
"1696478",86,1,"Choroidal effusion","Choroid and vitreous structural change, deposit and degeneration","Ocular structural change, deposit and degeneration NEC","Eye","N",5311027
"1696479",86,2,"Retinal detachment","Retinal structural change, deposit and degeneration","Ocular structural change, deposit and degeneration NEC","Eye","N",5311027
"1696480",87,1,"Choroidal effusion","Choroid and vitreous structural change, deposit and degeneration","Ocular structural change, deposit and degeneration NEC","Eye","N",5311027
"1696481",87,2,"Retinal detachment","Retinal structural change, deposit and degeneration","Ocular structural change, deposit and degeneration NEC","Eye","N",5311027
"1696482",88,1,"Dry skin","Dermal and epidermal conditions NEC","Epidermal and dermal conditions","Skin","N",5311027
"1696483",88,2,"Erythema","Erythemas","Epidermal and dermal conditions","Skin","N",5311027
"1696484",88,3,"Pruritus","Pruritus NEC","Epidermal and dermal conditions","Skin","N",5311027
"1696485",88,4,"Skin tightness","Dermal and epidermal conditions NEC","Epidermal and dermal conditions","Skin","N",5311027
"1696486",88,5,"Skin warm","Dermal and epidermal conditions NEC","Epidermal and dermal conditions","Skin","N",5311027
"1696487",88,6,"Swelling face","Angioedemas","Angioedema and urticaria","Skin","N",5311027
"1696488",89,1,"Conjunctivitis allergic","Conjunctival infections, irritations and inflammations","Ocular infections, irritations and inflammations","Eye","N",5311027
"1696489",89,2,"Eye pruritus","Ocular infections, inflammations and associated manifestations","Ocular infections, irritations and inflammations","Eye","N",5311027
"1696490",89,3,"Eyelid disorder","Ocular disorders NEC","Eye disorders NEC","Eye","N",5311027
"1696491",89,4,"Ocular hyperaemia","Ocular infections, inflammations and associated manifestations","Ocular infections, irritations and inflammations","Eye","N",5311027
"1696492",90,1,"Rash pustular","Skin structures and soft tissue infections","Infections - pathogen unspecified","Infec","N",5311027
"1696493",90,2,"Scab","Dermal and epidermal conditions NEC","Epidermal and dermal conditions","Skin","N",5311027
"1696494",91,1,"Bradycardia","Rate and rhythm disorders NEC","Cardiac arrhythmias","Card","N",5311027
"1696495",91,2,"Wheezing","Bronchospasm and obstruction","Bronchial disorders (excl neoplasms)","Resp","N",5311027
"1696496",92,1,"Choroidal effusion","Choroid and vitreous structural change, deposit and degeneration","Ocular structural change, deposit and degeneration NEC","Eye","N",5311027
"1696497",92,2,"Retinal detachment","Retinal structural change, deposit and degeneration","Ocular structural change, deposit and degeneration NEC","Eye","N",5311027
"1696498",92,3,"Vision blurred","Visual disorders NEC","Vision disorders","Eye","N",5311027
"1696499",93,1,"Choroidal detachment","Choroid and vitreous structural change, deposit and degeneration","Ocular structural change, deposit and degeneration NEC","Eye","N",5311027
"1696500",94,1,"Choroidal effusion","Choroid and vitreous structural change, deposit and degeneration","Ocular structural change, deposit and degeneration NEC","Eye","N",5311027
"1696501",94,2,"Retinal detachment","Retinal structural change, deposit and degeneration","Ocular structural change, deposit and degeneration NEC","Eye","N",5311027
"1696502",95,1,"Blindness","Blindness (excl colour blindness)","Vision disorders","Eye","N",5311027
"1696503",95,2,"Choroidal effusion","Choroid and vitreous structural change, deposit and degeneration","Ocular structural change, deposit and degeneration NEC","Eye","N",5311027
"1696504",95,3,"Retinal detachment","Retinal structural change, deposit and degeneration","Ocular structural change, deposit and degeneration NEC","Eye","N",5311027
"1696505",96,1,"Choroidal effusion","Choroid and vitreous structural change, deposit and degeneration","Ocular structural change, deposit and degeneration NEC","Eye","N",5311027
"1696506",96,2,"Retinal detachment","Retinal structural change, deposit and degeneration","Ocular structural change, deposit and degeneration NEC","Eye","N",5311027
"1696507",96,3,"Visual impairment","Visual disorders NEC","Vision disorders","Eye","N",5311027
"1696508",97,1,"Organic erectile dysfunction","Erection and ejaculation conditions and disorders","Sexual function and fertility disorders","Repro","N",5311027
"1696509",98,1,"Tinnitus","Inner ear signs and symptoms","Inner ear and VIIIth cranial nerve disorders","Ear","N",5311027
"1696510",99,1,"Hypertension","Vascular hypertensive disorders NEC","Vascular hypertensive disorders","Vasc","N",5311027
"1696511",100,1,"Amnesia","Memory loss (excl dementia)","Mental impairment disorders","Nerv","N",5311027
"1696512",100,2,"Memory impairment","Memory loss (excl dementia)","Mental impairment disorders","Nerv","N",5311027
"1696513",101,1,"Blindness","Blindness (excl colour blindness)","Vision disorders","Eye","N",5311027
"1696514",101,2,"Eye pruritus","Ocular infections, inflammations and associated manifestations","Ocular infections, irritations and inflammations","Eye","N",5311027
"1696515",101,3,"Ocular hyperaemia","Ocular infections, inflammations and associated manifestations","Ocular infections, irritations and inflammations","Eye","N",5311027
"1696516",101,4,"Skin discolouration","Dermal and epidermal conditions NEC","Epidermal and dermal conditions","Skin","N",5311027
"1696517",102,1,"Insomnia","Disturbances in initiating and maintaining sleep","Sleep disorders and disturbances","Psych","N",5311027
"1696518",103,1,"Agitation","Anxiety symptoms","Anxiety disorders and symptoms","Psych","N",5311027
"1696519",103,2,"Anxiety","Anxiety symptoms","Anxiety disorders and symptoms","Psych","N",5311027
"1696520",103,3,"Mood altered","Emotional and mood disturbances NEC","Mood disorders and disturbances NEC","Psych","N",5311027
"1696521",104,1,"Abnormal sensation in eye","Ocular sensation disorders","Ocular sensory symptoms NEC","Eye","N",5311027
"1696522",104,2,"Asthenopia","Ocular sensation disorders","Ocular sensory symptoms NEC","Eye","N",5311027
"1696523",104,3,"Asthma","Bronchospasm and obstruction","Bronchial disorders (excl neoplasms)","Resp","N",5311027
"1696524",104,4,"Blood pressure increased","Vascular tests NEC (incl blood pressure)","Cardiac and vascular investigations (excl enzyme tests)","Inv","N",5311027
"1696525",104,5,"Catarrh","Upper respiratory tract signs and symptoms","Respiratory tract signs and symptoms","Resp","N",5311027
"1696526",104,6,"Cough","Coughing and associated symptoms","Respiratory disorders NEC","Resp","N",5311027
"1696527",104,7,"Cystoid macular oedema","Retinal, choroid and vitreous infections and inflammations","Ocular infections, irritations and inflammations","Eye","N",5311027
"1696528",104,8,"Dry eye","Lacrimation disorders","Eye disorders NEC","Eye","N",5311027
"1696529",104,9,"Erythema of eyelid","Lid, lash and lacrimal infections, irritations and inflammations","Ocular infections, irritations and inflammations","Eye","N",5311027
"1696530",104,10,"Eye burns","Eye injuries NEC","Injuries NEC","Inj&P","N",5311027
"1696531",104,11,"Eye inflammation","Ocular infections, inflammations and associated manifestations","Ocular infections, irritations and inflammations","Eye","N",5311027
"1696532",104,12,"Eye irritation","Ocular infections, inflammations and associated manifestations","Ocular infections, irritations and inflammations","Eye","N",5311027
"1696533",104,13,"Eye pruritus","Ocular infections, inflammations and associated manifestations","Ocular infections, irritations and inflammations","Eye","N",5311027
"1696534",104,14,"Eye swelling","Ocular disorders NEC","Eye disorders NEC","Eye","N",5311027
"1696535",104,15,"Eyelash hyperpigmentation","Lid, lash and lacrimal structural disorders","Anterior eye structural change, deposit and degeneration","Eye","N",5311027
"1696536",104,16,"Eyelid margin crusting","Lid, lash and lacrimal infections, irritations and inflammations","Ocular infections, irritations and inflammations","Eye","N",5311027
"1696537",104,17,"Eyelids pruritus","Ocular disorders NEC","Eye disorders NEC","Eye","N",5311027
"1696538",104,18,"Growth of eyelashes","Lid, lash and lacrimal structural disorders","Anterior eye structural change, deposit and degeneration","Eye","N",5311027
"1696539",104,19,"Headache","Headaches NEC","Headaches","Nerv","N",5311027
"1696540",104,20,"Hypersensitivity","Allergic conditions NEC","Allergic conditions","Immun","N",5311027
"1696541",104,21,"Influenza like illness","General signs and symptoms NEC","General system disorders NEC","Genrl","N",5311027
"1696542",104,22,"Lacrimation increased","Lacrimation disorders","Eye disorders NEC","Eye","N",5311027
"1696543",104,23,"Lid sulcus deepened","Orbital structural change, deposit and degeneration","Ocular structural change, deposit and degeneration NEC","Eye","N",5311027
"1696544",104,24,"Liver function test abnormal","Liver function analyses","Hepatobiliary investigations","Inv","N",5311027
"1696545",104,25,"Nausea","Nausea and vomiting symptoms","Gastrointestinal signs and symptoms","Gastr","N",5311027
"1696546",104,26,"Ocular hyperaemia","Ocular infections, inflammations and associated manifestations","Ocular infections, irritations and inflammations","Eye","N",5311027
"1696547",104,27,"Pain","Pain and discomfort NEC","General system disorders NEC","Genrl","N",5311027
"1696548",104,28,"Photosensitivity reaction","Photosensitivity and photodermatosis conditions","Epidermal and dermal conditions","Skin","N",5311027
"1696549",104,29,"Retinal haemorrhage","Retinal bleeding and vascular disorders (excl retinopathy)","Retina, choroid and vitreous haemorrhages and vascular disorders","Eye","N",5311027
"1696550",104,30,"Skin discolouration","Dermal and epidermal conditions NEC","Epidermal and dermal conditions","Skin","N",5311027
"1696551",104,31,"Visual impairment","Visual disorders NEC","Vision disorders","Eye","N",5311027
"1696552",105,1,"Epistaxis","Nasal disorders NEC","Upper respiratory tract disorders (excl infections)","Resp","N",5311027
"1696553",106,1,"Blindness unilateral","Blindness (excl colour blindness)","Vision disorders","Eye","N",5311027
"1696554",106,2,"Corneal epithelium defect","Corneal structural change, deposit and degeneration","Anterior eye structural change, deposit and degeneration","Eye","N",5311027
"1696555",106,3,"Corneal opacity","Corneal structural change, deposit and degeneration","Anterior eye structural change, deposit and degeneration","Eye","N",5311027
"1696556",106,4,"Corneal scar","Corneal structural change, deposit and degeneration","Anterior eye structural change, deposit and degeneration","Eye","N",5311027
"1696557",106,5,"Eye pain","Ocular disorders NEC","Eye disorders NEC","Eye","N",5311027
"1696558",106,6,"Irritability","Emotional and mood disturbances NEC","Mood disorders and disturbances NEC","Psych","N",5311027
"1696559",107,1,"Pulmonary embolism","Pulmonary thrombotic and embolic conditions","Pulmonary vascular disorders","Resp","N",5311027
"1696560",107,2,"Symptom masked","General signs and symptoms NEC","General system disorders NEC","Genrl","N",5311027
"1696561",108,1,"Dark circles under eyes","Ocular disorders NEC","Eye disorders NEC","Eye","N",5311027
"1696562",108,2,"Skin discolouration","Dermal and epidermal conditions NEC","Epidermal and dermal conditions","Skin","N",5311027
"1696563",109,1,"Eye pain","Ocular disorders NEC","Eye disorders NEC","Eye","N",5311027
"1696564",109,2,"Eyelid oedema","Lid, lash and lacrimal infections, irritations and inflammations","Ocular infections, irritations and inflammations","Eye","N",5311027
"1696565",110,1,"Amnesia","Memory loss (excl dementia)","Mental impairment disorders","Nerv","N",5311027
"1696566",110,2,"Diarrhoea","Diarrhoea (excl infective)","Gastrointestinal motility and defaecation conditions","Gastr","N",5311027
"1696567",110,3,"Dizziness","Neurological signs and symptoms NEC","Neurological disorders NEC","Nerv","N",5311027
"1696568",110,4,"Fatigue","Asthenic conditions","General system disorders NEC","Genrl","N",5311027
"1696569",110,5,"Malaise","Asthenic conditions","General system disorders NEC","Genrl","N",5311027
"1696570",110,6,"Ocular hyperaemia","Ocular infections, inflammations and associated manifestations","Ocular infections, irritations and inflammations","Eye","N",5311027
"1696571",110,7,"Parkinson's disease","Parkinson's disease and parkinsonism","Movement disorders (incl parkinsonism)","Nerv","N",5311027
"1696572",110,8,"Tinnitus","Inner ear signs and symptoms","Inner ear and VIIIth cranial nerve disorders","Ear","N",5311027
"1696573",110,9,"Tremor","Tremor (excl congenital)","Movement disorders (incl parkinsonism)","Nerv","N",5311027
"1696574",111,1,"Dyspnoea","Breathing abnormalities","Respiratory disorders NEC","Resp","N",5311027
"1696575",112,1,"Alopecia","Alopecias","Skin appendage conditions","Skin","N",5311027
"1696576",112,2,"Eye pain","Ocular disorders NEC","Eye disorders NEC","Eye","N",5311027
"1696577",112,3,"Eyelash thickening","Lid, lash and lacrimal structural disorders","Anterior eye structural change, deposit and degeneration","Eye","N",5311027
"1696578",112,4,"Growth of eyelashes","Lid, lash and lacrimal structural disorders","Anterior eye structural change, deposit and degeneration","Eye","N",5311027
"1696579",112,5,"Hyperaesthesia","Paraesthesias and dysaesthesias","Neurological disorders NEC","Nerv","N",5311027
"1696580",112,6,"Pain","Pain and discomfort NEC","General system disorders NEC","Genrl","N",5311027
"1696581",112,7,"Photophobia","Ocular sensation disorders","Ocular sensory symptoms NEC","Eye","N",5311027
"1696582",113,1,"Alopecia","Alopecias","Skin appendage conditions","Skin","N",5311027
"1696583",113,2,"Alopecia","Alopecias","Skin appendage conditions","Skin","N",5311027
"1696584",113,3,"Alopecia","Alopecias","Skin appendage conditions","Skin","N",5311027
"1696585",113,4,"Prostate cancer","Prostatic neoplasms malignant","Reproductive neoplasms male malignant and unspecified","Neopl","N",5311027
"1696586",114,1,"Amnesia","Memory loss (excl dementia)","Mental impairment disorders","Nerv","N",5311027
"1696587",114,2,"Depression","Depressive disorders","Depressed mood disorders and disturbances","Psych","N",5311027
"1696588",114,3,"Nightmare","Parasomnias","Sleep disorders and disturbances","Psych","N",5311027
"1696589",115,1,"Dizziness","Neurological signs and symptoms NEC","Neurological disorders NEC","Nerv","N",5311027
"1696590",116,1,"Growth of eyelashes","Lid, lash and lacrimal structural disorders","Anterior eye structural change, deposit and degeneration","Eye","N",5311027
"1696591",117,1,"Cataract","Cataract conditions","Anterior eye structural change, deposit and degeneration","Eye","N",5311027
"1696592",117,2,"Cystoid macular oedema","Retinal, choroid and vitreous infections and inflammations","Ocular infections, irritations and inflammations","Eye","N",5311027
"1696593",118,1,"Blepharochalasis","Lid, lash and lacrimal structural disorders","Anterior eye structural change, deposit and degeneration","Eye","N",5311027
"1696594",118,2,"Eye swelling","Ocular disorders NEC","Eye disorders NEC","Eye","N",5311027
"1696595",118,3,"Lid sulcus deepened","Orbital structural change, deposit and degeneration","Ocular structural change, deposit and degeneration NEC","Eye","N",5311027
"1696596",119,1,"Asthma","Bronchospasm and obstruction","Bronchial disorders (excl neoplasms)","Resp","N",5311027
"1696597",119,2,"Dyspnoea","Breathing abnormalities","Respiratory disorders NEC","Resp","N",5311027
"1696598",120,1,"Eye pruritus","Ocular infections, inflammations and associated manifestations","Ocular infections, irritations and inflammations","Eye","N",5311027
"1696599",120,2,"Eyelid oedema","Lid, lash and lacrimal infections, irritations and inflammations","Ocular infections, irritations and inflammations","Eye","N",5311027
"1696600",120,3,"Ocular hyperaemia","Ocular infections, inflammations and associated manifestations","Ocular infections, irritations and inflammations","Eye","N",5311027
"1696601",121,1,"Eye haemorrhage","Ocular bleeding and vascular disorders NEC","Ocular haemorrhages and vascular disorders NEC","Eye","N",5311027
"1696602",121,2,"Intraocular pressure fluctuation","Ophthalmic function diagnostic procedures","Neurological, special senses and psychiatric investigations","Inv","N",5311027
"1696603",121,3,"Retinal cyst","Retinal structural change, deposit and degeneration","Ocular structural change, deposit and degeneration NEC","Eye","N",5311027
"1696604",121,4,"Retinal injury","Eye injuries NEC","Injuries NEC","Inj&P","N",5311027
"1696605",121,5,"Visual acuity reduced","Partial vision loss","Vision disorders","Eye","N",5311027
"1696606",122,1,"Eyelid ptosis","Eyelid movement disorders","Ocular neuromuscular disorders","Eye","N",5311027
"1696607",123,1,"Cough","Coughing and associated symptoms","Respiratory disorders NEC","Resp","N",5311027
"1696608",124,1,"Periorbital haemorrhage","Eye injuries NEC","Injuries NEC","Inj&P","N",5311027
"1696609",125,1,"Abdominal discomfort","Gastrointestinal signs and symptoms NEC","Gastrointestinal signs and symptoms","Gastr","N",5311027
"1696610",125,2,"Flatulence","Flatulence, bloating and distension","Gastrointestinal signs and symptoms","Gastr","N",5311027
"1696611",126,1,"Angle closure glaucoma","Glaucomas (excl congenital)","Glaucoma and ocular hypertension","Eye","N",5311027
"1696612",126,2,"Drug ineffective","Therapeutic and nontherapeutic responses","Therapeutic and nontherapeutic effects (excl toxicity)","Genrl","N",5311027
"1696613",127,1,"Discomfort","Pain and discomfort NEC","General system disorders NEC","Genrl","N",5311027
"1696614",127,2,"Epistaxis","Nasal disorders NEC","Upper respiratory tract disorders (excl infections)","Resp","N",5311027
"1696615",127,3,"Headache","Headaches NEC","Headaches","Nerv","N",5311027
"1696616",128,1,"Tinnitus","Inner ear signs and symptoms","Inner ear and VIIIth cranial nerve disorders","Ear","N",5311027
"1696617",129,1,"Dry mouth","Oral dryness and saliva altered","Salivary gland conditions","Gastr","N",5311027
"1696618",129,2,"Dysgeusia","Sensory abnormalities NEC","Neurological disorders NEC","Nerv","N",5311027
"1696619",129,3,"Lacrimation increased","Lacrimation disorders","Eye disorders NEC","Eye","N",5311027
"1696620",129,4,"Lip dry","Oral dryness and saliva altered","Salivary gland conditions","Gastr","N",5311027
"1696621",129,5,"Rhinorrhoea","Upper respiratory tract signs and symptoms","Respiratory tract signs and symptoms","Resp","N",5311027
"1696622",129,6,"Somnolence","Disturbances in consciousness NEC","Neurological disorders NEC","Nerv","N",5311027
"1696623",129,7,"Vision blurred","Visual disorders NEC","Vision disorders","Eye","N",5311027
"1696624",130,1,"Abdominal discomfort","Gastrointestinal signs and symptoms NEC","Gastrointestinal signs and symptoms","Gastr","N",5311027
"1696625",130,2,"Abdominal pain upper","Gastrointestinal and abdominal pains (excl oral and throat)","Gastrointestinal signs and symptoms","Gastr","N",5311027
"1696626",130,3,"Fatigue","Asthenic conditions","General system disorders NEC","Genrl","N",5311027
"1696627",130,4,"Headache","Headaches NEC","Headaches","Nerv","N",5311027
"1696628",130,5,"Musculoskeletal pain","Musculoskeletal and connective tissue pain and discomfort","Musculoskeletal and connective tissue disorders NEC","Musc","N",5311027
"1696629",130,6,"Myalgia","Muscle pains","Muscle disorders","Musc","N",5311027
"1696630",130,7,"Neck pain","Musculoskeletal and connective tissue pain and discomfort","Musculoskeletal and connective tissue disorders NEC","Musc","N",5311027
"1696631",131,1,"Bradycardia","Rate and rhythm disorders NEC","Cardiac arrhythmias","Card","N",5311027
"1696632",131,2,"Drug ineffective","Therapeutic and nontherapeutic responses","Therapeutic and nontherapeutic effects (excl toxicity)","Genrl","N",5311027
"1696633",131,3,"Hypertension","Vascular hypertensive disorders NEC","Vascular hypertensive disorders","Vasc","N",5311027
"1696634",131,4,"Intraocular lens implant","Lens therapeutic procedures","Eye therapeutic procedures","Surg","N",5311027
"1696635",131,5,"Macular oedema","Retinal, choroid and vitreous infections and inflammations","Ocular infections, irritations and inflammations","Eye","N",5311027
"1696636",131,6,"Retinal vein occlusion","Retinal bleeding and vascular disorders (excl retinopathy)","Retina, choroid and vitreous haemorrhages and vascular disorders","Eye","N",5311027
"1696637",131,7,"Visual acuity reduced","Partial vision loss","Vision disorders","Eye","N",5311027
"1696638",132,1,"Conjunctival hyperaemia","Conjunctival infections, irritations and inflammations","Ocular infections, irritations and inflammations","Eye","N",5311027
"1696639",132,2,"Hypersensitivity","Allergic conditions NEC","Allergic conditions","Immun","N",5311027
"1696640",132,3,"Vital dye staining cornea present","Ophthalmic function diagnostic procedures","Neurological, special senses and psychiatric investigations","Inv","N",5311027
"1696641",133,1,"Dysgeusia","Sensory abnormalities NEC","Neurological disorders NEC","Nerv","N",5311027
"1696642",133,2,"Gingival discolouration","Gingival discolourations","Dental and gingival conditions","Gastr","N",5311027
"1696643",134,1,"Ageusia","Sensory abnormalities NEC","Neurological disorders NEC","Nerv","N",5311027
"1696644",135,1,"Cataract operation","Lens therapeutic procedures","Eye therapeutic procedures","Surg","N",5311027
"1696645",135,2,"Ocular hyperaemia","Ocular infections, inflammations and associated manifestations","Ocular infections, irritations and inflammations","Eye","N",5311027
"1696646",136,1,"Cystoid macular oedema","Retinal, choroid and vitreous infections and inflammations","Ocular infections, irritations and inflammations","Eye","N",5311027
"1696647",137,1,"Chronic obstructive pulmonary disease","Bronchospasm and obstruction","Bronchial disorders (excl neoplasms)","Resp","N",5311027
"1696648",138,1,"Erectile dysfunction","Erection and ejaculation conditions and disorders","Sexual function and fertility disorders","Repro","N",5311027
"1696649",138,2,"Loss of libido","Sexual desire disorders","Sexual dysfunctions, disturbances and gender identity disorders","Psych","N",5311027
"1696650",139,1,"Eye swelling","Ocular disorders NEC","Eye disorders NEC","Eye","N",5311027
"1696651",140,1,"Depressive symptom","Mood alterations with depressive symptoms","Depressed mood disorders and disturbances","Psych","N",5311027
"1696652",140,2,"Eye discharge","Ocular infections, inflammations and associated manifestations","Ocular infections, irritations and inflammations","Eye","N",5311027
"1696653",140,3,"Eye infection","Eye and eyelid infections","Infections - pathogen unspecified","Infec","N",5311027
"1696654",140,4,"Neovascular age-related macular degeneration","Retinal structural change, deposit and degeneration","Ocular structural change, deposit and degeneration NEC","Eye","N",5311027
"1696655",141,1,"Insomnia","Disturbances in initiating and maintaining sleep","Sleep disorders and disturbances","Psych","N",5311027
"1696656",142,1,"Conjunctival hyperaemia","Conjunctival infections, irritations and inflammations","Ocular infections, irritations and inflammations","Eye","N",5311027
"1696657",142,2,"Corneal opacity","Corneal structural change, deposit and degeneration","Anterior eye structural change, deposit and degeneration","Eye","N",5311027
"1696658",142,3,"Corneal thickening","Corneal structural change, deposit and degeneration","Anterior eye structural change, deposit and degeneration","Eye","N",5311027
"1696659",142,4,"Eye injury","Eye injuries NEC","Injuries NEC","Inj&P","N",5311027
"1696660",142,5,"Keratic precipitates","Corneal structural change, deposit and degeneration","Anterior eye structural change, deposit and degeneration","Eye","N",5311027
"1696661",142,6,"Keratitis","Corneal infections, oedemas and inflammations","Ocular infections, irritations and inflammations","Eye","N",5311027
"1696662",142,7,"Product container issue","Product packaging issues","Product quality, supply, distribution, manufacturing and quality system issues","Prod","N",5311027
"1696663",142,8,"Vision blurred","Visual disorders NEC","Vision disorders","Eye","N",5311027
"1696664",142,9,"Visual impairment","Visual disorders NEC","Vision disorders","Eye","N",5311027
"1696665",143,1,"Hypersensitivity","Allergic conditions NEC","Allergic conditions","Immun","N",5311027
"1696666",144,1,"Dyspnoea","Breathing abnormalities","Respiratory disorders NEC","Resp","N",5311027
"1696667",144,2,"Pyrexia","Febrile disorders","Body temperature conditions","Genrl","N",5311027
"1696668",144,3,"Tachycardia","Rate and rhythm disorders NEC","Cardiac arrhythmias","Card","N",5311027
"1696669",145,1,"Excessive eye blinking","Eyelid movement disorders","Ocular neuromuscular disorders","Eye","N",5311027
"1696670",145,2,"Eye pain","Ocular disorders NEC","Eye disorders NEC","Eye","N",5311027
"1696671",145,3,"Eye swelling","Ocular disorders NEC","Eye disorders NEC","Eye","N",5311027
"1696672",145,4,"Foreign body sensation in eyes","Ocular sensation disorders","Ocular sensory symptoms NEC","Eye","N",5311027
"1696673",145,5,"Ocular hyperaemia","Ocular infections, inflammations and associated manifestations","Ocular infections, irritations and inflammations","Eye","N",5311027
"1696674",146,1,"Anxiety","Anxiety symptoms","Anxiety disorders and symptoms","Psych","N",5311027
"1696675",146,2,"Drug effect decreased","Therapeutic and nontherapeutic responses","Therapeutic and nontherapeutic effects (excl toxicity)","Genrl","N",5311027
"1696676",146,3,"Growth of eyelashes","Lid, lash and lacrimal structural disorders","Anterior eye structural change, deposit and degeneration","Eye","N",5311027
"1696677",146,4,"Lid sulcus deepened","Orbital structural change, deposit and degeneration","Ocular structural change, deposit and degeneration NEC","Eye","N",5311027
"1696678",146,5,"Nausea","Nausea and vomiting symptoms","Gastrointestinal signs and symptoms","Gastr","N",5311027
"1696679",146,6,"Obsessive-compulsive disorder","Obsessive-compulsive disorders and symptoms","Anxiety disorders and symptoms","Psych","N",5311027
"1696680",146,7,"Visual impairment","Visual disorders NEC","Vision disorders","Eye","N",5311027
"1696681",147,1,"Epistaxis","Nasal disorders NEC","Upper respiratory tract disorders (excl infections)","Resp","N",5311027
"1696682",147,2,"Product substitution issue","Product quality issues NEC","Product quality, supply, distribution, manufacturing and quality system issues","Prod","N",5311027
"1696683",148,1,"Hallucination","Perception disturbances","Disturbances in thinking and perception","Psych","N",5311027
"1696684",149,1,"Diarrhoea","Diarrhoea (excl infective)","Gastrointestinal motility and defaecation conditions","Gastr","N",5311027
"1696685",149,2,"Incorrect route of drug administration","Product administration errors and issues","Medication errors and other product use errors and issues","Inj&P","N",5311027
"1696686",150,1,"Drug ineffective","Therapeutic and nontherapeutic responses","Therapeutic and nontherapeutic effects (excl toxicity)","Genrl","N",5311027
"1696687",150,2,"Intraocular pressure increased","Ophthalmic function diagnostic procedures","Neurological, special senses and psychiatric investigations","Inv","N",5311027
"1696688",150,3,"Optic nerve injury","Cranial nerve injuries","Injuries NEC","Inj&P","N",5311027
"1696689",151,1,"Dyspnoea","Breathing abnormalities","Respiratory disorders NEC","Resp","N",5311027
"1696690",152,1,"Abnormal dreams","Parasomnias","Sleep disorders and disturbances","Psych","N",5311027
"1696691",152,2,"Nightmare","Parasomnias","Sleep disorders and disturbances","Psych","N",5311027
"1696692",153,1,"Drug ineffective","Therapeutic and nontherapeutic responses","Therapeutic and nontherapeutic effects (excl toxicity)","Genrl","N",5311027
"1696693",153,2,"Glaucoma","Glaucomas (excl congenital)","Glaucoma and ocular hypertension","Eye","N",5311027
"1696694",153,3,"Iritis","Iris and uveal tract infections, irritations and inflammations","Ocular infections, irritations and inflammations","Eye","N",5311027
"1696695",153,4,"Uveitis","Iris and uveal tract infections, irritations and inflammations","Ocular infections, irritations and inflammations","Eye","N",5311027
"1696696",153,5,"Visual acuity reduced","Partial vision loss","Vision disorders","Eye","N",5311027
"1696697",154,1,"Dyspnoea","Breathing abnormalities","Respiratory disorders NEC","Resp","N",5311027
"1696698",155,1,"Headache","Headaches NEC","Headaches","Nerv","N",5311027
"1696699",156,1,"Aphonia","Speech and language abnormalities","Neurological disorders NEC","Nerv","N",5311027
"1696700",156,2,"Sneezing","Upper respiratory tract signs and symptoms","Respiratory tract signs and symptoms","Resp","N",5311027
"1696701",157,1,"Cough","Coughing and associated symptoms","Respiratory disorders NEC","Resp","N",5311027
"1696702",158,1,"Nausea","Nausea and vomiting symptoms","Gastrointestinal signs and symptoms","Gastr","N",5311027
"1696703",158,2,"Peripheral coldness","Peripheral vasoconstriction, necrosis and vascular insufficiency","Arteriosclerosis, stenosis, vascular insufficiency and necrosis","Vasc","N",5311027
"1696704",158,3,"Vision blurred","Visual disorders NEC","Vision disorders","Eye","N",5311027
"1696705",159,1,"Eye pain","Ocular disorders NEC","Eye disorders NEC","Eye","N",5311027
"1696706",159,2,"Fear","Fear symptoms and phobic disorders (incl social phobia)","Anxiety disorders and symptoms","Psych","N",5311027
"1696707",159,3,"Insomnia","Disturbances in initiating and maintaining sleep","Sleep disorders and disturbances","Psych","N",5311027
"1696708",159,4,"Nightmare","Parasomnias","Sleep disorders and disturbances","Psych","N",5311027
"1696709",159,5,"Photophobia","Ocular sensation disorders","Ocular sensory symptoms NEC","Eye","N",5311027
"1696710",160,1,"Myalgia","Muscle pains","Muscle disorders","Musc","N",5311027
"1696711",160,2,"Peripheral swelling","General signs and symptoms NEC","General system disorders NEC","Genrl","N",5311027
"1696712",160,3,"Trabeculectomy","Iris and ciliary body therapeutic procedures","Eye therapeutic procedures","Surg","N",5311027
"1696713",161,1,"Headache","Headaches NEC","Headaches","Nerv","N",5311027
"1696714",162,1,"Incorrect dosage administered","Product administration errors and issues","Medication errors and other product use errors and issues","Inj&P","N",5311027
"1696715",162,2,"Product dropper issue","Product packaging issues","Product quality, supply, distribution, manufacturing and quality system issues","Prod","N",5311027
"1696716",162,3,"Product package associated injury","Non-site specific injuries NEC","Injuries NEC","Inj&P","N",5311027
"1696717",162,4,"Syncope","Disturbances in consciousness NEC","Neurological disorders NEC","Nerv","N",5311027
"1696718",163,1,"Asthenia","Asthenic conditions","General system disorders NEC","Genrl","N",5311027
"1696719",163,2,"Fatigue","Asthenic conditions","General system disorders NEC","Genrl","N",5311027
"1696720",163,3,"Ocular hyperaemia","Ocular infections, inflammations and associated manifestations","Ocular infections, irritations and inflammations","Eye","N",5311027
"1696721",163,4,"Pain","Pain and discomfort NEC","General system disorders NEC","Genrl","N",5311027
"1696722",163,5,"Sexual dysfunction","Sexual function and fertility disorders NEC","Sexual function and fertility disorders","Repro","N",5311027
"1696723",164,1,"Arrhythmia","Rate and rhythm disorders NEC","Cardiac arrhythmias","Card","N",5311027
"1696724",164,2,"Eye irritation","Ocular infections, inflammations and associated manifestations","Ocular infections, irritations and inflammations","Eye","N",5311027
"1696725",164,3,"Eye pain","Ocular disorders NEC","Eye disorders NEC","Eye","N",5311027
"1696726",164,4,"Eye pruritus","Ocular infections, inflammations and associated manifestations","Ocular infections, irritations and inflammations","Eye","N",5311027
"1696727",165,1,"Erythema","Erythemas","Epidermal and dermal conditions","Skin","N",5311027
"1696728",166,1,"Confusional state","Confusion and disorientation","Deliria (incl confusion)","Psych","N",5311027
"1696729",166,2,"Eye pain","Ocular disorders NEC","Eye disorders NEC","Eye","N",5311027
"1696730",166,3,"Fatigue","Asthenic conditions","General system disorders NEC","Genrl","N",5311027
"1696731",166,4,"Pruritus","Pruritus NEC","Epidermal and dermal conditions","Skin","N",5311027
"1696732",167,1,"Blindness","Blindness (excl colour blindness)","Vision disorders","Eye","N",5311027
"1696733",167,2,"Glaucoma","Glaucomas (excl congenital)","Glaucoma and ocular hypertension","Eye","N",5311027
"1696734",167,3,"Iridocyclitis","Iris and uveal tract infections, irritations and inflammations","Ocular infections, irritations and inflammations","Eye","N",5311027
"1696735",168,1,"Cystoid macular oedema","Retinal, choroid and vitreous infections and inflammations","Ocular infections, irritations and inflammations","Eye","N",5311027
"1696736",169,1,"Hypoglycaemia","Hypoglycaemic conditions NEC","Glucose metabolism disorders (incl diabetes mellitus)","Metab","N",5311027
"1696737",170,1,"Uveitis","Iris and uveal tract infections, irritations and inflammations","Ocular infections, irritations and inflammations","Eye","N",5311027
"1696738",171,1,"Blepharitis","Lid, lash and lacrimal infections, irritations and inflammations","Ocular infections, irritations and inflammations","Eye","N",5311027
"1696739",171,2,"Dermatitis","Dermatitis and eczema","Epidermal and dermal conditions","Skin","N",5311027
"1696740",171,3,"Eyelid oedema","Lid, lash and lacrimal infections, irritations and inflammations","Ocular infections, irritations and inflammations","Eye","N",5311027
"1696741",171,4,"Swelling face","Angioedemas","Angioedema and urticaria","Skin","N",5311027
"1696742",172,1,"Insomnia","Disturbances in initiating and maintaining sleep","Sleep disorders and disturbances","Psych","N",5311027
"1696743",173,1,"Pigmentation disorder","Pigmentation changes NEC","Pigmentation disorders","Skin","N",5311027
"1696744",174,1,"Rash","Rashes, eruptions and exanthems NEC","Epidermal and dermal conditions","Skin","N",5311027
"1696745",175,1,"Cerebrovascular accident","Central nervous system haemorrhages and cerebrovascular accidents","Central nervous system vascular disorders","Nerv","N",5311027
"1696746",176,1,"Eye pain","Ocular disorders NEC","Eye disorders NEC","Eye","N",5311027
"1696747",176,2,"Ocular discomfort","Ocular disorders NEC","Eye disorders NEC","Eye","N",5311027
"1696748",176,3,"Ocular hyperaemia","Ocular infections, inflammations and associated manifestations","Ocular infections, irritations and inflammations","Eye","N",5311027
"1696749",177,1,"Dyspnoea","Breathing abnormalities","Respiratory disorders NEC","Resp","N",5311027
"1696750",177,2,"Malaise","Asthenic conditions","General system disorders NEC","Genrl","N",5311027
"1696751",177,3,"Throat tightness","Upper respiratory tract signs and symptoms","Respiratory tract signs and symptoms","Resp","N",5311027
"1696752",178,1,"Pruritus","Pruritus NEC","Epidermal and dermal conditions","Skin","N",5311027
