"","X1","X1.1","Therapeutic.response.unexpected","Therapeutic.and.nontherapeutic.responses","Therapeutic.and.nontherapeutic.effects..excl.toxicity.","Genrl","N","X187"
"692020",1,1,"Urticaria","Urticarias","Angioedema and urticaria","Skin","N",171548
"692021",2,1,"Abdominal pain upper","Gastrointestinal and abdominal pains (excl oral and throat)","Gastrointestinal signs and symptoms","Gastr","N",171548
"692022",2,2,"Ovarian cancer","Ovarian neoplasms malignant (excl germ cell)","Reproductive neoplasms female malignant and unspecified","Neopl","N",171548
"692023",3,1,"Dizziness","Neurological signs and symptoms NEC","Neurological disorders NEC","Nerv","N",171548
"692024",3,2,"Feeling abnormal","Feelings and sensations NEC","General system disorders NEC","Genrl","N",171548
"692025",4,1,"Eosinophilia","Eosinophilic disorders","White blood cell disorders","Blood","N",171548
"692026",5,1,"Rash","Rashes, eruptions and exanthems NEC","Epidermal and dermal conditions","Skin","N",171548
"692027",6,1,"Chills","Feelings and sensations NEC","General system disorders NEC","Genrl","N",171548
"692028",7,1,"Headache","Headaches NEC","Headaches","Nerv","N",171548
"692029",7,2,"Hyperhidrosis","Apocrine and eccrine gland disorders","Skin appendage conditions","Skin","N",171548
"692030",7,3,"Pyrexia","Febrile disorders","Body temperature conditions","Genrl","N",171548
"692031",7,4,"Tachypnoea","Breathing abnormalities","Respiratory disorders NEC","Resp","N",171548
"692032",7,5,"Vomiting","Nausea and vomiting symptoms","Gastrointestinal signs and symptoms","Gastr","N",171548
"692033",8,1,"Galactorrhoea","Lactation disorders","Breast disorders","Repro","N",171548
"692034",8,2,"Hyperprolactinaemia","Anterior pituitary hyperfunction","Hypothalamus and pituitary gland disorders","Endo","N",171548
"692035",8,3,"Oligomenorrhoea","Menstruation with decreased bleeding","Menstrual cycle and uterine bleeding disorders","Repro","N",171548
"692036",9,1,"Injection site inflammation","Injection site reactions","Administration site reactions","Genrl","N",171548
"692037",10,1,"Asthenia","Asthenic conditions","General system disorders NEC","Genrl","N",171548
"692038",11,1,"Priapism","Erection and ejaculation conditions and disorders","Sexual function and fertility disorders","Repro","N",171548
"692039",12,1,"Fatigue","Asthenic conditions","General system disorders NEC","Genrl","N",171548
"692040",12,2,"Head discomfort","Neurological signs and symptoms NEC","Neurological disorders NEC","Nerv","N",171548
"692041",12,3,"Tunnel vision","Neurologic visual problems NEC","Neurological disorders of the eye","Nerv","N",171548
"692042",13,1,"Anaphylactic reaction","Anaphylactic and anaphylactoid responses","Allergic conditions","Immun","N",171548
"692043",14,1,"Hypersensitivity","Allergic conditions NEC","Allergic conditions","Immun","N",171548
"692044",15,1,"Hypersensitivity","Allergic conditions NEC","Allergic conditions","Immun","N",171548
"692045",16,1,"Sepsis","Sepsis, bacteraemia, viraemia and fungaemia NEC","Infections - pathogen unspecified","Infec","N",171548
"692046",17,1,"Sepsis","Sepsis, bacteraemia, viraemia and fungaemia NEC","Infections - pathogen unspecified","Infec","N",171548
"692047",18,1,"Rash papular","Rashes, eruptions and exanthems NEC","Epidermal and dermal conditions","Skin","N",171548
"692048",19,1,"Urticaria","Urticarias","Angioedema and urticaria","Skin","N",171548
"692049",20,1,"Cholecystitis","Cholecystitis and cholelithiasis","Gallbladder disorders","Hepat","N",171548
"692050",20,2,"Cholelithiasis","Cholecystitis and cholelithiasis","Gallbladder disorders","Hepat","N",171548
"692051",21,1,"Blood creatine phosphokinase increased","Skeletal and cardiac muscle analyses","Enzyme investigations NEC","Inv","N",171548
"692052",21,2,"Muscle spasms","Muscle related signs and symptoms NEC","Muscle disorders","Musc","N",171548
"692053",22,1,"Angina pectoris","Ischaemic coronary artery disorders","Coronary artery disorders","Card","N",171548
"692054",22,2,"Dyspepsia","Dyspeptic signs and symptoms","Gastrointestinal signs and symptoms","Gastr","N",171548
"692055",22,3,"Eructation","Dyspeptic signs and symptoms","Gastrointestinal signs and symptoms","Gastr","N",171548
"692056",23,1,"Arthralgia","Joint related signs and symptoms","Joint disorders","Musc","N",171548
"692057",23,2,"Back pain","Musculoskeletal and connective tissue pain and discomfort","Musculoskeletal and connective tissue disorders NEC","Musc","N",171548
"692058",23,3,"Hypothyroidism","Thyroid hypofunction disorders","Thyroid gland disorders","Endo","N",171548
"692059",24,1,"Jaundice","Cholestasis and jaundice","Hepatic and hepatobiliary disorders","Hepat","N",171548
"692060",25,1,"Gangrene","Bacterial infections NEC","Bacterial infectious disorders","Infec","N",171548
"692061",25,2,"Swelling","General signs and symptoms NEC","General system disorders NEC","Genrl","N",171548
"692062",25,3,"Weight increased","Physical examination procedures and organ system status","Physical examination and organ system status topics","Inv","N",171548
"692063",26,1,"Chest pain","Pain and discomfort NEC","General system disorders NEC","Genrl","N",171548
"692064",26,2,"Headache","Headaches NEC","Headaches","Nerv","N",171548
"692065",26,3,"Heart rate increased","Heart rate and pulse investigations","Cardiac and vascular investigations (excl enzyme tests)","Inv","N",171548
"692066",26,4,"Hypertension","Vascular hypertensive disorders NEC","Vascular hypertensive disorders","Vasc","N",171548
"692067",26,5,"Pain","Pain and discomfort NEC","General system disorders NEC","Genrl","N",171548
"692068",27,1,"Vomiting","Nausea and vomiting symptoms","Gastrointestinal signs and symptoms","Gastr","N",171548
"692069",28,1,"Abdominal distension","Flatulence, bloating and distension","Gastrointestinal signs and symptoms","Gastr","N",171548
"692070",28,2,"Fatigue","Asthenic conditions","General system disorders NEC","Genrl","N",171548
"692071",28,3,"Myalgia","Muscle pains","Muscle disorders","Musc","N",171548
"692072",28,4,"Somnolence","Disturbances in consciousness NEC","Neurological disorders NEC","Nerv","N",171548
"692073",29,1,"Depression","Depressive disorders","Depressed mood disorders and disturbances","Psych","N",171548
"692074",29,2,"Suicidal ideation","Suicidal and self-injurious behaviour","Suicidal and self-injurious behaviours NEC","Psych","N",171548
"692075",30,1,"Hepatic failure","Hepatic failure and associated disorders","Hepatic and hepatobiliary disorders","Hepat","N",171548
"692076",31,1,"International normalised ratio decreased","Coagulation and bleeding analyses","Haematology investigations (incl blood groups)","Inv","N",171548
"692077",32,1,"Retching","Nausea and vomiting symptoms","Gastrointestinal signs and symptoms","Gastr","N",171548
"692078",32,2,"Vomiting","Nausea and vomiting symptoms","Gastrointestinal signs and symptoms","Gastr","N",171548
"692079",33,1,"Chromaturia","Urinary abnormalities","Urinary tract signs and symptoms","Renal","N",171548
"692080",34,1,"Chromaturia","Urinary abnormalities","Urinary tract signs and symptoms","Renal","N",171548
"692081",35,1,"Headache","Headaches NEC","Headaches","Nerv","N",171548
"692082",35,2,"Hypoaesthesia","Paraesthesias and dysaesthesias","Neurological disorders NEC","Nerv","N",171548
"692083",35,3,"Migraine","Migraine headaches","Headaches","Nerv","N",171548
"692084",35,4,"Vision blurred","Visual disorders NEC","Vision disorders","Eye","N",171548
"692085",36,1,"Arrhythmia","Rate and rhythm disorders NEC","Cardiac arrhythmias","Card","N",171548
"692086",37,1,"Abortion spontaneous","Abortions spontaneous","Abortions and stillbirth","Preg","N",171548
"692087",37,2,"Exposure during pregnancy","Exposures associated with pregnancy, delivery and lactation","Exposures, chemical injuries and poisoning","Inj&P","N",171548
"692088",37,3,"Ill-defined disorder","General signs and symptoms NEC","General system disorders NEC","Genrl","N",171548
"692089",38,1,"Alopecia","Alopecias","Skin appendage conditions","Skin","N",171548
"692090",38,2,"Dizziness","Neurological signs and symptoms NEC","Neurological disorders NEC","Nerv","N",171548
"692091",38,3,"Hypoaesthesia","Paraesthesias and dysaesthesias","Neurological disorders NEC","Nerv","N",171548
"692092",38,4,"Hypoaesthesia","Paraesthesias and dysaesthesias","Neurological disorders NEC","Nerv","N",171548
"692093",38,5,"Muscle fatigue","Muscle related signs and symptoms NEC","Muscle disorders","Musc","N",171548
"692094",38,6,"Thyroid disorder","Thyroid disorders NEC","Thyroid gland disorders","Endo","N",171548
"692095",39,1,"Joint crepitation","Joint related signs and symptoms","Joint disorders","Musc","N",171548
"692096",39,2,"Joint stiffness","Joint related signs and symptoms","Joint disorders","Musc","N",171548
"692097",40,1,"Blood glucose abnormal","Carbohydrate tolerance analyses (incl diabetes)","Metabolic, nutritional and blood gas investigations","Inv","N",171548
"692098",40,2,"Blood glucose abnormal","Carbohydrate tolerance analyses (incl diabetes)","Metabolic, nutritional and blood gas investigations","Inv","N",171548
"692099",41,1,"Dyspepsia","Dyspeptic signs and symptoms","Gastrointestinal signs and symptoms","Gastr","N",171548
"692100",41,2,"Oesophageal pain","Gastrointestinal and abdominal pains (excl oral and throat)","Gastrointestinal signs and symptoms","Gastr","N",171548
"692101",41,3,"Oral discomfort","Oral soft tissue signs and symptoms","Oral soft tissue conditions","Gastr","N",171548
"692102",42,1,"Anxiety","Anxiety symptoms","Anxiety disorders and symptoms","Psych","N",171548
"692103",42,2,"Dizziness","Neurological signs and symptoms NEC","Neurological disorders NEC","Nerv","N",171548
"692104",42,3,"Dizziness","Neurological signs and symptoms NEC","Neurological disorders NEC","Nerv","N",171548
"692105",42,4,"Dyspnoea","Breathing abnormalities","Respiratory disorders NEC","Resp","N",171548
"692106",42,5,"Malaise","Asthenic conditions","General system disorders NEC","Genrl","N",171548
"692107",42,6,"Vertigo","Inner ear signs and symptoms","Inner ear and VIIIth cranial nerve disorders","Ear","N",171548
"692108",42,7,"Vomiting","Nausea and vomiting symptoms","Gastrointestinal signs and symptoms","Gastr","N",171548
"692109",43,1,"Nausea","Nausea and vomiting symptoms","Gastrointestinal signs and symptoms","Gastr","N",171548
"692110",43,2,"Palpitations","Cardiac signs and symptoms NEC","Cardiac disorder signs and symptoms","Card","N",171548
"692111",43,3,"Paraesthesia","Paraesthesias and dysaesthesias","Neurological disorders NEC","Nerv","N",171548
"692112",44,1,"Abdominal pain","Gastrointestinal and abdominal pains (excl oral and throat)","Gastrointestinal signs and symptoms","Gastr","N",171548
"692113",44,2,"Diarrhoea","Diarrhoea (excl infective)","Gastrointestinal motility and defaecation conditions","Gastr","N",171548
"692114",45,1,"Daydreaming","Cognitive and attention disorders and disturbances NEC","Cognitive and attention disorders and disturbances","Psych","N",171548
"692115",45,2,"Depression","Depressive disorders","Depressed mood disorders and disturbances","Psych","N",171548
"692116",45,3,"Emotional disorder","Emotional and mood disturbances NEC","Mood disorders and disturbances NEC","Psych","N",171548
"692117",45,4,"Memory impairment","Memory loss (excl dementia)","Mental impairment disorders","Nerv","N",171548
"692118",46,1,"Breast mass","Breast disorders NEC","Breast disorders","Repro","N",171548
"692119",46,2,"Oestrogen receptor positive breast cancer","Breast and nipple neoplasms malignant","Breast neoplasms malignant and unspecified (incl nipple)","Neopl","N",171548
"692120",47,1,"Menorrhagia","Menstruation with increased bleeding","Menstrual cycle and uterine bleeding disorders","Repro","N",171548
"692121",47,2,"Metrorrhagia","Menstruation and uterine bleeding NEC","Menstrual cycle and uterine bleeding disorders","Repro","N",171548
"692122",48,1,"Cough","Coughing and associated symptoms","Respiratory disorders NEC","Resp","N",171548
"692123",48,2,"Rash","Rashes, eruptions and exanthems NEC","Epidermal and dermal conditions","Skin","N",171548
"692124",48,3,"Tongue blistering","Tongue signs and symptoms","Tongue conditions","Gastr","N",171548
"692125",48,4,"Wheezing","Bronchospasm and obstruction","Bronchial disorders (excl neoplasms)","Resp","N",171548
"692126",49,1,"Body temperature decreased","Physical examination procedures and organ system status","Physical examination and organ system status topics","Inv","N",171548
"692127",49,2,"Chromaturia","Urinary abnormalities","Urinary tract signs and symptoms","Renal","N",171548
"692128",49,3,"Fatigue","Asthenic conditions","General system disorders NEC","Genrl","N",171548
"692129",49,4,"Formication","Paraesthesias and dysaesthesias","Neurological disorders NEC","Nerv","N",171548
"692130",49,5,"Gastric disorder","Gastrointestinal disorders NEC","Gastrointestinal conditions NEC","Gastr","N",171548
"692131",49,6,"Nasal congestion","Nasal congestion and inflammations","Upper respiratory tract disorders (excl infections)","Resp","N",171548
"692132",49,7,"Pallor","Site specific vascular disorders NEC","Vascular disorders NEC","Vasc","N",171548
"692133",49,8,"Rash","Rashes, eruptions and exanthems NEC","Epidermal and dermal conditions","Skin","N",171548
"692134",49,9,"Respiratory tract congestion","Respiratory tract disorders NEC","Respiratory disorders NEC","Resp","N",171548
"692135",50,1,"Abdominal pain upper","Gastrointestinal and abdominal pains (excl oral and throat)","Gastrointestinal signs and symptoms","Gastr","N",171548
"692136",50,2,"Arthralgia","Joint related signs and symptoms","Joint disorders","Musc","N",171548
"692137",50,3,"Diarrhoea","Diarrhoea (excl infective)","Gastrointestinal motility and defaecation conditions","Gastr","N",171548
"692138",50,4,"Mobility decreased","Musculoskeletal and connective tissue signs and symptoms NEC","Musculoskeletal and connective tissue disorders NEC","Musc","N",171548
"692139",50,5,"Visual impairment","Visual disorders NEC","Vision disorders","Eye","N",171548
"692140",51,1,"Abdominal pain","Gastrointestinal and abdominal pains (excl oral and throat)","Gastrointestinal signs and symptoms","Gastr","N",171548
"692141",51,2,"Chromaturia","Urinary abnormalities","Urinary tract signs and symptoms","Renal","N",171548
"692142",51,3,"Diarrhoea","Diarrhoea (excl infective)","Gastrointestinal motility and defaecation conditions","Gastr","N",171548
"692143",51,4,"Faeces pale","Faecal abnormalities NEC","Gastrointestinal signs and symptoms","Gastr","N",171548
"692144",51,5,"Hepatitis","Hepatocellular damage and hepatitis NEC","Hepatic and hepatobiliary disorders","Hepat","N",171548
"692145",51,6,"Liver function test abnormal","Liver function analyses","Hepatobiliary investigations","Inv","N",171548
"692146",51,7,"Vomiting","Nausea and vomiting symptoms","Gastrointestinal signs and symptoms","Gastr","N",171548
"692147",52,1,"Diarrhoea","Diarrhoea (excl infective)","Gastrointestinal motility and defaecation conditions","Gastr","N",171548
"692148",52,2,"Flatulence","Flatulence, bloating and distension","Gastrointestinal signs and symptoms","Gastr","N",171548
"692149",52,3,"Polyuria","Urinary tract signs and symptoms NEC","Urinary tract signs and symptoms","Renal","N",171548
"692150",53,1,"Glossodynia","Tongue signs and symptoms","Tongue conditions","Gastr","N",171548
"692151",53,2,"Lip swelling","Oral soft tissue swelling and oedema","Oral soft tissue conditions","Gastr","N",171548
"692152",53,3,"Oral discomfort","Oral soft tissue signs and symptoms","Oral soft tissue conditions","Gastr","N",171548
"692153",53,4,"Oral pain","Oral soft tissue pain and paraesthesia","Oral soft tissue conditions","Gastr","N",171548
"692154",53,5,"Tongue discomfort","Tongue signs and symptoms","Tongue conditions","Gastr","N",171548
"692155",54,1,"Eye swelling","Ocular disorders NEC","Eye disorders NEC","Eye","N",171548
"692156",54,2,"Pruritus","Pruritus NEC","Epidermal and dermal conditions","Skin","N",171548
"692157",54,3,"Urticaria","Urticarias","Angioedema and urticaria","Skin","N",171548
"692158",55,1,"Hypersensitivity","Allergic conditions NEC","Allergic conditions","Immun","N",171548
"692159",55,2,"Malaise","Asthenic conditions","General system disorders NEC","Genrl","N",171548
"692160",55,3,"Pallor","Site specific vascular disorders NEC","Vascular disorders NEC","Vasc","N",171548
"692161",55,4,"Tremor","Tremor (excl congenital)","Movement disorders (incl parkinsonism)","Nerv","N",171548
"692162",55,5,"Vomiting","Nausea and vomiting symptoms","Gastrointestinal signs and symptoms","Gastr","N",171548
"692163",56,1,"Drug ineffective","Therapeutic and nontherapeutic responses","Therapeutic and nontherapeutic effects (excl toxicity)","Genrl","N",171548
"692164",56,2,"Lower respiratory tract infection","Lower respiratory tract and lung infections","Infections - pathogen unspecified","Infec","N",171548
"692165",57,1,"Abortion spontaneous","Abortions spontaneous","Abortions and stillbirth","Preg","N",171548
"692166",58,1,"Abdominal discomfort","Gastrointestinal signs and symptoms NEC","Gastrointestinal signs and symptoms","Gastr","N",171548
"692167",58,2,"Drug ineffective","Therapeutic and nontherapeutic responses","Therapeutic and nontherapeutic effects (excl toxicity)","Genrl","N",171548
"692168",58,3,"Lower respiratory tract infection","Lower respiratory tract and lung infections","Infections - pathogen unspecified","Infec","N",171548
"692169",58,4,"Oropharyngeal pain","Upper respiratory tract signs and symptoms","Respiratory tract signs and symptoms","Resp","N",171548
"692170",58,5,"Viral upper respiratory tract infection","Viral infections NEC","Viral infectious disorders","Infec","N",171548
"692171",59,1,"Asthenia","Asthenic conditions","General system disorders NEC","Genrl","N",171548
"692172",59,2,"Drug ineffective","Therapeutic and nontherapeutic responses","Therapeutic and nontherapeutic effects (excl toxicity)","Genrl","N",171548
"692173",59,3,"Lower respiratory tract infection","Lower respiratory tract and lung infections","Infections - pathogen unspecified","Infec","N",171548
"692174",59,4,"Viral upper respiratory tract infection","Viral infections NEC","Viral infectious disorders","Infec","N",171548
"692175",60,1,"Drug ineffective","Therapeutic and nontherapeutic responses","Therapeutic and nontherapeutic effects (excl toxicity)","Genrl","N",171548
"692176",60,2,"Tonsillitis bacterial","Bacterial infections NEC","Bacterial infectious disorders","Infec","N",171548
"692177",61,1,"Dermatitis bullous","Bullous conditions","Epidermal and dermal conditions","Skin","N",171548
"692178",61,2,"Pharyngeal oedema","Pharyngeal disorders (excl infections and neoplasms)","Upper respiratory tract disorders (excl infections)","Resp","N",171548
"692179",61,3,"Swollen tongue","Tongue signs and symptoms","Tongue conditions","Gastr","N",171548
"692180",62,1,"Arrhythmogenic right ventricular dysplasia","Cardiac disorders congenital NEC","Cardiac and vascular disorders congenital","Cong","N",171548
"692181",63,1,"Anaphylactoid reaction","Anaphylactic and anaphylactoid responses","Allergic conditions","Immun","N",171548
"692182",63,2,"Bronchospasm","Bronchospasm and obstruction","Bronchial disorders (excl neoplasms)","Resp","N",171548
"692183",64,1,"Spinal fracture","Spinal fractures and dislocations","Bone and joint injuries","Inj&P","N",171548
"692184",65,1,"Abdominal pain","Gastrointestinal and abdominal pains (excl oral and throat)","Gastrointestinal signs and symptoms","Gastr","N",171548
"692185",65,2,"Diarrhoea","Diarrhoea (excl infective)","Gastrointestinal motility and defaecation conditions","Gastr","N",171548
"692186",65,3,"Paraesthesia","Paraesthesias and dysaesthesias","Neurological disorders NEC","Nerv","N",171548
"692187",66,1,"Vaginal haemorrhage","Vulvovaginal disorders NEC","Vulvovaginal disorders (excl infections and inflammations)","Repro","N",171548
"692188",67,1,"International normalised ratio fluctuation","Coagulation and bleeding analyses","Haematology investigations (incl blood groups)","Inv","N",171548
"692189",68,1,"Drug-induced liver injury","Hepatocellular damage and hepatitis NEC","Hepatic and hepatobiliary disorders","Hepat","N",171548
"692190",68,2,"Gastric varices haemorrhage","Gastric and oesophageal haemorrhages","Gastrointestinal haemorrhages NEC","Gastr","N",171548
"692191",68,3,"Portal hypertension","Hepatic vascular disorders","Hepatic and hepatobiliary disorders","Hepat","N",171548
"692192",69,1,"Abortion spontaneous","Abortions spontaneous","Abortions and stillbirth","Preg","N",171548
"692193",69,2,"Expired product administered","Product administration errors and issues","Medication errors and other product use errors and issues","Inj&P","N",171548
"692194",69,3,"Vaginal haemorrhage","Vulvovaginal disorders NEC","Vulvovaginal disorders (excl infections and inflammations)","Repro","N",171548
"692195",70,1,"Anxiety","Anxiety symptoms","Anxiety disorders and symptoms","Psych","N",171548
"692196",70,2,"Dizziness","Neurological signs and symptoms NEC","Neurological disorders NEC","Nerv","N",171548
"692197",70,3,"Palpitations","Cardiac signs and symptoms NEC","Cardiac disorder signs and symptoms","Card","N",171548
"692198",71,1,"Tooth discolouration","Dental surface disorders","Dental and gingival conditions","Gastr","N",171548
"692199",72,1,"Alanine aminotransferase increased","Liver function analyses","Hepatobiliary investigations","Inv","N",171548
"692200",72,2,"Muscular weakness","Muscle weakness conditions","Muscle disorders","Musc","N",171548
"692201",73,1,"Abdominal discomfort","Gastrointestinal signs and symptoms NEC","Gastrointestinal signs and symptoms","Gastr","N",171548
"692202",73,2,"Vomiting","Nausea and vomiting symptoms","Gastrointestinal signs and symptoms","Gastr","N",171548
"692203",74,1,"Abdominal pain upper","Gastrointestinal and abdominal pains (excl oral and throat)","Gastrointestinal signs and symptoms","Gastr","N",171548
"692204",74,2,"Diarrhoea","Diarrhoea (excl infective)","Gastrointestinal motility and defaecation conditions","Gastr","N",171548
"692205",74,3,"Dizziness postural","Neurological signs and symptoms NEC","Neurological disorders NEC","Nerv","N",171548
"692206",74,4,"Flatulence","Flatulence, bloating and distension","Gastrointestinal signs and symptoms","Gastr","N",171548
"692207",74,5,"Nausea","Nausea and vomiting symptoms","Gastrointestinal signs and symptoms","Gastr","N",171548
"692208",74,6,"Vomiting","Nausea and vomiting symptoms","Gastrointestinal signs and symptoms","Gastr","N",171548
"692209",75,1,"Intestinal haemorrhage","Intestinal haemorrhages","Gastrointestinal haemorrhages NEC","Gastr","N",171548
"692210",76,1,"Bone pain","Bone related signs and symptoms","Bone disorders (excl congenital and fractures)","Musc","N",171548
"692211",76,2,"Dry skin","Dermal and epidermal conditions NEC","Epidermal and dermal conditions","Skin","N",171548
"692212",76,3,"Incorrect dose administered","Product administration errors and issues","Medication errors and other product use errors and issues","Inj&P","N",171548
"692213",76,4,"Vitamin A increased","Vitamin analyses","Metabolic, nutritional and blood gas investigations","Inv","N",171548
"692214",77,1,"Contraindication to medical treatment","Social issues NEC","Lifestyle issues","SocCi","N",171548
"692215",77,2,"Malaise","Asthenic conditions","General system disorders NEC","Genrl","N",171548
"692216",77,3,"Nausea","Nausea and vomiting symptoms","Gastrointestinal signs and symptoms","Gastr","N",171548
"692217",78,1,"Herpes virus infection","Herpes viral infections","Viral infectious disorders","Infec","N",171548
"692218",78,2,"Scar","Skin injuries NEC","Injuries NEC","Inj&P","N",171548
"692219",79,1,"Anaphylactic reaction","Anaphylactic and anaphylactoid responses","Allergic conditions","Immun","N",171548
"692220",80,1,"Bacillus bacteraemia","Bacillary infections","Bacterial infectious disorders","Infec","N",171548
"692221",81,1,"Feeling cold","Feelings and sensations NEC","General system disorders NEC","Genrl","N",171548
"692222",81,2,"Pain","Pain and discomfort NEC","General system disorders NEC","Genrl","N",171548
"692223",81,3,"Tremor","Tremor (excl congenital)","Movement disorders (incl parkinsonism)","Nerv","N",171548
"692224",82,1,"Dizziness","Neurological signs and symptoms NEC","Neurological disorders NEC","Nerv","N",171548
"692225",82,2,"Tachycardia","Rate and rhythm disorders NEC","Cardiac arrhythmias","Card","N",171548
"692226",83,1,"Dyspnoea","Breathing abnormalities","Respiratory disorders NEC","Resp","N",171548
"692227",83,2,"Erythema","Erythemas","Epidermal and dermal conditions","Skin","N",171548
"692228",83,3,"Local swelling","General signs and symptoms NEC","General system disorders NEC","Genrl","N",171548
"692229",83,4,"Peripheral swelling","General signs and symptoms NEC","General system disorders NEC","Genrl","N",171548
"692230",83,5,"Thrombosis","Non-site specific embolism and thrombosis","Embolism and thrombosis","Vasc","N",171548
"692231",84,1,"Hepatic steatosis","Hepatocellular damage and hepatitis NEC","Hepatic and hepatobiliary disorders","Hepat","N",171548
"692232",85,1,"Arachnoid cyst","Nervous system cysts and polyps","Nervous system neoplasms benign","Nerv","N",171548
"692233",85,2,"Cataract subcapsular","Cataract conditions","Anterior eye structural change, deposit and degeneration","Eye","N",171548
"692234",85,3,"Drug ineffective","Therapeutic and nontherapeutic responses","Therapeutic and nontherapeutic effects (excl toxicity)","Genrl","N",171548
"692235",85,4,"Electroencephalogram abnormal","Neurologic diagnostic procedures","Neurological, special senses and psychiatric investigations","Inv","N",171548
"692236",85,5,"Encephalopathy","Encephalopathies NEC","Encephalopathies","Nerv","N",171548
"692237",85,6,"Hyperlactacidaemia","Metabolic acidoses (excl diabetic acidoses)","Acid-base disorders","Metab","N",171548
"692238",85,7,"Partial seizures","Seizures and seizure disorders NEC","Seizures (incl subtypes)","Nerv","N",171548
"692239",85,8,"Status epilepticus","Seizures and seizure disorders NEC","Seizures (incl subtypes)","Nerv","N",171548
"692240",86,1,"Vomiting","Nausea and vomiting symptoms","Gastrointestinal signs and symptoms","Gastr","N",171548
"692241",87,1,"Liver function test abnormal","Liver function analyses","Hepatobiliary investigations","Inv","N",171548
"692242",88,1,"Infective exacerbation of chronic obstructive airways disease","Lower respiratory tract and lung infections","Infections - pathogen unspecified","Infec","N",171548
"692243",88,2,"Lower respiratory tract infection","Lower respiratory tract and lung infections","Infections - pathogen unspecified","Infec","N",171548
"692244",88,3,"Neutropenia","Neutropenias","White blood cell disorders","Blood","N",171548
"692245",88,4,"Neutrophil count increased","White blood cell analyses","Haematology investigations (incl blood groups)","Inv","N",171548
"692246",88,5,"Salivary hypersecretion","Oral dryness and saliva altered","Salivary gland conditions","Gastr","N",171548
"692247",88,6,"Schizophrenia","Schizophrenia NEC","Schizophrenia and other psychotic disorders","Psych","N",171548
"692248",88,7,"White blood cell count decreased","White blood cell analyses","Haematology investigations (incl blood groups)","Inv","N",171548
"692249",88,8,"White blood cell count increased","White blood cell analyses","Haematology investigations (incl blood groups)","Inv","N",171548
"692250",89,1,"Palpitations","Cardiac signs and symptoms NEC","Cardiac disorder signs and symptoms","Card","N",171548
"692251",90,1,"Dysphagia","Gastrointestinal signs and symptoms NEC","Gastrointestinal signs and symptoms","Gastr","N",171548
"692252",91,1,"Idiopathic intracranial hypertension","Increased intracranial pressure disorders","Increased intracranial pressure and hydrocephalus","Nerv","N",171548
"692253",91,2,"Overdose","Overdoses NEC","Overdoses and underdoses NEC","Inj&P","N",171548
"692254",92,1,"Blood selenium increased","Mineral and electrolyte analyses","Water, electrolyte and mineral investigations","Inv","N",171548
"692255",92,2,"Diabetes mellitus inadequate control","Diabetes mellitus (incl subtypes)","Glucose metabolism disorders (incl diabetes mellitus)","Metab","N",171548
"692256",93,1,"Blood folate increased","Vitamin analyses","Metabolic, nutritional and blood gas investigations","Inv","N",171548
"692257",93,2,"Vitamin B12 increased","Vitamin analyses","Metabolic, nutritional and blood gas investigations","Inv","N",171548
"692258",94,1,"Dizziness","Neurological signs and symptoms NEC","Neurological disorders NEC","Nerv","N",171548
"692259",94,2,"Eye pain","Ocular disorders NEC","Eye disorders NEC","Eye","N",171548
"692260",94,3,"Malaise","Asthenic conditions","General system disorders NEC","Genrl","N",171548
"692261",94,4,"Rash","Rashes, eruptions and exanthems NEC","Epidermal and dermal conditions","Skin","N",171548
"692262",95,1,"Drug dose omission","Product administration errors and issues","Medication errors and other product use errors and issues","Inj&P","N",171548
"692263",95,2,"General physical condition abnormal","Physical examination procedures and organ system status","Physical examination and organ system status topics","Inv","N",171548
"692264",96,1,"Diarrhoea","Diarrhoea (excl infective)","Gastrointestinal motility and defaecation conditions","Gastr","N",171548
"692265",96,2,"Flatulence","Flatulence, bloating and distension","Gastrointestinal signs and symptoms","Gastr","N",171548
"692266",97,1,"Anaphylactic reaction","Anaphylactic and anaphylactoid responses","Allergic conditions","Immun","N",171548
"692267",98,1,"Diarrhoea","Diarrhoea (excl infective)","Gastrointestinal motility and defaecation conditions","Gastr","N",171548
"692268",99,1,"Drug interaction","Interactions","Therapeutic and nontherapeutic effects (excl toxicity)","Genrl","N",171548
"692269",99,2,"Dry eye","Lacrimation disorders","Eye disorders NEC","Eye","N",171548
"692270",99,3,"Dry mouth","Oral dryness and saliva altered","Salivary gland conditions","Gastr","N",171548
"692271",99,4,"Dry throat","Upper respiratory tract signs and symptoms","Respiratory tract signs and symptoms","Resp","N",171548
"692272",99,5,"Dysphagia","Gastrointestinal signs and symptoms NEC","Gastrointestinal signs and symptoms","Gastr","N",171548
"692273",99,6,"Dyspnoea","Breathing abnormalities","Respiratory disorders NEC","Resp","N",171548
"692274",99,7,"Irritability","Emotional and mood disturbances NEC","Mood disorders and disturbances NEC","Psych","N",171548
"692275",99,8,"Menstruation irregular","Menstruation and uterine bleeding NEC","Menstrual cycle and uterine bleeding disorders","Repro","N",171548
"692276",99,9,"Nasal congestion","Nasal congestion and inflammations","Upper respiratory tract disorders (excl infections)","Resp","N",171548
"692277",99,10,"Obstructive airways disorder","Bronchospasm and obstruction","Bronchial disorders (excl neoplasms)","Resp","N",171548
"692278",99,11,"Palpitations","Cardiac signs and symptoms NEC","Cardiac disorder signs and symptoms","Card","N",171548
"692279",99,12,"Sedation","Disturbances in consciousness NEC","Neurological disorders NEC","Nerv","N",171548
"692280",99,13,"Sleep apnoea syndrome","Breathing abnormalities","Respiratory disorders NEC","Resp","N",171548
"692281",99,14,"Sleep terror","Parasomnias","Sleep disorders and disturbances","Psych","N",171548
"692282",100,1,"Abdominal pain","Gastrointestinal and abdominal pains (excl oral and throat)","Gastrointestinal signs and symptoms","Gastr","N",171548
"692283",100,2,"Vomiting","Nausea and vomiting symptoms","Gastrointestinal signs and symptoms","Gastr","N",171548
"692284",101,1,"Feeling abnormal","Feelings and sensations NEC","General system disorders NEC","Genrl","N",171548
"692285",101,2,"Headache","Headaches NEC","Headaches","Nerv","N",171548
"692286",101,3,"Insomnia","Disturbances in initiating and maintaining sleep","Sleep disorders and disturbances","Psych","N",171548
"692287",102,1,"Feeling abnormal","Feelings and sensations NEC","General system disorders NEC","Genrl","N",171548
"692288",102,2,"Insomnia","Disturbances in initiating and maintaining sleep","Sleep disorders and disturbances","Psych","N",171548
"692289",102,3,"Lethargy","Disturbances in consciousness NEC","Neurological disorders NEC","Nerv","N",171548
"692290",102,4,"Myalgia","Muscle pains","Muscle disorders","Musc","N",171548
"692291",102,5,"Tension","Anxiety symptoms","Anxiety disorders and symptoms","Psych","N",171548
"692292",103,1,"Exposure during pregnancy","Exposures associated with pregnancy, delivery and lactation","Exposures, chemical injuries and poisoning","Inj&P","N",171548
"692293",103,2,"Hepatic function abnormal","Hepatic enzymes and function abnormalities","Hepatic and hepatobiliary disorders","Hepat","N",171548
"692294",104,1,"Foetal exposure during pregnancy","Exposures associated with pregnancy, delivery and lactation","Exposures, chemical injuries and poisoning","Inj&P","N",171548
"692295",104,2,"Foetal growth restriction","Foetal growth complications","Foetal complications","Preg","N",171548
"692296",105,1,"Cholelithiasis","Cholecystitis and cholelithiasis","Gallbladder disorders","Hepat","N",171548
"692297",105,2,"Cholestasis","Cholestasis and jaundice","Hepatic and hepatobiliary disorders","Hepat","N",171548
"692298",105,3,"Exposure during pregnancy","Exposures associated with pregnancy, delivery and lactation","Exposures, chemical injuries and poisoning","Inj&P","N",171548
"692299",105,4,"Haemorrhage in pregnancy","Haemorrhagic complications of pregnancy","Maternal complications of pregnancy","Preg","N",171548
"692300",105,5,"Live birth","Normal pregnancy, labour and delivery","Pregnancy, labour, delivery and postpartum conditions","Preg","N",171548
"692301",105,6,"Placental insufficiency","Placental abnormalities (excl neoplasms)","Placental, amniotic and cavity disorders (excl haemorrhages)","Preg","N",171548
"692302",105,7,"Premature baby","Gestational age and weight conditions","Neonatal and perinatal conditions","Preg","N",171548
"692303",105,8,"Premature separation of placenta","Haemorrhagic complications of pregnancy","Maternal complications of pregnancy","Preg","N",171548
"692304",105,9,"Transaminases increased","Liver function analyses","Hepatobiliary investigations","Inv","N",171548
"692305",105,10,"Vomiting","Nausea and vomiting symptoms","Gastrointestinal signs and symptoms","Gastr","N",171548
"692306",105,11,"Weight decreased","Physical examination procedures and organ system status","Physical examination and organ system status topics","Inv","N",171548
"692307",106,1,"Malaise","Asthenic conditions","General system disorders NEC","Genrl","N",171548
"692308",106,2,"Sepsis","Sepsis, bacteraemia, viraemia and fungaemia NEC","Infections - pathogen unspecified","Infec","N",171548
"692309",107,1,"Acne","Acnes","Skin appendage conditions","Skin","N",171548
"692310",107,2,"Nightmare","Parasomnias","Sleep disorders and disturbances","Psych","N",171548
"692311",108,1,"Death","Death and sudden death","Fatal outcomes","Genrl","Y",171548
"692312",109,1,"Dehydration","Total fluid volume decreased","Electrolyte and fluid balance conditions","Metab","N",171548
"692313",109,2,"Electrocardiogram QT prolonged","ECG investigations","Cardiac and vascular investigations (excl enzyme tests)","Inv","N",171548
"692314",109,3,"Exposure during pregnancy","Exposures associated with pregnancy, delivery and lactation","Exposures, chemical injuries and poisoning","Inj&P","N",171548
"692315",109,4,"Refeeding syndrome","Metabolic disorders NEC","Metabolism disorders NEC","Metab","N",171548
"692316",109,5,"Tachycardia","Rate and rhythm disorders NEC","Cardiac arrhythmias","Card","N",171548
"692317",110,1,"Dyspnoea","Breathing abnormalities","Respiratory disorders NEC","Resp","N",171548
"692318",110,2,"Nausea","Nausea and vomiting symptoms","Gastrointestinal signs and symptoms","Gastr","N",171548
"692319",110,3,"Pain","Pain and discomfort NEC","General system disorders NEC","Genrl","N",171548
"692320",110,4,"Pain in jaw","Bone related signs and symptoms","Bone disorders (excl congenital and fractures)","Musc","N",171548
"692321",110,5,"Vomiting","Nausea and vomiting symptoms","Gastrointestinal signs and symptoms","Gastr","N",171548
"692322",111,1,"Device related infection","Infections NEC","Infections - pathogen unspecified","Infec","N",171548
"692323",112,1,"Abdominal pain upper","Gastrointestinal and abdominal pains (excl oral and throat)","Gastrointestinal signs and symptoms","Gastr","N",171548
"692324",112,2,"Condition aggravated","General signs and symptoms NEC","General system disorders NEC","Genrl","N",171548
"692325",112,3,"Electrocardiogram QT prolonged","ECG investigations","Cardiac and vascular investigations (excl enzyme tests)","Inv","N",171548
"692326",112,4,"Hyperemesis gravidarum","Maternal complications of pregnancy NEC","Maternal complications of pregnancy","Preg","N",171548
"692327",112,5,"Maternal exposure during pregnancy","Exposures associated with pregnancy, delivery and lactation","Exposures, chemical injuries and poisoning","Inj&P","N",171548
"692328",112,6,"Product use in unapproved indication","Medication errors, product use errors and issues NEC","Medication errors and other product use errors and issues","Inj&P","N",171548
