"","X1","X1.1","Therapeutic.response.unexpected","Therapeutic.and.nontherapeutic.responses","Therapeutic.and.nontherapeutic.effects..excl.toxicity.","Genrl","N","X187"
"814956",1,1,"Dyspnoea","Breathing abnormalities","Respiratory disorders NEC","Resp","N",6918296
"814957",2,1,"Dyspnoea","Breathing abnormalities","Respiratory disorders NEC","Resp","N",6918296
"814958",2,2,"Wheezing","Bronchospasm and obstruction","Bronchial disorders (excl neoplasms)","Resp","N",6918296
"814959",3,1,"Diarrhoea","Diarrhoea (excl infective)","Gastrointestinal motility and defaecation conditions","Gastr","N",6918296
"814960",3,2,"Dizziness","Neurological signs and symptoms NEC","Neurological disorders NEC","Nerv","N",6918296
"814961",3,3,"Feeling of body temperature change","Feelings and sensations NEC","General system disorders NEC","Genrl","N",6918296
"814962",3,4,"Headache","Headaches NEC","Headaches","Nerv","N",6918296
"814963",4,1,"Hair disorder","Pilar disorders NEC","Skin appendage conditions","Skin","N",6918296
"814964",4,2,"Headache","Headaches NEC","Headaches","Nerv","N",6918296
"814965",4,3,"Insomnia","Disturbances in initiating and maintaining sleep","Sleep disorders and disturbances","Psych","N",6918296
"814966",4,4,"Mood swings","Fluctuating mood symptoms","Mood disorders and disturbances NEC","Psych","N",6918296
"814967",4,5,"Palpitations","Cardiac signs and symptoms NEC","Cardiac disorder signs and symptoms","Card","N",6918296
"814968",5,1,"Arrhythmia","Rate and rhythm disorders NEC","Cardiac arrhythmias","Card","N",6918296
"814969",5,2,"Circulatory collapse","Circulatory collapse and shock","Decreased and nonspecific blood pressure disorders and shock","Vasc","N",6918296
"814970",5,3,"Seizure","Seizures and seizure disorders NEC","Seizures (incl subtypes)","Nerv","N",6918296
"814971",6,1,"Rash","Rashes, eruptions and exanthems NEC","Epidermal and dermal conditions","Skin","N",6918296
"814972",7,1,"Abortion spontaneous","Abortions spontaneous","Abortions and stillbirth","Preg","N",6918296
"814973",8,1,"Pelvic pain","Reproductive tract signs and symptoms NEC","Reproductive tract disorders NEC","Repro","N",6918296
"814974",9,1,"Confusional state","Confusion and disorientation","Deliria (incl confusion)","Psych","N",6918296
"814975",9,2,"Hallucination","Perception disturbances","Disturbances in thinking and perception","Psych","N",6918296
"814976",10,1,"Abdominal pain lower","Gastrointestinal and abdominal pains (excl oral and throat)","Gastrointestinal signs and symptoms","Gastr","N",6918296
"814977",10,2,"Dysuria","Bladder and urethral symptoms","Urinary tract signs and symptoms","Renal","N",6918296
"814978",10,3,"Pollakiuria","Bladder and urethral symptoms","Urinary tract signs and symptoms","Renal","N",6918296
"814979",11,1,"Foreign body sensation in eyes","Ocular sensation disorders","Ocular sensory symptoms NEC","Eye","N",6918296
"814980",12,1,"Circulatory collapse","Circulatory collapse and shock","Decreased and nonspecific blood pressure disorders and shock","Vasc","N",6918296
"814981",12,2,"Glioblastoma multiforme","Glial tumours malignant","Nervous system neoplasms malignant and unspecified NEC","Neopl","N",6918296
"814982",12,3,"Heart rate abnormal","Heart rate and pulse investigations","Cardiac and vascular investigations (excl enzyme tests)","Inv","N",6918296
"814983",13,1,"Abdominal pain","Gastrointestinal and abdominal pains (excl oral and throat)","Gastrointestinal signs and symptoms","Gastr","N",6918296
"814984",14,1,"Atrial fibrillation","Supraventricular arrhythmias","Cardiac arrhythmias","Card","N",6918296
"814985",15,1,"Skin reaction","Dermal and epidermal conditions NEC","Epidermal and dermal conditions","Skin","N",6918296
"814986",16,1,"Arthralgia","Joint related signs and symptoms","Joint disorders","Musc","N",6918296
"814987",16,2,"Headache","Headaches NEC","Headaches","Nerv","N",6918296
"814988",16,3,"Pain in extremity","Musculoskeletal and connective tissue pain and discomfort","Musculoskeletal and connective tissue disorders NEC","Musc","N",6918296
"814989",16,4,"Toothache","Dental pain and sensation disorders","Dental and gingival conditions","Gastr","N",6918296
"814990",17,1,"Constipation","Gastrointestinal atonic and hypomotility disorders NEC","Gastrointestinal motility and defaecation conditions","Gastr","N",6918296
"814991",18,1,"Wheezing","Bronchospasm and obstruction","Bronchial disorders (excl neoplasms)","Resp","N",6918296
"814992",19,1,"Erythema multiforme","Bullous conditions","Epidermal and dermal conditions","Skin","N",6918296
"814993",20,1,"Diarrhoea","Diarrhoea (excl infective)","Gastrointestinal motility and defaecation conditions","Gastr","N",6918296
"814994",20,2,"Headache","Headaches NEC","Headaches","Nerv","N",6918296
"814995",20,3,"Malaise","Asthenic conditions","General system disorders NEC","Genrl","N",6918296
"814996",21,1,"Rash","Rashes, eruptions and exanthems NEC","Epidermal and dermal conditions","Skin","N",6918296
"814997",21,2,"Scrotal swelling","Scrotal disorders NEC","Penile and scrotal disorders (excl infections and inflammations)","Repro","N",6918296
"814998",22,1,"Back pain","Musculoskeletal and connective tissue pain and discomfort","Musculoskeletal and connective tissue disorders NEC","Musc","N",6918296
"814999",22,2,"Diarrhoea","Diarrhoea (excl infective)","Gastrointestinal motility and defaecation conditions","Gastr","N",6918296
"815000",23,1,"Asthma","Bronchospasm and obstruction","Bronchial disorders (excl neoplasms)","Resp","N",6918296
"815001",24,1,"Breast tenderness","Breast signs and symptoms","Breast disorders","Repro","N",6918296
"815002",24,2,"Gynaecomastia","Breast disorders NEC","Breast disorders","Repro","N",6918296
"815003",25,1,"Visual impairment","Visual disorders NEC","Vision disorders","Eye","N",6918296
"815004",26,1,"Sudden death","Death and sudden death","Fatal outcomes","Genrl","Y",6918296
"815005",27,1,"Hemiparesis","Paralysis and paresis (excl cranial nerve)","Movement disorders (incl parkinsonism)","Nerv","N",6918296
"815006",28,1,"Erectile dysfunction","Erection and ejaculation conditions and disorders","Sexual function and fertility disorders","Repro","N",6918296
"815007",28,2,"Lethargy","Disturbances in consciousness NEC","Neurological disorders NEC","Nerv","N",6918296
"815008",28,3,"Loss of libido","Sexual desire disorders","Sexual dysfunctions, disturbances and gender identity disorders","Psych","N",6918296
"815009",28,4,"Malaise","Asthenic conditions","General system disorders NEC","Genrl","N",6918296
"815010",29,1,"Semen discolouration","Spermatogenesis and semen disorders","Sexual function and fertility disorders","Repro","N",6918296
"815011",30,1,"Diarrhoea","Diarrhoea (excl infective)","Gastrointestinal motility and defaecation conditions","Gastr","N",6918296
"815012",30,2,"Fatigue","Asthenic conditions","General system disorders NEC","Genrl","N",6918296
"815013",31,1,"Hyperkeratosis","Hyperkeratoses","Cornification and dystrophic skin disorders","Skin","N",6918296
"815014",32,1,"Gynaecomastia","Breast disorders NEC","Breast disorders","Repro","N",6918296
"815015",33,1,"Hair growth abnormal","Pilar disorders NEC","Skin appendage conditions","Skin","N",6918296
"815016",34,1,"Bronchospasm","Bronchospasm and obstruction","Bronchial disorders (excl neoplasms)","Resp","N",6918296
"815017",34,2,"Urticaria","Urticarias","Angioedema and urticaria","Skin","N",6918296
"815018",35,1,"Vasculitic rash","Skin vasculitides","Skin vascular abnormalities","Skin","N",6918296
"815019",36,1,"Ventricular extrasystoles","Ventricular arrhythmias and cardiac arrest","Cardiac arrhythmias","Card","N",6918296
"815020",37,1,"Breast tenderness","Breast signs and symptoms","Breast disorders","Repro","N",6918296
"815021",37,2,"Chest pain","Pain and discomfort NEC","General system disorders NEC","Genrl","N",6918296
"815022",37,3,"Swollen tongue","Tongue signs and symptoms","Tongue conditions","Gastr","N",6918296
"815023",38,1,"Aggression","Behaviour and socialisation disturbances","Personality disorders and disturbances in behaviour","Psych","N",6918296
"815024",38,2,"Mood altered","Emotional and mood disturbances NEC","Mood disorders and disturbances NEC","Psych","N",6918296
"815025",38,3,"Somnolence","Disturbances in consciousness NEC","Neurological disorders NEC","Nerv","N",6918296
"815026",39,1,"Muscle spasms","Muscle related signs and symptoms NEC","Muscle disorders","Musc","N",6918296
"815027",40,1,"Nipple pain","Breast signs and symptoms","Breast disorders","Repro","N",6918296
"815028",41,1,"Dysuria","Bladder and urethral symptoms","Urinary tract signs and symptoms","Renal","N",6918296
"815029",42,1,"Rash","Rashes, eruptions and exanthems NEC","Epidermal and dermal conditions","Skin","N",6918296
"815030",42,2,"Urethral pain","Bladder and urethral symptoms","Urinary tract signs and symptoms","Renal","N",6918296
"815031",43,1,"Dry mouth","Oral dryness and saliva altered","Salivary gland conditions","Gastr","N",6918296
"815032",43,2,"Ejaculation failure","Erection and ejaculation conditions and disorders","Sexual function and fertility disorders","Repro","N",6918296
"815033",43,3,"Pruritus","Pruritus NEC","Epidermal and dermal conditions","Skin","N",6918296
"815034",43,4,"Swelling face","Angioedemas","Angioedema and urticaria","Skin","N",6918296
"815035",44,1,"Breast tenderness","Breast signs and symptoms","Breast disorders","Repro","N",6918296
"815036",44,2,"Gynaecomastia","Breast disorders NEC","Breast disorders","Repro","N",6918296
"815037",45,1,"Type 2 diabetes mellitus","Diabetes mellitus (incl subtypes)","Glucose metabolism disorders (incl diabetes mellitus)","Metab","N",6918296
"815038",46,1,"Mouth ulceration","Stomatitis and ulceration","Oral soft tissue conditions","Gastr","N",6918296
"815039",46,2,"Swelling face","Angioedemas","Angioedema and urticaria","Skin","N",6918296
"815040",47,1,"Diarrhoea","Diarrhoea (excl infective)","Gastrointestinal motility and defaecation conditions","Gastr","N",6918296
"815041",48,1,"Vision blurred","Visual disorders NEC","Vision disorders","Eye","N",6918296
"815042",49,1,"Swollen tongue","Tongue signs and symptoms","Tongue conditions","Gastr","N",6918296
"815043",50,1,"Prostatic haemorrhage","Prostatic signs, symptoms and disorders NEC","Prostatic disorders (excl infections and inflammations)","Repro","N",6918296
"815044",51,1,"Dermatitis exfoliative","Exfoliative conditions","Epidermal and dermal conditions","Skin","N",6918296
"815045",52,1,"Hypersensitivity","Allergic conditions NEC","Allergic conditions","Immun","N",6918296
"815046",53,1,"Rash","Rashes, eruptions and exanthems NEC","Epidermal and dermal conditions","Skin","N",6918296
"815047",54,1,"Dizziness","Neurological signs and symptoms NEC","Neurological disorders NEC","Nerv","N",6918296
"815048",54,2,"Visual impairment","Visual disorders NEC","Vision disorders","Eye","N",6918296
"815049",55,1,"Blood glucose increased","Carbohydrate tolerance analyses (incl diabetes)","Metabolic, nutritional and blood gas investigations","Inv","N",6918296
"815050",55,2,"Body mass index increased","Physical examination procedures and organ system status","Physical examination and organ system status topics","Inv","N",6918296
"815051",56,1,"Chest pain","Pain and discomfort NEC","General system disorders NEC","Genrl","N",6918296
"815052",57,1,"Dyspnoea","Breathing abnormalities","Respiratory disorders NEC","Resp","N",6918296
"815053",58,1,"Skin lesion","Dermal and epidermal conditions NEC","Epidermal and dermal conditions","Skin","N",6918296
"815054",59,1,"Cerebrovascular accident","Central nervous system haemorrhages and cerebrovascular accidents","Central nervous system vascular disorders","Nerv","N",6918296
"815055",60,1,"Gynaecomastia","Breast disorders NEC","Breast disorders","Repro","N",6918296
"815056",61,1,"Aggression","Behaviour and socialisation disturbances","Personality disorders and disturbances in behaviour","Psych","N",6918296
"815057",62,1,"Chest pain","Pain and discomfort NEC","General system disorders NEC","Genrl","N",6918296
"815058",62,2,"Cough","Coughing and associated symptoms","Respiratory disorders NEC","Resp","N",6918296
"815059",62,3,"Dyspnoea","Breathing abnormalities","Respiratory disorders NEC","Resp","N",6918296
"815060",63,1,"Dizziness","Neurological signs and symptoms NEC","Neurological disorders NEC","Nerv","N",6918296
"815061",64,1,"Myalgia","Muscle pains","Muscle disorders","Musc","N",6918296
"815062",65,1,"Asthma","Bronchospasm and obstruction","Bronchial disorders (excl neoplasms)","Resp","N",6918296
"815063",66,1,"Angioedema","Angioedemas","Angioedema and urticaria","Skin","N",6918296
"815064",67,1,"Angioedema","Angioedemas","Angioedema and urticaria","Skin","N",6918296
"815065",67,2,"Penile oedema","Penile disorders NEC (excl erection and ejaculation)","Penile and scrotal disorders (excl infections and inflammations)","Repro","N",6918296
"815066",67,3,"Rash","Rashes, eruptions and exanthems NEC","Epidermal and dermal conditions","Skin","N",6918296
"815067",68,1,"Abdominal pain upper","Gastrointestinal and abdominal pains (excl oral and throat)","Gastrointestinal signs and symptoms","Gastr","N",6918296
"815068",68,2,"Constipation","Gastrointestinal atonic and hypomotility disorders NEC","Gastrointestinal motility and defaecation conditions","Gastr","N",6918296
"815069",68,3,"Haematochezia","Non-site specific gastrointestinal haemorrhages","Gastrointestinal haemorrhages NEC","Gastr","N",6918296
"815070",69,1,"Confusional state","Confusion and disorientation","Deliria (incl confusion)","Psych","N",6918296
"815071",70,1,"Dry throat","Upper respiratory tract signs and symptoms","Respiratory tract signs and symptoms","Resp","N",6918296
"815072",70,2,"Dyspnoea","Breathing abnormalities","Respiratory disorders NEC","Resp","N",6918296
"815073",70,3,"Fatigue","Asthenic conditions","General system disorders NEC","Genrl","N",6918296
"815074",71,1,"Liver function test abnormal","Liver function analyses","Hepatobiliary investigations","Inv","N",6918296
"815075",72,1,"Erythema of eyelid","Lid, lash and lacrimal infections, irritations and inflammations","Ocular infections, irritations and inflammations","Eye","N",6918296
"815076",72,2,"Eyelid oedema","Lid, lash and lacrimal infections, irritations and inflammations","Ocular infections, irritations and inflammations","Eye","N",6918296
"815077",73,1,"Dyspnoea","Breathing abnormalities","Respiratory disorders NEC","Resp","N",6918296
"815078",74,1,"Erectile dysfunction","Erection and ejaculation conditions and disorders","Sexual function and fertility disorders","Repro","N",6918296
"815079",74,2,"Loss of libido","Sexual desire disorders","Sexual dysfunctions, disturbances and gender identity disorders","Psych","N",6918296
"815080",75,1,"Acute myeloid leukaemia","Leukaemias acute myeloid","Leukaemias","Neopl","Y",6918296
"815081",75,2,"Circulatory collapse","Circulatory collapse and shock","Decreased and nonspecific blood pressure disorders and shock","Vasc","N",6918296
"815082",75,3,"Disease progression","General signs and symptoms NEC","General system disorders NEC","Genrl","N",6918296
"815083",75,4,"Renal failure","Renal failure and impairment","Renal disorders (excl nephropathies)","Renal","N",6918296
"815084",76,1,"Aggression","Behaviour and socialisation disturbances","Personality disorders and disturbances in behaviour","Psych","N",6918296
"815085",76,2,"Suicidal ideation","Suicidal and self-injurious behaviour","Suicidal and self-injurious behaviours NEC","Psych","N",6918296
"815086",77,1,"Pruritus","Pruritus NEC","Epidermal and dermal conditions","Skin","N",6918296
"815087",78,1,"Gynaecomastia","Breast disorders NEC","Breast disorders","Repro","N",6918296
"815088",79,1,"Arthralgia","Joint related signs and symptoms","Joint disorders","Musc","N",6918296
"815089",80,1,"Rash","Rashes, eruptions and exanthems NEC","Epidermal and dermal conditions","Skin","N",6918296
"815090",81,1,"Cirrhosis alcoholic","Hepatic fibrosis and cirrhosis","Hepatic and hepatobiliary disorders","Hepat","Y",6918296
"815091",81,2,"Dyspnoea","Breathing abnormalities","Respiratory disorders NEC","Resp","N",6918296
"815092",81,3,"Jaundice","Cholestasis and jaundice","Hepatic and hepatobiliary disorders","Hepat","N",6918296
"815093",81,4,"Liver function test abnormal","Liver function analyses","Hepatobiliary investigations","Inv","N",6918296
"815094",82,1,"Diarrhoea","Diarrhoea (excl infective)","Gastrointestinal motility and defaecation conditions","Gastr","N",6918296
"815095",82,2,"Nausea","Nausea and vomiting symptoms","Gastrointestinal signs and symptoms","Gastr","N",6918296
"815096",83,1,"Abdominal pain upper","Gastrointestinal and abdominal pains (excl oral and throat)","Gastrointestinal signs and symptoms","Gastr","N",6918296
"815097",83,2,"Dyspepsia","Dyspeptic signs and symptoms","Gastrointestinal signs and symptoms","Gastr","N",6918296
"815098",84,1,"Gynaecomastia","Breast disorders NEC","Breast disorders","Repro","N",6918296
"815099",85,1,"Rash","Rashes, eruptions and exanthems NEC","Epidermal and dermal conditions","Skin","N",6918296
"815100",86,1,"Dysuria","Bladder and urethral symptoms","Urinary tract signs and symptoms","Renal","N",6918296
"815101",86,2,"Penis disorder","Penile disorders NEC (excl erection and ejaculation)","Penile and scrotal disorders (excl infections and inflammations)","Repro","N",6918296
"815102",86,3,"Pruritus genital","Reproductive tract signs and symptoms NEC","Reproductive tract disorders NEC","Repro","N",6918296
"815103",87,1,"Phimosis","Male reproductive tract disorders congenital","Reproductive tract and breast disorders congenital","Cong","N",6918296
"815104",88,1,"Chest pain","Pain and discomfort NEC","General system disorders NEC","Genrl","N",6918296
"815105",88,2,"Paraesthesia","Paraesthesias and dysaesthesias","Neurological disorders NEC","Nerv","N",6918296
"815106",89,1,"Chest discomfort","Pain and discomfort NEC","General system disorders NEC","Genrl","N",6918296
"815107",89,2,"Chest pain","Pain and discomfort NEC","General system disorders NEC","Genrl","N",6918296
"815108",89,3,"Rash","Rashes, eruptions and exanthems NEC","Epidermal and dermal conditions","Skin","N",6918296
"815109",90,1,"Dyspnoea","Breathing abnormalities","Respiratory disorders NEC","Resp","N",6918296
"815110",91,1,"Diarrhoea","Diarrhoea (excl infective)","Gastrointestinal motility and defaecation conditions","Gastr","N",6918296
"815111",92,1,"Hepatic enzyme increased","Liver function analyses","Hepatobiliary investigations","Inv","N",6918296
"815112",92,2,"Hepatitis","Hepatocellular damage and hepatitis NEC","Hepatic and hepatobiliary disorders","Hepat","N",6918296
"815113",92,3,"Jaundice","Cholestasis and jaundice","Hepatic and hepatobiliary disorders","Hepat","N",6918296
"815114",93,1,"Liver function test abnormal","Liver function analyses","Hepatobiliary investigations","Inv","N",6918296
"815115",94,1,"Dyspnoea","Breathing abnormalities","Respiratory disorders NEC","Resp","N",6918296
"815116",94,2,"Fatigue","Asthenic conditions","General system disorders NEC","Genrl","N",6918296
"815117",94,3,"Vision blurred","Visual disorders NEC","Vision disorders","Eye","N",6918296
"815118",95,1,"Hypertension","Vascular hypertensive disorders NEC","Vascular hypertensive disorders","Vasc","N",6918296
"815119",96,1,"Breast tenderness","Breast signs and symptoms","Breast disorders","Repro","N",6918296
"815120",97,1,"Disorientation","Confusion and disorientation","Deliria (incl confusion)","Psych","N",6918296
"815121",97,2,"Dizziness","Neurological signs and symptoms NEC","Neurological disorders NEC","Nerv","N",6918296
"815122",98,1,"Chest pain","Pain and discomfort NEC","General system disorders NEC","Genrl","N",6918296
"815123",99,1,"Phimosis","Male reproductive tract disorders congenital","Reproductive tract and breast disorders congenital","Cong","N",6918296
"815124",100,1,"Cardiogenic shock","Heart failures NEC","Heart failures","Card","N",6918296
"815125",100,2,"Myocardial infarction","Ischaemic coronary artery disorders","Coronary artery disorders","Card","N",6918296
"815126",100,3,"Ventricular fibrillation","Ventricular arrhythmias and cardiac arrest","Cardiac arrhythmias","Card","N",6918296
"815127",101,1,"Hypotension","Vascular hypotensive disorders","Decreased and nonspecific blood pressure disorders and shock","Vasc","N",6918296
"815128",102,1,"Breast tenderness","Breast signs and symptoms","Breast disorders","Repro","N",6918296
"815129",103,1,"Constipation","Gastrointestinal atonic and hypomotility disorders NEC","Gastrointestinal motility and defaecation conditions","Gastr","N",6918296
"815130",103,2,"Periorbital oedema","Ocular disorders NEC","Eye disorders NEC","Eye","N",6918296
"815131",104,1,"Alopecia","Alopecias","Skin appendage conditions","Skin","N",6918296
"815132",104,2,"Deafness","Hearing losses","Hearing disorders","Ear","N",6918296
"815133",104,3,"Decreased appetite","Appetite disorders","Appetite and general nutritional disorders","Metab","N",6918296
"815134",104,4,"Feeling hot","Feelings and sensations NEC","General system disorders NEC","Genrl","N",6918296
"815135",104,5,"Hyperhidrosis","Apocrine and eccrine gland disorders","Skin appendage conditions","Skin","N",6918296
"815136",104,6,"Hypopituitarism","Anterior pituitary hypofunction","Hypothalamus and pituitary gland disorders","Endo","N",6918296
"815137",105,1,"Skin exfoliation","Exfoliative conditions","Epidermal and dermal conditions","Skin","N",6918296
"815138",106,1,"Psychotic disorder","Psychotic disorder NEC","Schizophrenia and other psychotic disorders","Psych","N",6918296
"815139",107,1,"Cough","Coughing and associated symptoms","Respiratory disorders NEC","Resp","N",6918296
"815140",107,2,"Haemoptysis","Coughing and associated symptoms","Respiratory disorders NEC","Resp","N",6918296
"815141",108,1,"Dyskinesia","Dyskinesias and movement disorders NEC","Movement disorders (incl parkinsonism)","Nerv","N",6918296
"815142",108,2,"Neoplasm","Neoplasms unspecified malignancy and site unspecified NEC","Miscellaneous and site unspecified neoplasms malignant and unspecified","Neopl","N",6918296
"815143",109,1,"Breast pain","Breast signs and symptoms","Breast disorders","Repro","N",6918296
"815144",109,2,"Breast swelling","Breast signs and symptoms","Breast disorders","Repro","N",6918296
"815145",109,3,"Dizziness","Neurological signs and symptoms NEC","Neurological disorders NEC","Nerv","N",6918296
"815146",110,1,"Rash generalised","Rashes, eruptions and exanthems NEC","Epidermal and dermal conditions","Skin","N",6918296
"815147",111,1,"Dysuria","Bladder and urethral symptoms","Urinary tract signs and symptoms","Renal","N",6918296
"815148",111,2,"Fatigue","Asthenic conditions","General system disorders NEC","Genrl","N",6918296
"815149",111,3,"Muscle twitching","Muscle related signs and symptoms NEC","Muscle disorders","Musc","N",6918296
"815150",111,4,"Pollakiuria","Bladder and urethral symptoms","Urinary tract signs and symptoms","Renal","N",6918296
"815151",112,1,"Headache","Headaches NEC","Headaches","Nerv","N",6918296
"815152",113,1,"Dysphagia","Gastrointestinal signs and symptoms NEC","Gastrointestinal signs and symptoms","Gastr","N",6918296
"815153",113,2,"Eczema","Dermatitis and eczema","Epidermal and dermal conditions","Skin","N",6918296
"815154",113,3,"Peripheral swelling","General signs and symptoms NEC","General system disorders NEC","Genrl","N",6918296
"815155",114,1,"Anal incontinence","Gastrointestinal signs and symptoms NEC","Gastrointestinal signs and symptoms","Gastr","N",6918296
"815156",114,2,"Deafness","Hearing losses","Hearing disorders","Ear","N",6918296
"815157",114,3,"Nasal congestion","Nasal congestion and inflammations","Upper respiratory tract disorders (excl infections)","Resp","N",6918296
"815158",114,4,"Tinnitus","Inner ear signs and symptoms","Inner ear and VIIIth cranial nerve disorders","Ear","N",6918296
"815159",115,1,"Blister","Bullous conditions","Epidermal and dermal conditions","Skin","N",6918296
"815160",115,2,"Hypersensitivity","Allergic conditions NEC","Allergic conditions","Immun","N",6918296
"815161",115,3,"Rash","Rashes, eruptions and exanthems NEC","Epidermal and dermal conditions","Skin","N",6918296
"815162",115,4,"Urticaria","Urticarias","Angioedema and urticaria","Skin","N",6918296
"815163",116,1,"Intestinal ulcer","Intestinal ulcers and perforation NEC","Gastrointestinal ulceration and perforation","Gastr","N",6918296
"815164",116,2,"Rectal haemorrhage","Intestinal haemorrhages","Gastrointestinal haemorrhages NEC","Gastr","N",6918296
"815165",117,1,"Pancytopenia","Marrow depression and hypoplastic anaemias","Anaemias nonhaemolytic and marrow depression","Blood","N",6918296
"815166",118,1,"Dyspnoea","Breathing abnormalities","Respiratory disorders NEC","Resp","N",6918296
"815167",119,1,"Gingival hypertrophy","Gingival disorders NEC","Dental and gingival conditions","Gastr","N",6918296
"815168",119,2,"Periodontal disease","Dental disorders NEC","Dental and gingival conditions","Gastr","N",6918296
"815169",120,1,"Dry eye","Lacrimation disorders","Eye disorders NEC","Eye","N",6918296
"815170",121,1,"Diarrhoea","Diarrhoea (excl infective)","Gastrointestinal motility and defaecation conditions","Gastr","N",6918296
"815171",122,1,"Condition aggravated","General signs and symptoms NEC","General system disorders NEC","Genrl","N",6918296
"815172",122,2,"Nocturia","Urinary tract signs and symptoms NEC","Urinary tract signs and symptoms","Renal","N",6918296
"815173",122,3,"Oedema","Oedema NEC","General system disorders NEC","Genrl","N",6918296
"815174",123,1,"Amnesia","Memory loss (excl dementia)","Mental impairment disorders","Nerv","N",6918296
"815175",123,2,"Balance disorder","Coordination and balance disturbances","Neurological disorders NEC","Nerv","N",6918296
"815176",123,3,"Dizziness","Neurological signs and symptoms NEC","Neurological disorders NEC","Nerv","N",6918296
"815177",123,4,"Dry mouth","Oral dryness and saliva altered","Salivary gland conditions","Gastr","N",6918296
"815178",123,5,"Dyspnoea","Breathing abnormalities","Respiratory disorders NEC","Resp","N",6918296
"815179",123,6,"Eye disorder","Ocular disorders NEC","Eye disorders NEC","Eye","N",6918296
"815180",123,7,"Functional gastrointestinal disorder","Gastrointestinal disorders NEC","Gastrointestinal conditions NEC","Gastr","N",6918296
"815181",123,8,"Insomnia","Disturbances in initiating and maintaining sleep","Sleep disorders and disturbances","Psych","N",6918296
"815182",123,9,"Mood swings","Fluctuating mood symptoms","Mood disorders and disturbances NEC","Psych","N",6918296
"815183",123,10,"Muscle spasms","Muscle related signs and symptoms NEC","Muscle disorders","Musc","N",6918296
"815184",124,1,"Erythema","Erythemas","Epidermal and dermal conditions","Skin","N",6918296
"815185",124,2,"Rash pruritic","Pruritus NEC","Epidermal and dermal conditions","Skin","N",6918296
"815186",125,1,"Amnesia","Memory loss (excl dementia)","Mental impairment disorders","Nerv","N",6918296
"815187",125,2,"Disorientation","Confusion and disorientation","Deliria (incl confusion)","Psych","N",6918296
"815188",125,3,"Hallucination","Perception disturbances","Disturbances in thinking and perception","Psych","N",6918296
"815189",126,1,"Skin exfoliation","Exfoliative conditions","Epidermal and dermal conditions","Skin","N",6918296
"815190",127,1,"Breast cancer male","Breast and nipple neoplasms malignant","Breast neoplasms malignant and unspecified (incl nipple)","Neopl","N",6918296
"815191",127,2,"Breast swelling","Breast signs and symptoms","Breast disorders","Repro","N",6918296
"815192",128,1,"Arrhythmia supraventricular","Supraventricular arrhythmias","Cardiac arrhythmias","Card","N",6918296
"815193",128,2,"Circulatory collapse","Circulatory collapse and shock","Decreased and nonspecific blood pressure disorders and shock","Vasc","N",6918296
"815194",129,1,"Paraesthesia","Paraesthesias and dysaesthesias","Neurological disorders NEC","Nerv","N",6918296
"815195",130,1,"Aptyalism","Oral dryness and saliva altered","Salivary gland conditions","Gastr","N",6918296
"815196",130,2,"Dry mouth","Oral dryness and saliva altered","Salivary gland conditions","Gastr","N",6918296
"815197",131,1,"Ear swelling","Ear disorders NEC","Aural disorders NEC","Ear","N",6918296
"815198",132,1,"Peyronie's disease","Penile disorders NEC (excl erection and ejaculation)","Penile and scrotal disorders (excl infections and inflammations)","Repro","N",6918296
"815199",133,1,"Major depression","Depressive disorders","Depressed mood disorders and disturbances","Psych","N",6918296
"815200",134,1,"Anaemia","Anaemias NEC","Anaemias nonhaemolytic and marrow depression","Blood","N",6918296
"815201",135,1,"Dizziness","Neurological signs and symptoms NEC","Neurological disorders NEC","Nerv","N",6918296
"815202",135,2,"Lethargy","Disturbances in consciousness NEC","Neurological disorders NEC","Nerv","N",6918296
"815203",135,3,"Malaise","Asthenic conditions","General system disorders NEC","Genrl","N",6918296
"815204",136,1,"Abdominal mass","Abdominal findings abnormal","Gastrointestinal signs and symptoms","Gastr","N",6918296
"815205",136,2,"Abdominal pain upper","Gastrointestinal and abdominal pains (excl oral and throat)","Gastrointestinal signs and symptoms","Gastr","N",6918296
"815206",136,3,"Gastric cancer","Gastric neoplasms malignant","Gastrointestinal neoplasms malignant and unspecified","Neopl","N",6918296
"815207",136,4,"Metastases to liver","Metastases to specified sites","Metastases","Neopl","N",6918296
"815208",137,1,"Circulatory collapse","Circulatory collapse and shock","Decreased and nonspecific blood pressure disorders and shock","Vasc","N",6918296
"815209",137,2,"Feeling abnormal","Feelings and sensations NEC","General system disorders NEC","Genrl","N",6918296
"815210",138,1,"Myocardial infarction","Ischaemic coronary artery disorders","Coronary artery disorders","Card","N",6918296
"815211",139,1,"Dizziness","Neurological signs and symptoms NEC","Neurological disorders NEC","Nerv","N",6918296
"815212",139,2,"Orthostatic hypotension","Vascular hypotensive disorders","Decreased and nonspecific blood pressure disorders and shock","Vasc","N",6918296
"815213",139,3,"Palpitations","Cardiac signs and symptoms NEC","Cardiac disorder signs and symptoms","Card","N",6918296
"815214",139,4,"Somnolence","Disturbances in consciousness NEC","Neurological disorders NEC","Nerv","N",6918296
"815215",140,1,"Aggression","Behaviour and socialisation disturbances","Personality disorders and disturbances in behaviour","Psych","N",6918296
"815216",140,2,"Amnesia","Memory loss (excl dementia)","Mental impairment disorders","Nerv","N",6918296
"815217",140,3,"Confusional state","Confusion and disorientation","Deliria (incl confusion)","Psych","N",6918296
"815218",140,4,"Dementia","Dementia (excl Alzheimer's type)","Mental impairment disorders","Nerv","N",6918296
"815219",140,5,"Vascular dementia","Dementia (excl Alzheimer's type)","Mental impairment disorders","Nerv","N",6918296
"815220",141,1,"Blood pressure abnormal","Vascular tests NEC (incl blood pressure)","Cardiac and vascular investigations (excl enzyme tests)","Inv","N",6918296
"815221",141,2,"Sleep disorder","Sleep disorders NEC","Sleep disorders and disturbances","Psych","N",6918296
"815222",141,3,"Tinnitus","Inner ear signs and symptoms","Inner ear and VIIIth cranial nerve disorders","Ear","N",6918296
"815223",142,1,"Ejaculation disorder","Erection and ejaculation conditions and disorders","Sexual function and fertility disorders","Repro","N",6918296
"815224",142,2,"Gynaecomastia","Breast disorders NEC","Breast disorders","Repro","N",6918296
"815225",142,3,"Peripheral swelling","General signs and symptoms NEC","General system disorders NEC","Genrl","N",6918296
"815226",142,4,"Sepsis","Sepsis, bacteraemia, viraemia and fungaemia NEC","Infections - pathogen unspecified","Infec","N",6918296
"815227",142,5,"Suspected transmission of an infectious agent via product","Infectious transmissions","Ancillary infectious topics","Infec","N",6918296
"815228",143,1,"Libido decreased","Sexual desire disorders","Sexual dysfunctions, disturbances and gender identity disorders","Psych","N",6918296
"815229",143,2,"Semen volume decreased","Fertility analyses","Reproductive organ and breast investigations (excl hormone analyses)","Inv","N",6918296
"815230",144,1,"Oral pain","Oral soft tissue pain and paraesthesia","Oral soft tissue conditions","Gastr","N",6918296
"815231",144,2,"Oropharyngeal pain","Upper respiratory tract signs and symptoms","Respiratory tract signs and symptoms","Resp","N",6918296
"815232",144,3,"Pain in jaw","Bone related signs and symptoms","Bone disorders (excl congenital and fractures)","Musc","N",6918296
"815233",144,4,"Palpitations","Cardiac signs and symptoms NEC","Cardiac disorder signs and symptoms","Card","N",6918296
"815234",144,5,"Rhinitis","Upper respiratory tract infections","Infections - pathogen unspecified","Infec","N",6918296
"815235",145,1,"Genital disorder male","Reproductive tract disorders NEC (excl neoplasms)","Reproductive tract disorders NEC","Repro","N",6918296
"815236",146,1,"Dermatitis allergic","Dermatitis and eczema","Epidermal and dermal conditions","Skin","N",6918296
"815237",147,1,"Syncope","Disturbances in consciousness NEC","Neurological disorders NEC","Nerv","N",6918296
"815238",148,1,"Dark circles under eyes","Ocular disorders NEC","Eye disorders NEC","Eye","N",6918296
"815239",148,2,"Dysgeusia","Sensory abnormalities NEC","Neurological disorders NEC","Nerv","N",6918296
"815240",148,3,"Intentional product misuse","Intentional product misuses","Off label uses and intentional product misuses/use issues","Inj&P","N",6918296
"815241",148,4,"Overdose","Overdoses NEC","Overdoses and underdoses NEC","Inj&P","N",6918296
"815242",148,5,"Skin atrophy","Skin hypoplasias and atrophies","Cornification and dystrophic skin disorders","Skin","N",6918296
"815243",148,6,"Wrong technique in product usage process","Medication errors, product use errors and issues NEC","Medication errors and other product use errors and issues","Inj&P","N",6918296
"815244",149,1,"Depression","Depressive disorders","Depressed mood disorders and disturbances","Psych","N",6918296
"815245",150,1,"Urticaria","Urticarias","Angioedema and urticaria","Skin","N",6918296
"815246",151,1,"Rash generalised","Rashes, eruptions and exanthems NEC","Epidermal and dermal conditions","Skin","N",6918296
"815247",152,1,"Drug interaction","Interactions","Therapeutic and nontherapeutic effects (excl toxicity)","Genrl","N",6918296
"815248",152,2,"Groin pain","Soft tissue disorders NEC","Musculoskeletal and connective tissue disorders NEC","Musc","N",6918296
"815249",152,3,"Testis discomfort","Testicular and epididymal disorders NEC","Testicular and epididymal disorders","Repro","N",6918296
"815250",153,1,"Circulatory collapse","Circulatory collapse and shock","Decreased and nonspecific blood pressure disorders and shock","Vasc","N",6918296
"815251",154,1,"Skin discolouration","Dermal and epidermal conditions NEC","Epidermal and dermal conditions","Skin","N",6918296
"815252",154,2,"Swelling face","Angioedemas","Angioedema and urticaria","Skin","N",6918296
"815253",155,1,"Erectile dysfunction","Erection and ejaculation conditions and disorders","Sexual function and fertility disorders","Repro","N",6918296
"815254",155,2,"Insomnia","Disturbances in initiating and maintaining sleep","Sleep disorders and disturbances","Psych","N",6918296
"815255",156,1,"Abortion spontaneous","Abortions spontaneous","Abortions and stillbirth","Preg","N",6918296
"815256",156,2,"Exposure via body fluid","Pathways and sources of exposure","Exposures, chemical injuries and poisoning","Inj&P","N",6918296
"815257",156,3,"Off label use","Off label uses","Off label uses and intentional product misuses/use issues","Inj&P","N",6918296
"815258",157,1,"Rash pruritic","Pruritus NEC","Epidermal and dermal conditions","Skin","N",6918296
"815259",158,1,"Agitation","Anxiety symptoms","Anxiety disorders and symptoms","Psych","N",6918296
"815260",158,2,"Anhedonia","Mood alterations with depressive symptoms","Depressed mood disorders and disturbances","Psych","N",6918296
"815261",158,3,"Asthenia","Asthenic conditions","General system disorders NEC","Genrl","N",6918296
"815262",158,4,"Chest pain","Pain and discomfort NEC","General system disorders NEC","Genrl","N",6918296
"815263",158,5,"Cold sweat","Apocrine and eccrine gland disorders","Skin appendage conditions","Skin","N",6918296
"815264",158,6,"Contusion","Skin injuries NEC","Injuries NEC","Inj&P","N",6918296
"815265",158,7,"Cough","Coughing and associated symptoms","Respiratory disorders NEC","Resp","N",6918296
"815266",158,8,"Deja vu","Perception disturbances","Disturbances in thinking and perception","Psych","N",6918296
"815267",158,9,"Depressed mood","Mood alterations with depressive symptoms","Depressed mood disorders and disturbances","Psych","N",6918296
"815268",158,10,"Dizziness","Neurological signs and symptoms NEC","Neurological disorders NEC","Nerv","N",6918296
"815269",158,11,"Drug ineffective","Therapeutic and nontherapeutic responses","Therapeutic and nontherapeutic effects (excl toxicity)","Genrl","N",6918296
"815270",158,12,"Dysuria","Bladder and urethral symptoms","Urinary tract signs and symptoms","Renal","N",6918296
"815271",158,13,"Economic problem","Economic circumstances","Economic and housing issues","SocCi","N",6918296
"815272",158,14,"Emotional distress","Emotional and mood disturbances NEC","Mood disorders and disturbances NEC","Psych","N",6918296
"815273",158,15,"Emotional distress","Emotional and mood disturbances NEC","Mood disorders and disturbances NEC","Psych","N",6918296
"815274",158,16,"Fatigue","Asthenic conditions","General system disorders NEC","Genrl","N",6918296
"815275",158,17,"Feeling abnormal","Feelings and sensations NEC","General system disorders NEC","Genrl","N",6918296
"815276",158,18,"Gastrooesophageal reflux disease","Gastrointestinal atonic and hypomotility disorders NEC","Gastrointestinal motility and defaecation conditions","Gastr","N",6918296
"815277",158,19,"Incontinence","Bladder and urethral symptoms","Urinary tract signs and symptoms","Renal","N",6918296
"815278",158,20,"Insomnia","Disturbances in initiating and maintaining sleep","Sleep disorders and disturbances","Psych","N",6918296
"815279",158,21,"Loss of consciousness","Disturbances in consciousness NEC","Neurological disorders NEC","Nerv","N",6918296
"815280",158,22,"Loss of employment","Employment issues","Economic and housing issues","SocCi","N",6918296
"815281",158,23,"Loss of libido","Sexual desire disorders","Sexual dysfunctions, disturbances and gender identity disorders","Psych","N",6918296
"815282",158,24,"Malaise","Asthenic conditions","General system disorders NEC","Genrl","N",6918296
"815283",158,25,"Muscle strain","Muscle, tendon and ligament injuries","Injuries NEC","Inj&P","N",6918296
"815284",158,26,"Nausea","Nausea and vomiting symptoms","Gastrointestinal signs and symptoms","Gastr","N",6918296
"815285",158,27,"Neglect of personal appearance","Psychiatric symptoms NEC","Psychiatric and behavioural symptoms NEC","Psych","N",6918296
"815286",158,28,"Nocturia","Urinary tract signs and symptoms NEC","Urinary tract signs and symptoms","Renal","N",6918296
"815287",158,29,"Orthostatic hypotension","Vascular hypotensive disorders","Decreased and nonspecific blood pressure disorders and shock","Vasc","N",6918296
"815288",158,30,"Orthostatic hypotension","Vascular hypotensive disorders","Decreased and nonspecific blood pressure disorders and shock","Vasc","N",6918296
"815289",158,31,"Presyncope","Neurological signs and symptoms NEC","Neurological disorders NEC","Nerv","N",6918296
"815290",158,32,"Road traffic accident","Non-site specific injuries NEC","Injuries NEC","Inj&P","N",6918296
"815291",158,33,"Social anxiety disorder","Fear symptoms and phobic disorders (incl social phobia)","Anxiety disorders and symptoms","Psych","N",6918296
"815292",158,34,"Social avoidant behaviour","Behaviour and socialisation disturbances","Personality disorders and disturbances in behaviour","Psych","N",6918296
"815293",158,35,"Somnolence","Disturbances in consciousness NEC","Neurological disorders NEC","Nerv","N",6918296
"815294",158,36,"Suicidal ideation","Suicidal and self-injurious behaviour","Suicidal and self-injurious behaviours NEC","Psych","N",6918296
"815295",158,37,"Syncope","Disturbances in consciousness NEC","Neurological disorders NEC","Nerv","N",6918296
"815296",158,38,"Terminal dribbling","Bladder and urethral symptoms","Urinary tract signs and symptoms","Renal","N",6918296
"815297",158,39,"Tonsillitis","Upper respiratory tract infections","Infections - pathogen unspecified","Infec","N",6918296
"815298",158,40,"Urinary tract disorder","Genital and urinary tract disorders NEC","Genitourinary tract disorders NEC","Renal","N",6918296
"815299",158,41,"Urine flow decreased","Bladder and urethral symptoms","Urinary tract signs and symptoms","Renal","N",6918296
"815300",158,42,"Vertigo","Inner ear signs and symptoms","Inner ear and VIIIth cranial nerve disorders","Ear","N",6918296
"815301",159,1,"Headache","Headaches NEC","Headaches","Nerv","N",6918296
"815302",160,1,"Headache","Headaches NEC","Headaches","Nerv","N",6918296
"815303",160,2,"Neck pain","Musculoskeletal and connective tissue pain and discomfort","Musculoskeletal and connective tissue disorders NEC","Musc","N",6918296
"815304",160,3,"Product substitution issue","Product quality issues NEC","Product quality, supply, distribution, manufacturing and quality system issues","Prod","N",6918296
"815305",161,1,"Candida infection","Candida infections","Fungal infectious disorders","Infec","N",6918296
"815306",161,2,"Erythema","Erythemas","Epidermal and dermal conditions","Skin","N",6918296
"815307",161,3,"Flatulence","Flatulence, bloating and distension","Gastrointestinal signs and symptoms","Gastr","N",6918296
"815308",161,4,"Glossodynia","Tongue signs and symptoms","Tongue conditions","Gastr","N",6918296
"815309",161,5,"Lip dry","Oral dryness and saliva altered","Salivary gland conditions","Gastr","N",6918296
"815310",161,6,"Oral mucosal blistering","Oral soft tissue signs and symptoms","Oral soft tissue conditions","Gastr","N",6918296
"815311",161,7,"Pemphigoid","Bullous conditions","Epidermal and dermal conditions","Skin","N",6918296
"815312",161,8,"Rash","Rashes, eruptions and exanthems NEC","Epidermal and dermal conditions","Skin","N",6918296
"815313",161,9,"Stomatitis","Stomatitis and ulceration","Oral soft tissue conditions","Gastr","N",6918296
"815314",162,1,"Amnesia","Memory loss (excl dementia)","Mental impairment disorders","Nerv","N",6918296
"815315",162,2,"Confusional state","Confusion and disorientation","Deliria (incl confusion)","Psych","N",6918296
"815316",162,3,"Headache","Headaches NEC","Headaches","Nerv","N",6918296
"815317",163,1,"Abnormal behaviour","Abnormal behaviour NEC","Psychiatric and behavioural symptoms NEC","Psych","N",6918296
"815318",163,2,"Dysphonia","Upper respiratory tract signs and symptoms","Respiratory tract signs and symptoms","Resp","N",6918296
"815319",163,3,"Prostate cancer","Prostatic neoplasms malignant","Reproductive neoplasms male malignant and unspecified","Neopl","N",6918296
"815320",164,1,"Mouth ulceration","Stomatitis and ulceration","Oral soft tissue conditions","Gastr","N",6918296
"815321",165,1,"Eczema","Dermatitis and eczema","Epidermal and dermal conditions","Skin","N",6918296
"815322",165,2,"Pruritus","Pruritus NEC","Epidermal and dermal conditions","Skin","N",6918296
"815323",165,3,"Skin irritation","Dermatitis and eczema","Epidermal and dermal conditions","Skin","N",6918296
"815324",166,1,"Breast enlargement","Breast disorders NEC","Breast disorders","Repro","N",6918296
"815325",166,2,"Breast tenderness","Breast signs and symptoms","Breast disorders","Repro","N",6918296
"815326",166,3,"Gynaecomastia","Breast disorders NEC","Breast disorders","Repro","N",6918296
"815327",167,1,"Urinary retention","Bladder and urethral symptoms","Urinary tract signs and symptoms","Renal","N",6918296
"815328",168,1,"Peripheral swelling","General signs and symptoms NEC","General system disorders NEC","Genrl","N",6918296
"815329",168,2,"Synovial cyst","Synovial disorders","Synovial and bursal disorders","Musc","N",6918296
"815330",169,1,"Dyspepsia","Dyspeptic signs and symptoms","Gastrointestinal signs and symptoms","Gastr","N",6918296
"815331",170,1,"Dizziness","Neurological signs and symptoms NEC","Neurological disorders NEC","Nerv","N",6918296
"815332",170,2,"Syncope","Disturbances in consciousness NEC","Neurological disorders NEC","Nerv","N",6918296
"815333",171,1,"Breast enlargement","Breast disorders NEC","Breast disorders","Repro","N",6918296
"815334",171,2,"Breast mass","Breast disorders NEC","Breast disorders","Repro","N",6918296
"815335",171,3,"Breast tenderness","Breast signs and symptoms","Breast disorders","Repro","N",6918296
"815336",172,1,"Atrioventricular dissociation","Cardiac conduction disorders","Cardiac arrhythmias","Card","N",6918296
"815337",172,2,"Blood pressure systolic increased","Vascular tests NEC (incl blood pressure)","Cardiac and vascular investigations (excl enzyme tests)","Inv","N",6918296
"815338",172,3,"Chest discomfort","Pain and discomfort NEC","General system disorders NEC","Genrl","N",6918296
"815339",172,4,"Drug interaction","Interactions","Therapeutic and nontherapeutic effects (excl toxicity)","Genrl","N",6918296
"815340",172,5,"Electrocardiogram QRS complex prolonged","ECG investigations","Cardiac and vascular investigations (excl enzyme tests)","Inv","N",6918296
"815341",172,6,"Heart rate decreased","Heart rate and pulse investigations","Cardiac and vascular investigations (excl enzyme tests)","Inv","N",6918296
"815342",172,7,"Heart rate increased","Heart rate and pulse investigations","Cardiac and vascular investigations (excl enzyme tests)","Inv","N",6918296
"815343",172,8,"Palpitations","Cardiac signs and symptoms NEC","Cardiac disorder signs and symptoms","Card","N",6918296
"815344",172,9,"Polyuria","Urinary tract signs and symptoms NEC","Urinary tract signs and symptoms","Renal","N",6918296
"815345",172,10,"Tachycardia","Rate and rhythm disorders NEC","Cardiac arrhythmias","Card","N",6918296
"815346",172,11,"Ventricular extrasystoles","Ventricular arrhythmias and cardiac arrest","Cardiac arrhythmias","Card","N",6918296
"815347",173,1,"Pruritus","Pruritus NEC","Epidermal and dermal conditions","Skin","N",6918296
"815348",174,1,"Gynaecomastia","Breast disorders NEC","Breast disorders","Repro","N",6918296
"815349",175,1,"Nausea","Nausea and vomiting symptoms","Gastrointestinal signs and symptoms","Gastr","N",6918296
"815350",175,2,"Vomiting","Nausea and vomiting symptoms","Gastrointestinal signs and symptoms","Gastr","N",6918296
"815351",176,1,"Ejaculation disorder","Erection and ejaculation conditions and disorders","Sexual function and fertility disorders","Repro","N",6918296
"815352",176,2,"Hyperaesthesia","Paraesthesias and dysaesthesias","Neurological disorders NEC","Nerv","N",6918296
"815353",176,3,"Rash","Rashes, eruptions and exanthems NEC","Epidermal and dermal conditions","Skin","N",6918296
"815354",176,4,"Skin plaque","Dermal and epidermal conditions NEC","Epidermal and dermal conditions","Skin","N",6918296
"815355",177,1,"Cardiac failure congestive","Heart failures NEC","Heart failures","Card","N",6918296
"815356",177,2,"Dyspnoea","Breathing abnormalities","Respiratory disorders NEC","Resp","N",6918296
"815357",177,3,"Localised oedema","Oedema NEC","General system disorders NEC","Genrl","N",6918296
"815358",177,4,"Oedema peripheral","Oedema NEC","General system disorders NEC","Genrl","N",6918296
"815359",177,5,"Productive cough","Coughing and associated symptoms","Respiratory disorders NEC","Resp","N",6918296
"815360",178,1,"Abdominal distension","Flatulence, bloating and distension","Gastrointestinal signs and symptoms","Gastr","N",6918296
"815361",178,2,"Feeling abnormal","Feelings and sensations NEC","General system disorders NEC","Genrl","N",6918296
"815362",178,3,"Flatulence","Flatulence, bloating and distension","Gastrointestinal signs and symptoms","Gastr","N",6918296
"815363",178,4,"Nausea","Nausea and vomiting symptoms","Gastrointestinal signs and symptoms","Gastr","N",6918296
"815364",179,1,"Dyspnoea","Breathing abnormalities","Respiratory disorders NEC","Resp","N",6918296
"815365",180,1,"Urinary incontinence","Bladder and urethral symptoms","Urinary tract signs and symptoms","Renal","N",6918296
"815366",181,1,"Abnormal weight gain","General nutritional disorders NEC","Appetite and general nutritional disorders","Metab","N",6918296
"815367",181,2,"Arthralgia","Joint related signs and symptoms","Joint disorders","Musc","N",6918296
"815368",181,3,"Ejaculation disorder","Erection and ejaculation conditions and disorders","Sexual function and fertility disorders","Repro","N",6918296
"815369",181,4,"Erectile dysfunction","Erection and ejaculation conditions and disorders","Sexual function and fertility disorders","Repro","N",6918296
"815370",181,5,"Libido decreased","Sexual desire disorders","Sexual dysfunctions, disturbances and gender identity disorders","Psych","N",6918296
"815371",181,6,"Rash","Rashes, eruptions and exanthems NEC","Epidermal and dermal conditions","Skin","N",6918296
"815372",182,1,"Ejaculation failure","Erection and ejaculation conditions and disorders","Sexual function and fertility disorders","Repro","N",6918296
"815373",183,1,"Breast cancer","Breast and nipple neoplasms malignant","Breast neoplasms malignant and unspecified (incl nipple)","Neopl","N",6918296
"815374",183,2,"Breast mass","Breast disorders NEC","Breast disorders","Repro","N",6918296
"815375",184,1,"Depressed mood","Mood alterations with depressive symptoms","Depressed mood disorders and disturbances","Psych","N",6918296
"815376",184,2,"Gynaecomastia","Breast disorders NEC","Breast disorders","Repro","N",6918296
"815377",185,1,"Abdominal pain upper","Gastrointestinal and abdominal pains (excl oral and throat)","Gastrointestinal signs and symptoms","Gastr","N",6918296
"815378",185,2,"Diarrhoea","Diarrhoea (excl infective)","Gastrointestinal motility and defaecation conditions","Gastr","N",6918296
"815379",186,1,"Floppy iris syndrome","Eye and ear procedural complications","Procedural related injuries and complications NEC","Inj&P","N",6918296
"815380",187,1,"Eyelid oedema","Lid, lash and lacrimal infections, irritations and inflammations","Ocular infections, irritations and inflammations","Eye","N",6918296
"815381",187,2,"Seborrhoeic dermatitis","Dermatitis and eczema","Epidermal and dermal conditions","Skin","N",6918296
"815382",187,3,"Skin haemorrhage","Skin haemorrhages","Skin vascular abnormalities","Skin","N",6918296
"815383",187,4,"Vision blurred","Visual disorders NEC","Vision disorders","Eye","N",6918296
"815384",187,5,"Wound secretion","Non-site specific injuries NEC","Injuries NEC","Inj&P","N",6918296
"815385",188,1,"Hyperkeratosis","Hyperkeratoses","Cornification and dystrophic skin disorders","Skin","N",6918296
"815386",189,1,"Nocturia","Urinary tract signs and symptoms NEC","Urinary tract signs and symptoms","Renal","N",6918296
"815387",189,2,"Prostate cancer","Prostatic neoplasms malignant","Reproductive neoplasms male malignant and unspecified","Neopl","N",6918296
"815388",189,3,"Prostatomegaly","Prostatic signs, symptoms and disorders NEC","Prostatic disorders (excl infections and inflammations)","Repro","N",6918296
"815389",189,4,"Urine flow decreased","Bladder and urethral symptoms","Urinary tract signs and symptoms","Renal","N",6918296
"815390",190,1,"Dizziness","Neurological signs and symptoms NEC","Neurological disorders NEC","Nerv","N",6918296
"815391",191,1,"Nocturia","Urinary tract signs and symptoms NEC","Urinary tract signs and symptoms","Renal","N",6918296
"815392",191,2,"Rash","Rashes, eruptions and exanthems NEC","Epidermal and dermal conditions","Skin","N",6918296
"815393",191,3,"Urinary hesitation","Bladder and urethral symptoms","Urinary tract signs and symptoms","Renal","N",6918296
"815394",192,1,"Dysphagia","Gastrointestinal signs and symptoms NEC","Gastrointestinal signs and symptoms","Gastr","N",6918296
"815395",192,2,"Hospitalisation","Therapeutic procedures NEC","Therapeutic procedures and supportive care NEC","Surg","N",6918296
"815396",193,1,"Heart rate increased","Heart rate and pulse investigations","Cardiac and vascular investigations (excl enzyme tests)","Inv","N",6918296
"815397",194,1,"Fatigue","Asthenic conditions","General system disorders NEC","Genrl","N",6918296
"815398",194,2,"Joint swelling","Joint related signs and symptoms","Joint disorders","Musc","N",6918296
"815399",194,3,"Rash macular","Rashes, eruptions and exanthems NEC","Epidermal and dermal conditions","Skin","N",6918296
"815400",195,1,"Neuropathy peripheral","Peripheral neuropathies NEC","Peripheral neuropathies","Nerv","N",6918296
"815401",196,1,"Gynaecomastia","Breast disorders NEC","Breast disorders","Repro","N",6918296
"815402",197,1,"Hospitalisation","Therapeutic procedures NEC","Therapeutic procedures and supportive care NEC","Surg","N",6918296
"815403",197,2,"Surgery","Therapeutic procedures NEC","Therapeutic procedures and supportive care NEC","Surg","N",6918296
"815404",198,1,"Blood testosterone increased","Reproductive hormone analyses","Endocrine investigations (incl sex hormones)","Inv","N",6918296
"815405",198,2,"Sex hormone binding globulin increased","Reproductive hormone analyses","Endocrine investigations (incl sex hormones)","Inv","N",6918296
"815406",199,1,"Testicular pain","Testicular and epididymal disorders NEC","Testicular and epididymal disorders","Repro","N",6918296
"815407",199,2,"Testicular swelling","Testicular and epididymal disorders NEC","Testicular and epididymal disorders","Repro","N",6918296
"815408",200,1,"Pain","Pain and discomfort NEC","General system disorders NEC","Genrl","N",6918296
"815409",200,2,"Prostatic specific antigen increased","Cell marker analyses","Cytogenetic investigations","Inv","N",6918296
"815410",200,3,"Therapeutic response decreased","Therapeutic and nontherapeutic responses","Therapeutic and nontherapeutic effects (excl toxicity)","Genrl","N",6918296
"815411",201,1,"Loss of consciousness","Disturbances in consciousness NEC","Neurological disorders NEC","Nerv","N",6918296
"815412",201,2,"Syncope","Disturbances in consciousness NEC","Neurological disorders NEC","Nerv","N",6918296
"815413",202,1,"Genitals enlarged","Reproductive tract signs and symptoms NEC","Reproductive tract disorders NEC","Repro","N",6918296
"815414",202,2,"Rhinorrhoea","Upper respiratory tract signs and symptoms","Respiratory tract signs and symptoms","Resp","N",6918296
"815415",202,3,"Testicular pain","Testicular and epididymal disorders NEC","Testicular and epididymal disorders","Repro","N",6918296
"815416",203,1,"Dizziness","Neurological signs and symptoms NEC","Neurological disorders NEC","Nerv","N",6918296
"815417",203,2,"Dyspnoea","Breathing abnormalities","Respiratory disorders NEC","Resp","N",6918296
"815418",203,3,"Loss of consciousness","Disturbances in consciousness NEC","Neurological disorders NEC","Nerv","N",6918296
"815419",203,4,"Vomiting","Nausea and vomiting symptoms","Gastrointestinal signs and symptoms","Gastr","N",6918296
"815420",204,1,"Dizziness","Neurological signs and symptoms NEC","Neurological disorders NEC","Nerv","N",6918296
"815421",204,2,"Dyspnoea","Breathing abnormalities","Respiratory disorders NEC","Resp","N",6918296
"815422",204,3,"Loss of consciousness","Disturbances in consciousness NEC","Neurological disorders NEC","Nerv","N",6918296
"815423",204,4,"Vomiting","Nausea and vomiting symptoms","Gastrointestinal signs and symptoms","Gastr","N",6918296
"815424",205,1,"Dizziness","Neurological signs and symptoms NEC","Neurological disorders NEC","Nerv","N",6918296
"815425",206,1,"Enuresis","Psychiatric elimination disorders","Psychiatric disorders NEC","Psych","N",6918296
"815426",207,1,"Dyspnoea","Breathing abnormalities","Respiratory disorders NEC","Resp","N",6918296
"815427",207,2,"Hallucination","Perception disturbances","Disturbances in thinking and perception","Psych","N",6918296
"815428",207,3,"Insomnia","Disturbances in initiating and maintaining sleep","Sleep disorders and disturbances","Psych","N",6918296
"815429",207,4,"Muscle twitching","Muscle related signs and symptoms NEC","Muscle disorders","Musc","N",6918296
"815430",208,1,"Breast cancer male","Breast and nipple neoplasms malignant","Breast neoplasms malignant and unspecified (incl nipple)","Neopl","N",6918296
"815431",209,1,"Gastrooesophageal reflux disease","Gastrointestinal atonic and hypomotility disorders NEC","Gastrointestinal motility and defaecation conditions","Gastr","N",6918296
"815432",209,2,"Hiccups","Lower respiratory tract signs and symptoms","Respiratory tract signs and symptoms","Resp","N",6918296
"815433",210,1,"Neoplasm","Neoplasms unspecified malignancy and site unspecified NEC","Miscellaneous and site unspecified neoplasms malignant and unspecified","Neopl","N",6918296
"815434",210,2,"Skin cancer","Skin neoplasms malignant and unspecified (excl melanoma)","Skin neoplasms malignant and unspecified","Neopl","N",6918296
"815435",211,1,"Hypoglycaemia","Hypoglycaemic conditions NEC","Glucose metabolism disorders (incl diabetes mellitus)","Metab","N",6918296
"815436",212,1,"Pruritus","Pruritus NEC","Epidermal and dermal conditions","Skin","N",6918296
"815437",212,2,"Rash erythematous","Rashes, eruptions and exanthems NEC","Epidermal and dermal conditions","Skin","N",6918296
"815438",213,1,"Erectile dysfunction","Erection and ejaculation conditions and disorders","Sexual function and fertility disorders","Repro","N",6918296
"815439",214,1,"Dry mouth","Oral dryness and saliva altered","Salivary gland conditions","Gastr","N",6918296
"815440",214,2,"Nasal congestion","Nasal congestion and inflammations","Upper respiratory tract disorders (excl infections)","Resp","N",6918296
"815441",215,1,"Constipation","Gastrointestinal atonic and hypomotility disorders NEC","Gastrointestinal motility and defaecation conditions","Gastr","N",6918296
"815442",216,1,"Breast tenderness","Breast signs and symptoms","Breast disorders","Repro","N",6918296
"815443",217,1,"Diarrhoea","Diarrhoea (excl infective)","Gastrointestinal motility and defaecation conditions","Gastr","N",6918296
"815444",218,1,"Breast tenderness","Breast signs and symptoms","Breast disorders","Repro","N",6918296
