"","X1","X1.1","Therapeutic.response.unexpected","Therapeutic.and.nontherapeutic.responses","Therapeutic.and.nontherapeutic.effects..excl.toxicity.","Genrl","N","X187"
"1183143",1,1,"Cluster headache","Headaches NEC","Headaches","Nerv","N",4201
"1183144",2,1,"Alopecia","Alopecias","Skin appendage conditions","Skin","N",4201
"1183145",3,1,"Hair growth abnormal","Pilar disorders NEC","Skin appendage conditions","Skin","N",4201
"1183146",4,1,"Peripheral swelling","General signs and symptoms NEC","General system disorders NEC","Genrl","N",4201
"1183147",4,2,"Urticaria","Urticarias","Angioedema and urticaria","Skin","N",4201
"1183148",5,1,"Hypertrichosis","Hypertrichoses","Skin appendage conditions","Skin","N",4201
"1183149",6,1,"Joint swelling","Joint related signs and symptoms","Joint disorders","Musc","N",4201
"1183150",6,2,"Oropharyngeal pain","Upper respiratory tract signs and symptoms","Respiratory tract signs and symptoms","Resp","N",4201
"1183151",6,3,"Somnolence","Disturbances in consciousness NEC","Neurological disorders NEC","Nerv","N",4201
"1183152",7,1,"Hypoplastic left heart syndrome","Cardiac hypoplasias congenital","Cardiac and vascular disorders congenital","Cong","Y",4201
"1183153",8,1,"Myositis","Muscle infections and inflammations","Muscle disorders","Musc","N",4201
"1183154",8,2,"Rash","Rashes, eruptions and exanthems NEC","Epidermal and dermal conditions","Skin","N",4201
"1183155",9,1,"Myalgia","Muscle pains","Muscle disorders","Musc","N",4201
"1183156",9,2,"Pericarditis","Noninfectious pericarditis","Pericardial disorders","Card","N",4201
"1183157",10,1,"Arthritis","Arthropathies NEC","Joint disorders","Musc","N",4201
"1183158",10,2,"Arthropathy","Arthropathies NEC","Joint disorders","Musc","N",4201
"1183159",10,3,"Joint swelling","Joint related signs and symptoms","Joint disorders","Musc","N",4201
"1183160",10,4,"Vasculitis","Vasculitides NEC","Vascular inflammations","Vasc","N",4201
"1183161",11,1,"Dermatitis","Dermatitis and eczema","Epidermal and dermal conditions","Skin","N",4201
"1183162",12,1,"Abdominal distension","Flatulence, bloating and distension","Gastrointestinal signs and symptoms","Gastr","N",4201
"1183163",12,2,"Erectile dysfunction","Erection and ejaculation conditions and disorders","Sexual function and fertility disorders","Repro","N",4201
"1183164",12,3,"Hypoaesthesia","Paraesthesias and dysaesthesias","Neurological disorders NEC","Nerv","N",4201
"1183165",12,4,"Loss of libido","Sexual desire disorders","Sexual dysfunctions, disturbances and gender identity disorders","Psych","N",4201
"1183166",12,5,"Paraesthesia","Paraesthesias and dysaesthesias","Neurological disorders NEC","Nerv","N",4201
"1183167",13,1,"Gynaecomastia","Breast disorders NEC","Breast disorders","Repro","N",4201
"1183168",14,1,"Fluid retention","Total fluid volume increased","Electrolyte and fluid balance conditions","Metab","N",4201
"1183169",14,2,"Left ventricular failure","Left ventricular failures","Heart failures","Card","N",4201
"1183170",15,1,"Musculoskeletal stiffness","Musculoskeletal and connective tissue signs and symptoms NEC","Musculoskeletal and connective tissue disorders NEC","Musc","N",4201
"1183171",16,1,"Dizziness","Neurological signs and symptoms NEC","Neurological disorders NEC","Nerv","N",4201
"1183172",16,2,"Feeling drunk","Feelings and sensations NEC","General system disorders NEC","Genrl","N",4201
"1183173",16,3,"Hypotension","Vascular hypotensive disorders","Decreased and nonspecific blood pressure disorders and shock","Vasc","N",4201
"1183174",17,1,"Dizziness","Neurological signs and symptoms NEC","Neurological disorders NEC","Nerv","N",4201
"1183175",17,2,"Viral upper respiratory tract infection","Viral infections NEC","Viral infectious disorders","Infec","N",4201
"1183176",18,1,"Disturbance in attention","Mental impairment (excl dementia and memory loss)","Mental impairment disorders","Nerv","N",4201
"1183177",18,2,"Feeling abnormal","Feelings and sensations NEC","General system disorders NEC","Genrl","N",4201
"1183178",18,3,"Paraesthesia","Paraesthesias and dysaesthesias","Neurological disorders NEC","Nerv","N",4201
"1183179",19,1,"Hair growth abnormal","Pilar disorders NEC","Skin appendage conditions","Skin","N",4201
"1183180",20,1,"Wheezing","Bronchospasm and obstruction","Bronchial disorders (excl neoplasms)","Resp","N",4201
"1183181",21,1,"Cataract","Cataract conditions","Anterior eye structural change, deposit and degeneration","Eye","N",4201
"1183182",22,1,"Abnormal product of conception","Abortion related conditions and complications","Abortions and stillbirth","Preg","N",4201
"1183183",23,1,"Subdural haemorrhage","Cerebral injuries NEC","Injuries NEC","Inj&P","N",4201
"1183184",24,1,"Alopecia","Alopecias","Skin appendage conditions","Skin","N",4201
"1183185",25,1,"Chest pain","Pain and discomfort NEC","General system disorders NEC","Genrl","N",4201
"1183186",26,1,"Myocardial infarction","Ischaemic coronary artery disorders","Coronary artery disorders","Card","N",4201
"1183187",27,1,"Hirsutism","Hypertrichoses","Skin appendage conditions","Skin","N",4201
"1183188",28,1,"Diarrhoea","Diarrhoea (excl infective)","Gastrointestinal motility and defaecation conditions","Gastr","N",4201
"1183189",29,1,"Angioedema","Angioedemas","Angioedema and urticaria","Skin","N",4201
"1183190",30,1,"Hirsutism","Hypertrichoses","Skin appendage conditions","Skin","N",4201
"1183191",31,1,"Erectile dysfunction","Erection and ejaculation conditions and disorders","Sexual function and fertility disorders","Repro","N",4201
"1183192",31,2,"Libido decreased","Sexual desire disorders","Sexual dysfunctions, disturbances and gender identity disorders","Psych","N",4201
"1183193",32,1,"Deafness","Hearing losses","Hearing disorders","Ear","N",4201
"1183194",33,1,"Photosensitivity reaction","Photosensitivity and photodermatosis conditions","Epidermal and dermal conditions","Skin","N",4201
"1183195",34,1,"Dry mouth","Oral dryness and saliva altered","Salivary gland conditions","Gastr","N",4201
"1183196",35,1,"Abdominal pain","Gastrointestinal and abdominal pains (excl oral and throat)","Gastrointestinal signs and symptoms","Gastr","N",4201
"1183197",35,2,"Myocardial infarction","Ischaemic coronary artery disorders","Coronary artery disorders","Card","N",4201
"1183198",35,3,"Rash pustular","Skin structures and soft tissue infections","Infections - pathogen unspecified","Infec","N",4201
"1183199",35,4,"Vomiting","Nausea and vomiting symptoms","Gastrointestinal signs and symptoms","Gastr","N",4201
"1183200",36,1,"Headache","Headaches NEC","Headaches","Nerv","N",4201
"1183201",36,2,"Nausea","Nausea and vomiting symptoms","Gastrointestinal signs and symptoms","Gastr","N",4201
"1183202",37,1,"Blindness transient","Blindness (excl colour blindness)","Vision disorders","Eye","N",4201
"1183203",38,1,"Diarrhoea","Diarrhoea (excl infective)","Gastrointestinal motility and defaecation conditions","Gastr","N",4201
"1183204",39,1,"Ascites","Peritoneal and retroperitoneal disorders","Peritoneal and retroperitoneal conditions","Gastr","N",4201
"1183205",40,1,"Fluid retention","Total fluid volume increased","Electrolyte and fluid balance conditions","Metab","N",4201
"1183206",40,2,"Pericardial effusion","Pericardial disorders NEC","Pericardial disorders","Card","N",4201
"1183207",40,3,"Pericarditis","Noninfectious pericarditis","Pericardial disorders","Card","N",4201
"1183208",41,1,"Urticaria","Urticarias","Angioedema and urticaria","Skin","N",4201
"1183209",42,1,"Vasospasm","Non-site specific necrosis and vascular insufficiency NEC","Arteriosclerosis, stenosis, vascular insufficiency and necrosis","Vasc","N",4201
"1183210",43,1,"Hypertrichosis","Hypertrichoses","Skin appendage conditions","Skin","N",4201
"1183211",44,1,"Contusion","Skin injuries NEC","Injuries NEC","Inj&P","N",4201
"1183212",45,1,"Face oedema","Oedema NEC","General system disorders NEC","Genrl","N",4201
"1183213",45,2,"Oedema","Oedema NEC","General system disorders NEC","Genrl","N",4201
"1183214",46,1,"Jaundice cholestatic","Cholestasis and jaundice","Hepatic and hepatobiliary disorders","Hepat","N",4201
"1183215",47,1,"Hyponatraemia","Sodium imbalance","Electrolyte and fluid balance conditions","Metab","N",4201
"1183216",48,1,"Rash maculo-papular","Rashes, eruptions and exanthems NEC","Epidermal and dermal conditions","Skin","N",4201
"1183217",48,2,"Urticaria","Urticarias","Angioedema and urticaria","Skin","N",4201
"1183218",49,1,"Gynaecomastia","Breast disorders NEC","Breast disorders","Repro","N",4201
"1183219",50,1,"Pericardial effusion","Pericardial disorders NEC","Pericardial disorders","Card","N",4201
"1183220",51,1,"Pericardial effusion","Pericardial disorders NEC","Pericardial disorders","Card","N",4201
"1183221",51,2,"Pleural effusion","Pneumothorax and pleural effusions NEC","Pleural disorders","Resp","N",4201
"1183222",52,1,"Lymphadenopathy","Lymphatic system disorders NEC","Spleen, lymphatic and reticuloendothelial system disorders","Blood","N",4201
"1183223",53,1,"Gynaecomastia","Breast disorders NEC","Breast disorders","Repro","N",4201
"1183224",54,1,"Hirsutism","Hypertrichoses","Skin appendage conditions","Skin","N",4201
"1183225",55,1,"Depression","Depressive disorders","Depressed mood disorders and disturbances","Psych","N",4201
"1183226",55,2,"Hirsutism","Hypertrichoses","Skin appendage conditions","Skin","N",4201
"1183227",56,1,"Diarrhoea","Diarrhoea (excl infective)","Gastrointestinal motility and defaecation conditions","Gastr","N",4201
"1183228",57,1,"Hair texture abnormal","Pilar disorders NEC","Skin appendage conditions","Skin","N",4201
"1183229",58,1,"Hirsutism","Hypertrichoses","Skin appendage conditions","Skin","N",4201
"1183230",59,1,"Angioedema","Angioedemas","Angioedema and urticaria","Skin","N",4201
"1183231",59,2,"Urticaria","Urticarias","Angioedema and urticaria","Skin","N",4201
"1183232",60,1,"Hirsutism","Hypertrichoses","Skin appendage conditions","Skin","N",4201
"1183233",61,1,"Periorbital oedema","Ocular disorders NEC","Eye disorders NEC","Eye","N",4201
"1183234",62,1,"Seborrhoeic dermatitis","Dermatitis and eczema","Epidermal and dermal conditions","Skin","N",4201
"1183235",63,1,"Emotional distress","Emotional and mood disturbances NEC","Mood disorders and disturbances NEC","Psych","N",4201
"1183236",63,2,"Syncope","Disturbances in consciousness NEC","Neurological disorders NEC","Nerv","N",4201
"1183237",64,1,"Hypertrichosis","Hypertrichoses","Skin appendage conditions","Skin","N",4201
"1183238",65,1,"Pain","Pain and discomfort NEC","General system disorders NEC","Genrl","N",4201
"1183239",66,1,"Chest pain","Pain and discomfort NEC","General system disorders NEC","Genrl","N",4201
"1183240",66,2,"Vomiting","Nausea and vomiting symptoms","Gastrointestinal signs and symptoms","Gastr","N",4201
"1183241",67,1,"Hirsutism","Hypertrichoses","Skin appendage conditions","Skin","N",4201
"1183242",68,1,"Hirsutism","Hypertrichoses","Skin appendage conditions","Skin","N",4201
"1183243",69,1,"Pericardial effusion","Pericardial disorders NEC","Pericardial disorders","Card","N",4201
"1183244",70,1,"Cardiac arrest","Ventricular arrhythmias and cardiac arrest","Cardiac arrhythmias","Card","Y",4201
"1183245",70,2,"Cardiac failure congestive","Heart failures NEC","Heart failures","Card","N",4201
"1183246",70,3,"Syncope","Disturbances in consciousness NEC","Neurological disorders NEC","Nerv","N",4201
"1183247",70,4,"Tachyarrhythmia","Rate and rhythm disorders NEC","Cardiac arrhythmias","Card","N",4201
"1183248",71,1,"Hypertrichosis","Hypertrichoses","Skin appendage conditions","Skin","N",4201
"1183249",71,2,"Oedema peripheral","Oedema NEC","General system disorders NEC","Genrl","N",4201
"1183250",72,1,"Acute psychosis","Psychotic disorder NEC","Schizophrenia and other psychotic disorders","Psych","N",4201
"1183251",72,2,"Agitation","Anxiety symptoms","Anxiety disorders and symptoms","Psych","N",4201
"1183252",72,3,"Depression","Depressive disorders","Depressed mood disorders and disturbances","Psych","N",4201
"1183253",72,4,"Drug administration error","Product administration errors and issues","Medication errors and other product use errors and issues","Inj&P","N",4201
"1183254",72,5,"Hirsutism","Hypertrichoses","Skin appendage conditions","Skin","N",4201
"1183255",72,6,"Panic attack","Panic attacks and disorders","Anxiety disorders and symptoms","Psych","N",4201
"1183256",73,1,"Hirsutism","Hypertrichoses","Skin appendage conditions","Skin","N",4201
"1183257",74,1,"Colitis","Colitis (excl infective)","Gastrointestinal inflammatory conditions","Gastr","N",4201
"1183258",74,2,"Mouth ulceration","Stomatitis and ulceration","Oral soft tissue conditions","Gastr","N",4201
"1183259",74,3,"Rectal haemorrhage","Intestinal haemorrhages","Gastrointestinal haemorrhages NEC","Gastr","N",4201
"1183260",75,1,"Rash","Rashes, eruptions and exanthems NEC","Epidermal and dermal conditions","Skin","N",4201
"1183261",76,1,"Gynaecomastia","Breast disorders NEC","Breast disorders","Repro","N",4201
"1183262",77,1,"Peripheral ischaemia","Peripheral vasoconstriction, necrosis and vascular insufficiency","Arteriosclerosis, stenosis, vascular insufficiency and necrosis","Vasc","N",4201
"1183263",78,1,"Conjunctivitis","Eye and eyelid infections","Infections - pathogen unspecified","Infec","N",4201
"1183264",79,1,"Hepatic function abnormal","Hepatic enzymes and function abnormalities","Hepatic and hepatobiliary disorders","Hepat","N",4201
"1183265",80,1,"Biliary cirrhosis primary","Hepatic fibrosis and cirrhosis","Hepatic and hepatobiliary disorders","Hepat","N",4201
"1183266",81,1,"Granuloma","Inflammations","General system disorders NEC","Genrl","N",4201
"1183267",82,1,"Fluid retention","Total fluid volume increased","Electrolyte and fluid balance conditions","Metab","N",4201
"1183268",83,1,"Acute kidney injury","Renal failure and impairment","Renal disorders (excl nephropathies)","Renal","N",4201
"1183269",83,2,"Cardiac failure congestive","Heart failures NEC","Heart failures","Card","N",4201
"1183270",83,3,"Fluid retention","Total fluid volume increased","Electrolyte and fluid balance conditions","Metab","N",4201
"1183271",84,1,"Dyspnoea","Breathing abnormalities","Respiratory disorders NEC","Resp","N",4201
"1183272",84,2,"Nausea","Nausea and vomiting symptoms","Gastrointestinal signs and symptoms","Gastr","N",4201
"1183273",84,3,"Pain","Pain and discomfort NEC","General system disorders NEC","Genrl","N",4201
"1183274",84,4,"Vomiting","Nausea and vomiting symptoms","Gastrointestinal signs and symptoms","Gastr","N",4201
"1183275",85,1,"Intermittent claudication","Peripheral vasoconstriction, necrosis and vascular insufficiency","Arteriosclerosis, stenosis, vascular insufficiency and necrosis","Vasc","N",4201
"1183276",85,2,"Myalgia","Muscle pains","Muscle disorders","Musc","N",4201
"1183277",86,1,"Dermatitis allergic","Dermatitis and eczema","Epidermal and dermal conditions","Skin","N",4201
"1183278",86,2,"Erythema","Erythemas","Epidermal and dermal conditions","Skin","N",4201
"1183279",86,3,"Rash","Rashes, eruptions and exanthems NEC","Epidermal and dermal conditions","Skin","N",4201
"1183280",86,4,"Swelling","General signs and symptoms NEC","General system disorders NEC","Genrl","N",4201
"1183281",87,1,"Blepharitis","Lid, lash and lacrimal infections, irritations and inflammations","Ocular infections, irritations and inflammations","Eye","N",4201
"1183282",87,2,"Dizziness","Neurological signs and symptoms NEC","Neurological disorders NEC","Nerv","N",4201
"1183283",87,3,"Dry mouth","Oral dryness and saliva altered","Salivary gland conditions","Gastr","N",4201
"1183284",87,4,"Tinnitus","Inner ear signs and symptoms","Inner ear and VIIIth cranial nerve disorders","Ear","N",4201
"1183285",87,5,"Tongue disorder","Tongue disorders","Tongue conditions","Gastr","N",4201
"1183286",88,1,"Fluid retention","Total fluid volume increased","Electrolyte and fluid balance conditions","Metab","N",4201
"1183287",88,2,"Pericardial effusion","Pericardial disorders NEC","Pericardial disorders","Card","N",4201
"1183288",89,1,"Muscle spasms","Muscle related signs and symptoms NEC","Muscle disorders","Musc","N",4201
"1183289",89,2,"Nocturia","Urinary tract signs and symptoms NEC","Urinary tract signs and symptoms","Renal","N",4201
"1183290",89,3,"Rhinitis","Upper respiratory tract infections","Infections - pathogen unspecified","Infec","N",4201
"1183291",90,1,"Arrhythmia","Rate and rhythm disorders NEC","Cardiac arrhythmias","Card","N",4201
"1183292",90,2,"Dizziness","Neurological signs and symptoms NEC","Neurological disorders NEC","Nerv","N",4201
"1183293",90,3,"Palpitations","Cardiac signs and symptoms NEC","Cardiac disorder signs and symptoms","Card","N",4201
"1183294",91,1,"Breast abscess","Breast infections","Infections - pathogen unspecified","Infec","N",4201
"1183295",91,2,"Cardiac failure","Heart failures NEC","Heart failures","Card","N",4201
"1183296",91,3,"Hypertrichosis","Hypertrichoses","Skin appendage conditions","Skin","N",4201
"1183297",91,4,"Hypotension","Vascular hypotensive disorders","Decreased and nonspecific blood pressure disorders and shock","Vasc","N",4201
"1183298",91,5,"Jaundice neonatal","Neonatal hepatobiliary disorders","Neonatal and perinatal conditions","Preg","N",4201
"1183299",91,6,"Multiple congenital abnormalities","Congenital disorders NEC","Congenital and hereditary disorders NEC","Cong","N",4201
"1183300",92,1,"Antinuclear antibody positive","Autoimmunity analyses","Immunology and allergy investigations","Inv","N",4201
"1183301",92,2,"Pericardial effusion","Pericardial disorders NEC","Pericardial disorders","Card","N",4201
"1183302",92,3,"Pleural effusion","Pneumothorax and pleural effusions NEC","Pleural disorders","Resp","N",4201
"1183303",92,4,"Systemic lupus erythematosus","Lupus erythematosus (incl subtypes)","Connective tissue disorders (excl congenital)","Musc","N",4201
"1183304",93,1,"Cardiac failure","Heart failures NEC","Heart failures","Card","N",4201
"1183305",94,1,"Generalised tonic-clonic seizure","Generalised tonic-clonic seizures","Seizures (incl subtypes)","Nerv","N",4201
"1183306",95,1,"Drug interaction","Interactions","Therapeutic and nontherapeutic effects (excl toxicity)","Genrl","N",4201
"1183307",95,2,"Photosensitivity reaction","Photosensitivity and photodermatosis conditions","Epidermal and dermal conditions","Skin","N",4201
"1183308",95,3,"Vitiligo","Hypopigmentation disorders","Pigmentation disorders","Skin","N",4201
"1183309",96,1,"Palpitations","Cardiac signs and symptoms NEC","Cardiac disorder signs and symptoms","Card","N",4201
"1183310",97,1,"Erectile dysfunction","Erection and ejaculation conditions and disorders","Sexual function and fertility disorders","Repro","N",4201
"1183311",98,1,"Malignant melanoma","Skin melanomas (excl ocular)","Skin neoplasms malignant and unspecified","Neopl","N",4201
"1183312",99,1,"Alopecia","Alopecias","Skin appendage conditions","Skin","N",4201
"1183313",100,1,"Prostate cancer","Prostatic neoplasms malignant","Reproductive neoplasms male malignant and unspecified","Neopl","N",4201
"1183314",101,1,"Abortion missed","Abortions not specified as induced or spontaneous","Abortions and stillbirth","Preg","N",4201
"1183315",102,1,"Dermatitis contact","Dermatitis and eczema","Epidermal and dermal conditions","Skin","N",4201
"1183316",102,2,"Skin exfoliation","Exfoliative conditions","Epidermal and dermal conditions","Skin","N",4201
"1183317",103,1,"Chest pain","Pain and discomfort NEC","General system disorders NEC","Genrl","N",4201
"1183318",103,2,"Palpitations","Cardiac signs and symptoms NEC","Cardiac disorder signs and symptoms","Card","N",4201
"1183319",104,1,"Dermatitis","Dermatitis and eczema","Epidermal and dermal conditions","Skin","N",4201
"1183320",104,2,"Rash","Rashes, eruptions and exanthems NEC","Epidermal and dermal conditions","Skin","N",4201
"1183321",105,1,"Rash maculo-papular","Rashes, eruptions and exanthems NEC","Epidermal and dermal conditions","Skin","N",4201
"1183322",106,1,"Dermatitis contact","Dermatitis and eczema","Epidermal and dermal conditions","Skin","N",4201
"1183323",107,1,"Hypersensitivity","Allergic conditions NEC","Allergic conditions","Immun","N",4201
"1183324",108,1,"Rash erythematous","Rashes, eruptions and exanthems NEC","Epidermal and dermal conditions","Skin","N",4201
"1183325",109,1,"Dermatitis contact","Dermatitis and eczema","Epidermal and dermal conditions","Skin","N",4201
"1183326",110,1,"Dermatitis","Dermatitis and eczema","Epidermal and dermal conditions","Skin","N",4201
"1183327",111,1,"Abdominal pain","Gastrointestinal and abdominal pains (excl oral and throat)","Gastrointestinal signs and symptoms","Gastr","N",4201
"1183328",111,2,"Chest pain","Pain and discomfort NEC","General system disorders NEC","Genrl","N",4201
"1183329",111,3,"Headache","Headaches NEC","Headaches","Nerv","N",4201
"1183330",112,1,"Dermatitis","Dermatitis and eczema","Epidermal and dermal conditions","Skin","N",4201
"1183331",113,1,"Skin exfoliation","Exfoliative conditions","Epidermal and dermal conditions","Skin","N",4201
"1183332",114,1,"Spermatogenesis abnormal","Spermatogenesis and semen disorders","Sexual function and fertility disorders","Repro","N",4201
"1183333",115,1,"Hypersensitivity","Allergic conditions NEC","Allergic conditions","Immun","N",4201
"1183334",116,1,"Pruritus","Pruritus NEC","Epidermal and dermal conditions","Skin","N",4201
"1183335",116,2,"Skin exfoliation","Exfoliative conditions","Epidermal and dermal conditions","Skin","N",4201
"1183336",117,1,"Dizziness","Neurological signs and symptoms NEC","Neurological disorders NEC","Nerv","N",4201
"1183337",117,2,"Headache","Headaches NEC","Headaches","Nerv","N",4201
"1183338",117,3,"Palpitations","Cardiac signs and symptoms NEC","Cardiac disorder signs and symptoms","Card","N",4201
"1183339",118,1,"Photosensitivity reaction","Photosensitivity and photodermatosis conditions","Epidermal and dermal conditions","Skin","N",4201
"1183340",119,1,"Myalgia","Muscle pains","Muscle disorders","Musc","N",4201
"1183341",120,1,"Angina pectoris","Ischaemic coronary artery disorders","Coronary artery disorders","Card","N",4201
"1183342",121,1,"Rash erythematous","Rashes, eruptions and exanthems NEC","Epidermal and dermal conditions","Skin","N",4201
"1183343",122,1,"Dermatitis","Dermatitis and eczema","Epidermal and dermal conditions","Skin","N",4201
"1183344",123,1,"Application site reaction","Application and instillation site reactions","Administration site reactions","Genrl","N",4201
"1183345",124,1,"Bradycardia","Rate and rhythm disorders NEC","Cardiac arrhythmias","Card","N",4201
"1183346",125,1,"Face oedema","Oedema NEC","General system disorders NEC","Genrl","N",4201
"1183347",125,2,"Periorbital oedema","Ocular disorders NEC","Eye disorders NEC","Eye","N",4201
"1183348",126,1,"Dermatitis","Dermatitis and eczema","Epidermal and dermal conditions","Skin","N",4201
"1183349",127,1,"Tinnitus","Inner ear signs and symptoms","Inner ear and VIIIth cranial nerve disorders","Ear","N",4201
"1183350",128,1,"Abdominal pain","Gastrointestinal and abdominal pains (excl oral and throat)","Gastrointestinal signs and symptoms","Gastr","N",4201
"1183351",128,2,"Dyspepsia","Dyspeptic signs and symptoms","Gastrointestinal signs and symptoms","Gastr","N",4201
"1183352",129,1,"Dizziness","Neurological signs and symptoms NEC","Neurological disorders NEC","Nerv","N",4201
"1183353",129,2,"Dizziness","Neurological signs and symptoms NEC","Neurological disorders NEC","Nerv","N",4201
"1183354",130,1,"Dyspnoea","Breathing abnormalities","Respiratory disorders NEC","Resp","N",4201
"1183355",130,2,"Periorbital oedema","Ocular disorders NEC","Eye disorders NEC","Eye","N",4201
"1183356",131,1,"Chest pain","Pain and discomfort NEC","General system disorders NEC","Genrl","N",4201
"1183357",131,2,"Constipation","Gastrointestinal atonic and hypomotility disorders NEC","Gastrointestinal motility and defaecation conditions","Gastr","N",4201
"1183358",131,3,"Palpitations","Cardiac signs and symptoms NEC","Cardiac disorder signs and symptoms","Card","N",4201
"1183359",131,4,"Paraesthesia","Paraesthesias and dysaesthesias","Neurological disorders NEC","Nerv","N",4201
"1183360",131,5,"Tinnitus","Inner ear signs and symptoms","Inner ear and VIIIth cranial nerve disorders","Ear","N",4201
"1183361",132,1,"Aggression","Behaviour and socialisation disturbances","Personality disorders and disturbances in behaviour","Psych","N",4201
"1183362",132,2,"Fatigue","Asthenic conditions","General system disorders NEC","Genrl","N",4201
"1183363",132,3,"Irritability","Emotional and mood disturbances NEC","Mood disorders and disturbances NEC","Psych","N",4201
"1183364",133,1,"Circulatory collapse","Circulatory collapse and shock","Decreased and nonspecific blood pressure disorders and shock","Vasc","N",4201
"1183365",133,2,"Hypotension","Vascular hypotensive disorders","Decreased and nonspecific blood pressure disorders and shock","Vasc","N",4201
"1183366",133,3,"Presyncope","Neurological signs and symptoms NEC","Neurological disorders NEC","Nerv","N",4201
"1183367",134,1,"Myalgia","Muscle pains","Muscle disorders","Musc","N",4201
"1183368",135,1,"Dermatitis","Dermatitis and eczema","Epidermal and dermal conditions","Skin","N",4201
"1183369",136,1,"Chest pain","Pain and discomfort NEC","General system disorders NEC","Genrl","N",4201
"1183370",137,1,"Drug ineffective","Therapeutic and nontherapeutic responses","Therapeutic and nontherapeutic effects (excl toxicity)","Genrl","N",4201
"1183371",138,1,"Eczema","Dermatitis and eczema","Epidermal and dermal conditions","Skin","N",4201
"1183372",139,1,"Dermatitis","Dermatitis and eczema","Epidermal and dermal conditions","Skin","N",4201
"1183373",140,1,"Fatigue","Asthenic conditions","General system disorders NEC","Genrl","N",4201
"1183374",140,2,"Hair texture abnormal","Pilar disorders NEC","Skin appendage conditions","Skin","N",4201
"1183375",140,3,"Libido decreased","Sexual desire disorders","Sexual dysfunctions, disturbances and gender identity disorders","Psych","N",4201
"1183376",140,4,"Pruritus","Pruritus NEC","Epidermal and dermal conditions","Skin","N",4201
"1183377",141,1,"Dermatitis","Dermatitis and eczema","Epidermal and dermal conditions","Skin","N",4201
"1183378",141,2,"Seborrhoea","Sebaceous gland disorders","Skin appendage conditions","Skin","N",4201
"1183379",142,1,"Headache","Headaches NEC","Headaches","Nerv","N",4201
"1183380",142,2,"Hypoaesthesia","Paraesthesias and dysaesthesias","Neurological disorders NEC","Nerv","N",4201
"1183381",143,1,"Anxiety","Anxiety symptoms","Anxiety disorders and symptoms","Psych","N",4201
"1183382",143,2,"Palpitations","Cardiac signs and symptoms NEC","Cardiac disorder signs and symptoms","Card","N",4201
"1183383",143,3,"Paraesthesia","Paraesthesias and dysaesthesias","Neurological disorders NEC","Nerv","N",4201
"1183384",143,4,"Tachycardia","Rate and rhythm disorders NEC","Cardiac arrhythmias","Card","N",4201
"1183385",144,1,"Weight increased","Physical examination procedures and organ system status","Physical examination and organ system status topics","Inv","N",4201
"1183386",145,1,"Vasodilatation","Non-site specific vascular disorders NEC","Vascular disorders NEC","Vasc","N",4201
"1183387",146,1,"Dermatitis contact","Dermatitis and eczema","Epidermal and dermal conditions","Skin","N",4201
"1183388",146,2,"Eczema","Dermatitis and eczema","Epidermal and dermal conditions","Skin","N",4201
"1183389",147,1,"Tinnitus","Inner ear signs and symptoms","Inner ear and VIIIth cranial nerve disorders","Ear","N",4201
"1183390",148,1,"Erectile dysfunction","Erection and ejaculation conditions and disorders","Sexual function and fertility disorders","Repro","N",4201
"1183391",149,1,"Palpitations","Cardiac signs and symptoms NEC","Cardiac disorder signs and symptoms","Card","N",4201
"1183392",150,1,"Dermatitis","Dermatitis and eczema","Epidermal and dermal conditions","Skin","N",4201
"1183393",151,1,"Chest pain","Pain and discomfort NEC","General system disorders NEC","Genrl","N",4201
"1183394",151,2,"Dizziness","Neurological signs and symptoms NEC","Neurological disorders NEC","Nerv","N",4201
"1183395",152,1,"Dermatitis contact","Dermatitis and eczema","Epidermal and dermal conditions","Skin","N",4201
"1183396",152,2,"Oedema","Oedema NEC","General system disorders NEC","Genrl","N",4201
"1183397",153,1,"Hypersensitivity","Allergic conditions NEC","Allergic conditions","Immun","N",4201
"1183398",154,1,"Pruritus","Pruritus NEC","Epidermal and dermal conditions","Skin","N",4201
"1183399",154,2,"Rash erythematous","Rashes, eruptions and exanthems NEC","Epidermal and dermal conditions","Skin","N",4201
"1183400",155,1,"Alopecia","Alopecias","Skin appendage conditions","Skin","N",4201
"1183401",156,1,"Melaena","Non-site specific gastrointestinal haemorrhages","Gastrointestinal haemorrhages NEC","Gastr","N",4201
"1183402",157,1,"Weight increased","Physical examination procedures and organ system status","Physical examination and organ system status topics","Inv","N",4201
"1183403",158,1,"Application site reaction","Application and instillation site reactions","Administration site reactions","Genrl","N",4201
"1183404",159,1,"Pruritus","Pruritus NEC","Epidermal and dermal conditions","Skin","N",4201
"1183405",160,1,"Oedema","Oedema NEC","General system disorders NEC","Genrl","N",4201
"1183406",161,1,"Spermatogenesis abnormal","Spermatogenesis and semen disorders","Sexual function and fertility disorders","Repro","N",4201
"1183407",162,1,"Seborrhoea","Sebaceous gland disorders","Skin appendage conditions","Skin","N",4201
"1183408",163,1,"Arthralgia","Joint related signs and symptoms","Joint disorders","Musc","N",4201
"1183409",164,1,"Nervousness","Anxiety symptoms","Anxiety disorders and symptoms","Psych","N",4201
"1183410",164,2,"Palpitations","Cardiac signs and symptoms NEC","Cardiac disorder signs and symptoms","Card","N",4201
"1183411",165,1,"Dizziness","Neurological signs and symptoms NEC","Neurological disorders NEC","Nerv","N",4201
"1183412",166,1,"Chest pain","Pain and discomfort NEC","General system disorders NEC","Genrl","N",4201
"1183413",167,1,"Dizziness","Neurological signs and symptoms NEC","Neurological disorders NEC","Nerv","N",4201
"1183414",168,1,"Eczema","Dermatitis and eczema","Epidermal and dermal conditions","Skin","N",4201
"1183415",169,1,"Retinal detachment","Retinal structural change, deposit and degeneration","Ocular structural change, deposit and degeneration NEC","Eye","N",4201
"1183416",170,1,"Decreased appetite","Appetite disorders","Appetite and general nutritional disorders","Metab","N",4201
"1183417",170,2,"Dizziness","Neurological signs and symptoms NEC","Neurological disorders NEC","Nerv","N",4201
"1183418",170,3,"Paraesthesia","Paraesthesias and dysaesthesias","Neurological disorders NEC","Nerv","N",4201
"1183419",171,1,"Vertigo","Inner ear signs and symptoms","Inner ear and VIIIth cranial nerve disorders","Ear","N",4201
"1183420",172,1,"Dermatitis","Dermatitis and eczema","Epidermal and dermal conditions","Skin","N",4201
"1183421",173,1,"Hepatic function abnormal","Hepatic enzymes and function abnormalities","Hepatic and hepatobiliary disorders","Hepat","N",4201
"1183422",174,1,"Application site reaction","Application and instillation site reactions","Administration site reactions","Genrl","N",4201
"1183423",175,1,"Myocardial infarction","Ischaemic coronary artery disorders","Coronary artery disorders","Card","Y",4201
"1183424",176,1,"Paraesthesia","Paraesthesias and dysaesthesias","Neurological disorders NEC","Nerv","N",4201
"1183425",177,1,"Breath odour","Gastrointestinal signs and symptoms NEC","Gastrointestinal signs and symptoms","Gastr","N",4201
"1183426",178,1,"Erectile dysfunction","Erection and ejaculation conditions and disorders","Sexual function and fertility disorders","Repro","N",4201
"1183427",179,1,"Palpitations","Cardiac signs and symptoms NEC","Cardiac disorder signs and symptoms","Card","N",4201
"1183428",180,1,"Weight increased","Physical examination procedures and organ system status","Physical examination and organ system status topics","Inv","N",4201
"1183429",181,1,"Pruritus","Pruritus NEC","Epidermal and dermal conditions","Skin","N",4201
"1183430",181,2,"Skin exfoliation","Exfoliative conditions","Epidermal and dermal conditions","Skin","N",4201
"1183431",182,1,"Confusional state","Confusion and disorientation","Deliria (incl confusion)","Psych","N",4201
"1183432",182,2,"Hypotension","Vascular hypotensive disorders","Decreased and nonspecific blood pressure disorders and shock","Vasc","N",4201
"1183433",183,1,"Conjunctivitis","Eye and eyelid infections","Infections - pathogen unspecified","Infec","N",4201
"1183434",183,2,"Face oedema","Oedema NEC","General system disorders NEC","Genrl","N",4201
"1183435",183,3,"Paraesthesia","Paraesthesias and dysaesthesias","Neurological disorders NEC","Nerv","N",4201
"1183436",183,4,"Pruritus","Pruritus NEC","Epidermal and dermal conditions","Skin","N",4201
"1183437",184,1,"Confusional state","Confusion and disorientation","Deliria (incl confusion)","Psych","N",4201
"1183438",184,2,"Hypotension","Vascular hypotensive disorders","Decreased and nonspecific blood pressure disorders and shock","Vasc","N",4201
"1183439",184,3,"Renal impairment","Renal failure and impairment","Renal disorders (excl nephropathies)","Renal","N",4201
"1183440",184,4,"Urinary incontinence","Bladder and urethral symptoms","Urinary tract signs and symptoms","Renal","N",4201
"1183441",185,1,"Drug ineffective","Therapeutic and nontherapeutic responses","Therapeutic and nontherapeutic effects (excl toxicity)","Genrl","N",4201
"1183442",186,1,"Abdominal pain","Gastrointestinal and abdominal pains (excl oral and throat)","Gastrointestinal signs and symptoms","Gastr","N",4201
"1183443",186,2,"Eructation","Dyspeptic signs and symptoms","Gastrointestinal signs and symptoms","Gastr","N",4201
"1183444",187,1,"Libido decreased","Sexual desire disorders","Sexual dysfunctions, disturbances and gender identity disorders","Psych","N",4201
"1183445",188,1,"Dermatitis","Dermatitis and eczema","Epidermal and dermal conditions","Skin","N",4201
"1183446",189,1,"Face oedema","Oedema NEC","General system disorders NEC","Genrl","N",4201
"1183447",189,2,"Pruritus","Pruritus NEC","Epidermal and dermal conditions","Skin","N",4201
"1183448",190,1,"Periorbital oedema","Ocular disorders NEC","Eye disorders NEC","Eye","N",4201
"1183449",191,1,"Arthralgia","Joint related signs and symptoms","Joint disorders","Musc","N",4201
"1183450",191,2,"Oedema peripheral","Oedema NEC","General system disorders NEC","Genrl","N",4201
"1183451",192,1,"Chest pain","Pain and discomfort NEC","General system disorders NEC","Genrl","N",4201
"1183452",192,2,"Rash","Rashes, eruptions and exanthems NEC","Epidermal and dermal conditions","Skin","N",4201
"1183453",193,1,"Dermatitis contact","Dermatitis and eczema","Epidermal and dermal conditions","Skin","N",4201
"1183454",194,1,"Rash","Rashes, eruptions and exanthems NEC","Epidermal and dermal conditions","Skin","N",4201
"1183455",195,1,"Depression","Depressive disorders","Depressed mood disorders and disturbances","Psych","N",4201
"1183456",196,1,"Dermatitis","Dermatitis and eczema","Epidermal and dermal conditions","Skin","N",4201
"1183457",196,2,"Seborrhoea","Sebaceous gland disorders","Skin appendage conditions","Skin","N",4201
"1183458",197,1,"Abdominal pain","Gastrointestinal and abdominal pains (excl oral and throat)","Gastrointestinal signs and symptoms","Gastr","N",4201
"1183459",197,2,"Decreased appetite","Appetite disorders","Appetite and general nutritional disorders","Metab","N",4201
"1183460",197,3,"Dysgeusia","Sensory abnormalities NEC","Neurological disorders NEC","Nerv","N",4201
"1183461",197,4,"Flatulence","Flatulence, bloating and distension","Gastrointestinal signs and symptoms","Gastr","N",4201
"1183462",197,5,"Hair texture abnormal","Pilar disorders NEC","Skin appendage conditions","Skin","N",4201
"1183463",197,6,"Hirsutism","Hypertrichoses","Skin appendage conditions","Skin","N",4201
"1183464",197,7,"Saliva altered","Oral dryness and saliva altered","Salivary gland conditions","Gastr","N",4201
"1183465",197,8,"Weight increased","Physical examination procedures and organ system status","Physical examination and organ system status topics","Inv","N",4201
"1183466",198,1,"Chest pain","Pain and discomfort NEC","General system disorders NEC","Genrl","N",4201
"1183467",199,1,"Malignant melanoma","Skin melanomas (excl ocular)","Skin neoplasms malignant and unspecified","Neopl","N",4201
"1183468",200,1,"Palpitations","Cardiac signs and symptoms NEC","Cardiac disorder signs and symptoms","Card","N",4201
"1183469",201,1,"Neuropathy peripheral","Peripheral neuropathies NEC","Peripheral neuropathies","Nerv","N",4201
"1183470",202,1,"Hepatic function abnormal","Hepatic enzymes and function abnormalities","Hepatic and hepatobiliary disorders","Hepat","N",4201
"1183471",202,2,"Nausea","Nausea and vomiting symptoms","Gastrointestinal signs and symptoms","Gastr","N",4201
"1183472",203,1,"Arthralgia","Joint related signs and symptoms","Joint disorders","Musc","N",4201
"1183473",203,2,"Hyperhidrosis","Apocrine and eccrine gland disorders","Skin appendage conditions","Skin","N",4201
"1183474",203,3,"Hypoaesthesia","Paraesthesias and dysaesthesias","Neurological disorders NEC","Nerv","N",4201
"1183475",204,1,"Cough","Coughing and associated symptoms","Respiratory disorders NEC","Resp","N",4201
"1183476",204,2,"Dysphonia","Upper respiratory tract signs and symptoms","Respiratory tract signs and symptoms","Resp","N",4201
"1183477",205,1,"Hepatic function abnormal","Hepatic enzymes and function abnormalities","Hepatic and hepatobiliary disorders","Hepat","N",4201
"1183478",205,2,"Nausea","Nausea and vomiting symptoms","Gastrointestinal signs and symptoms","Gastr","N",4201
"1183479",206,1,"Dizziness","Neurological signs and symptoms NEC","Neurological disorders NEC","Nerv","N",4201
"1183480",206,2,"Feeling abnormal","Feelings and sensations NEC","General system disorders NEC","Genrl","N",4201
"1183481",206,3,"Palpitations","Cardiac signs and symptoms NEC","Cardiac disorder signs and symptoms","Card","N",4201
"1183482",207,1,"Pruritus","Pruritus NEC","Epidermal and dermal conditions","Skin","N",4201
"1183483",207,2,"Rash maculo-papular","Rashes, eruptions and exanthems NEC","Epidermal and dermal conditions","Skin","N",4201
"1183484",208,1,"Chest pain","Pain and discomfort NEC","General system disorders NEC","Genrl","N",4201
"1183485",209,1,"Dermatitis","Dermatitis and eczema","Epidermal and dermal conditions","Skin","N",4201
"1183486",210,1,"Dizziness","Neurological signs and symptoms NEC","Neurological disorders NEC","Nerv","N",4201
"1183487",210,2,"Nausea","Nausea and vomiting symptoms","Gastrointestinal signs and symptoms","Gastr","N",4201
"1183488",211,1,"Application site reaction","Application and instillation site reactions","Administration site reactions","Genrl","N",4201
"1183489",211,2,"Eczema","Dermatitis and eczema","Epidermal and dermal conditions","Skin","N",4201
"1183490",212,1,"Gynaecomastia","Breast disorders NEC","Breast disorders","Repro","N",4201
"1183491",213,1,"Angina pectoris","Ischaemic coronary artery disorders","Coronary artery disorders","Card","N",4201
"1183492",214,1,"Erectile dysfunction","Erection and ejaculation conditions and disorders","Sexual function and fertility disorders","Repro","N",4201
"1183493",215,1,"Peripheral swelling","General signs and symptoms NEC","General system disorders NEC","Genrl","N",4201
"1183494",215,2,"Swelling","General signs and symptoms NEC","General system disorders NEC","Genrl","N",4201
"1183495",216,1,"Nasal congestion","Nasal congestion and inflammations","Upper respiratory tract disorders (excl infections)","Resp","N",4201
"1183496",217,1,"Headache","Headaches NEC","Headaches","Nerv","N",4201
"1183497",218,1,"Breast tenderness","Breast signs and symptoms","Breast disorders","Repro","N",4201
"1183498",218,2,"Peripheral swelling","General signs and symptoms NEC","General system disorders NEC","Genrl","N",4201
"1183499",219,1,"Skin disorder","Dermal and epidermal conditions NEC","Epidermal and dermal conditions","Skin","N",4201
"1183500",219,2,"Skin hypertrophy","Skin hyperplasias and hypertrophies","Cornification and dystrophic skin disorders","Skin","N",4201
"1183501",220,1,"Ascites","Peritoneal and retroperitoneal disorders","Peritoneal and retroperitoneal conditions","Gastr","N",4201
"1183502",220,2,"Mitral valve incompetence","Mitral valvular disorders","Cardiac valve disorders","Card","N",4201
"1183503",220,3,"Right ventricular failure","Right ventricular failures","Heart failures","Card","N",4201
"1183504",221,1,"Tachycardia paroxysmal","Rate and rhythm disorders NEC","Cardiac arrhythmias","Card","N",4201
"1183505",222,1,"Lichenoid keratosis","Hyperkeratoses","Cornification and dystrophic skin disorders","Skin","N",4201
"1183506",223,1,"Aplastic anaemia","Marrow depression and hypoplastic anaemias","Anaemias nonhaemolytic and marrow depression","Blood","Y",4201
"1183507",223,2,"Stevens-Johnson syndrome","Bullous conditions","Epidermal and dermal conditions","Skin","N",4201
"1183508",224,1,"Left ventricular failure","Left ventricular failures","Heart failures","Card","N",4201
"1183509",225,1,"Diabetes insipidus","Posterior pituitary disorders","Hypothalamus and pituitary gland disorders","Endo","N",4201
"1183510",225,2,"Dizziness","Neurological signs and symptoms NEC","Neurological disorders NEC","Nerv","N",4201
"1183511",225,3,"Fluid retention","Total fluid volume increased","Electrolyte and fluid balance conditions","Metab","N",4201
"1183512",225,4,"Headache","Headaches NEC","Headaches","Nerv","N",4201
"1183513",225,5,"Muscle twitching","Muscle related signs and symptoms NEC","Muscle disorders","Musc","N",4201
"1183514",225,6,"Nausea","Nausea and vomiting symptoms","Gastrointestinal signs and symptoms","Gastr","N",4201
"1183515",225,7,"Oedema","Oedema NEC","General system disorders NEC","Genrl","N",4201
"1183516",225,8,"Thirst","Feelings and sensations NEC","General system disorders NEC","Genrl","N",4201
"1183517",225,9,"Vertigo","Inner ear signs and symptoms","Inner ear and VIIIth cranial nerve disorders","Ear","N",4201
"1183518",225,10,"Vomiting","Nausea and vomiting symptoms","Gastrointestinal signs and symptoms","Gastr","N",4201
"1183519",226,1,"Decreased appetite","Appetite disorders","Appetite and general nutritional disorders","Metab","N",4201
"1183520",226,2,"Fatigue","Asthenic conditions","General system disorders NEC","Genrl","N",4201
"1183521",226,3,"Myalgia","Muscle pains","Muscle disorders","Musc","N",4201
"1183522",226,4,"Weight decreased","Physical examination procedures and organ system status","Physical examination and organ system status topics","Inv","N",4201
"1183523",227,1,"Eye pain","Ocular disorders NEC","Eye disorders NEC","Eye","N",4201
"1183524",227,2,"Oedema peripheral","Oedema NEC","General system disorders NEC","Genrl","N",4201
"1183525",228,1,"Photosensitivity reaction","Photosensitivity and photodermatosis conditions","Epidermal and dermal conditions","Skin","N",4201
"1183526",229,1,"Erectile dysfunction","Erection and ejaculation conditions and disorders","Sexual function and fertility disorders","Repro","N",4201
"1183527",230,1,"Conjunctivitis","Eye and eyelid infections","Infections - pathogen unspecified","Infec","N",4201
"1183528",230,2,"Dry eye","Lacrimation disorders","Eye disorders NEC","Eye","N",4201
"1183529",231,1,"Breast tenderness","Breast signs and symptoms","Breast disorders","Repro","N",4201
"1183530",231,2,"Musculoskeletal pain","Musculoskeletal and connective tissue pain and discomfort","Musculoskeletal and connective tissue disorders NEC","Musc","N",4201
"1183531",232,1,"Oedema peripheral","Oedema NEC","General system disorders NEC","Genrl","N",4201
"1183532",233,1,"Hypotension","Vascular hypotensive disorders","Decreased and nonspecific blood pressure disorders and shock","Vasc","N",4201
"1183533",233,2,"Tachycardia","Rate and rhythm disorders NEC","Cardiac arrhythmias","Card","N",4201
"1183534",233,3,"Vision blurred","Visual disorders NEC","Vision disorders","Eye","N",4201
"1183535",234,1,"Rhinophyma","Rosaceas","Skin appendage conditions","Skin","N",4201
"1183536",235,1,"Rash","Rashes, eruptions and exanthems NEC","Epidermal and dermal conditions","Skin","N",4201
"1183537",236,1,"Hirsutism","Hypertrichoses","Skin appendage conditions","Skin","N",4201
"1183538",237,1,"Blepharitis","Lid, lash and lacrimal infections, irritations and inflammations","Ocular infections, irritations and inflammations","Eye","N",4201
"1183539",238,1,"Pericardial effusion","Pericardial disorders NEC","Pericardial disorders","Card","N",4201
"1183540",239,1,"Arrhythmia","Rate and rhythm disorders NEC","Cardiac arrhythmias","Card","N",4201
"1183541",240,1,"Excessive cerumen production","External ear disorders NEC","External ear disorders (excl congenital)","Ear","N",4201
"1183542",241,1,"Condition aggravated","General signs and symptoms NEC","General system disorders NEC","Genrl","N",4201
"1183543",241,2,"Discomfort","Pain and discomfort NEC","General system disorders NEC","Genrl","N",4201
"1183544",241,3,"Ear swelling","Ear disorders NEC","Aural disorders NEC","Ear","N",4201
"1183545",241,4,"Erythema","Erythemas","Epidermal and dermal conditions","Skin","N",4201
"1183546",241,5,"Eye swelling","Ocular disorders NEC","Eye disorders NEC","Eye","N",4201
"1183547",241,6,"Hypersensitivity","Allergic conditions NEC","Allergic conditions","Immun","N",4201
"1183548",241,7,"Pruritus","Pruritus NEC","Epidermal and dermal conditions","Skin","N",4201
"1183549",241,8,"Rash generalised","Rashes, eruptions and exanthems NEC","Epidermal and dermal conditions","Skin","N",4201
"1183550",241,9,"Skin disorder","Dermal and epidermal conditions NEC","Epidermal and dermal conditions","Skin","N",4201
"1183551",241,10,"Swelling","General signs and symptoms NEC","General system disorders NEC","Genrl","N",4201
"1183552",242,1,"Hepatic infection","Hepatobiliary and spleen infections","Infections - pathogen unspecified","Infec","N",4201
"1183553",243,1,"Chest pain","Pain and discomfort NEC","General system disorders NEC","Genrl","N",4201
"1183554",243,2,"Dyspnoea","Breathing abnormalities","Respiratory disorders NEC","Resp","N",4201
"1183555",244,1,"Rash generalised","Rashes, eruptions and exanthems NEC","Epidermal and dermal conditions","Skin","N",4201
"1183556",244,2,"Urticaria","Urticarias","Angioedema and urticaria","Skin","N",4201
"1183557",245,1,"Renal impairment","Renal failure and impairment","Renal disorders (excl nephropathies)","Renal","N",4201
"1183558",245,2,"Urine output decreased","Urinary tract function analyses NEC","Renal and urinary tract investigations and urinalyses","Inv","N",4201
"1183559",246,1,"Application site reaction","Application and instillation site reactions","Administration site reactions","Genrl","N",4201
"1183560",246,2,"Dermatitis","Dermatitis and eczema","Epidermal and dermal conditions","Skin","N",4201
"1183561",246,3,"Hypersensitivity","Allergic conditions NEC","Allergic conditions","Immun","N",4201
"1183562",246,4,"Hypersensitivity","Allergic conditions NEC","Allergic conditions","Immun","N",4201
"1183563",246,5,"Product counterfeit","Counterfeit, falsified and substandard products","Product quality, supply, distribution, manufacturing and quality system issues","Prod","N",4201
"1183564",246,6,"Rash","Rashes, eruptions and exanthems NEC","Epidermal and dermal conditions","Skin","N",4201
"1183565",246,7,"Skin disorder","Dermal and epidermal conditions NEC","Epidermal and dermal conditions","Skin","N",4201
"1183566",247,1,"Breast cancer","Breast and nipple neoplasms malignant","Breast neoplasms malignant and unspecified (incl nipple)","Neopl","N",4201
"1183567",248,1,"Arthralgia","Joint related signs and symptoms","Joint disorders","Musc","N",4201
"1183568",248,2,"Joint swelling","Joint related signs and symptoms","Joint disorders","Musc","N",4201
"1183569",248,3,"Myalgia","Muscle pains","Muscle disorders","Musc","N",4201
"1183570",248,4,"Pain in extremity","Musculoskeletal and connective tissue pain and discomfort","Musculoskeletal and connective tissue disorders NEC","Musc","N",4201
"1183571",248,5,"Pain in extremity","Musculoskeletal and connective tissue pain and discomfort","Musculoskeletal and connective tissue disorders NEC","Musc","N",4201
"1183572",248,6,"Paraesthesia","Paraesthesias and dysaesthesias","Neurological disorders NEC","Nerv","N",4201
"1183573",248,7,"Peripheral swelling","General signs and symptoms NEC","General system disorders NEC","Genrl","N",4201
"1183574",248,8,"Peripheral swelling","General signs and symptoms NEC","General system disorders NEC","Genrl","N",4201
"1183575",249,1,"Condition aggravated","General signs and symptoms NEC","General system disorders NEC","Genrl","N",4201
"1183576",249,2,"Depression","Depressive disorders","Depressed mood disorders and disturbances","Psych","N",4201
"1183577",249,3,"Discomfort","Pain and discomfort NEC","General system disorders NEC","Genrl","N",4201
"1183578",249,4,"Dysuria","Bladder and urethral symptoms","Urinary tract signs and symptoms","Renal","N",4201
"1183579",249,5,"Eating disorder","Eating disorders NEC","Eating disorders and disturbances","Psych","N",4201
"1183580",249,6,"Emotional distress","Emotional and mood disturbances NEC","Mood disorders and disturbances NEC","Psych","N",4201
"1183581",249,7,"Erectile dysfunction","Erection and ejaculation conditions and disorders","Sexual function and fertility disorders","Repro","N",4201
"1183582",249,8,"Groin pain","Soft tissue disorders NEC","Musculoskeletal and connective tissue disorders NEC","Musc","N",4201
"1183583",249,9,"Hair disorder","Pilar disorders NEC","Skin appendage conditions","Skin","N",4201
"1183584",249,10,"Impaired work ability","Disability issues","Lifestyle issues","SocCi","N",4201
"1183585",249,11,"Insomnia","Disturbances in initiating and maintaining sleep","Sleep disorders and disturbances","Psych","N",4201
"1183586",249,12,"Malaise","Asthenic conditions","General system disorders NEC","Genrl","N",4201
"1183587",249,13,"Palpitations","Cardiac signs and symptoms NEC","Cardiac disorder signs and symptoms","Card","N",4201
"1183588",249,14,"Product quality issue","Product quality issues NEC","Product quality, supply, distribution, manufacturing and quality system issues","Prod","N",4201
"1183589",249,15,"Quality of life decreased","Investigations NEC","Investigations, imaging and histopathology procedures NEC","Inv","N",4201
"1183590",249,16,"Rash","Rashes, eruptions and exanthems NEC","Epidermal and dermal conditions","Skin","N",4201
"1183591",249,17,"Skin disorder","Dermal and epidermal conditions NEC","Epidermal and dermal conditions","Skin","N",4201
"1183592",249,18,"Stress","Anxiety symptoms","Anxiety disorders and symptoms","Psych","N",4201
"1183593",249,19,"Suicidal ideation","Suicidal and self-injurious behaviour","Suicidal and self-injurious behaviours NEC","Psych","N",4201
"1183594",249,20,"Weight decreased","Physical examination procedures and organ system status","Physical examination and organ system status topics","Inv","N",4201
"1183595",250,1,"Dizziness","Neurological signs and symptoms NEC","Neurological disorders NEC","Nerv","N",4201
"1183596",250,2,"Eczema","Dermatitis and eczema","Epidermal and dermal conditions","Skin","N",4201
"1183597",250,3,"Eye burns","Eye injuries NEC","Injuries NEC","Inj&P","N",4201
"1183598",250,4,"Hypersensitivity","Allergic conditions NEC","Allergic conditions","Immun","N",4201
"1183599",250,5,"Impaired work ability","Disability issues","Lifestyle issues","SocCi","N",4201
"1183600",250,6,"Pain","Pain and discomfort NEC","General system disorders NEC","Genrl","N",4201
"1183601",251,1,"Emotional distress","Emotional and mood disturbances NEC","Mood disorders and disturbances NEC","Psych","N",4201
"1183602",251,2,"Hirsutism","Hypertrichoses","Skin appendage conditions","Skin","N",4201
"1183603",251,3,"Hypertrichosis","Hypertrichoses","Skin appendage conditions","Skin","N",4201
"1183604",252,1,"Hypertrichosis","Hypertrichoses","Skin appendage conditions","Skin","N",4201
"1183605",253,1,"Blister","Bullous conditions","Epidermal and dermal conditions","Skin","N",4201
"1183606",253,2,"Drug ineffective","Therapeutic and nontherapeutic responses","Therapeutic and nontherapeutic effects (excl toxicity)","Genrl","N",4201
"1183607",253,3,"Skin irritation","Dermatitis and eczema","Epidermal and dermal conditions","Skin","N",4201
"1183608",254,1,"Abasia","Gait disturbances","General system disorders NEC","Genrl","N",4201
"1183609",254,2,"Arthralgia","Joint related signs and symptoms","Joint disorders","Musc","N",4201
"1183610",254,3,"Arthropathy","Arthropathies NEC","Joint disorders","Musc","N",4201
"1183611",254,4,"Emotional distress","Emotional and mood disturbances NEC","Mood disorders and disturbances NEC","Psych","N",4201
"1183612",254,5,"Growth retardation","Musculoskeletal and connective tissue signs and symptoms NEC","Musculoskeletal and connective tissue disorders NEC","Musc","N",4201
"1183613",254,6,"Heart rate increased","Heart rate and pulse investigations","Cardiac and vascular investigations (excl enzyme tests)","Inv","N",4201
"1183614",254,7,"Hyperhidrosis","Apocrine and eccrine gland disorders","Skin appendage conditions","Skin","N",4201
"1183615",254,8,"Insomnia","Disturbances in initiating and maintaining sleep","Sleep disorders and disturbances","Psych","N",4201
"1183616",254,9,"Malaise","Asthenic conditions","General system disorders NEC","Genrl","N",4201
"1183617",254,10,"Overdose","Overdoses NEC","Overdoses and underdoses NEC","Inj&P","N",4201
"1183618",254,11,"Stress","Anxiety symptoms","Anxiety disorders and symptoms","Psych","N",4201
"1183619",254,12,"Swelling","General signs and symptoms NEC","General system disorders NEC","Genrl","N",4201
"1183620",254,13,"Visual impairment","Visual disorders NEC","Vision disorders","Eye","N",4201
"1183621",255,1,"Ear swelling","Ear disorders NEC","Aural disorders NEC","Ear","N",4201
"1183622",255,2,"Eye swelling","Ocular disorders NEC","Eye disorders NEC","Eye","N",4201
"1183623",255,3,"Pruritus generalised","Pruritus NEC","Epidermal and dermal conditions","Skin","N",4201
"1183624",255,4,"Skin exfoliation","Exfoliative conditions","Epidermal and dermal conditions","Skin","N",4201
"1183625",255,5,"Swelling face","Angioedemas","Angioedema and urticaria","Skin","N",4201
"1183626",256,1,"Abdominal distension","Flatulence, bloating and distension","Gastrointestinal signs and symptoms","Gastr","N",4201
"1183627",256,2,"Abdominal pain","Gastrointestinal and abdominal pains (excl oral and throat)","Gastrointestinal signs and symptoms","Gastr","N",4201
"1183628",256,3,"Acne","Acnes","Skin appendage conditions","Skin","N",4201
"1183629",256,4,"Acrochordon","Skin neoplasms benign","Cutaneous neoplasms benign","Neopl","N",4201
"1183630",256,5,"Amenorrhoea","Menstruation with decreased bleeding","Menstrual cycle and uterine bleeding disorders","Repro","N",4201
"1183631",256,6,"Anxiety","Anxiety symptoms","Anxiety disorders and symptoms","Psych","N",4201
"1183632",256,7,"Arthralgia","Joint related signs and symptoms","Joint disorders","Musc","N",4201
"1183633",256,8,"Arthropathy","Arthropathies NEC","Joint disorders","Musc","N",4201
"1183634",256,9,"Blister","Bullous conditions","Epidermal and dermal conditions","Skin","N",4201
"1183635",256,10,"Bone disorder","Bone disorders NEC","Bone disorders (excl congenital and fractures)","Musc","N",4201
"1183636",256,11,"Bone pain","Bone related signs and symptoms","Bone disorders (excl congenital and fractures)","Musc","N",4201
"1183637",256,12,"Contusion","Skin injuries NEC","Injuries NEC","Inj&P","N",4201
"1183638",256,13,"Cough","Coughing and associated symptoms","Respiratory disorders NEC","Resp","N",4201
"1183639",256,14,"Depressed mood","Mood alterations with depressive symptoms","Depressed mood disorders and disturbances","Psych","N",4201
"1183640",256,15,"Depression","Depressive disorders","Depressed mood disorders and disturbances","Psych","N",4201
"1183641",256,16,"Diarrhoea","Diarrhoea (excl infective)","Gastrointestinal motility and defaecation conditions","Gastr","N",4201
"1183642",256,17,"Disturbance in attention","Mental impairment (excl dementia and memory loss)","Mental impairment disorders","Nerv","N",4201
"1183643",256,18,"Fatigue","Asthenic conditions","General system disorders NEC","Genrl","N",4201
"1183644",256,19,"Gait disturbance","Gait disturbances","General system disorders NEC","Genrl","N",4201
"1183645",256,20,"Haemorrhage","Haemorrhages NEC","Vascular haemorrhagic disorders","Vasc","N",4201
"1183646",256,21,"Heart rate irregular","Heart rate and pulse investigations","Cardiac and vascular investigations (excl enzyme tests)","Inv","N",4201
"1183647",256,22,"Hyperhidrosis","Apocrine and eccrine gland disorders","Skin appendage conditions","Skin","N",4201
"1183648",256,23,"Hypertrichosis","Hypertrichoses","Skin appendage conditions","Skin","N",4201
"1183649",256,24,"Hypoaesthesia","Paraesthesias and dysaesthesias","Neurological disorders NEC","Nerv","N",4201
"1183650",256,25,"Hypotonia","Muscle tone abnormal","Neuromuscular disorders","Nerv","N",4201
"1183651",256,26,"Insomnia","Disturbances in initiating and maintaining sleep","Sleep disorders and disturbances","Psych","N",4201
"1183652",256,27,"Nausea","Nausea and vomiting symptoms","Gastrointestinal signs and symptoms","Gastr","N",4201
"1183653",256,28,"Oedema peripheral","Oedema NEC","General system disorders NEC","Genrl","N",4201
"1183654",256,29,"Pain","Pain and discomfort NEC","General system disorders NEC","Genrl","N",4201
"1183655",256,30,"Palpitations","Cardiac signs and symptoms NEC","Cardiac disorder signs and symptoms","Card","N",4201
"1183656",256,31,"Paraesthesia","Paraesthesias and dysaesthesias","Neurological disorders NEC","Nerv","N",4201
"1183657",256,32,"Restlessness","Increased physical activity levels","Changes in physical activity","Psych","N",4201
"1183658",256,33,"Rhinorrhoea","Upper respiratory tract signs and symptoms","Respiratory tract signs and symptoms","Resp","N",4201
"1183659",256,34,"Scar","Skin injuries NEC","Injuries NEC","Inj&P","N",4201
"1183660",256,35,"Seizure","Seizures and seizure disorders NEC","Seizures (incl subtypes)","Nerv","N",4201
"1183661",256,36,"Skin discolouration","Dermal and epidermal conditions NEC","Epidermal and dermal conditions","Skin","N",4201
"1183662",256,37,"Skin odour abnormal","Dermal and epidermal conditions NEC","Epidermal and dermal conditions","Skin","N",4201
"1183663",256,38,"Skin swelling","Dermal and epidermal conditions NEC","Epidermal and dermal conditions","Skin","N",4201
"1183664",256,39,"Tachycardia","Rate and rhythm disorders NEC","Cardiac arrhythmias","Card","N",4201
"1183665",256,40,"Temperature intolerance","Feelings and sensations NEC","General system disorders NEC","Genrl","N",4201
"1183666",256,41,"Vasodilatation","Non-site specific vascular disorders NEC","Vascular disorders NEC","Vasc","N",4201
"1183667",256,42,"Visual impairment","Visual disorders NEC","Vision disorders","Eye","N",4201
"1183668",256,43,"Weight increased","Physical examination procedures and organ system status","Physical examination and organ system status topics","Inv","N",4201
"1183669",257,1,"Erythema","Erythemas","Epidermal and dermal conditions","Skin","N",4201
"1183670",257,2,"Headache","Headaches NEC","Headaches","Nerv","N",4201
"1183671",257,3,"Pruritus generalised","Pruritus NEC","Epidermal and dermal conditions","Skin","N",4201
"1183672",258,1,"Chest pain","Pain and discomfort NEC","General system disorders NEC","Genrl","N",4201
"1183673",258,2,"Disorientation","Confusion and disorientation","Deliria (incl confusion)","Psych","N",4201
"1183674",258,3,"Malaise","Asthenic conditions","General system disorders NEC","Genrl","N",4201
"1183675",259,1,"Burning sensation","Paraesthesias and dysaesthesias","Neurological disorders NEC","Nerv","N",4201
"1183676",259,2,"Headache","Headaches NEC","Headaches","Nerv","N",4201
"1183677",260,1,"Acne","Acnes","Skin appendage conditions","Skin","N",4201
"1183678",260,2,"Burning sensation","Paraesthesias and dysaesthesias","Neurological disorders NEC","Nerv","N",4201
"1183679",260,3,"Feeling hot","Feelings and sensations NEC","General system disorders NEC","Genrl","N",4201
"1183680",260,4,"Pruritus","Pruritus NEC","Epidermal and dermal conditions","Skin","N",4201
"1183681",261,1,"Acne","Acnes","Skin appendage conditions","Skin","N",4201
"1183682",261,2,"Application site reaction","Application and instillation site reactions","Administration site reactions","Genrl","N",4201
"1183683",262,1,"Joint swelling","Joint related signs and symptoms","Joint disorders","Musc","N",4201
"1183684",262,2,"Oedema peripheral","Oedema NEC","General system disorders NEC","Genrl","N",4201
"1183685",263,1,"Accidental overdose","Product administration errors and issues","Medication errors and other product use errors and issues","Inj&P","N",4201
"1183686",263,2,"Tachycardia","Rate and rhythm disorders NEC","Cardiac arrhythmias","Card","N",4201
"1183687",264,1,"Dizziness","Neurological signs and symptoms NEC","Neurological disorders NEC","Nerv","N",4201
"1183688",264,2,"Visual impairment","Visual disorders NEC","Vision disorders","Eye","N",4201
"1183689",265,1,"Tinnitus","Inner ear signs and symptoms","Inner ear and VIIIth cranial nerve disorders","Ear","N",4201
"1183690",266,1,"Back pain","Musculoskeletal and connective tissue pain and discomfort","Musculoskeletal and connective tissue disorders NEC","Musc","N",4201
"1183691",266,2,"Dyspnoea","Breathing abnormalities","Respiratory disorders NEC","Resp","N",4201
"1183692",266,3,"Heart rate increased","Heart rate and pulse investigations","Cardiac and vascular investigations (excl enzyme tests)","Inv","N",4201
"1183693",266,4,"Pain in extremity","Musculoskeletal and connective tissue pain and discomfort","Musculoskeletal and connective tissue disorders NEC","Musc","N",4201
"1183694",266,5,"Paraesthesia","Paraesthesias and dysaesthesias","Neurological disorders NEC","Nerv","N",4201
"1183695",266,6,"Peripheral swelling","General signs and symptoms NEC","General system disorders NEC","Genrl","N",4201
"1183696",267,1,"Anaphylactic shock","Anaphylactic and anaphylactoid responses","Allergic conditions","Immun","N",4201
"1183697",268,1,"Alopecia","Alopecias","Skin appendage conditions","Skin","N",4201
"1183698",268,2,"Anxiety","Anxiety symptoms","Anxiety disorders and symptoms","Psych","N",4201
"1183699",268,3,"Blood iron decreased","Mineral and electrolyte analyses","Water, electrolyte and mineral investigations","Inv","N",4201
"1183700",268,4,"Depression","Depressive disorders","Depressed mood disorders and disturbances","Psych","N",4201
"1183701",268,5,"Device failure","Device issues NEC","Device issues","Prod","N",4201
"1183702",268,6,"Drug ineffective","Therapeutic and nontherapeutic responses","Therapeutic and nontherapeutic effects (excl toxicity)","Genrl","N",4201
"1183703",268,7,"Erectile dysfunction","Erection and ejaculation conditions and disorders","Sexual function and fertility disorders","Repro","N",4201
"1183704",268,8,"Hair growth abnormal","Pilar disorders NEC","Skin appendage conditions","Skin","N",4201
"1183705",268,9,"Hair texture abnormal","Pilar disorders NEC","Skin appendage conditions","Skin","N",4201
"1183706",268,10,"Hypothalamo-pituitary disorder","Hypothalamic and pituitary disorders NEC","Hypothalamus and pituitary gland disorders","Endo","N",4201
"1183707",268,11,"Quality of life decreased","Investigations NEC","Investigations, imaging and histopathology procedures NEC","Inv","N",4201
"1183708",268,12,"Rash macular","Rashes, eruptions and exanthems NEC","Epidermal and dermal conditions","Skin","N",4201
"1183709",268,13,"Seborrhoea","Sebaceous gland disorders","Skin appendage conditions","Skin","N",4201
"1183710",268,14,"Skin burning sensation","Dermal and epidermal conditions NEC","Epidermal and dermal conditions","Skin","N",4201
"1183711",268,15,"Skin discolouration","Dermal and epidermal conditions NEC","Epidermal and dermal conditions","Skin","N",4201
"1183712",268,16,"Skin disorder","Dermal and epidermal conditions NEC","Epidermal and dermal conditions","Skin","N",4201
"1183713",268,17,"Skin injury","Skin injuries NEC","Injuries NEC","Inj&P","N",4201
"1183714",268,18,"Suicidal ideation","Suicidal and self-injurious behaviour","Suicidal and self-injurious behaviours NEC","Psych","N",4201
"1183715",269,1,"Headache","Headaches NEC","Headaches","Nerv","N",4201
"1183716",270,1,"Dermatitis papillaris capillitii","Hyperkeratoses","Cornification and dystrophic skin disorders","Skin","N",4201
"1183717",270,2,"Pseudofolliculitis barbae","Pilar disorders NEC","Skin appendage conditions","Skin","N",4201
"1183718",271,1,"Application site discolouration","Application and instillation site reactions","Administration site reactions","Genrl","N",4201
"1183719",271,2,"Application site erythema","Application and instillation site reactions","Administration site reactions","Genrl","N",4201
"1183720",271,3,"Paraesthesia","Paraesthesias and dysaesthesias","Neurological disorders NEC","Nerv","N",4201
"1183721",271,4,"Skin exfoliation","Exfoliative conditions","Epidermal and dermal conditions","Skin","N",4201
"1183722",272,1,"Lichen planus","Papulosquamous conditions","Epidermal and dermal conditions","Skin","N",4201
"1183723",273,1,"Feeling abnormal","Feelings and sensations NEC","General system disorders NEC","Genrl","N",4201
"1183724",273,2,"Violence-related symptom","Behaviour and socialisation disturbances","Personality disorders and disturbances in behaviour","Psych","N",4201
"1183725",274,1,"Eye swelling","Ocular disorders NEC","Eye disorders NEC","Eye","N",4201
"1183726",274,2,"Rash","Rashes, eruptions and exanthems NEC","Epidermal and dermal conditions","Skin","N",4201
"1183727",274,3,"Visual impairment","Visual disorders NEC","Vision disorders","Eye","N",4201
"1183728",275,1,"Acute kidney injury","Renal failure and impairment","Renal disorders (excl nephropathies)","Renal","N",4201
"1183729",275,2,"Syncope","Disturbances in consciousness NEC","Neurological disorders NEC","Nerv","N",4201
"1183730",276,1,"Hypersensitivity","Allergic conditions NEC","Allergic conditions","Immun","N",4201
"1183731",277,1,"Dyspnoea","Breathing abnormalities","Respiratory disorders NEC","Resp","N",4201
"1183732",277,2,"Oedema","Oedema NEC","General system disorders NEC","Genrl","N",4201
"1183733",277,3,"Oedema peripheral","Oedema NEC","General system disorders NEC","Genrl","N",4201
"1183734",277,4,"Pulmonary oedema","Pulmonary oedemas","Lower respiratory tract disorders (excl obstruction and infection)","Resp","N",4201
"1183735",278,1,"Erythema","Erythemas","Epidermal and dermal conditions","Skin","N",4201
"1183736",278,2,"Pruritus","Pruritus NEC","Epidermal and dermal conditions","Skin","N",4201
"1183737",278,3,"Rash papular","Rashes, eruptions and exanthems NEC","Epidermal and dermal conditions","Skin","N",4201
"1183738",279,1,"Depression","Depressive disorders","Depressed mood disorders and disturbances","Psych","N",4201
"1183739",279,2,"Hair growth abnormal","Pilar disorders NEC","Skin appendage conditions","Skin","N",4201
"1183740",279,3,"Intentional product misuse","Intentional product misuses","Off label uses and intentional product misuses/use issues","Inj&P","N",4201
"1183741",280,1,"Rash pustular","Skin structures and soft tissue infections","Infections - pathogen unspecified","Infec","N",4201
"1183742",280,2,"Skin burning sensation","Dermal and epidermal conditions NEC","Epidermal and dermal conditions","Skin","N",4201
"1183743",281,1,"Chest pain","Pain and discomfort NEC","General system disorders NEC","Genrl","N",4201
"1183744",281,2,"Cough","Coughing and associated symptoms","Respiratory disorders NEC","Resp","N",4201
"1183745",281,3,"Dark circles under eyes","Ocular disorders NEC","Eye disorders NEC","Eye","N",4201
"1183746",281,4,"Dyspnoea","Breathing abnormalities","Respiratory disorders NEC","Resp","N",4201
"1183747",281,5,"Hair growth abnormal","Pilar disorders NEC","Skin appendage conditions","Skin","N",4201
"1183748",281,6,"Headache","Headaches NEC","Headaches","Nerv","N",4201
"1183749",282,1,"Chest discomfort","Pain and discomfort NEC","General system disorders NEC","Genrl","N",4201
"1183750",283,1,"Hair growth abnormal","Pilar disorders NEC","Skin appendage conditions","Skin","N",4201
"1183751",283,2,"Hirsutism","Hypertrichoses","Skin appendage conditions","Skin","N",4201
"1183752",284,1,"Headache","Headaches NEC","Headaches","Nerv","N",4201
"1183753",285,1,"Dizziness","Neurological signs and symptoms NEC","Neurological disorders NEC","Nerv","N",4201
"1183754",285,2,"Dyspnoea","Breathing abnormalities","Respiratory disorders NEC","Resp","N",4201
"1183755",285,3,"Heart rate increased","Heart rate and pulse investigations","Cardiac and vascular investigations (excl enzyme tests)","Inv","N",4201
"1183756",286,1,"Dandruff","Scaly conditions","Epidermal and dermal conditions","Skin","N",4201
"1183757",286,2,"Pruritus","Pruritus NEC","Epidermal and dermal conditions","Skin","N",4201
"1183758",287,1,"Blood pressure decreased","Vascular tests NEC (incl blood pressure)","Cardiac and vascular investigations (excl enzyme tests)","Inv","N",4201
"1183759",287,2,"Fluid retention","Total fluid volume increased","Electrolyte and fluid balance conditions","Metab","N",4201
"1183760",287,3,"Hypernatraemia","Sodium imbalance","Electrolyte and fluid balance conditions","Metab","N",4201
"1183761",287,4,"Kidney congestion","Urinary tract signs and symptoms NEC","Urinary tract signs and symptoms","Renal","N",4201
"1183762",287,5,"Oedema","Oedema NEC","General system disorders NEC","Genrl","N",4201
"1183763",287,6,"Renal impairment","Renal failure and impairment","Renal disorders (excl nephropathies)","Renal","N",4201
"1183764",287,7,"Swelling","General signs and symptoms NEC","General system disorders NEC","Genrl","N",4201
"1183765",288,1,"Dyspnoea","Breathing abnormalities","Respiratory disorders NEC","Resp","N",4201
"1183766",288,2,"Granulomatosis with polyangiitis","Vasculitides NEC","Vascular inflammations","Vasc","N",4201
"1183767",288,3,"Throat tightness","Upper respiratory tract signs and symptoms","Respiratory tract signs and symptoms","Resp","N",4201
"1183768",289,1,"Application site pain","Application and instillation site reactions","Administration site reactions","Genrl","N",4201
"1183769",289,2,"Eye swelling","Ocular disorders NEC","Eye disorders NEC","Eye","N",4201
"1183770",289,3,"Rash","Rashes, eruptions and exanthems NEC","Epidermal and dermal conditions","Skin","N",4201
"1183771",290,1,"Erectile dysfunction","Erection and ejaculation conditions and disorders","Sexual function and fertility disorders","Repro","N",4201
"1183772",291,1,"Chest pain","Pain and discomfort NEC","General system disorders NEC","Genrl","N",4201
"1183773",291,2,"Headache","Headaches NEC","Headaches","Nerv","N",4201
"1183774",291,3,"Heart rate increased","Heart rate and pulse investigations","Cardiac and vascular investigations (excl enzyme tests)","Inv","N",4201
"1183775",291,4,"Musculoskeletal stiffness","Musculoskeletal and connective tissue signs and symptoms NEC","Musculoskeletal and connective tissue disorders NEC","Musc","N",4201
"1183776",291,5,"Pain in extremity","Musculoskeletal and connective tissue pain and discomfort","Musculoskeletal and connective tissue disorders NEC","Musc","N",4201
"1183777",291,6,"Paraesthesia","Paraesthesias and dysaesthesias","Neurological disorders NEC","Nerv","N",4201
"1183778",291,7,"Pericardial effusion","Pericardial disorders NEC","Pericardial disorders","Card","N",4201
"1183779",291,8,"Pleural effusion","Pneumothorax and pleural effusions NEC","Pleural disorders","Resp","N",4201
"1183780",291,9,"Rash erythematous","Rashes, eruptions and exanthems NEC","Epidermal and dermal conditions","Skin","N",4201
"1183781",291,10,"Viral infection","Viral infections NEC","Viral infectious disorders","Infec","N",4201
"1183782",292,1,"Back pain","Musculoskeletal and connective tissue pain and discomfort","Musculoskeletal and connective tissue disorders NEC","Musc","N",4201
"1183783",292,2,"Dyskinesia","Dyskinesias and movement disorders NEC","Movement disorders (incl parkinsonism)","Nerv","N",4201
"1183784",292,3,"Ear discomfort","Ear disorders NEC","Aural disorders NEC","Ear","N",4201
"1183785",292,4,"Erectile dysfunction","Erection and ejaculation conditions and disorders","Sexual function and fertility disorders","Repro","N",4201
"1183786",292,5,"Expired product administered","Product administration errors and issues","Medication errors and other product use errors and issues","Inj&P","N",4201
"1183787",292,6,"Feeling abnormal","Feelings and sensations NEC","General system disorders NEC","Genrl","N",4201
"1183788",292,7,"Feeling of body temperature change","Feelings and sensations NEC","General system disorders NEC","Genrl","N",4201
"1183789",292,8,"Hallucination","Perception disturbances","Disturbances in thinking and perception","Psych","N",4201
"1183790",292,9,"Headache","Headaches NEC","Headaches","Nerv","N",4201
"1183791",292,10,"Malaise","Asthenic conditions","General system disorders NEC","Genrl","N",4201
"1183792",292,11,"Mental status changes","Mental disorders NEC","Psychiatric disorders NEC","Psych","N",4201
"1183793",292,12,"Muscle fatigue","Muscle related signs and symptoms NEC","Muscle disorders","Musc","N",4201
"1183794",292,13,"Musculoskeletal stiffness","Musculoskeletal and connective tissue signs and symptoms NEC","Musculoskeletal and connective tissue disorders NEC","Musc","N",4201
"1183795",292,14,"Palpitations","Cardiac signs and symptoms NEC","Cardiac disorder signs and symptoms","Card","N",4201
"1183796",292,15,"Penis disorder","Penile disorders NEC (excl erection and ejaculation)","Penile and scrotal disorders (excl infections and inflammations)","Repro","N",4201
"1183797",292,16,"Product formulation issue","Product quality issues NEC","Product quality, supply, distribution, manufacturing and quality system issues","Prod","N",4201
"1183798",292,17,"Pyrexia","Febrile disorders","Body temperature conditions","Genrl","N",4201
"1183799",292,18,"Sensation of blood flow","Feelings and sensations NEC","General system disorders NEC","Genrl","N",4201
"1183800",292,19,"Tinnitus","Inner ear signs and symptoms","Inner ear and VIIIth cranial nerve disorders","Ear","N",4201
"1183801",292,20,"Tremor","Tremor (excl congenital)","Movement disorders (incl parkinsonism)","Nerv","N",4201
"1183802",292,21,"Viral infection","Viral infections NEC","Viral infectious disorders","Infec","N",4201
"1183803",292,22,"Visual impairment","Visual disorders NEC","Vision disorders","Eye","N",4201
"1183804",292,23,"Visual impairment","Visual disorders NEC","Vision disorders","Eye","N",4201
"1183805",292,24,"Vitreous floaters","Choroid and vitreous structural change, deposit and degeneration","Ocular structural change, deposit and degeneration NEC","Eye","N",4201
"1183806",293,1,"Application site pain","Application and instillation site reactions","Administration site reactions","Genrl","N",4201
"1183807",293,2,"Blister","Bullous conditions","Epidermal and dermal conditions","Skin","N",4201
"1183808",293,3,"Folliculitis","Skin structures and soft tissue infections","Infections - pathogen unspecified","Infec","N",4201
"1183809",293,4,"Paraesthesia","Paraesthesias and dysaesthesias","Neurological disorders NEC","Nerv","N",4201
"1183810",293,5,"Pruritus","Pruritus NEC","Epidermal and dermal conditions","Skin","N",4201
"1183811",293,6,"Rash","Rashes, eruptions and exanthems NEC","Epidermal and dermal conditions","Skin","N",4201
"1183812",293,7,"Rash vesicular","Rashes, eruptions and exanthems NEC","Epidermal and dermal conditions","Skin","N",4201
"1183813",293,8,"Skin infection","Skin structures and soft tissue infections","Infections - pathogen unspecified","Infec","N",4201
"1183814",294,1,"Anxiety","Anxiety symptoms","Anxiety disorders and symptoms","Psych","N",4201
"1183815",294,2,"Body temperature decreased","Physical examination procedures and organ system status","Physical examination and organ system status topics","Inv","N",4201
"1183816",294,3,"Depression","Depressive disorders","Depressed mood disorders and disturbances","Psych","N",4201
"1183817",294,4,"Disability","Disability issues","Lifestyle issues","SocCi","N",4201
"1183818",294,5,"Dizziness","Neurological signs and symptoms NEC","Neurological disorders NEC","Nerv","N",4201
"1183819",294,6,"Dysphagia","Gastrointestinal signs and symptoms NEC","Gastrointestinal signs and symptoms","Gastr","N",4201
"1183820",294,7,"Hair growth abnormal","Pilar disorders NEC","Skin appendage conditions","Skin","N",4201
"1183821",294,8,"Insomnia","Disturbances in initiating and maintaining sleep","Sleep disorders and disturbances","Psych","N",4201
"1183822",294,9,"Panic attack","Panic attacks and disorders","Anxiety disorders and symptoms","Psych","N",4201
"1183823",294,10,"Product physical issue","Product physical issues","Product quality, supply, distribution, manufacturing and quality system issues","Prod","N",4201
"1183824",294,11,"Sensation of blood flow","Feelings and sensations NEC","General system disorders NEC","Genrl","N",4201
"1183825",294,12,"Tunnel vision","Neurologic visual problems NEC","Neurological disorders of the eye","Nerv","N",4201
"1183826",294,13,"Wrong technique in product usage process","Medication errors, product use errors and issues NEC","Medication errors and other product use errors and issues","Inj&P","N",4201
"1183827",295,1,"Depressed mood","Mood alterations with depressive symptoms","Depressed mood disorders and disturbances","Psych","N",4201
"1183828",295,2,"Depression","Depressive disorders","Depressed mood disorders and disturbances","Psych","N",4201
"1183829",295,3,"Fatigue","Asthenic conditions","General system disorders NEC","Genrl","N",4201
"1183830",296,1,"Erythema","Erythemas","Epidermal and dermal conditions","Skin","N",4201
"1183831",296,2,"Pruritus","Pruritus NEC","Epidermal and dermal conditions","Skin","N",4201
"1183832",297,1,"Aggression","Behaviour and socialisation disturbances","Personality disorders and disturbances in behaviour","Psych","N",4201
"1183833",297,2,"Alopecia","Alopecias","Skin appendage conditions","Skin","N",4201
"1183834",297,3,"Blindness","Blindness (excl colour blindness)","Vision disorders","Eye","N",4201
"1183835",297,4,"Condition aggravated","General signs and symptoms NEC","General system disorders NEC","Genrl","N",4201
"1183836",297,5,"Confusional state","Confusion and disorientation","Deliria (incl confusion)","Psych","N",4201
"1183837",297,6,"Eye irritation","Ocular infections, inflammations and associated manifestations","Ocular infections, irritations and inflammations","Eye","N",4201
"1183838",297,7,"Feeling abnormal","Feelings and sensations NEC","General system disorders NEC","Genrl","N",4201
"1183839",297,8,"Hypersensitivity","Allergic conditions NEC","Allergic conditions","Immun","N",4201
"1183840",297,9,"Intellectual disability","Intellectual disabilities","Mental impairment disorders","Nerv","N",4201
"1183841",297,10,"Laziness","Mood disorders NEC","Mood disorders and disturbances NEC","Psych","N",4201
"1183842",297,11,"Mental impairment","Mental impairment (excl dementia and memory loss)","Mental impairment disorders","Nerv","N",4201
"1183843",297,12,"Palpitations","Cardiac signs and symptoms NEC","Cardiac disorder signs and symptoms","Card","N",4201
"1183844",297,13,"Penis disorder","Penile disorders NEC (excl erection and ejaculation)","Penile and scrotal disorders (excl infections and inflammations)","Repro","N",4201
"1183845",297,14,"Restless legs syndrome","Sensory abnormalities NEC","Neurological disorders NEC","Nerv","N",4201
"1183846",297,15,"Skin burning sensation","Dermal and epidermal conditions NEC","Epidermal and dermal conditions","Skin","N",4201
"1183847",297,16,"Skin exfoliation","Exfoliative conditions","Epidermal and dermal conditions","Skin","N",4201
"1183848",297,17,"Skin wrinkling","Skin dystrophies","Cornification and dystrophic skin disorders","Skin","N",4201
"1183849",297,18,"Speech disorder","Speech and language abnormalities","Neurological disorders NEC","Nerv","N",4201
"1183850",297,19,"Tardive dyskinesia","Dyskinesias and movement disorders NEC","Movement disorders (incl parkinsonism)","Nerv","N",4201
"1183851",297,20,"Vomiting","Nausea and vomiting symptoms","Gastrointestinal signs and symptoms","Gastr","N",4201
"1183852",298,1,"Deafness","Hearing losses","Hearing disorders","Ear","N",4201
"1183853",298,2,"Inappropriate schedule of drug administration","Product administration errors and issues","Medication errors and other product use errors and issues","Inj&P","N",4201
"1183854",299,1,"Syncope","Disturbances in consciousness NEC","Neurological disorders NEC","Nerv","N",4201
"1183855",300,1,"Blood pressure systolic increased","Vascular tests NEC (incl blood pressure)","Cardiac and vascular investigations (excl enzyme tests)","Inv","N",4201
"1183856",300,2,"Hypertensive encephalopathy","Encephalopathies NEC","Encephalopathies","Nerv","N",4201
"1183857",300,3,"Hypotension","Vascular hypotensive disorders","Decreased and nonspecific blood pressure disorders and shock","Vasc","N",4201
"1183858",300,4,"Product use in unapproved indication","Medication errors, product use errors and issues NEC","Medication errors and other product use errors and issues","Inj&P","N",4201
"1183859",301,1,"Alopecia","Alopecias","Skin appendage conditions","Skin","N",4201
"1183860",302,1,"Feeling abnormal","Feelings and sensations NEC","General system disorders NEC","Genrl","N",4201
"1183861",302,2,"Headache","Headaches NEC","Headaches","Nerv","N",4201
"1183862",302,3,"Nonspecific reaction","General signs and symptoms NEC","General system disorders NEC","Genrl","N",4201
"1183863",302,4,"Vomiting","Nausea and vomiting symptoms","Gastrointestinal signs and symptoms","Gastr","N",4201
"1183864",303,1,"Application site pruritus","Application and instillation site reactions","Administration site reactions","Genrl","N",4201
"1183865",303,2,"Dry skin","Dermal and epidermal conditions NEC","Epidermal and dermal conditions","Skin","N",4201
"1183866",303,3,"Product container issue","Product packaging issues","Product quality, supply, distribution, manufacturing and quality system issues","Prod","N",4201
"1183867",303,4,"Skin hyperpigmentation","Hyperpigmentation disorders","Pigmentation disorders","Skin","N",4201
"1183868",304,1,"Off label use","Off label uses","Off label uses and intentional product misuses/use issues","Inj&P","N",4201
"1183869",304,2,"Palpitations","Cardiac signs and symptoms NEC","Cardiac disorder signs and symptoms","Card","N",4201
"1183870",304,3,"Product use in unapproved indication","Medication errors, product use errors and issues NEC","Medication errors and other product use errors and issues","Inj&P","N",4201
"1183871",305,1,"Erythema","Erythemas","Epidermal and dermal conditions","Skin","N",4201
"1183872",305,2,"Pruritus","Pruritus NEC","Epidermal and dermal conditions","Skin","N",4201
"1183873",305,3,"Rash","Rashes, eruptions and exanthems NEC","Epidermal and dermal conditions","Skin","N",4201
"1183874",306,1,"Asphyxia","Conditions associated with abnormal gas exchange","Respiratory disorders NEC","Resp","N",4201
"1183875",306,2,"Eye swelling","Ocular disorders NEC","Eye disorders NEC","Eye","N",4201
"1183876",306,3,"Hypersensitivity","Allergic conditions NEC","Allergic conditions","Immun","N",4201
"1183877",306,4,"Swelling face","Angioedemas","Angioedema and urticaria","Skin","N",4201
"1183878",307,1,"Chest discomfort","Pain and discomfort NEC","General system disorders NEC","Genrl","N",4201
"1183879",307,2,"Cold sweat","Apocrine and eccrine gland disorders","Skin appendage conditions","Skin","N",4201
"1183880",307,3,"Loss of consciousness","Disturbances in consciousness NEC","Neurological disorders NEC","Nerv","N",4201
"1183881",307,4,"Malaise","Asthenic conditions","General system disorders NEC","Genrl","N",4201
"1183882",307,5,"Pallor","Site specific vascular disorders NEC","Vascular disorders NEC","Vasc","N",4201
"1183883",307,6,"Presyncope","Neurological signs and symptoms NEC","Neurological disorders NEC","Nerv","N",4201
"1183884",307,7,"Vision blurred","Visual disorders NEC","Vision disorders","Eye","N",4201
"1183885",308,1,"Dermatitis","Dermatitis and eczema","Epidermal and dermal conditions","Skin","N",4201
"1183886",308,2,"Hypersensitivity","Allergic conditions NEC","Allergic conditions","Immun","N",4201
"1183887",309,1,"Blood pressure increased","Vascular tests NEC (incl blood pressure)","Cardiac and vascular investigations (excl enzyme tests)","Inv","N",4201
"1183888",309,2,"Pain","Pain and discomfort NEC","General system disorders NEC","Genrl","N",4201
"1183889",309,3,"Palpitations","Cardiac signs and symptoms NEC","Cardiac disorder signs and symptoms","Card","N",4201
"1183890",309,4,"Peripheral swelling","General signs and symptoms NEC","General system disorders NEC","Genrl","N",4201
"1183891",310,1,"Eye swelling","Ocular disorders NEC","Eye disorders NEC","Eye","N",4201
"1183892",310,2,"Pain of skin","Dermal and epidermal conditions NEC","Epidermal and dermal conditions","Skin","N",4201
"1183893",310,3,"Rash","Rashes, eruptions and exanthems NEC","Epidermal and dermal conditions","Skin","N",4201
"1183894",310,4,"Skin discolouration","Dermal and epidermal conditions NEC","Epidermal and dermal conditions","Skin","N",4201
"1183895",310,5,"Skin texture abnormal","Dermal and epidermal conditions NEC","Epidermal and dermal conditions","Skin","N",4201
"1183896",310,6,"Skin tightness","Dermal and epidermal conditions NEC","Epidermal and dermal conditions","Skin","N",4201
"1183897",311,1,"Cough","Coughing and associated symptoms","Respiratory disorders NEC","Resp","N",4201
"1183898",311,2,"Eye pruritus","Ocular infections, inflammations and associated manifestations","Ocular infections, irritations and inflammations","Eye","N",4201
"1183899",311,3,"Hypersensitivity","Allergic conditions NEC","Allergic conditions","Immun","N",4201
"1183900",311,4,"Oropharyngeal discomfort","Upper respiratory tract signs and symptoms","Respiratory tract signs and symptoms","Resp","N",4201
"1183901",311,5,"Wheezing","Bronchospasm and obstruction","Bronchial disorders (excl neoplasms)","Resp","N",4201
"1183902",312,1,"Lymph node pain","Lymphatic system disorders NEC","Spleen, lymphatic and reticuloendothelial system disorders","Blood","N",4201
"1183903",312,2,"Papule","Dermal and epidermal conditions NEC","Epidermal and dermal conditions","Skin","N",4201
"1183904",312,3,"Pruritus","Pruritus NEC","Epidermal and dermal conditions","Skin","N",4201
"1183905",313,1,"Acute febrile neutrophilic dermatosis","Dermal and epidermal conditions NEC","Epidermal and dermal conditions","Skin","N",4201
"1183906",313,2,"Dermal cyst","Skin cysts and polyps","Cutaneous neoplasms benign","Skin","N",4201
"1183907",313,3,"Rash","Rashes, eruptions and exanthems NEC","Epidermal and dermal conditions","Skin","N",4201
"1183908",314,1,"Dizziness","Neurological signs and symptoms NEC","Neurological disorders NEC","Nerv","N",4201
