Chemical Name,KEGG
protocatechuic acid,C00230
p-hydroxybenzoic acid,C00156
benzaldehyde,C00193
gallic acid,C01424
palmitic acid,C00249
vanillin,C00755
stearic acid,C01530
alpha-pinene,C09880
beta-terpinene,C09898
vanillic acid,C06672
arachidic acid,C06425
oleanolic acid,C17148
myristic acid,C06424
alpha-thujene,C21702
beta-myrcene,C06074
adenosine,C00212
ursolic acid,C08988
alpha-curcumene,C09649
beta-sitosterol,C01753
palmitoleic acid,C08362
oleic acid,C00712
ferulic acid,C01494
caffeic acid,C01197
p-coumaric acid,C00811
chlorogenic acid,C00852
quercetin,C00389
apigenin,C01477
luteolin,C01514
linoleic acid,C01595
rutin,C05625
kaempferol,C05903
alpha-caryophyllene,C09629
beta-elemene,C17094
pinocarvone,C09884
