"",".id","X..i..","monomerid","smiles","affinity_type","affinity"
"1","hit","683",NA,NA,NA,NA
"2","length","295",NA,NA,NA,NA
"3","uniprot_length","NA",NA,NA,NA,NA
"4","primary","P24385",NA,NA,NA,NA
"5","alternative","Q6LEF0",NA,NA,NA,NA
"6","affinities",NA,"2579","CN[C@@H]1C[C@H]2O[C@@](C)([C@@H]1OC)n1c3ccccc3c3c4CNC(=O)c4c4c5ccccc5n2c4c13 |r|","IC50"," 9.2"
"7","affinities",NA,"2579","CN[C@@H]1C[C@H]2O[C@@](C)([C@@H]1OC)n1c3ccccc3c3c4CNC(=O)c4c4c5ccccc5n2c4c13 |r|","Ki"," 41"
"8","affinities",NA,"5611","CN(C)c1ccc(cc1)-c1[nH]nc2-c3cccc(NC(=O)CN4CCC(O)CC4)c3C(=O)c12","IC50"," 50"
"9","affinities",NA,"5612","CN(C)c1ccc(cc1)-c1[nH]nc2-c3cccc(NC(=O)CN4CCC(CN)CC4)c3C(=O)c12","IC50"," 7"
"10","affinities",NA,"5613","CN(C)c1ccc(cc1)-c1[nH]nc2-c3cccc(NC(=O)CN4CCN(C)CC4)c3C(=O)c12","IC50"," 55"
"11","affinities",NA,"5616","NCC1CCN(CC(=O)Nc2cccc3-c4n[nH]c(c4C(=O)c23)-c2ccc(cc2)N2CCOCC2)CC1","IC50"," 18"
"12","affinities",NA,"5629","NC(=O)C1CCN(CC(=O)Nc2cccc3-c4n[nH]c(C5CC5)c4C(=O)c23)CC1","IC50",">99"
"13","affinities",NA,"5647","Cc1ccc(s1)-c1[nH]nc2-c3cccc(NC(N)=O)c3C(=O)c12","IC50"," 53"
"14","affinities",NA,"5649","NC(=O)Nc1cccc2-c3n[nH]c(-c4ccsc4)c3C(=O)c12","IC50"," 67"
"15","affinities",NA,"5650","NC(=O)Nc1cccc2-c3n[nH]c(-c4csc(Cl)c4)c3C(=O)c12","IC50"," 57"
"16","affinities",NA,"5655","CN1CC[C@@H]([C@H](O)C1)c1c(O)cc(O)c2c1oc(cc2=O)-c1ccccc1Cl |r|","IC50"," 20"
"17","affinities",NA,"5662","CC(C)C(=O)Nc1ncc(SCc2ncc(o2)C(C)(C)C)s1","IC50"," 30"
"18","affinities",NA,"5722","CC(C)(C)c1cnc(CSc2cnc(Nc3ccccc3)s2)o1","IC50"," 78"
"19","affinities",NA,"5723","CC(C)(C)c1cnc(CSc2cnc(Nc3ccccn3)s2)o1","IC50"," 9"
"20","affinities",NA,"5725","CC(C)(C)c1cnc(CSc2cnc(Nc3ccncn3)s2)o1","IC50"," 30"
"21","affinities",NA,"5726","CC(C)(CO)CNCc1ccc(Nc2ncc(SCc3ncc(o3)C(C)(C)C)s2)nc1","IC50"," 26"
"22","affinities",NA,"5750","COc1ccc(cc1)-c1n[nH]c2-c3cccc(NC(=O)CN4CCC(CN)CC4)c3C(=O)c12","IC50"," 20"
"23","affinities",NA,"5751","COc1ccc(cc1)-c1n[nH]c2-c3cccc(NC(=O)CN4CCC(CC4)C(N)=O)c3C(=O)c12","IC50"," 76"
"24","affinities",NA,"5752","COc1ccc(cc1)-c1n[nH]c2-c3cccc(NC(=O)CN4CCC(CO)CC4)c3C(=O)c12","IC50"," 82"
"25","affinities",NA,"5753","COc1ccc(cc1)-c1n[nH]c2-c3cccc(NC(=O)CN4CCN(CC4)C(N)=O)c3C(=O)c12","IC50"," 64"
"26","affinities",NA,"5754","COc1ccc(cc1)-c1n[nH]c2-c3cccc(NC(=O)CN4CCN(CC4)C(N)=N)c3C(=O)c12","IC50"," 26"
"27","affinities",NA,"5755","COc1ccc(cc1)-c1[nH]nc2-c3cccc(NC(N)=O)c3C(=O)c12","IC50"," 66"
"28","affinities",NA,"5763","COc1ccc(cc1)-c1n[nH]c2-c3cccc(NC(=O)NN(C)C)c3C(=O)c12","IC50"," 21"
"29","affinities",NA,"5764","COc1ccc(cc1)-c1n[nH]c2-c3cccc(NC(=O)NN4CCN(C)CC4)c3C(=O)c12","IC50"," 9"
"30","affinities",NA,"5765","COc1ccc(cc1)-c1n[nH]c2-c3cccc(NC(=O)NN4CCOCC4)c3C(=O)c12","IC50"," 12"
"31","affinities",NA,"5766","COc1ccc(cc1)-c1n[nH]c2-c3cccc(NC(=O)NN4CCCCC4)c3C(=O)c12","IC50"," 12"
"32","affinities",NA,"5767","COc1ccc(cc1)-c1n[nH]c2-c3cccc(NC(=O)NN4CCCC4)c3C(=O)c12","IC50"," 12"
"33","affinities",NA,"6021","CCc1nn(-c2c(Cl)cc(Cl)cc2Cl)c2nc(Cc3ccc(O)c(O)c3)[nH]c(=O)c12 |(3.13,4.68,;1.64,4.29,;1.16,2.82,;2.07,1.57,;1.16,.33,;2.25,-.76,;3.59,.01,;3.59,1.55,;4.92,-.76,;4.92,-2.3,;6.25,-3.07,;3.59,-3.07,;2.25,-2.3,;.92,-3.07,;-.3,.8,;-1.63,.03,;-2.97,.8,;-4.3,.03,;-5.63,.8,;-5.65,2.34,;-6.99,3.1,;-8.32,2.32,;-9.66,3.07,;-8.3,.78,;-9.63,-.01,;-6.96,.02,;-2.97,2.35,;-1.63,3.12,;-1.63,4.66,;-.3,2.35,)|","IC50"," 44"
"34","affinities",NA,"6022","CCc1nn(-c2c(Cl)cc(Cl)cc2Cl)c2nc(Cc3cc(O)cc(O)c3)[nH]c(=O)c12 |(3.13,4.68,;1.64,4.29,;1.16,2.82,;2.07,1.57,;1.16,.33,;2.25,-.76,;3.59,.01,;3.59,1.55,;4.92,-.76,;4.92,-2.3,;6.25,-3.07,;3.59,-3.07,;2.25,-2.3,;.92,-3.07,;-.3,.8,;-1.63,.03,;-2.97,.8,;-4.3,.03,;-5.63,.8,;-6.96,.02,;-8.3,.78,;-9.63,-.01,;-8.32,2.32,;-6.99,3.1,;-6.99,4.64,;-5.65,2.34,;-2.97,2.35,;-1.63,3.12,;-1.63,4.66,;-.3,2.35,)|","IC50"," 59"
"35","affinities",NA,"6023","CCc1nn(-c2c(Cl)cc(Cl)cc2Cl)c2nc(Cc3ccc(OC)c(O)c3)[nH]c(=O)c12 |(3.13,4.68,;1.64,4.29,;1.16,2.82,;2.07,1.57,;1.16,.33,;2.25,-.76,;3.59,.01,;3.59,1.55,;4.92,-.76,;4.92,-2.3,;6.25,-3.07,;3.59,-3.07,;2.25,-2.3,;.92,-3.07,;-.3,.8,;-1.63,.03,;-2.97,.8,;-4.3,.03,;-5.63,.8,;-5.65,2.34,;-6.99,3.1,;-8.32,2.32,;-9.66,3.07,;-10.99,2.29,;-8.3,.78,;-9.63,-.01,;-6.96,.02,;-2.97,2.35,;-1.63,3.12,;-1.63,4.66,;-.3,2.35,)|","IC50"," 24"
"36","affinities",NA,"6024","CCc1nn(-c2c(Cl)cc(Cl)cc2Cl)c2nc(Cc3ccc(C)c(O)c3)[nH]c(=O)c12 |(3.13,4.68,;1.64,4.29,;1.16,2.82,;2.07,1.57,;1.16,.33,;2.25,-.76,;3.59,.01,;3.59,1.55,;4.92,-.76,;4.92,-2.3,;6.25,-3.07,;3.59,-3.07,;2.25,-2.3,;.92,-3.07,;-.3,.8,;-1.63,.03,;-2.97,.8,;-4.3,.03,;-5.63,.8,;-5.65,2.34,;-6.99,3.1,;-8.32,2.32,;-9.66,3.07,;-8.3,.78,;-9.63,-.01,;-6.96,.02,;-2.97,2.35,;-1.63,3.12,;-1.63,4.66,;-.3,2.35,)|","IC50"," 88"
"37","affinities",NA,"6025","CCc1nn(-c2c(Cl)cc(Cl)cc2Cl)c2nc(Cc3cccc(O)c3)[nH]c(=O)c12 |(3.13,4.68,;1.64,4.29,;1.16,2.82,;2.07,1.57,;1.16,.33,;2.25,-.76,;3.59,.01,;3.59,1.55,;4.92,-.76,;4.92,-2.3,;6.25,-3.07,;3.59,-3.07,;2.25,-2.3,;.92,-3.07,;-.3,.8,;-1.63,.03,;-2.97,.8,;-4.3,.03,;-5.63,.8,;-5.65,2.34,;-6.99,3.1,;-8.32,2.32,;-8.3,.78,;-9.63,-.01,;-6.96,.02,;-2.97,2.35,;-1.63,3.12,;-1.63,4.66,;-.3,2.35,)|","IC50"," 68"
"38","affinities",NA,"6036","COc1ccc(s1)-c1[nH]nc2-c3cccc(NC(=O)NN(C)C)c3C(=O)c12","IC50"," 84"
"39","affinities",NA,"6037","CN(C)NC(=O)Nc1cccc2-c3n[nH]c(-c4ccc(C)s4)c3C(=O)c12","IC50"," 81"
"40","affinities",NA,"6040","CN(C)NC(=O)Nc1cccc2-c3n[nH]c(-c4csc(Cl)c4)c3C(=O)c12","IC50"," 21"
"41","affinities",NA,"6044","Cc1ccc(s1)-c1[nH]nc2-c3cccc(NC(=O)NN4CCOCC4)c3C(=O)c12","IC50"," 23"
"42","affinities",NA,"6045","CCOC(=O)c1ccc(s1)-c1[nH]nc2-c3cccc(NC(=O)NN4CCOCC4)c3C(=O)c12","IC50"," 30"
"43","affinities",NA,"6046","Clc1cc(cs1)-c1[nH]nc2-c3cccc(NC(=O)NN4CCOCC4)c3C(=O)c12","IC50"," 7"
"44","affinities",NA,"6049","CCOC(=O)c1ccc(s1)-c1[nH]nc2-c3cccc(NC(=O)NN4CCN(C)CC4)c3C(=O)c12","IC50"," 30"
"45","affinities",NA,"6050","CN1CCN(CC1)NC(=O)Nc1cccc2-c3n[nH]c(-c4cc(C)sc4C)c3C(=O)c12","IC50"," 90"
"46","affinities",NA,"6051","CN1CCN(CC1)NC(=O)Nc1cccc2-c3n[nH]c(-c4sc(C)nc4C)c3C(=O)c12","IC50"," 46"
"47","affinities",NA,"6052","CN(C)CCNC(=O)c1ccc(s1)-c1[nH]nc2-c3cccc(NC(=O)NN4CCOCC4)c3C(=O)c12","IC50"," 15"
"48","affinities",NA,"6053","O=C(NN1CCOCC1)Nc1cccc2-c3n[nH]c(-c4ccc(s4)C(=O)NCCN4CCCC4)c3C(=O)c12","IC50"," 23"
"49","affinities",NA,"6054","O=C(NN1CCOCC1)Nc1cccc2-c3n[nH]c(-c4ccc(s4)C(=O)NCCN4CCCCC4)c3C(=O)c12","IC50"," 22"
"50","affinities",NA,"6055","O=C(NN1CCOCC1)Nc1cccc2-c3n[nH]c(-c4ccc(s4)C(=O)NCCN4CCOCC4)c3C(=O)c12","IC50"," 86"
"51","affinities",NA,"6056","O=C(NN1CCOCC1)Nc1cccc2-c3n[nH]c(-c4ccc(s4)C(=O)N4CCCCC4)c3C(=O)c12","IC50"," 22"
"52","affinities",NA,"6057","CN(C)C1CCCN(C1)C(=O)c1ccc(s1)-c1[nH]nc2-c3cccc(NC(=O)NN4CCOCC4)c3C(=O)c12","IC50"," 13"
"53","affinities",NA,"6058","CN(C)C1CCN(CC1)C(=O)c1ccc(s1)-c1[nH]nc2-c3cccc(NC(=O)NN4CCOCC4)c3C(=O)c12","IC50"," 8"
"54","affinities",NA,"6059","O=C(NN1CCOCC1)Nc1cccc2-c3n[nH]c(-c4ccc(s4)C(=O)N4CCNCC4)c3C(=O)c12","IC50"," 4"
"55","affinities",NA,"6060","CN1CCN(CC1)C(=O)c1ccc(s1)-c1[nH]nc2-c3cccc(NC(=O)NN4CCOCC4)c3C(=O)c12","IC50"," 10"
"56","affinities",NA,"6061","CCN1CCN(CC1)C(=O)c1ccc(s1)-c1[nH]nc2-c3cccc(NC(=O)NN4CCOCC4)c3C(=O)c12","IC50"," 5"
"57","affinities",NA,"6062","NC1CCN(C1)C(=O)c1ccc(s1)-c1[nH]nc2-c3cccc(NC(=O)NN4CCOCC4)c3C(=O)c12","IC50"," 35"
"58","affinities",NA,"6063","CNC1CCN(C1)C(=O)c1ccc(s1)-c1[nH]nc2-c3cccc(NC(=O)NN4CCOCC4)c3C(=O)c12","IC50"," 5"
"59","affinities",NA,"6064","CN(C)C1CCN(C1)C(=O)c1ccc(s1)-c1[nH]nc2-c3cccc(NC(=O)NN4CCOCC4)c3C(=O)c12","IC50"," 12"
"60","affinities",NA,"6065","O=C(NN1CCOCC1)Nc1cccc2-c3n[nH]c(-c4ccc(s4)C(=O)N4CCCCCC4)c3C(=O)c12","IC50"," 17"
"61","affinities",NA,"6066","O=C(NN1CCOCC1)Nc1cccc2-c3n[nH]c(-c4ccc(s4)C(=O)N4CCCNCC4)c3C(=O)c12","IC50"," 3"
"62","affinities",NA,"6067","CN1CCCN(CC1)C(=O)c1ccc(s1)-c1[nH]nc2-c3cccc(NC(=O)NN4CCOCC4)c3C(=O)c12","IC50"," 4"
"63","affinities",NA,"6068","CCN1CCCN(CC1)C(=O)c1ccc(s1)-c1[nH]nc2-c3cccc(NC(=O)NN4CCOCC4)c3C(=O)c12","IC50"," 7"
"64","affinities",NA,"6245","CCn1c2nc(Nc3ccc(cc3)N3CCN(C)CC3)ncc2ccc1=O","IC50"," 85"
"65","affinities",NA,"6254","O=c1ccc2cnc(Nc3ccccc3)nc2n1C1CCCCC1","IC50"," 47"
"66","affinities",NA,"6256","O=c1ccc2cnc(Nc3ccccc3)nc2n1C1CC2CCC1C2 |THB:17:18:21.22:24|","IC50"," 38"
"67","affinities",NA,"6265","CCN(CC)CCOc1ccc(Nc2ncc3ccc(=O)n(C(C)C)c3n2)cc1","IC50"," 45"
"68","affinities",NA,"6266","CCN(CC)CCOc1ccc(Nc2ncc3ccc(=O)n(C4CCCC4)c3n2)cc1","IC50"," 0.7"
"69","affinities",NA,"6267","CCN(CC)CCOc1ccc(Nc2ncc3ccc(=O)n(C4CCCCC4)c3n2)cc1","IC50"," 11"
"70","affinities",NA,"6268","CCN(CC)CCOc1ccc(Nc2ncc3ccc(=O)n(C4CCCCCC4)c3n2)cc1","IC50"," 4"
"71","affinities",NA,"6274","CC(C)n1c2nc(Nc3ccc(cc3)N3CCN(C)CC3)ncc2ccc1=O","IC50"," 32"
"72","affinities",NA,"6275","CC(C)CCn1c2nc(Nc3ccc(cc3)N3CCN(C)CC3)ncc2ccc1=O","IC50"," 13"
"73","affinities",NA,"6276","CN1CCN(CC1)c1ccc(Nc2ncc3ccc(=O)n(C4CCCC4)c3n2)cc1","IC50"," 7"
"74","affinities",NA,"6277","CN1CCN(CC1)c1ccc(Nc2ncc3ccc(=O)n(C4CC5CCC4C5)c3n2)cc1 |THB:20:21:24.25:27|","IC50"," 6"
"75","affinities",NA,"6278","CN1CCN(CC1)c1ccc(Nc2ncc3ccc(=O)n(C4CCCCC4)c3n2)cc1","IC50"," 4"
"76","affinities",NA,"6279","OCCCC1CCN(CC1)c1ccc(Nc2ncc3ccc(=O)n(C4CCCC4)c3n2)cc1","IC50"," 34"
"77","affinities",NA,"6280","OCCCC1CCN(CC1)c1ccc(Nc2ncc3ccc(=O)n(C4CC5CCC4C5)c3n2)cc1 |THB:23:24:27.28:30|","IC50"," 8"
"78","affinities",NA,"6285","O=c1ccc2cnc(Nc3ccc(cn3)N3CCNCC3)nc2n1C1CCCC1","IC50"," 15"
"79","affinities",NA,"6286","O=c1ccc2cnc(Nc3ccc(cn3)N3CCNCC3)nc2n1C1CCCCC1","IC50"," 13"
"80","affinities",NA,"6287","Brc1cc2cnc(Nc3ccc(cn3)N3CCNCC3)nc2n(C2CCCC2)c1=O","IC50"," 16"
"81","affinities",NA,"6288","Fc1cc2cnc(Nc3ccc(cn3)N3CCNCC3)nc2n(C2CCCC2)c1=O","IC50"," 51"
"82","affinities",NA,"6289","Nc1cc2cnc(Nc3ccc(cn3)N3CCNCC3)nc2n(C2CCCC2)c1=O","IC50"," 19"
"83","affinities",NA,"6290","Cc1cc2cnc(Nc3ccc(cn3)N3CCNCC3)nc2n(C2CCCC2)c1=O","IC50"," 27"
"84","affinities",NA,"6291","CCc1cc2cnc(Nc3ccc(cn3)N3CCNCC3)nc2n(C2CCCC2)c1=O","IC50"," 22"
"85","affinities",NA,"6292","OCc1cc2cnc(Nc3ccc(cn3)N3CCNCC3)nc2n(C2CCCC2)c1=O","IC50"," 13"
"86","affinities",NA,"6293","COCc1cc2cnc(Nc3ccc(cn3)N3CCNCC3)nc2n(C2CCCC2)c1=O","IC50"," 13"
"87","affinities",NA,"6294","CCOCc1cc2cnc(Nc3ccc(cn3)N3CCNCC3)nc2n(C2CCCC2)c1=O","IC50"," 18"
"88","affinities",NA,"6295","COCCOCc1cc2cnc(Nc3ccc(cn3)N3CCNCC3)nc2n(C2CCCC2)c1=O","IC50"," 31"
"89","affinities",NA,"6297","CCOCCOc1cc2cnc(Nc3ccc(cn3)N3CCNCC3)nc2n(C2CCCC2)c1=O","IC50"," 37"
"90","affinities",NA,"6301","Cc1c(Br)c(=O)n(C2CCCC2)c2nc(Nc3ccc(cc3)N3CCNCC3)ncc12","IC50"," 5"
"91","affinities",NA,"6302","CC(=O)c1c(C)c2cnc(Nc3ccc(cc3)N3CCNCC3)nc2n(C2CCCC2)c1=O","IC50"," 2"
"92","affinities",NA,"6303","CCOC(=O)c1c(C)c2cnc(Nc3ccc(cc3)N3CCNCC3)nc2n(C2CCCC2)c1=O","IC50"," 6"
"93","affinities",NA,"6309","CC(=O)c1c(C)c2cnc(Nc3ccc(cn3)N3CCNCC3)nc2n(C2CCCC2)c1=O","IC50"," 3.8"
"94","affinities",NA,"6309","CC(=O)c1c(C)c2cnc(Nc3ccc(cn3)N3CCNCC3)nc2n(C2CCCC2)c1=O","Ki"," 3.0"
"95","affinities",NA,"6310","CCOC(=O)c1c(C)c2cnc(Nc3ccc(cn3)N3CCNCC3)nc2n(C2CCCC2)c1=O","IC50"," 49"
"96","affinities",NA,"6312","CC1CN(CC(C)N1)c1ccc(Nc2ncc3c(C)c(Br)c(=O)n(C4CCCC4)c3n2)nc1","IC50"," 63"
"97","affinities",NA,"6316","Cc1c(Br)c(=O)n(C2CCCC2)c2nc(Nc3ccc(cn3)N3CCC(O)CC3)ncc12","IC50"," 74"
"98","affinities",NA,"6318","COCCN(CCOC)c1ccc(Nc2ncc3c(C)c(C(C)=O)c(=O)n(C4CCCC4)c3n2)nc1","IC50"," 51"
"99","affinities",NA,"6319","CC(=O)c1c(C)c2cnc(Nc3ccc(cn3)N3CCNC(C)(C)C3)nc2n(C2CCCC2)c1=O","IC50"," 21"
"100","affinities",NA,"6320","CC1CN(CC(C)N1)c1ccc(Nc2ncc3c(C)c(C(C)=O)c(=O)n(C4CCCC4)c3n2)nc1","IC50"," 37"
"101","affinities",NA,"6321","CN1CCN(CC1)c1ccc(Nc2ncc3c(C)c(C(C)=O)c(=O)n(C4CCCC4)c3n2)nc1","IC50"," 5"
"102","affinities",NA,"6322","CC(=O)c1c(C)c2cnc(Nc3ccc(cn3)N3CCC(N)C3)nc2n(C2CCCC2)c1=O","IC50"," 14"
"103","affinities",NA,"6323","CC(=O)c1c(C)c2cnc(Nc3ccc(cn3)N3CCCNCC3)nc2n(C2CCCC2)c1=O","IC50"," 12"
"104","affinities",NA,"6324","CC(=O)c1c(C)c2cnc(Nc3ccc(cn3)N3CCCCC3)nc2n(C2CCCC2)c1=O","IC50"," 5"
"105","affinities",NA,"6325","CC(=O)c1c(C)c2cnc(Nc3ccc(cn3)N3CCC(O)CC3)nc2n(C2CCCC2)c1=O","IC50"," 19"
"106","affinities",NA,"6326","CC(=O)c1c(C)c2cnc(Nc3ccc(cn3)N3CCOCC3)nc2n(C2CCCC2)c1=O","IC50"," 4"
"107","affinities",NA,"6327","CC1CN(CC(C)O1)c1ccc(Nc2ncc3c(C)c(C(C)=O)c(=O)n(C4CCCC4)c3n2)nc1","IC50"," 30"
"108","affinities",NA,"6330","COc1ccc2cnc(Nc3ccc(cc3)N3CCC(N)C3)nc2c1C(C)C","IC50"," 11"
"109","affinities",NA,"6331","COc1ccc2cnc(Nc3ccc(cc3)N3CCCCC3)nc2c1C(C)C","IC50"," 52"
"110","affinities",NA,"6332","COc1ccc2cnc(Nc3ccc(cc3)N3CCOCC3)nc2c1C(C)C","IC50"," 52"
"111","affinities",NA,"6333","COc1ccc2cnc(Nc3ccc(cc3)N3CCNCC3)nc2c1C(C)C","IC50"," 16"
"112","affinities",NA,"6334","COc1ccc2cnc(Nc3ccc(N4CCNCC4)c(F)c3)nc2c1C(C)C","IC50"," 7"
"113","affinities",NA,"6335","COc1ccc2cnc(Nc3ccc(cc3)N3CCN(CC3)C(=O)CN)nc2c1C(C)C","IC50"," 10"
"114","affinities",NA,"6339","COc1ccc2cnc(Nc3ccc(cc3)N3CCCCC3)nc2c1C1CCCC1","IC50"," 11"
"115","affinities",NA,"6340","COc1ccc2cnc(Nc3ccc(cc3)N3CCOCC3)nc2c1C1CCCC1","IC50"," 18"
"116","affinities",NA,"6341","COc1ccc2cnc(Nc3ccc(cc3)N3CCNCC3)nc2c1C1CCCC1","IC50"," 1"
"117","affinities",NA,"6342","COc1ccc2cnc(Nc3ccc(N4CCNCC4)c(F)c3)nc2c1C1CCCC1","IC50"," 4"
"118","affinities",NA,"6343","COc1ccc2cnc(Nc3ccc(cc3)N3CCN(CC3)C(C)=O)nc2c1C1CCCC1","IC50"," 2"
"119","affinities",NA,"6344","COc1ccc2cnc(Nc3ccc(cc3)N3CCN(CC3)C(=O)CN)nc2c1C1CCCC1","IC50"," 2"
"120","affinities",NA,"6346","Oc1ccc2cnc(Nc3ccc(cc3)N3CCOCC3)nc2c1C1CCCC1","IC50"," 3"
"121","affinities",NA,"6347","Oc1ccc2cnc(Nc3ccc(cc3)N3CCNCC3)nc2c1C1CCCC1","IC50"," 1"
"122","affinities",NA,"6348","Oc1ccc2cnc(Nc3ccc(N4CCNCC4)c(F)c3)nc2c1C1CCCC1","IC50"," 1"
"123","affinities",NA,"6349","COc1cc(C)c2cnc(Nc3ccc(cc3)N3CCNCC3)nc2c1C1CCCC1","IC50"," 55"
"124","affinities",NA,"6351","Cc1cc(O)c(C2CCCC2)c2nc(Nc3ccc(cc3)N3CCNCC3)ncc12","IC50"," 20"
"125","affinities",NA,"6352","Cc1cc(=O)n(C2CCCC2)c2nc(Nc3ccc(cc3)N3CCNCC3)ncc12","IC50"," 14"
"126","affinities",NA,"6353","COc1ccc2cnc(Nc3ccc(cc3)N3CCN(CC3)C(C)=O)nc2c1C(C)C","IC50"," 25"
"127","affinities",NA,"6355","O=c1ccc2cnc(Nc3ccc(cc3)N3CCOCC3)nc2n1C1CCCC1","IC50"," 10"
"128","affinities",NA,"6356","O=c1ccc2cnc(Nc3ccc(cc3)N3CCCCC3)nc2n1C1CCCC1","IC50"," 10"
"129","affinities",NA,"6358","O=c1ccc2cnc(Nc3ccc(cc3)N3CCNCC3)nc2n1C1CCCC1","IC50"," 6"
"130","affinities",NA,"6359","CN1CCN(CC1)c1ccc(Nc2ncc3c(C)cc(=O)n(C4CCCC4)c3n2)cc1","IC50"," 18"
"131","affinities",NA,"6372","Cc1cc(=O)n(C2CCCC2)c2nc(Nc3ccc(cc3)N3CCC(N)C3)ncc12","IC50"," 64"
"132","affinities",NA,"6373","Cc1cc(=O)n(C2CCCC2)c2nc(Nc3ccc(cc3)N3CCCNCC3)ncc12","IC50"," 52"
"133","affinities",NA,"6374","Cc1cc(=O)n(C2CCCC2)c2nc(Nc3ccc(cc3)N3CCN(CCO)CC3)ncc12","IC50"," 35"
"134","affinities",NA,"6376","Cc1cc(=O)n(C2CCCC2)c2nc(Nc3ccc(cc3)N3CCNC(C)(C)C3)ncc12","IC50"," 65"
"135","affinities",NA,"6377","Cc1cc(=O)n(C2CCCC2)c2nc(Nc3ccc(N4CCNCC4)c(Cl)c3)ncc12","IC50"," 28"
"136","affinities",NA,"6379","CCc1c(C)c2cnc(Nc3ccc(cc3)N3CCNCC3)nc2n(C2CCCC2)c1=O","IC50"," 25"
"137","affinities",NA,"6380","Cc1c(F)c(=O)n(C2CCCC2)c2nc(Nc3ccc(cc3)N3CCNCC3)ncc12","IC50"," 30"
"138","affinities",NA,"6381","Cc1c(Cl)c(=O)n(C2CCCC2)c2nc(Nc3ccc(cc3)N3CCNCC3)ncc12","IC50"," 16"
"139","affinities",NA,"6383","Cc1c(I)c(=O)n(C2CCCC2)c2nc(Nc3ccc(cc3)N3CCNCC3)ncc12","IC50"," 5"
"140","affinities",NA,"6385","Cc1c(C(O)=O)c(=O)n(C2CCCC2)c2nc(Nc3ccc(cc3)N3CCNCC3)ncc12","IC50"," 32"
"141","affinities",NA,"6386","COC(=O)c1c(C)c2cnc(Nc3ccc(cc3)N3CCNCC3)nc2n(C2CCCC2)c1=O","IC50"," 4"
"142","affinities",NA,"6619","O=C(Nc1ccccn1)Nc1cccc2C(=O)N3CCC[C@@H]3c12 |r|","IC50"," 42"
"143","affinities",NA,"6623","CC(C)(C)NCc1cc(NC(=O)Nc2cccc3C(=O)N4CCCC4c23)[nH]n1","IC50"," 56"
"144","affinities",NA,"6624","O=C(Nc1cc(CNC2CCCC2)n[nH]1)Nc1cccc2C(=O)N3CCCC3c12","IC50"," 65"
"145","affinities",NA,"6626","O=C(Nc1ccn[nH]1)Nc1cccc2C(=O)N3CCC[C@@H]3c12 |r|","IC50"," 21"
"146","affinities",NA,"6627","O=C(Nc1ccn[nH]1)Nc1cccc2C(=O)N3CCC[C@H]3c12 |r|","IC50"," 29"
"147","affinities",NA,"6632","Clc1ccc2C[C@@H](Cc2c1)NCc1cc(NC(=O)Nc2cccc3C(=O)N4CCC[C@@H]4c23)[nH]n1 |r|","IC50"," 1.6"
"148","affinities",NA,"6633","Clc1ccc2C[C@@H](Cc2c1)NCc1cc(NC(=O)Nc2cccc3C(=O)N4CCC[C@H]4c23)[nH]n1 |r|","IC50"," 2.3"
"149","affinities",NA,"6706","O=C1NC(=O)c2c1c1c3ccccc3[nH]c1c1n3CCNCc4cccc(c34)c21","IC50"," 27"
"150","affinities",NA,"6707","Fc1ccc2[nH]c3c(c4C(=O)NC(=O)c4c4c5cccc6CNCCn(c56)c34)c2c1","IC50"," 34"
"151","affinities",NA,"6708","Fc1ccc2c(c1)[nH]c1c2c2C(=O)NC(=O)c2c2c3cccc4CNCCn(c34)c12","IC50"," 31"
"152","affinities",NA,"6710","FC(F)(F)c1ccc2c(c1)[nH]c1c2c2C(=O)NC(=O)c2c2c3cccc4CNCCn(c34)c12","IC50"," 69"
"153","affinities",NA,"6711","OCc1c(ccc2c1[nH]c1c2c2C(=O)NC(=O)c2c2c3cccc4CNCCn(c34)c12)C(F)(F)F","IC50"," 44"
"154","affinities",NA,"6712","CS(=O)(=O)N1CCn2c3c(C1)cccc3c1c3C(=O)NC(=O)c3c3c4ccccc4[nH]c3c21","IC50"," 53"
"155","affinities",NA,"6715","CC(C)N1CCn2c3c(C1)cccc3c1c3C(=O)NC(=O)c3c3c4ccccc4[nH]c3c21","IC50"," 78"
"156","affinities",NA,"6717","O=C1NC(=O)c2c1c1c3ccccc3[nH]c1c1n3CCCCNCc4cccc(c34)c21","IC50"," 84"
"157","affinities",NA,"6720","O=C1NC(=O)c2c1c1c3ccccc3[nH]c1c1n3CCCCc4cccc(c21)c34","IC50"," 94"
"158","affinities",NA,"6729","Brc1ccc2c(c1)[nH]c1c2c2C(=O)NC(=O)c2c2c3cccc4CCCn(c34)c12","IC50"," 90"
"159","affinities",NA,"6735","O=C1NC(=O)c2c1c1c3ccc(CN4CCC4)cc3[nH]c1c1n3CCCc4cccc(c21)c34","IC50"," 75"
"160","affinities",NA,"6736","O=C1NC(=O)c2c1c1c3ccc(CN4CCCC4)cc3[nH]c1c1n3CCCc4cccc(c21)c34","IC50"," 50"
"161","affinities",NA,"6737","O=C1NC(=O)c2c1c1c3ccc(CN4CCCCC4)cc3[nH]c1c1n3CCCc4cccc(c21)c34","IC50"," 87"
"162","affinities",NA,"6738","O=C1NC(=O)c2c1c1c3ccc(CN4CCOCC4)cc3[nH]c1c1n3CCCc4cccc(c21)c34","IC50"," 75"
"163","affinities",NA,"6739","O=C1NC(=O)c2c1c1c3ccc(CN4CCSCC4)cc3[nH]c1c1n3CCCc4cccc(c21)c34","IC50"," 90"
"164","affinities",NA,"6740","O=C1NC(=O)c2c1c1c3ccc(CN4CCNCC4)cc3[nH]c1c1n3CCCc4cccc(c21)c34","IC50"," 65"
"165","affinities",NA,"6741","O=C1NC(=O)c2c1c1c3ccc(CN4CCCNCC4)cc3[nH]c1c1n3CCCc4cccc(c21)c34","IC50"," 79"
"166","affinities",NA,"6742","OCC1CCc2cccc3c4c5C(=O)NC(=O)c5c5c6ccccc6[nH]c5c4n1c23","IC50"," 18"
"167","affinities",NA,"6743","OCC1Cc2cccc3c4c5C(=O)NC(=O)c5c5c6ccccc6[nH]c5c4n(C1)c23","IC50"," 71"
"168","affinities",NA,"6744","OCC1CCn2c3c1cccc3c1c3C(=O)NC(=O)c3c3c4ccccc4[nH]c3c21","IC50"," 31"
"169","affinities",NA,"6745","OCC1CCc2cccc3c4c5C(=O)NC(=O)c5c5c6ccc(F)cc6[nH]c5c4n1c23","IC50"," 2"
"170","affinities",NA,"6746","OCC1Cc2cccc3c4c5C(=O)NC(=O)c5c5c6ccc(F)cc6[nH]c5c4n(C1)c23","IC50"," 22"
"171","affinities",NA,"6747","OCC1Cc2cccc3c4c5C(=O)NC(=O)c5c5c6ccc(Br)cc6[nH]c5c4n(C1)c23","IC50"," 10"
"172","affinities",NA,"6748","OCC1Cc2cccc3c4c5C(=O)NC(=O)c5c5c6ccc(cc6[nH]c5c4n(C1)c23)C(F)(F)F","IC50"," 23"
"173","affinities",NA,"6749","COc1ccc2c(c1)[nH]c1c2c2C(=O)NC(=O)c2c2c3cccc4CC(CO)Cn(c34)c12","IC50"," 15"
"174","affinities",NA,"6752","OCC1Cc2cccc3c4c5C(=O)NC(=O)c5c5c(ccc6ccccc56)c4n(C1)c23","IC50"," 72"
"175","affinities",NA,"6754","Cn1ccc2ccc3c4n5CC(CO)Cc6cccc(c4c4C(=O)NC(=O)c4c3c12)c56","IC50"," 84"
"176","affinities",NA,"6755","Fc1ccc2c(c1)[nH]c1c2c2C(=O)NC(=O)c2c2c3cccc4CC(CCl)Cn(c34)c12","IC50"," 64"
"177","affinities",NA,"6756","CNCC1Cc2cccc3c4c5C(=O)NC(=O)c5c5c6ccc(F)cc6[nH]c5c4n(C1)c23","IC50"," 8"
"178","affinities",NA,"6760","COC(=O)[C@@]1(O)C[C@H]2O[C@]1(C)n1c3ccccc3c3c4CNC(=O)c4c4c5ccccc5n2c4c13 |r|","IC50"," 30"
"179","affinities",NA,"6766","Cn1c2ccccc2c2c3C(=O)NC(=O)c3c3c4ccc(F)cc4[nH]c3c12","IC50"," 42"
"180","affinities",NA,"6768","Cn1c2ccccc2c2c3C(=O)NC(=O)c3c3c4ccc(Br)cc4[nH]c3c12","IC50"," 74"
"181","affinities",NA,"6770","OCCCn1c2ccccc2c2c3C(=O)NC(=O)c3c3c4ccccc4[nH]c3c12","IC50"," 70"
"182","affinities",NA,"6772","CNCCCn1c2ccccc2c2c3C(=O)NC(=O)c3c3c4ccccc4[nH]c3c12","IC50"," 50"
"183","affinities",NA,"6776","Cn1c2ccccc2c2c3C(=O)NC(=O)c3c3c4ccccc4[nH]c3c12","IC50"," 80"
"184","affinities",NA,"6782","O=C1NC(=O)c2c1c1c3ccccc3[nH]c1c1ccc3cc[nH]c3c21","IC50"," 22"
"185","affinities",NA,"6783","Cn1ccc2ccc3c4[nH]c5ccccc5c4c4C(=O)NC(=O)c4c3c12","IC50"," 22"
"186","affinities",NA,"6784","CCn1ccc2ccc3c4[nH]c5ccccc5c4c4C(=O)NC(=O)c4c3c12","IC50"," 19"
"187","affinities",NA,"6785","Cn1ccc2ccc3c4[nH]c5cccc(F)c5c4c4C(=O)NC(=O)c4c3c12","IC50"," 71"
"188","affinities",NA,"6789","Cn1ccc2ccc3c4[nH]c5ccc(F)cc5c4c4C(=O)NC(=O)c4c3c12","IC50"," 39"
"189","affinities",NA,"6794","Cn1ccc2ccc3c4[nH]c5cc(F)ccc5c4c4C(=O)NC(=O)c4c3c12","IC50"," 11"
"190","affinities",NA,"6795","Cn1ccc2ccc3c4[nH]c5cc(Br)ccc5c4c4C(=O)NC(=O)c4c3c12","IC50","<13"
"191","affinities",NA,"6796","Cn1ccc2ccc3c4[nH]c5cc(ccc5c4c4C(=O)NC(=O)c4c3c12)C(F)(F)F","IC50"," 9"
"192","affinities",NA,"6797","Cn1ccc2ccc3c4[nH]c5cc(ccc5c4c4C(=O)NC(=O)c4c3c12)C#N","IC50"," 11"
"193","affinities",NA,"6798","Cc1ccc2c(c1)[nH]c1c2c2C(=O)NC(=O)c2c2c3n(C)ccc3ccc12","IC50"," 18"
"194","affinities",NA,"6799","CCc1ccc2c(c1)[nH]c1c2c2C(=O)NC(=O)c2c2c3n(C)ccc3ccc12","IC50"," 22"
"195","affinities",NA,"6800","Oc1ccc2c(c1)[nH]c1c2c2C(=O)NC(=O)c2c2c3[nH]ccc3ccc12","IC50"," 17"
"196","affinities",NA,"6801","Cn1ccc2ccc3c4[nH]c5cc(O)ccc5c4c4C(=O)NC(=O)c4c3c12","IC50"," 9"
"197","affinities",NA,"6802","COc1ccc2c(c1)[nH]c1c2c2C(=O)NC(=O)c2c2c3[nH]ccc3ccc12","IC50"," 36"
"198","affinities",NA,"6803","COc1ccc2c(c1)[nH]c1c2c2C(=O)NC(=O)c2c2c3n(C)ccc3ccc12","IC50"," 6"
"199","affinities",NA,"6804","CCOc1ccc2c(c1)[nH]c1c2c2C(=O)NC(=O)c2c2c3n(C)ccc3ccc12","IC50"," 10"
"200","affinities",NA,"6806","Cn1ccc2ccc3c4[nH]c5cc(OCc6ccccc6)ccc5c4c4C(=O)NC(=O)c4c3c12","IC50"," 25"
"201","affinities",NA,"6807","Cn1ccc2ccc3c4[nH]c5c(Br)cccc5c4c4C(=O)NC(=O)c4c3c12","IC50"," 93"
"202","affinities",NA,"6808","COc1cccc2c1[nH]c1c2c2C(=O)NC(=O)c2c2c3n(C)ccc3ccc12","IC50"," 40"
"203","affinities",NA,"6809","Cn1ccc2ccc3c4[nH]c5c(CCO)cccc5c4c4C(=O)NC(=O)c4c3c12","IC50"," 75"
"204","affinities",NA,"6810","Cn1ccc2ccc3c4[nH]c5c(CCCO)cccc5c4c4C(=O)NC(=O)c4c3c12","IC50"," 40"
"205","affinities",NA,"6811","Cc1cc2ccn(C)c2c2c3C(=O)NC(=O)c3c3c4ccccc4[nH]c3c12","IC50"," 2"
"206","affinities",NA,"6812","Cn1ccc2cc(F)c3c4[nH]c5ccccc5c4c4C(=O)NC(=O)c4c3c12","IC50"," 16"
"207","affinities",NA,"6813","COc1cc2ccn(C)c2c2c3C(=O)NC(=O)c3c3c4ccccc4[nH]c3c12","IC50"," 18"
"208","affinities",NA,"6814","COc1cc2c3[nH]c4ccccc4c3c3C(=O)NC(=O)c3c2c2n(C)ccc12","IC50"," 54"
"209","affinities",NA,"6815","Cc1cc2ccn(C)c2c2c3C(=O)NC(=O)c3c3c4ccc(F)cc4[nH]c3c12","IC50"," 6"
"210","affinities",NA,"6816","COc1ccc2c(c1)[nH]c1c2c2C(=O)NC(=O)c2c2c3n(C)ccc3cc(C)c12","IC50"," 7"
"211","affinities",NA,"6817","Cc1cc2ccn(C)c2c2c3C(=O)NC(=O)c3c3c4ccc(cc4[nH]c3c12)C(F)(F)F","IC50"," 25"
"212","affinities",NA,"6818","OCCCn1c2ccccc2c2c3C(=O)NC(=O)c3c3c4[nH]ccc4ccc3c12","IC50"," 12"
"213","affinities",NA,"6819","Cn1ccc2ccc3c4n(CCCO)c5ccccc5c4c4C(=O)NC(=O)c4c3c12","IC50"," 42"
"214","affinities",NA,"6820","CCn1ccc2ccc3c4n(CCCO)c5ccccc5c4c4C(=O)NC(=O)c4c3c12","IC50"," 90"
"215","affinities",NA,"6821","COc1ccc2c(c1)n(CCO)c1c2c2C(=O)NC(=O)c2c2c3n(C)ccc3ccc12","IC50"," 24"
"216","affinities",NA,"6822","COc1ccc2c(c1)n(CCCO)c1c2c2C(=O)NC(=O)c2c2c3n(C)ccc3ccc12","IC50"," 12"
"217","affinities",NA,"6823","Cc1cc2ccn(C)c2c2c3C(=O)NC(=O)c3c3c4ccccc4n(C)c3c12","IC50"," 45"
"218","affinities",NA,"6827","COc1ccc2c(c1)n(CCN1CCC[C@H]1CO)c1c2c2C(=O)NC(=O)c2c2c3n(C)ccc3ccc12 |r|","IC50"," 23"
"219","affinities",NA,"6828","COc1ccc2c(c1)n(CCN1CCCCC1)c1c2c2C(=O)NC(=O)c2c2c3n(C)ccc3ccc12","IC50"," 33"
"220","affinities",NA,"6829","COc1ccc2c(c1)n(CCNCCO)c1c2c2C(=O)NC(=O)c2c2c3n(C)ccc3ccc12","IC50"," 21"
"221","affinities",NA,"6830","COc1ccc2c(c1)n(CCN[C@H]1CC[C@H](O)CC1)c1c2c2C(=O)NC(=O)c2c2c3n(C)ccc3ccc12 |r,wU:15.16,wD:12.12,(-7.72,-2.27,;-7.56,-.74,;-6.15,-.12,;-5.99,1.42,;-4.58,2.04,;-3.34,1.14,;-3.5,-.4,;-4.91,-1.02,;-2.09,-1.02,;-1.77,-2.53,;-2.92,-3.56,;-2.6,-5.06,;-3.74,-6.1,;-5.07,-5.33,;-6.41,-6.1,;-6.41,-7.64,;-7.74,-8.41,;-5.07,-8.41,;-3.74,-7.64,;-1.06,.12,;-1.83,1.46,;-1.06,2.79,;-1.54,4.25,;-3,4.73,;-.29,5.16,;.95,4.25,;2.42,4.73,;.48,2.79,;1.25,1.46,;2.79,1.46,;3.82,2.6,;3.5,4.11,;5.23,1.97,;5.06,.44,;3.56,.12,;2.79,-1.21,;1.25,-1.21,;.48,.12,)|","IC50"," 23"
"222","affinities",NA,"6831","COc1ccc2c(c1)n(CCCN1CCC(CC1)C(N)=O)c1c2c2C(=O)NC(=O)c2c2c3n(C)ccc3ccc12","IC50"," 13"
"223","affinities",NA,"6832","COc1ccc2c(c1)n(CCCN1CCC(O)CC1)c1c2c2C(=O)NC(=O)c2c2c3n(C)ccc3ccc12","IC50"," 4"
"224","affinities",NA,"6833","COc1ccc2c(c1)n(CCCN1CCN(C)CC1)c1c2c2C(=O)NC(=O)c2c2c3n(C)ccc3ccc12","IC50"," 14"
"225","affinities",NA,"6834","COc1ccc2c(c1)n(CCCNCCO)c1c2c2C(=O)NC(=O)c2c2c3n(C)ccc3ccc12","IC50"," 28"
"226","affinities",NA,"6835","COc1ccc2c(c1)n(CCCN1CCOCC1)c1c2c2C(=O)NC(=O)c2c2c3n(C)ccc3ccc12","IC50"," 21"
"227","affinities",NA,"6836","COc1ccc2c(c1)n(CCCN1CCSCC1)c1c2c2C(=O)NC(=O)c2c2c3n(C)ccc3ccc12","IC50"," 47"
"228","affinities",NA,"6837","COC(=O)C1CCN(CCc2cccc3c2[nH]c2c3c3C(=O)NC(=O)c3c3c4n(C)ccc4ccc23)CC1","IC50"," 13"
"229","affinities",NA,"6838","Cn1ccc2ccc3c4[nH]c5c(CCN6CCC(CC6)C(N)=O)cccc5c4c4C(=O)NC(=O)c4c3c12","IC50"," 5"
"230","affinities",NA,"6839","Cn1ccc2ccc3c4[nH]c5c(CCN6CCNCC6)cccc5c4c4C(=O)NC(=O)c4c3c12","IC50"," 15"
"231","affinities",NA,"6840","Cn1ccc2ccc3c4[nH]c5c(CCN6CCC(O)CC6)cccc5c4c4C(=O)NC(=O)c4c3c12","IC50"," 8"
"232","affinities",NA,"6841","Cn1ccc2ccc3c4[nH]c5c(CCN6CCC[C@H]6CO)cccc5c4c4C(=O)NC(=O)c4c3c12 |r|","IC50"," 23"
"233","affinities",NA,"6842","Cn1ccc2ccc3c4[nH]c5c(CCN6CCCCC6)cccc5c4c4C(=O)NC(=O)c4c3c12","IC50"," 11"
"234","affinities",NA,"6843","Cn1ccc2ccc3c4[nH]c5c(CCNCCO)cccc5c4c4C(=O)NC(=O)c4c3c12","IC50"," 10"
"235","affinities",NA,"6844","Cn1ccc2ccc3c4[nH]c5c(CCN6CCOCC6)cccc5c4c4C(=O)NC(=O)c4c3c12","IC50"," 15"
"236","affinities",NA,"6845","Cn1ccc2ccc3c4[nH]c5c(CCN6CCSCC6)cccc5c4c4C(=O)NC(=O)c4c3c12","IC50"," 24"
"237","affinities",NA,"6846","Cn1ccc2ccc3c4[nH]c5c(CCN[C@H]6CC[C@H](O)CC6)cccc5c4c4C(=O)NC(=O)c4c3c12 |r,wU:18.18,wD:15.14,(3.5,4.11,;3.82,2.6,;5.23,1.97,;5.06,.44,;3.56,.12,;2.79,-1.21,;1.25,-1.21,;.48,.12,;-1.06,.12,;-2.09,-1.02,;-3.5,-.4,;-4.91,-1.02,;-5.07,-2.55,;-6.44,-3.25,;-6.52,-4.79,;-7.89,-5.49,;-9.23,-4.72,;-10.56,-5.49,;-10.56,-7.03,;-11.89,-7.8,;-9.23,-7.8,;-7.89,-7.03,;-6.15,-.12,;-5.99,1.42,;-4.58,2.04,;-3.34,1.14,;-1.83,1.46,;-1.06,2.79,;-1.54,4.25,;-3,4.73,;-.29,5.16,;.95,4.25,;2.42,4.73,;.48,2.79,;1.25,1.46,;2.79,1.46,)|","IC50"," 5"
"238","affinities",NA,"6847","CN1CCN(CCCc2cccc3c2[nH]c2c3c3C(=O)NC(=O)c3c3c4n(C)ccc4ccc23)CC1","IC50"," 35"
"239","affinities",NA,"6848","Cn1ccc2ccc3c4[nH]c5c(CCCNCCO)cccc5c4c4C(=O)NC(=O)c4c3c12","IC50"," 19"
"240","affinities",NA,"6849","Cn1ccc2ccc3c4[nH]c5c(CCCN6CCOCC6)cccc5c4c4C(=O)NC(=O)c4c3c12","IC50"," 43"
"241","affinities",NA,"6850","CCN(CC)CCCc1cccc2c1[nH]c1c2c2C(=O)NC(=O)c2c2c3n(C)ccc3ccc12","IC50"," 24"
"242","affinities",NA,"6851","Cn1ccc2ccc3c4[nH]c5c(CCCN[C@H]6CC[C@H](O)CC6)cccc5c4c4C(=O)NC(=O)c4c3c12 |r,wU:19.19,wD:16.15,(3.5,4.11,;3.82,2.6,;5.23,1.97,;5.06,.44,;3.56,.12,;2.79,-1.21,;1.25,-1.21,;.48,.12,;-1.06,.12,;-2.09,-1.02,;-3.5,-.4,;-4.91,-1.02,;-5.07,-2.55,;-6.44,-3.25,;-6.84,-4.74,;-8.32,-5.14,;-9.66,-4.37,;-9.66,-2.83,;-10.99,-2.06,;-12.33,-2.83,;-13.66,-2.06,;-12.33,-4.37,;-10.99,-5.14,;-6.15,-.12,;-5.99,1.42,;-4.58,2.04,;-3.34,1.14,;-1.83,1.46,;-1.06,2.79,;-1.54,4.25,;-3,4.73,;-.29,5.16,;.95,4.25,;2.42,4.73,;.48,2.79,;1.25,1.46,;2.79,1.46,)|","IC50"," 19"
"243","affinities",NA,"6854","Clc1ccc2c(c1)[nH]c1c3[nH]c4ccccc4c3c3C(=O)NC(=O)c3c21","IC50"," 72"
"244","affinities",NA,"6858","Brc1cccc2[nH]c3c4[nH]c5ccccc5c4c4C(=O)NC(=O)c4c3c12","IC50"," 80"
"245","affinities",NA,"6860","Brc1ccc2c(c1)[nH]c1c3[nH]c4ccccc4c3c3C(=O)NC(=O)c3c21","IC50"," 76"
"246","affinities",NA,"6878","Nc1nc(Nc2ccc(cc2)S(N)(=O)=O)nn1C(=S)Nc1c(F)cccc1F","IC50"," 59"
"247","affinities",NA,"6914","COc1ccc(cc1)-c1n[nH]c2-c3cccc(NC(=O)NNC(=O)C(C)C)c3C(=O)c12","IC50"," 6.5"
"248","affinities",NA,"6915","COc1ccc(cc1)-c1n[nH]c2-c3cccc(NC(=O)NNC(=O)CCc4ccc(O)cc4)c3C(=O)c12","IC50"," 9"
"249","affinities",NA,"6916","COc1ccc(cc1)C(=O)NNC(=O)Nc1cccc2-c3[nH]nc(c3C(=O)c12)-c1ccc(OC)cc1","IC50"," 11"
"250","affinities",NA,"6917","COc1ccc(cc1)-c1n[nH]c2-c3cccc(NC(=O)NNC(=O)c4cccc(c4)[N+]([O-])=O)c3C(=O)c12","IC50"," 10"
"251","affinities",NA,"6918","COc1ccc(cc1)-c1n[nH]c2-c3cccc(NC(=O)NNC(=O)c4cc(OC)c(OC)c(OC)c4)c3C(=O)c12","IC50"," 7"
"252","affinities",NA,"6919","COc1ccc(cc1)-c1n[nH]c2-c3cccc(NC(=O)NNC(=O)c4cccc(C)c4)c3C(=O)c12","IC50"," 7"
"253","affinities",NA,"6920","COc1ccc(cc1)-c1n[nH]c2-c3cccc(NC(=O)NNC(=O)c4ccc(O)c(N)c4)c3C(=O)c12","IC50"," 7"
"254","affinities",NA,"6921","COc1ccc(cc1)-c1n[nH]c2-c3cccc(NC(=O)NNC(=O)c4cc(Cl)ccc4Cl)c3C(=O)c12","IC50"," 28"
"255","affinities",NA,"6922","COc1ccc(cc1)-c1n[nH]c2-c3cccc(NC(=O)NNC(=O)c4ccc(O)c(O)c4)c3C(=O)c12","IC50"," 5"
"256","affinities",NA,"6923","COc1ccc(cc1)-c1n[nH]c2-c3cccc(NC(=O)NNC(=O)c4cc(N)cc(N)c4)c3C(=O)c12","IC50"," 16"
"257","affinities",NA,"6927","COC(=O)NNC(=O)Nc1cccc2-c3[nH]nc(c3C(=O)c12)-c1ccc(OC)cc1","IC50"," 8"
"258","affinities",NA,"6930","COc1ccc(cc1)-c1n[nH]c2-c3cccc(NC(=O)NNC(=O)c4ccccc4O)c3C(=O)c12","IC50"," 60"
"259","affinities",NA,"6931","COc1ccc(cc1)-c1n[nH]c2-c3cccc(NC(=O)NNC(=O)c4ccc5ccccc5c4)c3C(=O)c12","IC50"," 13"
"260","affinities",NA,"6932","COc1ccc(cc1)-c1n[nH]c2-c3cccc(NC(=O)NNC(=O)Cc4ccccc4)c3C(=O)c12","IC50"," 27"
"261","affinities",NA,"6933","COc1ccc(cc1)-c1n[nH]c2-c3cccc(NC(=O)NNC(=O)c4cc(OC)cc(OC)c4)c3C(=O)c12","IC50"," 24"
"262","affinities",NA,"6934","COc1ccc(cc1)-c1n[nH]c2-c3cccc(NC(=O)NNC(=O)c4ccccc4)c3C(=O)c12","IC50"," 7"
"263","affinities",NA,"6935","COc1ccc(cc1)-c1n[nH]c2-c3cccc(NC(=O)NNC(=O)c4ccncc4)c3C(=O)c12","IC50"," 9"
"264","affinities",NA,"6936","COc1ccc(cc1)-c1n[nH]c2-c3cccc(NC(=O)NNC(=O)c4cccnc4)c3C(=O)c12","IC50"," 9"
"265","affinities",NA,"6937","COc1ccc(cc1)-c1n[nH]c2-c3cccc(NC(=O)NNC(=O)c4ccc(O)cc4O)c3C(=O)c12","IC50"," 12"
"266","affinities",NA,"6938","COc1ccc(cc1)-c1n[nH]c2-c3cccc(NC(=O)NNC(C)=O)c3C(=O)c12","IC50"," 57"
"267","affinities",NA,"6939","COc1ccc(cc1)-c1n[nH]c2-c3cccc(NC(=O)NNC(=O)c4ccc(O)cc4)c3C(=O)c12","IC50"," 5"
"268","affinities",NA,"6941","COc1ccc(cc1)-c1n[nH]c2-c3cccc(NC(=O)NNC(=O)c4cccc(N)c4)c3C(=O)c12","IC50"," 7"
"269","affinities",NA,"6942","COc1ccc(cc1)-c1n[nH]c2-c3cccc(NC(=O)NNC(=O)c4ccc(N)cc4)c3C(=O)c12","IC50"," 10"
"270","affinities",NA,"7600","CN(C)CC(O)COc1ccc(Nc2cc(ncn2)N(CC#N)c2cc(Cl)ccc2Cl)cc1","IC50"," 50"
"271","affinities",NA,"7628","CN(C)CC(O)COc1ccc(Nc2ncc(Br)c(n2)N(CCCC(F)(F)F)c2ccccc2)cc1","IC50"," 10"
"272","affinities",NA,"8061","Cc1nc(N)sc1-c1ccnc(Nc2cccc(c2)N(=O)=O)n1","Ki"," 53"
"273","affinities",NA,"8128","COc1cccc(Nc2nccc(n2)-c2cnn3ncccc23)c1","IC50"," 63"
"274","affinities",NA,"8129","N#Cc1ccc(Nc2nccc(n2)-c2cnn3ncccc23)cc1","IC50"," 63"
"275","affinities",NA,"8130","O=N(=O)c1ccc(Nc2nccc(n2)-c2cnn3ncccc23)cc1","IC50"," 25"
"276","affinities",NA,"8136","C1COc2cc(Nc3nccc(n3)-c3cnn4ncccc34)ccc2O1","IC50"," 15"
"277","affinities",NA,"8140","FC(F)(F)c1cc(Nc2nccc(n2)-c2cnn3ncccc23)ccc1Cl","IC50"," 15"
"278","affinities",NA,"8141","COC1CC(OC)=CC(C1)=Nc1nccc(n1)-c1cnn2ncccc12 |w:10.11,c:6|","IC50"," 19"
"279","affinities",NA,"8144","Fc1cc(F)cc(Nc2nccc(n2)-c2cnn3ncccc23)c1","IC50"," 6"
"280","affinities",NA,"8160","Cc1ccc2c(cnn2n1)-c1ccnc(Nc2cccc(c2)C(F)(F)F)n1","IC50"," 31"
"281","affinities",NA,"8163","Cc1ccc2c(cnn2n1)-c1ccnc(Nc2ccc3OCCOc3c2)n1","IC50"," 79"
"282","affinities",NA,"12082","CN(C)C[C@@H](O)COc1ccc(Nc2cc(ncn2)N(CC#N)c2cc(C)ccc2Cl)cc1 |r|","IC50"," 47"
"283","affinities",NA,"12609","COc1ccccc1C(=O)c1cnc(NC2CCN(CC2)C(C)=O)nc1N","Ki"," 66"
"284","affinities",NA,"12610","CCCC(=O)N1CCC(CC1)Nc1ncc(C(=O)c2ccccc2OC)c(N)n1","Ki"," 98"
"285","affinities",NA,"12611","COc1ccccc1C(=O)c1cnc(NC2CCN(CC2)S(C)(=O)=O)nc1N","Ki"," 14"
"286","affinities",NA,"12612","CCS(=O)(=O)N1CCC(CC1)Nc1ncc(C(=O)c2ccccc2OC)c(N)n1","Ki"," 16"
"287","affinities",NA,"12616","COc1cc(F)ccc1C(=O)c1cnc(NC2CCN(CC2)S(C)(=O)=O)nc1N","Ki"," 21"
"288","affinities",NA,"12617","COc1ccc(F)cc1C(=O)c1cnc(NC2CCN(CC2)S(C)(=O)=O)nc1N","Ki"," 7"
"289","affinities",NA,"12618","COc1ccc(Cl)cc1C(=O)c1cnc(NC2CCN(CC2)S(C)(=O)=O)nc1N","Ki"," 36"
"290","affinities",NA,"12619","COc1cccc(F)c1C(=O)c1cnc(NC2CCN(CC2)S(C)(=O)=O)nc1N","Ki"," 3"
"291","affinities",NA,"12620","CS(=O)(=O)N1CCC(CC1)Nc1ncc(C(=O)c2c(F)cccc2F)c(N)n1","Ki"," 17"
"292","affinities",NA,"12621","COc1ccc(F)c(F)c1C(=O)c1cnc(NC2CCN(CC2)S(C)(=O)=O)nc1N","Ki"," 1"
"293","affinities",NA,"12622","COc1cc(F)c(F)cc1C(=O)c1cnc(NC2CCN(CC2)S(C)(=O)=O)nc1N","Ki"," 6"
"294","affinities",NA,"12623","COc1cc(F)c(F)c(F)c1C(=O)c1cnc(NC2CCN(CC2)S(C)(=O)=O)nc1N","Ki"," 1"
"295","affinities",NA,"14187","O=C1NC(=O)c2c1c1c3ccccc3[nH]c1c1ccc3ccccc3c21","IC50"," 45"
"296","affinities",NA,"14189","CN1CCN(CC1)c1ccc(Nc2ncc3ccn(C4CCCCC4)c3n2)cc1","IC50"," 31"
"297","affinities",NA,"14194","CN1CCN(CC1)c1ccc(Nc2ncc3ccn(C4CC5CCC4C5)c3n2)cc1 |THB:18:19:25:23.22|","IC50"," 29"
"298","affinities",NA,"17140","O=C1NC(=O)c2c1c1c3ccccc3n3[C@H]4CC[C@@H](O4)n4c5ccccc5c2c4c13 |r|","Ki"," 16"
"299","affinities",NA,"50576","COc1cc(O)c(C(O)=O)c(c1)-c1cc(O)c(O)cc1C","IC50"," 4.5"
"300","affinities",NA,"59097","CNc1nc(C)c(s1)-c1ccnc(Nc2ccc(cc2)N2CCNCC2)n1","IC50"," 7"
"301","affinities",NA,"112464","C[C@H]1CC[C@@H](CC1)n1c2cnccc2c2cnc(Nc3ccc4CN(CCc4n3)C(=O)CO)nc12 |r,wU:4.7,wD:1.0,(4.13,-3.21,;3.73,-1.73,;4.82,-.64,;4.42,.85,;2.93,1.25,;1.84,.16,;2.24,-1.33,;2.53,2.74,;3.44,3.98,;4.97,4.14,;5.6,5.55,;4.69,6.8,;3.16,6.64,;2.53,5.23,;1.07,4.75,;-.26,5.52,;-1.6,4.75,;-1.6,3.21,;-2.93,2.44,;-2.93,.9,;-1.6,.13,;-1.6,-1.41,;-2.93,-2.18,;-2.93,-3.72,;-4.26,-4.49,;-5.6,-3.72,;-5.6,-2.18,;-4.26,-1.41,;-4.26,.13,;-4.26,-6.03,;-5.6,-6.8,;-2.93,-6.8,;-1.6,-6.03,;-.26,2.44,;1.07,3.21,)|","IC50"," 3.0"
"302","affinities",NA,"130909","CNC1CC2OC(C)(C1OC)n1c3ccccc3c3c4CNC(=O)c4c4c5ccccc5n2c4c13","IC50"," 37.5"
"303","affinities",NA,"139540","CN[C@@H]1CC2OC([C@@H]1OC)n1c3ccccc3c3c4CNC(=O)c4c4c5ccccc5n2c4c13 |r|","IC50"," 37.5"
"304","affinities",NA,"148264","CN(C)C(=O)c1cc2cnc(Nc3ccc(cn3)N3CCNCC3)nc2n1C1CCCC1","IC50"," 10.0"
"305","affinities",NA,"253909","C[C@H](O)CN1CCN(CC1)c1ccc(Nc2ncc3cc4C(=O)NCC5(CCCCC5)n4c3n2)nc1 |r|","IC50"," 4.2"
"306","affinities",NA,"253910","C[C@H]1CN(CCN1CC1CC1)c1ccc(Nc2ncc3cc4C(=O)NCC5(CCCCC5)n4c3n2)nc1 |r|","IC50"," 0.4"
"307","affinities",NA,"253911","C[C@H](O)CN1CCN(C[C@@H]1C)c1ccc(Nc2ncc3cc4C(=O)NCC5(CCCCC5)n4c3n2)nc1 |r|","IC50"," 1.4"
"308","affinities",NA,"253912","CN1CCN(CC1(C)C)c1ccc(Nc2ncc3cc4C(=O)NCC5(CCCCC5)n4c3n2)nc1","IC50"," 0.9"
"309","affinities",NA,"253913","CC(C)C1CN(CCN1)c1ccc(Nc2ncc3cc4C(=O)NCC5(CCCCC5)n4c3n2)nc1","IC50"," 1"
"310","affinities",NA,"253914","O=C1NCC2(CCCCC2)n2c1cc1cnc(Nc3ccc(cn3)N3CCN(CC3)C3CCC3)nc21","IC50"," 1.5"
"311","affinities",NA,"253915","CC1CN(CCN1CCC(C)(C)C)c1ccc(Nc2ncc3cc4C(=O)NCC5(CCCCC5)n4c3n2)nc1","IC50"," 1.5"
"312","affinities",NA,"253916","CC1(C)CN(CCN1CC1CC1)c1ccc(Nc2ncc3cc4C(=O)NCC5(CCCCC5)n4c3n2)nc1","IC50"," 1.5"
"313","affinities",NA,"253917","CC1(C)CN(CCN1)c1ccc(Nc2ncc3cc4C(=O)NCC5(CCCCC5)n4c3n2)nc1","IC50"," 2"
"314","affinities",NA,"253918","C[C@@H](O)CN1CCN(C[C@H]1C)c1ccc(Nc2ncc3cc4C(=O)NCC5(CCCCC5)n4c3n2)nc1 |r|","IC50"," 0.7"
"315","affinities",NA,"253919","CC1CCN(C1)C1CCN(CC1)c1ccc(Nc2ncc3cc4C(=O)NCC5(CCCCC5)n4c3n2)nc1","IC50"," 1"
"316","affinities",NA,"253920","CC(C)N1CCN(C[C@H]1C)c1ccc(Nc2ncc3cc4C(=O)NCC5(CCCCC5)n4c3n2)nc1 |r|","IC50"," 5.7"
"317","affinities",NA,"253921","C[C@H]1CN(CCN1CCC(C)(C)C)c1ccc(Nc2ncc3cc4C(=O)NCC5(CCCCC5)n4c3n2)nc1 |r|","IC50"," 2.3"
"318","affinities",NA,"253922","O=C1NCC2(CCCCC2)n2c1cc1cnc(Nc3ccc(cn3)N3CCC(CC3)N3CCCCC3)nc21","IC50"," 1"
"319","affinities",NA,"253923","CN(C)C1CCN(CC1)c1ccc(Nc2ncc3cc4C(=O)NCC5(CCCCC5)n4c3n2)nc1","IC50"," 2.5"
"320","affinities",NA,"253924","C[C@H]1CN(C[C@@H](C)N1)c1ccc(Nc2ncc3cc4C(=O)NCC5(CCCCC5)n4c3n2)nc1 |r|","IC50"," 3.3"
"321","affinities",NA,"253925","O=C1NCC2(CCCCC2)n2c1cc1cnc(Nc3ccc(cn3)N3CCNCC3)nc21","IC50"," 0.6"
"322","affinities",NA,"253926","C[C@H]1CN(CCN1C)c1ccc(Nc2ncc3cc4C(=O)NCC5(CCCCC5)n4c3n2)nc1 |r|","IC50"," 0.5"
"323","affinities",NA,"253927","C[C@@H](O)CN1CCN(CC1)c1ccc(Nc2ncc3cc4C(=O)NCC5(CCCCC5)n4c3n2)nc1 |r|","IC50"," 1.7"
"324","affinities",NA,"253928","CN1CCN(CC1)c1ccc(Nc2ncc3cc4C(=O)NCC5(CCCCC5)n4c3n2)nc1","IC50"," 0.8"
"325","affinities",NA,"253929","O=C1NCC2(CCCCC2)n2c1cc1cnc(Nc3ccc(cn3)N3CCC(CC3)N3CCOCC3)nc21","IC50"," 0.655"
"326","affinities",NA,"253930","C[C@@H]1CN(CCN1)c1ccc(Nc2ncc3cc4C(=O)NCC5(CCCCC5)n4c3n2)nc1 |r|","IC50"," 2.9"
"327","affinities",NA,"253931","CC1CN(CCN1CC(C)(C)O)c1ccc(Nc2ncc3cc4C(=O)NCC5(CCCCC5)n4c3n2)nc1","IC50"," 2.7"
"328","affinities",NA,"253932","FC(F)(F)C1CCN(CC1)C1CCN(CC1)c1ccc(Nc2ncc3cc4C(=O)NCC5(CCCCC5)n4c3n2)nc1","IC50"," 0.9"
"329","affinities",NA,"253933","O=C(N1CCNCC1)c1ccc(Nc2ncc3cc4C(=O)NCC5(CCCCC5)n4c3n2)nc1","IC50"," 2.5"
"330","affinities",NA,"253934","C[C@H](O)CN1[C@@H](C)CN(C[C@H]1C)c1ccc(Nc2ncc3cc4C(=O)NCC5(CCCCC5)n4c3n2)nc1 |r|","IC50"," 3.2"
"331","affinities",NA,"253935","CC(C)N1CCN(C[C@@H]1C)c1ccc(Nc2ncc3cc4C(=O)NCC5(CCCCC5)n4c3n2)nc1 |r|","IC50"," 0.5"
"332","affinities",NA,"253936","CC1(C)CN(CCN1C1CC1)c1ccc(Nc2ncc3cc4C(=O)NCC5(CCCCC5)n4c3n2)nc1","IC50"," 0.8"
"333","affinities",NA,"253937","CCN(CC)C1CCN(CC1)c1ccc(Nc2ncc3cc4C(=O)NCC5(CCCCC5)n4c3n2)nc1","IC50"," 1.6"
"334","affinities",NA,"253938","C[C@H]1CN(C[C@@H](C)N1C)c1ccc(Nc2ncc3cc4C(=O)NCC5(CCCCC5)n4c3n2)nc1 |r|","IC50"," 1.9"
"335","affinities",NA,"253939","CC(C)N1CCN(Cc2ccc(Nc3ncc4cc5C(=O)NCC6(CCCCC6)n5c4n3)nc2)CC1","IC50"," 3.8"
"336","affinities",NA,"253940","CCN1[C@@H](C)CN(C[C@H]1C)c1ccc(Nc2ncc3cc4C(=O)NCC5(CCCCC5)n4c3n2)nc1 |r|","IC50"," 1.2"
"337","affinities",NA,"253941","CC(C)N1CCN(CC1)c1ccc(Nc2ncc3cc4C(=O)NCC5(CCCCC5)n4c3n2)nc1","IC50"," 1"
"338","affinities",NA,"253942","O=C1NCC2(CCCCC2)n2c1cc1cnc(Nc3ccc(cn3)N3CCN(CC4CC4)CC3)nc21","IC50"," 1.7"
"339","affinities",NA,"253943","CC(C)N1CCN(CC1)C(=O)c1ccc(Nc2ncc3cc4C(=O)NCC5(CCCCC5)n4c3n2)nc1","IC50"," 2"
"340","affinities",NA,"253944","CCN(CC)C1CCN(C1)C(=O)c1ccc(Nc2ncc3cc4C(=O)NCC5(CCCCC5)n4c3n2)nc1","IC50"," 1.4"
"341","affinities",NA,"253945","C[C@H]1CN(CCN1)c1ccc(Nc2ncc3cc4C(=O)NCC5(CCCCC5)n4c3n2)nc1 |r|","IC50"," 2.3"
"342","affinities",NA,"253946","O=C(N1CCN(CC1)C1CCC1)c1ccc(Nc2ncc3cc4C(=O)NCC5(CCCCC5)n4c3n2)nc1","IC50"," 2"
"343","affinities",NA,"253947","C[C@@H](O)CN1[C@@H](C)CN(C[C@H]1C)c1ccc(Nc2ncc3cc4C(=O)NCC5(CCCCC5)n4c3n2)nc1 |r|","IC50"," 1.8"
"344","affinities",NA,"253948","C[C@@H]1CN(CCN1C)c1ccc(Nc2ncc3cc4C(=O)NCC5(CCCCC5)n4c3n2)nc1 |r|","IC50"," 3.7"
"345","affinities",NA,"253949","CC1CN(CC(C)N1CC1CC1)c1ccc(Nc2ncc3cc4C(=O)NCC5(CCCCC5)n4c3n2)nc1","IC50"," 9"
"346","affinities",NA,"253950","CC(C)N1CCN(CC1C)c1ccc(Nc2ncc3cc4C(=O)NCC5(CCCCC5)n4c3n2)nc1","IC50"," 3.1"
"347","affinities",NA,"253951","CCN(CC)C1CCN(C1)c1ccc(Nc2ncc3cc4C(=O)NCC5(CCCCC5)n4c3n2)nc1","IC50"," 4.1"
"348","affinities",NA,"253952","CCN(CC)C1CCN(C1)C1CCN(CC1)c1ccc(Nc2ncc3cc4C(=O)NCC5(CCCCC5)n4c3n2)nc1","IC50"," 1.2"
"349","affinities",NA,"253953","CN(C)C1CCN(CC1)c1ccc(Nc2ncc3cc4C(=O)NCC5(CCCCC5)n4c3n2)nn1","IC50"," 0.8"
"350","affinities",NA,"253954","CC(C)N1CCN(CC1)c1ccc(Nc2ncc3cc4C(=O)NCC5(CCCCC5)n4c3n2)nn1","IC50"," 0.8"
"351","affinities",NA,"253955","CCN(CC)C1CCN(C1)c1ccc(Nc2ncc3cc4C(=O)NCC5(CCCC5)n4c3n2)nc1","IC50"," 7.3"
"352","affinities",NA,"253956","C[C@@H](O)CN1CCN(C[C@@H]1C)c1ccc(Nc2ncc3cc4C(=O)NCC5(CCCC5)n4c3n2)nc1 |r|","IC50"," 3.3"
"353","affinities",NA,"253957","O=C1NCC2(CCCC2)n2c1cc1cnc(Nc3ccc(cn3)N3CCC(CC3)N3CCOCC3)nc21","IC50"," 0.7"
"354","affinities",NA,"253958","C[C@H](O)CN1CCN(C[C@H]1C)c1ccc(Nc2ncc3cc4C(=O)NCC5(CCCC5)n4c3n2)nc1 |r|","IC50"," 1.3"
"355","affinities",NA,"253959","CN(C)C1CCN(CC1)c1ccc(Nc2ncc3cc4C(=O)NCC5(CCCC5)n4c3n2)nc1","IC50"," 4.6"
"356","affinities",NA,"253960","CN1CCN(CC1)c1ccc(Nc2ncc3cc4C(=O)NCC5(CCCC5)n4c3n2)nc1","IC50"," 10.5"
"357","affinities",NA,"253961","CCC(C)CN1CCN(CC1)c1ccc(Nc2ncc3cc4C(=O)NCC5(CCCC5)n4c3n2)nc1","IC50"," 2.3"
"358","affinities",NA,"253962","CN1CCN(CC1)C(=O)c1ccc(Nc2ncc3cc4C(=O)NCC5(CCCC5)n4c3n2)nc1","IC50"," 2.8"
"359","affinities",NA,"253963","CC(C)(C)CCN1CCN(CC1(C)C)c1ccc(Nc2ncc3cc4C(=O)NCC5(CCCC5)n4c3n2)nc1","IC50"," 2"
"360","affinities",NA,"253964","C[C@H]1CN(C[C@@H](C)N1)c1ccc(Nc2ncc3cc4C(=O)NCC5(CCCC5)n4c3n2)nc1 |r|","IC50"," 9.5"
"361","affinities",NA,"253965","CC(C)(O)CN1CCN(CC1)c1ccc(Nc2ncc3cc4C(=O)NCC5(CCCC5)n4c3n2)nc1","IC50"," 0.2"
"362","affinities",NA,"253967","CC(C)N1CCN(CC1C)c1ccc(Nc2ncc3cc4C(=O)NCC5(CCCC5)n4c3n2)nc1","IC50"," 13.7"
"363","affinities",NA,"253968","O=C1NCC2(CCCC2)n2c1cc1cnc(Nc3ccc(cn3)N3CCC(CC3)N3CCCCC3)nc21","IC50"," 6.8"
"364","affinities",NA,"253969","CC(C)N1CCN(CC1)c1ccc(Nc2ncc3cc4C(=O)NCC5(CCCC5)n4c3n2)nc1","IC50"," 6"
"365","affinities",NA,"253970","CCC(C)CN1[C@@H](C)CN(C[C@H]1C)c1ccc(Nc2ncc3cc4C(=O)NCC5(CCCC5)n4c3n2)nc1 |r|","IC50"," 3.2"
"366","affinities",NA,"253971","CC(C)(C)CCN1CCN(CC1)c1ccc(Nc2ncc3cc4C(=O)NCC5(CCCC5)n4c3n2)nc1","IC50"," 1.3"
"367","affinities",NA,"253972","CCN(CC)C1CCN(CC1)c1ccc(Nc2ncc3cc4C(=O)NCC5(CCCC5)n4c3n2)nc1","IC50"," 3.2"
"368","affinities",NA,"253973","CCOCCN1CCN(CC1)c1ccc(Nc2ncc3cc4C(=O)NCC5(CCCC5)n4c3n2)nc1","IC50"," 3.2"
"369","affinities",NA,"253974","CC1CN(CCN1CC1CC1)c1ccc(Nc2ncc3cc4C(=O)NCC5(CCCC5)n4c3n2)nc1","IC50"," 1.4"
"370","affinities",NA,"253975","O=C(N1CCN(CC2CC2)CC1)c1ccc(Nc2ncc3cc4C(=O)NCC5(CCCC5)n4c3n2)nc1","IC50"," 2.4"
"371","affinities",NA,"253976","CC1CN(CC(C)N1CCC(C)(C)C)c1ccc(Nc2ncc3cc4C(=O)NCC5(CCCC5)n4c3n2)nc1","IC50"," 0.8"
"372","affinities",NA,"253977","O=C1NCC2(CCCC2)n2c1cc1cnc(Nc3ccc(cn3)N3CCNCC3)nc21","IC50"," 10.5"
"373","affinities",NA,"253978","CC(C)N1CCN(CC1)c1ccc(Nc2ncc3cc4C(=O)NCC5(CCCC5)n4c3n2)nn1","IC50"," 2.6"
"374","affinities",NA,"253979","O=C1NCC2(CCCC2)n2c1cc1cnc(Nc3ccc(nn3)N3CCOCC3)nc21","IC50"," 2"
"375","affinities",NA,"253980","CN(C)C1CCN(CC1)c1ccc(Nc2ncc3cc4C(=O)NCC5(CCCC5)n4c3n2)nn1","IC50"," 3.4"
"376","affinities",NA,"253981","CC(C)[C@H]1CNC(=O)c2cc3cnc(Nc4ccc(cn4)N4CCNCC4)nc3n12 |r|","IC50"," 18"
"377","affinities",NA,"253982","CCC(C)[C@@H]1CNC(=O)c2cc3cnc(Nc4ccc(cn4)N4CCN(C)CC4)nc3n12 |r|","IC50"," 7.4"
"378","affinities",NA,"253983","CC(C)C[C@@H]1CNC(=O)c2cc3cnc(Nc4ccc(cn4)N4CCNCC4)nc3n12 |r|","IC50"," 18.5"
"379","affinities",NA,"253984","CC(C)C[C@@H]1CNC(=O)c2cc3cnc(Nc4ccc(cn4)N4CCN(C)CC4)nc3n12 |r|","IC50"," 11.4"
"380","affinities",NA,"260525","CC1CN(CCN1CCC(C)(C)C)c1ccc(Nc2ncc3cc4C(=O)NCC5(CCCC5)n4c3n2)nc1","IC50"," 0.8"
"381","affinities",NA,"260526","CCC(C)[C@@H]1CNC(=O)c2cc3cnc(Nc4ccc(cn4)N4CCNCC4)nc3n12 |r|","IC50"," 7.4"
"382","affinities",NA,"462080","CC(C)n1c(C)nc2c(F)cc(cc12)-c1nc(N[C@@H]2CCN(C[C@H]2O)S(C)(=O)=O)ncc1Cl","Ki"," 0.100"
"383","affinities",NA,"462081","CC(C)n1c(C)nc2c(F)cc(cc12)-c1nc(N[C@@H]2CCN(C[C@H]2O)S(C)(=O)=O)ncc1F","Ki"," 0.100"
"384","affinities",NA,"462082","CN1CCC(CC1)Nc1ncc(F)c(n1)-c1cc(F)c2nc(C)n(c2c1)C(C)(C)C","Ki"," 4.00"
"385","affinities",NA,"462083","CC(C)n1c(C)nc2c(F)cc(cc12)-c1ccnc(NC2CCN(C[C@@H]2C)S(C)(=O)=O)n1","Ki"," 0.600"
"386","affinities",NA,"462085","CC(C)n1c(C)nc2cc(F)c(cc12)-c1ccnc(NC2CCN(C[C@@H]2O)S(C)(=O)=O)n1","Ki"," 3.30"
"387","affinities",NA,"462086","CC(C)n1c(C)nc2cc(F)c(cc12)-c1nc(N[C@H]2CCN(C[C@@H]2O)S(C)(=O)=O)ncc1Cl","Ki"," 1.40"
"388","affinities",NA,"462089","CC(C)n1c(C)nc2cc(F)c(cc12)-c1nc(N[C@H]2CCN(C[C@@H]2O)S(C)(=O)=O)ncc1F","Ki"," 1.80"
"389","affinities",NA,"462091","Cc1nc2cc(F)c(cc2n1C)-c1nc(N[C@H]2CCN(C[C@@H]2O)S(C)(=O)=O)ncc1Cl","Ki"," 1.10"
"390","affinities",NA,"462092","CC1(C)ccc2nc(F)c(cn12)-c1nc(N[C@H]2CCN(C[C@@H]2O)S(C)(=O)=O)ncc1Cl","Ki"," 0.100"
"391","affinities",NA,"462093","C[C@H]1COCc2nc3c(F)cc(cc3n12)-c1nc(N[C@H]2CCN(C[C@@H]2O)S(C)(=O)=O)ncc1Cl |r|","Ki"," 0.600"
"392","affinities",NA,"462094","C[C@@H]1COCc2nc3c(F)cc(cc3n12)-c1nc(N[C@@H]2CCN(C[C@H]2O)S(C)(=O)=O)ncc1Cl |r|","Ki"," 0.300"
"393","affinities",NA,"462095","CC(C)n1c(nc2cc(F)c(cc12)-c1nc(N[C@@H]2CCOC[C@H]2O)ncc1Cl)[C@H](C)O |r|","Ki"," 0.600"
"394","affinities",NA,"462096","CC(C)n1c(nc2c(F)cc(cc12)-c1nc(N[C@@H]2CCOC[C@H]2O)ncc1Cl)[C@@H](C)O |r|","Ki"," 1.70"
"395","affinities",NA,"462097","CS(=O)(=O)N1CC[C@@H](Nc2ncc(Cl)c(n2)-c2cc(F)c3ncn(C4CCOC4)c3c2)[C@H](O)C1 |r|","Ki"," 0.500"
"396","affinities",NA,"462098","CS(=O)(=O)N1CC[C@@H](Nc2ncc(Cl)c(n2)-c2cc(F)c3ncn(C4CC4)c3c2)[C@H](O)C1 |r|","Ki"," 0.300"
"397","affinities",NA,"462099","CC(C)n1cnc2c(Cl)cc(cc12)-c1nc(N[C@@H]2CCN(C[C@H]2O)S(C)(=O)=O)ncc1Cl |r|","Ki"," 0.200"
"398","affinities",NA,"462100","CCC1COCc2nc3c(F)cc(cc3n12)-c1nc(N[C@@H]2CCN(C[C@H]2O)S(C)(=O)=O)ncc1F |r|","Ki"," 0.100"
"399","affinities",NA,"462101","CC1(C)COCc2nc3c(F)cc(cc3n12)-c1nc(N[C@@H]2CCN(C[C@H]2O)S(C)(=O)=O)ncc1F |r|","Ki"," 0.200"
"400","affinities",NA,"462102","CC1(C)COCc2nc3c(F)cc(cc3n12)-c1nc(N[C@@H]2CCOC[C@H]2O)ncc1F |r|","Ki"," 0.900"
"401","affinities",NA,"462103","CC1COC(C)c2nc3c(F)cc(cc3n12)-c1nc(N[C@@H]2CCOC[C@H]2O)ncc1Cl |r|","Ki"," 2.70"
"402","affinities",NA,"462105","CN1Cc2nc3c(F)cc(cc3n2C(C)(C)C1)-c1nc(N[C@@H]2CCOC[C@H]2O)ncc1Cl |r|","Ki"," 3.20"
"403","affinities",NA,"462106","CC(C)n1c(nc2c(F)cc(cc12)-c1nc(N[C@@H]2CCOC[C@H]2O)ncc1Cl)C(C)(O)C1CC1 |r|","Ki"," 0.500"
"404","affinities",NA,"462108","CC(C)[N]1=C2C=C(C=C(F)C2N=C1C)c1nc(N[C@@H]2CCN(C[C@H]2O)S(C)(=O)=O)ncc1Cl |r,c:3,5,12,t:7|","Ki"," 0.000"
"405","affinities",NA,"462109","CC1(C)OCCn2nc3c(F)cc(cc3c12)-c1nc(N[C@@H]2CCN(C[C@H]2O)S(C)(=O)=O)ncc1Cl |r|","Ki"," 0.200"
"406","affinities",NA,"462110","CC1(C)OCCn2nc3c(F)cc(cc3c12)-c1nc(N[C@@H]2CCOC[C@H]2O)ncc1Cl |r|","Ki"," 1.000"
"407","affinities",NA,"462111","CC(C)c1n(C)nc2ccc(cc12)-c1nc(N[C@@H]2CCN(C[C@H]2O)S(C)(=O)=O)ncc1Cl |r|","Ki"," 0.500"
"408","affinities",NA,"462112","Cn1nc2ccc(cc2c1C(C)(C)O)-c1nc(N[C@@H]2CCN(C[C@H]2O)S(C)(=O)=O)ncc1Cl |r|","Ki"," 0.600"
"409","affinities",NA,"462113","CC(C)n1c(nc2c(F)cc(cc12)-c1nc(N[C@@H]2CCN(C[C@H]2O)S(C)(=O)=O)ncc1Cl)C1COC1 |r|","Ki"," 0.200"
"410","affinities",NA,"462114","CC(C)n1c(nc2c(F)cc(cc12)-c1nc(N[C@@H]2CCN(C[C@H]2O)S(C)(=O)=O)ncc1Cl)C1CCO1 |r|","Ki"," 0.500"
"411","affinities",NA,"462116","CC(C)n1c(nc2c(F)cc(cc12)-c1nc(N[C@@H]2CCOC[C@H]2O)ncc1Cl)C(N)=O |r|","Ki"," 8.30"
"412","affinities",NA,"462117","CNC(=O)c1nc2c(F)cc(cc2n1C(C)C)-c1nc(N[C@@H]2CCOC[C@H]2O)ncc1Cl |r|","Ki"," 11.1"
"413","affinities",NA,"462118","CC(C)n1c(nc2c(F)cc(cc12)-c1nc(N[C@@H]2CCOC[C@H]2O)ncc1Cl)C(C)(C)O |r|","Ki"," 0.600"
"414","affinities",NA,"462119","CC(O)c1nc2c(F)cc(cc2n1C(C)C(F)F)-c1nc(N[C@@H]2CCOC[C@H]2O)ncc1Cl |r|","Ki"," 0.200"
"415","affinities",NA,"462120","CC(C)n1c(C)nc2c(F)cc(cc12)-c1nc(N[C@@H]2CCN(C[C@H]2O)C(=O)OC(C)(C)C)ncc1F |r|","Ki"," 3.50"
"416","affinities",NA,"462121","C[C@H](CN)n1c(C)nc2c(F)cc(cc12)-c1nc(N[C@@H]2CCN(C[C@H]2O)S(C)(=O)=O)ncc1Cl |r|","Ki"," 0.500"
"417","affinities",NA,"462122","C[C@@H](CN)n1c(C)nc2c(F)cc(cc12)-c1nc(N[C@@H]2CCN(C[C@H]2O)S(C)(=O)=O)ncc1Cl |r|","Ki"," 1.30"
"418","affinities",NA,"462123","CC(N)Cn1c(C)nc2c(F)cc(cc12)-c1nc(N[C@@H]2CCN(C[C@H]2O)S(C)(=O)=O)ncc1Cl |r|","Ki"," 0.300"
"419","affinities",NA,"462124","CC(C)n1c(nc2c(F)cc(cc12)-c1nc(N[C@@H]2CCOC[C@H]2O)ncc1Cl)C(C)(C)N |r|","Ki"," 3.10"
"420","affinities",NA,"462125","C[C@@H](N)c1nc2c(F)cc(cc2n1C(C)(C)C)-c1nc(N[C@@H]2CCOC[C@H]2O)ncc1Cl |r|","Ki"," 6.00"
"421","affinities",NA,"462126","CC(C)n1c(nc2c(F)cc(cc12)-c1nc(N[C@@H]2CCOC[C@H]2O)ncc1Cl)C1(N)CC1 |r|","Ki"," 4.80"
"422","affinities",NA,"462127","CNCc1nc2c(F)cc(cc2n1C(C)C)-c1nc(N[C@@H]2CCOC[C@H]2O)ncc1Cl |r|","Ki"," 4.90"
"423","affinities",NA,"462128","CC(C)n1c(CC(C)(C)N)nc2c(F)cc(cc12)-c1nc(N[C@@H]2CCOC[C@H]2O)ncc1Cl |r|","Ki"," 1.000"
"424","affinities",NA,"462129","CC1(C)CNCc2nc3c(F)cc(cc3n12)-c1nc(N[C@@H]2CCOC[C@H]2O)ncc1Cl |r|","Ki"," 2.30"
"425","affinities",NA,"462130","CC(N)c1nc2c(F)cc(cc2n1C(C)C)-c1nc(N[C@@H]2CCN(C[C@H]2O)S(C)(=O)=O)ncc1Cl |r|","Ki"," 0.100"
"426","affinities",NA,"462132","Cn1nc2c(F)cc(cc2c1C(C)(C)N)-c1nc(N[C@@H]2CCOC[C@H]2O)ncc1Cl |r|","Ki"," 0.700"
"427","affinities",NA,"462133","CC(C)n1c(nc2c(F)cc(cc12)-c1nc(N[C@@H]2CCNC[C@H]2O)ncc1Cl)[C@@H](C)O |r|","Ki"," 17.0"
"428","affinities",NA,"462134","CC(C)(CN)n1cnc2c(F)cc(cc12)-c1nc(N[C@@H]2CCOC[C@H]2O)ncc1Cl |r|","Ki"," 2.00"
"429","affinities",NA,"462135","Cc1nc2c(F)cc(cc2n1C(C)(C)CN)-c1nc(N[C@@H]2CCOC[C@H]2O)ncc1Cl |r|","Ki"," 2.70"
"430","affinities",NA,"462136","C[C@H](N)c1nc2c(F)cc(cc2n1C(C)C)-c1nc(N[C@@H]2CCOC[C@H]2O)ncc1Cl |r|","Ki"," 0.600"
"431","affinities",NA,"462137","CC(C)n1c(CN)nc2c(F)cc(cc12)-c1nc(N[C@@H]2CCOC[C@H]2O)ncc1Cl |r|","Ki"," 2.30"
"432","affinities",NA,"462138","CC1CNCc2nc3c(F)cc(cc3n12)-c1nc(N[C@@H]2CCOC[C@H]2O)ncc1Cl |r|","Ki"," 1.30"
"433","affinities",NA,"462141","CC(C)n1c(CC(N)C(F)F)nc2c(F)cc(cc12)-c1nc(N[C@@H]2CCOC[C@H]2O)ncc1Cl |r|","Ki"," 0.400"
"434","affinities",NA,"462143","CC(C)n1c(CC2(N)CCCC2)nc2c(F)cc(cc12)-c1nc(N[C@@H]2CCOC[C@H]2O)ncc1Cl |r|","Ki"," 0.600"
"435","affinities",NA,"462144","C[C@@H](O[Si](C)(C)C(C)(C)C)c1nc2c(F)cc(cc2n1C(C)(C)C)-c1nc(N[C@@H]2CCOC[C@H]2O)ncc1Cl |r|","Ki"," 1.60"
"436","affinities",NA,"462145","C[C@H](O)c1nc2c(F)cc(cc2n1C(C)(C)C)-c1nc(N[C@@H]2CCOC[C@H]2O)ncc1Cl |r|","Ki"," 0.200"
"437","affinities",NA,"462146","C[C@@H](O)c1nc2c(F)cc(cc2n1C(C)(C)C)-c1nc(N[C@@H]2CCN(C[C@H]2O)S(C)(=O)=O)ncc1Cl |r|","Ki"," 0.500"
"438","affinities",NA,"462147","CC1(CC1)n1c(CO)nc2c(F)cc(cc12)-c1nc(N[C@@H]2CCOC[C@H]2O)ncc1Cl |r|","Ki"," 0.900"
"439","affinities",NA,"462148","CC(C)(F)Cn1c(CO)nc2c(F)cc(cc12)-c1nc(N[C@@H]2CCOC[C@H]2O)ncc1Cl |r|","Ki"," 2.00"
"440","affinities",NA,"462149","CS(=O)(=O)N1CC[C@@H](Nc2ncc(Cl)c(n2)-c2cc(F)c3nc(CO)n(C4CCC4)c3c2)[C@H](O)C1 |r|","Ki"," 0.600"
"441","affinities",NA,"462150","OCc1nc2c(F)cc(cc2n1C1CC(F)(F)C1)-c1nc(N[C@@H]2CCOC[C@H]2O)ncc1Cl |r|","Ki"," 12.1"
"442","affinities",NA,"462151","CC(C)(C)[Si](C)(C)OC(C)(C)c1nc2c(F)cc(cc2n1CC(F)F)-c1nc(N[C@@H]2CCOC[C@H]2O)ncc1Cl |r|","Ki"," 1.40"
"443","affinities",NA,"462152","CC(C)n1c(nc2c(F)cc(cc12)-c1nc(N[C@@H]2CCOC[C@H]2O)ncc1F)C(C)(C)O |r|","Ki"," 0.700"
"444","affinities",NA,"462153","CC(C)n1c(nc2c(F)cc(cc12)-c1nc(N[C@@H]2CCN(C[C@H]2O)S(C)(=O)=O)ncc1Cl)C(F)F","Ki"," 0.700"
"445","affinities",NA,"462154","CCc1cnc(N[C@@H]2CCN(C[C@H]2O)S(C)(=O)=O)nc1-c1cc(F)c2nc(C)n(C(C)C)c2c1","Ki"," 26.2"
"446","affinities",NA,"462155","CCc1nc2c(F)cc(cc2n1C1COC1)-c1nc(N[C@@H]2CCN(C[C@H]2O)S(C)(=O)=O)ncc1Cl |r|","Ki"," 0.800"
"447","affinities",NA,"462156","Cc1nc2c(F)cc(cc2n1C1CC1)-c1nc(N[C@@H]2CCN(C[C@H]2O)S(C)(=O)=O)ncc1Cl |r|","Ki"," 0.300"
"448","affinities",NA,"462157","COCC(C)n1c(C)nc2c(F)cc(cc12)-c1nc(N[C@@H]2CCN(C[C@H]2O)S(C)(=O)=O)ncc1Cl |r|","Ki"," 0.200"
"449","affinities",NA,"462159","COCc1nc2c(F)cc(cc2n1C(C)C)-c1nc(N[C@@H]2CCN(C[C@H]2O)S(C)(=O)=O)ncc1Cl |r|","Ki"," 0.300"
"450","affinities",NA,"462160","CC(C)n1c(C)nc2ccc(cc12)-c1nc(N[C@@H]2CCN(C[C@H]2O)S(C)(=O)=O)ncc1F |r|","Ki"," 0.200"
"451","affinities",NA,"462161","CC(C)(C)n1cnc2ccc(cc12)-c1nc(N[C@@H]2CCN(C[C@H]2O)S(C)(=O)=O)ncc1F |r|","Ki"," 0.300"
"452","affinities",NA,"462162","Cc1nc2ccc(cc2n1C(C)(C)C)-c1nc(N[C@@H]2CCN(C[C@H]2O)S(C)(=O)=O)ncc1F |r|","Ki"," 0.100"
"453","affinities",NA,"462163","CC(C)n1c(C)nc2c(C)cc(cc12)-c1nc(N[C@@H]2CCN(C[C@H]2O)S(C)(=O)=O)ncc1F |r|","Ki"," 1.80"
"454","affinities",NA,"462164","CC1(C)OCCn2nc3c(F)cc(cc3c12)-c1nc(N[C@@H]2CCOC[C@H]2O)ncc1F |r|","Ki"," 0.500"
"455","affinities",NA,"462165","CC(C)n1c(C)nc2c(F)cc(cc12)-c1nc(N[C@@H]2CCN(C[C@H]2O)S(C)(=O)=O)ncc1C |r|","Ki"," 4.10"
"456","affinities",NA,"462166","CC(C)n1nnc2ccc(cc12)-c1nc(N[C@@H]2CCN(C[C@H]2O)S(C)(=O)=O)ncc1Cl |r|","Ki"," 6.00"
"457","affinities",NA,"462167","CC(C)n1c(C)nc2ncc(cc12)-c1nc(N[C@@H]2CCN(C[C@H]2O)S(C)(=O)=O)ncc1Cl |r|","Ki"," 9.90"
"458","affinities",NA,"462168","CC(C)n1c(C)nc2ccc(nc12)-c1nc(N[C@@H]2CCN(C[C@H]2O)S(C)(=O)=O)ncc1Cl |r|","Ki"," 4.70"
"459","affinities",NA,"462169","CC(C)n1c(COC2CCCCO2)nc2c(F)cc(cc12)-c1nc(N[C@@H]2CCN(C[C@H]2O)S(C)(=O)=O)ncc1Cl |r|","Ki"," 0.200"
"460","affinities",NA,"462170","Cc1nc2c(F)cc(cc2n1C1CNC1)-c1nc(C[C@@H]2CCN(C[C@H]2O)S(C)(=O)=O)ncc1F |r|","Ki"," 4.50"
"461","affinities",NA,"462171","Cc1nc2c(F)cc(cc2n1C1COC1)-c1nc(N[C@@H]2CCN(C[C@H]2O)S(C)(=O)=O)ncc1Cl |r|","Ki"," 0.500"
"462","affinities",NA,"462172","CS(=O)(=O)N1CC[C@@H](Nc2ncc(Cl)c(n2)-c2cc(F)c3nc(CO)n(CC(F)(F)F)c3c2)[C@H](O)C1 |r|","Ki"," 0.200"
"463","affinities",NA,"462173","CC(C)n1c(nc2c(F)cc(cc12)-c1nc(N[C@@H]2CCN(C[C@H]2O)S(C)(=O)=O)ncc1Cl)C(C)(C)O |r|","Ki"," 0.100"
"464","affinities",NA,"462174","CC(C(F)F)n1c(CO)nc2c(F)cc(cc12)-c1nc(N[C@@H]2CCN(C[C@H]2O)S(C)(=O)=O)ncc1Cl |r|","Ki"," 0.100"
"465","affinities",NA,"462175","C[C@@H](O)c1nc2c(F)cc(cc2n1C(C)C)-c1nc(N[C@@H]2CCN(C[C@H]2O)S(C)(=O)=O)ncc1Cl |r|","Ki"," 0.200"
"466","affinities",NA,"462177","CC(C)n1c(C)nc2c(F)cc(cc12)-c1nc(N[C@@H]2CCN(C[C@H]2O)S(C)(=O)=O)ncc1C#N","Ki"," 0.100"
"467","affinities",NA,"462178","CC(C)n1cnc2c(F)cc(cc12)-c1nc(N[C@@H]2CCN(C[C@H]2O)S(C)(=O)=O)ncc1C(F)(F)F","Ki"," 7.30"
"468","affinities",NA,"462179","CC(C)n1c(C)nc2cc(Cl)c(cc12)-c1nc(N[C@@H]2CCN(C[C@H]2O)S(C)(=O)=O)ncc1F","Ki"," 5.20"
"469","affinities",NA,"462180","CC(C)n1c(nc2c(F)cc(cc12)-c1nc(N[C@@H]2CCOC[C@H]2O)ncc1Cl)C1CNC1","Ki"," 4.10"
"470","affinities",NA,"462181","C[C@H](O)c1nc2c(F)cc(cc2n1C(C)C)-c1cc(N[C@@H]2CCN(C[C@H]2O)S(C)(=O)=O)ncc1Cl","Ki"," 0.400"
"471","affinities",NA,"462182","CC(C)n1c(nc2c(F)cc(cc12)-c1cc(N[C@@H]2CCOC[C@H]2O)ncc1Cl)[C@H](C)O","Ki"," 1.000"
"472","affinities",NA,"462183","C[C@@H](O)c1nc2c(F)cc(cc2n1C(C)C)-c1cc(N[C@@H]2CCN(C[C@H]2O)S(C)(=O)=O)ncc1Cl","Ki"," 0.600"
"473","affinities",NA,"462184","CC(C)n1c(C)nc2ccc(nc12)-c1cc(N[C@@H]2CCN(C[C@H]2O)S(C)(=O)=O)ncc1Cl","Ki"," 0.600"
"474","affinities",NA,"462185","CC(C)n1c(C)nc2ccc(nc12)-c1cc(N[C@@H]2CCOC[C@H]2O)ncc1Cl","Ki"," 2.20"
"475","affinities",NA,"462186","CC(C)n1c(C)nc2c(F)cc(cc12)-c1nc(N[C@@H]2CCN(C[C@H]2O)C([O-])=O)ncc1F","Ki"," 0.800"
"476","affinities",NA,"462187","COC(=O)N1CC[C@@H](Nc2ncc(Cl)c(n2)-c2cc(F)c3ncn(C4CCOC4)c3c2)[C@H](O)C1","Ki"," 4.30"
"477","affinities",NA,"462188","CN(C)CCN1CC[C@@H](Nc2ncc(Cl)c(n2)-c2cc(F)c3ncn(c3c2)C(C)(C)C)[C@H](O)C1","Ki"," 1.50"
"478","affinities",NA,"462189","CC(C)n1c(CO)nc2c(F)cc(cc12)-c1nc(N[C@@H]2CCN(C[C@H]2O)S(C)(=O)=O)ncc1Cl","Ki"," 15.3"
"479","affinities",NA,"462190","CCS(=O)(=O)N1CC[C@@H](Nc2ncc(Cl)c(n2)-c2cc(F)c3nc(C)n(C4COC4)c3c2)[C@H](O)C1","Ki"," 0.500"
"480","affinities",NA,"462191","CC(O)c1nc2c(F)cc(cc2n1C(C)C)-c1nc(N[C@@H]2CCN(C[C@H]2O)S(=O)(=O)C(F)F)ncc1Cl","Ki"," 0.600"
"481","affinities",NA,"462192","CC(O)c1nc2c(F)cc(cc2n1C(C)C)-c1nc(N[C@@H]2CCN(C[C@H]2O)S(=O)(=O)C(F)F)ncc1Cl |r|","Ki"," 0.500"
"482","affinities",NA,"462193","C[C@@H](O)c1nc2c(F)cc(cc2n1C(C)C)-c1nc(N[C@@H]2CCN(C[C@@H]2O)S(C)(=O)=O)ncc1Cl |r|","Ki"," 5.40"
"483","affinities",NA,"462195","C[C@@H](O)c1nc2c(F)cc(cc2n1C(C)C)-c1nc(N[C@H]2CCN(C[C@@H]2O)S(C)(=O)=O)ncc1Cl |r|","Ki"," 11.6"
"484","affinities",NA,"462196","CC(C)n1c(C)nc2c(F)cc(cc12)-c1nc(N[C@H]2CCN(C[C@@H]2O)S(C)(=O)=O)ncc1F |r|","Ki"," 3.60"
"485","affinities",NA,"462197","CC(C)(C)n1cnc2c(F)cc(cc12)-c1nc(N[C@@H]2CCN(C[C@H]2O)S(C)(=O)=O)ncc1F |r|","Ki"," 0.000"
"486","affinities",NA,"462198","CC(C)n1c(C)nc2c(F)cc(cc12)-c1nc(N[C@@H]2CCN(C[C@H]2O)C(C)=O)ncc1F |r|","Ki"," 1.40"
"487","affinities",NA,"462199","CC(C)n1c(C)nc2c(F)cc(cc12)-c1nc(N[C@@H]2CCN(C[C@H]2O)C(=O)CO)ncc1F |r|","Ki"," 0.500"
"488","affinities",NA,"462200","CC(C)n1cnc2c(F)cc(cc12)-c1nc(N[C@@H]2CCN(C[C@H]2O)C(=O)C2COC2)ncc1Cl |r|","Ki"," 0.900"
"489","affinities",NA,"462201","CC(C)n1cnc2c(F)cc(cc12)-c1nc(N[C@@H]2CCN(C[C@H]2O)C(=O)C2(C)COC2)ncc1Cl |r|","Ki"," 1.50"
"490","affinities",NA,"462202","C[C@@H](O)C(=O)N1CC[C@@H](Nc2ncc(Cl)c(n2)-c2cc(Cl)c3ncn(C(C)C)c3c2)[C@H](O)C1 |r|","Ki"," 2.00"
"491","affinities",NA,"462203","C[C@H](O)C(=O)N1CC[C@@H](Nc2ncc(Cl)c(n2)-c2cc(F)c3ncn(c3c2)C(C)(C)C)[C@H](O)C1 |r|","Ki"," 0.400"
"492","affinities",NA,"462204","CC(C)(C)n1cnc2ccc(nc12)-c1cc(N[C@@H]2CCN(C[C@H]2O)C(=O)CO)ncc1Cl |r|","Ki"," 0.500"
"493","affinities",NA,"462205","CNCC(=O)N1CC[C@@H](Nc2ncc(F)c(n2)-c2cc(F)c3nc(C)n(C(C)C)c3c2)[C@H](O)C1","Ki"," 1.000"
"494","affinities",NA,"462206","CNCC(=O)N1CC[C@@H](Nc2ncc(Cl)c(n2)-c2cc(F)c3ncn(C(C)C)c3c2)[C@H](O)C1 |r|","Ki"," 2.10"
"495","affinities",NA,"462207","CNCC(=O)N1CC[C@@H](Nc2ncc(Cl)c(n2)-c2cc(F)c3ncn(c3c2)C(C)(C)C)[C@H](O)C1 |r|","Ki"," 1.20"
"496","affinities",NA,"462208","CC(C)(C)n1cnc2c(F)cc(cc12)-c1nc(N[C@@H]2CCN(C[C@H]2O)C(=O)C2(F)CNC2)ncc1Cl |r|","Ki"," 0.100"
"497","affinities",NA,"462209","CC(C)n1cnc2c(F)cc(cc12)-c1nc(N[C@@H]2CCN(C[C@H]2O)C(=O)C2(F)CNC2)ncc1Cl |r|","Ki"," 0.500"
"498","affinities",NA,"462210","CC(C)n1cnc2c(F)cc(cc12)-c1nc(N[C@@H]2CCN(C[C@H]2O)C(=O)C2(N)CC2)ncc1Cl |r|","Ki"," 2.20"
"499","affinities",NA,"462211","CC(C)n1cnc2c(F)cc(cc12)-c1nc(N[C@@H]2CCN(C[C@H]2O)C(=O)C2(N)CC(F)(F)C2)ncc1Cl |r|","Ki"," 1.80"
"500","affinities",NA,"462212","CC(C)(C)n1cnc2c(F)cc(cc12)-c1nc(N[C@@H]2CCN(C[C@H]2O)C(=O)C2(N)CC(F)(F)C2)ncc1Cl |r|","Ki"," 0.500"
"501","affinities",NA,"462213","CC(C)n1cnc2c(F)cc(cc12)-c1nc(N[C@@H]2CCN(C[C@H]2O)C(=O)C[C@H](N)C(F)(F)F)ncc1Cl |r|","Ki"," 2.40"
"502","affinities",NA,"462214","CC(C)(C)n1cnc2c(F)cc(cc12)-c1cc(N[C@@H]2CCN(C[C@H]2O)C(=O)C(F)(F)CN)ncc1Cl |r|","Ki"," 0.900"
"503","affinities",NA,"462215","CNC(=O)CN1CC[C@@H](Nc2cc(c(Cl)cn2)-c2ccc3ncn(c3n2)C(C)(C)C)[C@H](O)C1 |r|","Ki"," 0.200"
"504","affinities",NA,"462216","CC(C)n1c(nc2c(F)cc(cc12)-c1nc(N[C@@H]2CCN(C[C@H]2O)S(C)(=O)=O)ncc1Cl)C(C)=O","Ki"," 0.400"
"505","affinities",NA,"462217","CC(C)n1c(CCl)nc2c(F)cc(cc12)-c1nc(N[C@@H]2CCOC[C@H]2O)ncc1Cl","Ki"," 2.40"
"506","affinities",NA,"462218","CC(C)n1c(CN(C)C)nc2c(F)cc(cc12)-c1nc(N[C@@H]2CCOC[C@H]2O)ncc1Cl","Ki"," 0.800"
"507","affinities",NA,"462219","CC(C)n1c(CN2CC(O)C2)nc2c(F)cc(cc12)-c1nc(N[C@@H]2CCOC[C@H]2O)ncc1Cl","Ki"," 1.80"
"508","affinities",NA,"462220","CC(C)n1c(CN2C[C@@](C)(O)[C@@H]2C)nc2c(F)cc(cc12)-c1nc(N[C@@H]2CCOC[C@H]2O)ncc1Cl","Ki"," 0.800"
"509","affinities",NA,"462221","CC(C)n1c(CNC2COC2)nc2c(F)cc(cc12)-c1nc(N[C@@H]2CCOC[C@H]2O)ncc1Cl","Ki"," 4.50"
"510","affinities",NA,"462222","CC(C)n1c(CN2CC(F)C2)nc2c(F)cc(cc12)-c1nc(N[C@@H]2CCOC[C@H]2O)ncc1Cl","Ki"," 1.10"
"511","affinities",NA,"462223","CC(C)n1c(CN2CCC2)nc2c(F)cc(cc12)-c1nc(N[C@@H]2CCOC[C@H]2O)ncc1Cl","Ki"," 1.40"
"512","affinities",NA,"462224","CC(C)NCc1nc2c(F)cc(cc2n1C(C)C)-c1nc(N[C@@H]2CCOC[C@H]2O)ncc1Cl","Ki"," 1.20"
"513","affinities",NA,"462225","CC(C)n1c(CNC2COC2)nc2c(F)cc(cc12)-c1nc(N[C@@H]2CCN(C[C@H]2O)S(C)(=O)=O)ncc1Cl","Ki"," 0.900"
"514","affinities",NA,"462226","CC(C)NCc1nc2c(F)cc(cc2n1C(C)C)-c1nc(N[C@@H]2CCN(C[C@H]2O)S(C)(=O)=O)ncc1Cl","Ki"," 0.500"
"515","affinities",NA,"462227","CC(C)n1c(CNC2CC2)nc2c(F)cc(cc12)-c1nc(N[C@@H]2CCOC[C@H]2O)ncc1Cl |r|","Ki"," 0.700"
"516","affinities",NA,"462229","CC(C)n1c(C)nc2c(F)cc(cc12)-c1cc(N[C@@H]2CCN(C[C@H]2O)S(C)(=O)=O)ncc1Cl","Ki"," 0.100"
"517","affinities",NA,"462230","COC(=O)N1CC[C@@H](Nc2ncc(Cl)c(n2)-c2cc(F)c3ncn(C4CCOC4)c3c2)[C@H](O)C1 |r|","Ki"," 2.70"
"518","affinities",NA,"462231","CC(C)(C)n1cnc2c(F)cc(cc12)-c1nc(N[C@@H]2CCN(CCO)C[C@H]2O)ncc1Cl |r|","Ki"," 2.10"
"519","affinities",NA,"498187","Cc1cc(CC(=O)Nc2cc([nH]n2)[C@H]2CC[C@H](C2)OC(=O)NC2(C)CC2)on1 |r|","Ki"," 26.6"
"520","affinities",NA,"50001531","Oc1nccc2c3cnc(Nc4ccc(cn4)N4CCNCC4)nc3n(C3CCCC3)c12","IC50"," 5.0"
"521","affinities",NA,"50001532","N#Cc1nccc2c3cnc(Nc4ccc(cn4)N4CCNCC4)nc3n(C3CCCC3)c12","IC50"," 27"
"522","affinities",NA,"50001533","C1CCC(C1)n1c2nnccc2c2cnc(Nc3ccc(cn3)N3CCNCC3)nc12","IC50"," 51"
"523","affinities",NA,"50001534","C[C@@H](CO)n1c2cnccc2c2cnc(Nc3ccc(cn3)N3CCNCC3)nc12 |r|","IC50"," 40"
"524","affinities",NA,"50001535","O[C@H]1CC[C@@H](CC1)n1c2cnccc2c2cnc(Nc3ccc(cn3)N3CCNCC3)nc12 |r,wU:4.7,wD:1.0,(9.78,-56.01,;9.31,-54.55,;10.34,-53.41,;9.88,-51.94,;8.38,-51.63,;7.35,-52.76,;7.81,-54.22,;7.91,-50.17,;8.82,-48.92,;10.35,-48.76,;10.98,-47.35,;10.07,-46.1,;8.54,-46.26,;7.92,-47.66,;6.44,-48.14,;5.1,-47.37,;3.77,-48.15,;3.78,-49.68,;2.45,-50.46,;2.45,-52,;3.79,-52.76,;3.8,-54.31,;2.46,-55.09,;1.12,-54.32,;1.12,-52.77,;2.46,-56.63,;1.12,-57.4,;1.11,-58.93,;2.44,-59.71,;3.78,-58.94,;3.79,-57.4,;5.11,-50.45,;6.44,-49.69,)|","IC50"," 3.0"
"525","affinities",NA,"50001536","C1CCC(CC1)n1c2cnccc2c2cnc(Nc3ccc(cn3)N3CCNCC3)nc12","IC50"," 5.0"
"526","affinities",NA,"50001537","CC1CCC(CC1)n1c2cnccc2c2cnc(Nc3ccc(cn3)N3CCNCC3)nc12 |(35.98,-56.71,;35.51,-55.25,;34.01,-54.92,;33.54,-53.46,;34.57,-52.32,;36.08,-52.63,;36.55,-54.1,;34.1,-50.85,;35.01,-49.6,;36.54,-49.45,;37.17,-48.04,;36.26,-46.79,;34.73,-46.95,;34.11,-48.35,;32.64,-48.83,;31.29,-48.06,;29.97,-48.84,;29.98,-50.37,;28.65,-51.14,;28.65,-52.68,;29.99,-53.45,;29.99,-55,;28.66,-55.77,;27.32,-55,;27.33,-53.45,;28.66,-57.31,;27.32,-58.08,;27.31,-59.61,;28.64,-60.38,;29.98,-59.62,;29.99,-58.07,;31.31,-51.14,;32.63,-50.37,)|","IC50"," 1.000000"
"527","affinities",NA,"50001538","C[C@H]1CC[C@@H](CC1)n1c2cnccc2c2cnc(Nc3ccc(cn3)N3CCNCC3)nc12 |r,wU:4.7,wD:1.0,(47.68,-57.06,;47.21,-55.59,;48.24,-54.45,;47.78,-52.99,;46.29,-52.68,;45.25,-53.81,;45.71,-55.26,;45.82,-51.22,;46.72,-49.97,;48.26,-49.81,;48.89,-48.4,;47.98,-47.15,;46.45,-47.31,;45.82,-48.71,;44.35,-49.19,;43,-48.42,;41.68,-49.2,;41.69,-50.73,;40.36,-51.51,;40.36,-53.05,;41.7,-53.81,;41.7,-55.37,;40.36,-56.14,;39.03,-55.37,;39.03,-53.82,;40.36,-57.68,;39.02,-58.45,;39.02,-59.98,;40.35,-60.76,;41.69,-59.99,;41.7,-58.45,;43.02,-51.51,;44.34,-50.74,)|","IC50"," 7.0"
"528","affinities",NA,"50001539","CC1(C)CCC(CC1)n1c2cnccc2c2cnc(Nc3ccc(cn3)N3CCNCC3)nc12","IC50"," 1.000000"
"529","affinities",NA,"50001540","CC1(C)CCCC(C1)n1c2cnccc2c2cnc(Nc3ccc(cn3)N3CCNCC3)nc12","IC50"," 3.0"
"530","affinities",NA,"50001541","C[C@H]1CC[C@@H](CC1)n1c2cnccc2c2cnc(Nc3ccc(nc3)N3CCNCC3)nc12 |r,wU:4.7,wD:1.0,(34.74,-35.4,;34.27,-33.94,;35.31,-32.8,;34.84,-31.33,;33.33,-31.01,;32.3,-32.15,;32.77,-33.61,;32.86,-29.55,;33.77,-28.3,;35.3,-28.14,;35.93,-26.73,;35.02,-25.48,;33.49,-25.65,;32.87,-27.05,;31.4,-27.52,;30.05,-26.75,;28.73,-27.53,;28.74,-29.06,;27.41,-29.84,;27.41,-31.38,;28.74,-32.13,;28.75,-33.66,;27.42,-34.45,;26.08,-33.68,;26.08,-32.14,;27.42,-35.99,;26.09,-36.76,;26.1,-38.29,;27.43,-39.06,;28.76,-38.29,;28.76,-36.74,;30.07,-29.83,;31.39,-29.07,)|","IC50"," 3.0"
"531","affinities",NA,"50001542","C[C@H]1CC[C@@H](CC1)n1c2cnccc2c2cnc(Nc3ccc(nn3)N3CCNCC3)nc12 |r,wU:4.7,wD:1.0,(45.37,-36.01,;44.9,-34.54,;45.94,-33.4,;45.47,-31.93,;43.97,-31.61,;42.93,-32.75,;43.4,-34.21,;43.49,-30.15,;44.4,-28.9,;45.93,-28.74,;46.56,-27.34,;45.65,-26.08,;44.12,-26.25,;43.5,-27.65,;42.03,-28.12,;40.68,-27.36,;39.36,-28.13,;39.37,-29.66,;38.04,-30.44,;38.04,-31.98,;39.37,-32.73,;39.38,-34.27,;38.05,-35.05,;36.71,-34.28,;36.71,-32.74,;38.06,-36.59,;36.72,-37.36,;36.73,-38.89,;38.06,-39.67,;39.39,-38.89,;39.39,-37.35,;40.7,-30.43,;42.02,-29.67,)|","IC50"," 2.0"
"532","affinities",NA,"50001543","C[C@H]1CC[C@@H](CC1)n1c2cnccc2c2cnc(Nc3ccc(cn3)N3CCC(N)CC3)nc12 |r,wU:4.7,wD:1.0,(11.29,-49.99,;10.82,-48.52,;11.85,-47.38,;11.38,-45.91,;9.88,-45.59,;8.84,-46.74,;9.31,-48.2,;9.41,-44.13,;10.31,-42.88,;11.84,-42.73,;12.48,-41.32,;11.56,-40.07,;10.04,-40.23,;9.41,-41.63,;7.94,-42.1,;6.6,-41.34,;5.27,-42.12,;5.28,-43.65,;3.95,-44.42,;3.96,-45.96,;5.29,-46.72,;5.3,-48.25,;3.96,-49.03,;2.63,-48.27,;2.62,-46.73,;3.97,-50.58,;2.64,-51.35,;2.64,-52.89,;3.98,-53.66,;3.98,-55.2,;5.31,-52.88,;5.31,-51.34,;6.62,-44.42,;7.94,-43.65,)|","IC50"," 2.0"
"533","affinities",NA,"50001544","C[C@H]1CC[C@@H](CC1)n1c2cnccc2c2cnc(Nc3ccc(cn3)N3CCC(CC3)N(C)C)nc12 |r,wU:4.7,wD:1.0,(23.53,-50.28,;23.06,-48.82,;24.09,-47.68,;23.62,-46.2,;22.12,-45.89,;21.08,-47.03,;21.55,-48.49,;21.65,-44.42,;22.55,-43.17,;24.08,-43.02,;24.72,-41.61,;23.8,-40.36,;22.28,-40.52,;21.65,-41.92,;20.18,-42.4,;18.83,-41.63,;17.51,-42.41,;17.52,-43.94,;16.19,-44.71,;16.17,-46.25,;17.49,-47.02,;17.48,-48.55,;16.14,-49.31,;14.82,-48.53,;14.84,-47,;16.13,-50.84,;14.78,-51.59,;14.77,-53.13,;16.09,-53.92,;17.43,-53.16,;17.45,-51.62,;16.07,-55.46,;14.73,-56.21,;17.4,-56.24,;18.85,-44.71,;20.18,-43.94,)|","IC50"," 2.0"
"534","affinities",NA,"50001545","C[C@H]1CC[C@@H](CC1)n1c2cnccc2c2cnc(Nc3ccc(nn3)N3CCC(CC3)N(C)C)nc12 |r,wU:4.7,wD:1.0,(36.03,-51.17,;35.57,-49.71,;36.6,-48.56,;36.13,-47.09,;34.63,-46.77,;33.59,-47.92,;34.06,-49.38,;34.16,-45.31,;35.06,-44.06,;36.59,-43.9,;37.22,-42.5,;36.31,-41.25,;34.79,-41.41,;34.16,-42.81,;32.69,-43.28,;31.34,-42.52,;30.02,-43.3,;30.03,-44.83,;28.7,-45.6,;28.68,-47.13,;30,-47.91,;29.99,-49.43,;28.65,-50.19,;27.33,-49.41,;27.35,-47.88,;28.64,-51.73,;27.29,-52.48,;27.28,-54.01,;28.6,-54.8,;29.94,-54.05,;29.96,-52.5,;28.58,-56.34,;27.24,-57.1,;29.91,-57.13,;31.36,-45.6,;32.69,-44.83,)|","IC50"," 2.0"
"535","affinities",NA,"50001576","C[C@H]1CC[C@@H](CC1)n1c2cnccc2c2cnc(Nc3ccc(N4CCC(CC4)N(C)C)c(F)n3)nc12 |r,wU:4.7,wD:1.0,(48.6,-50.76,;48.13,-49.29,;49.17,-48.15,;48.7,-46.68,;47.19,-46.36,;46.16,-47.5,;46.63,-48.96,;46.72,-44.9,;47.63,-43.65,;49.16,-43.49,;49.79,-42.08,;48.88,-40.83,;47.35,-40.99,;46.73,-42.4,;45.26,-42.87,;43.91,-42.1,;42.58,-42.88,;42.6,-44.41,;41.27,-45.19,;41.25,-46.72,;42.56,-47.49,;42.55,-49.02,;41.22,-49.78,;41.2,-51.31,;39.86,-52.07,;39.84,-53.6,;41.17,-54.39,;42.51,-53.63,;42.53,-52.09,;41.15,-55.93,;39.8,-56.68,;42.47,-56.72,;39.9,-49,;38.55,-49.76,;39.91,-47.47,;43.93,-45.18,;45.25,-44.42,)|","IC50"," 1.000000"
"536","affinities",NA,"50001577","COc1nc(Nc2ncc3c4ccncc4n([C@H]4CC[C@H](C)CC4)c3n2)ccc1N1CCC(CC1)N(C)C |r,wU:17.17,wD:20.21,(.78,-65.37,;2.1,-66.15,;3.44,-65.38,;3.44,-63.83,;4.77,-63.06,;4.76,-61.52,;6.09,-60.75,;6.08,-59.22,;7.4,-58.44,;8.75,-59.21,;10.22,-58.73,;10.84,-57.33,;12.37,-57.17,;13.28,-58.42,;12.65,-59.83,;11.12,-59.98,;10.21,-61.23,;10.69,-62.7,;12.2,-63.02,;12.67,-64.49,;11.63,-65.63,;12.1,-67.1,;10.13,-65.3,;9.66,-63.84,;8.74,-60.75,;7.42,-61.52,;6.1,-63.83,;6.11,-65.38,;4.77,-66.15,;4.77,-67.69,;3.43,-68.46,;3.43,-69.99,;4.76,-70.76,;6.09,-70,;6.1,-68.45,;4.75,-72.3,;3.41,-73.07,;6.08,-73.08,)|","IC50"," 3.0"
"537","affinities",NA,"50001578","C[C@@H](O)CN(C)C1CCN(CC1)c1ccc(Nc2ncc3c4ccncc4n([C@H]4CC[C@H](C)CC4)c3n2)nn1 |r,wU:28.29,1.0,wD:31.33,(19.97,-71.17,;19.95,-72.71,;21.28,-73.5,;18.61,-73.46,;17.29,-72.68,;15.94,-73.43,;17.3,-71.14,;15.98,-70.35,;16,-68.81,;17.34,-68.07,;18.67,-68.84,;18.65,-70.38,;17.35,-66.53,;18.69,-65.77,;18.7,-64.24,;17.39,-63.47,;17.4,-61.93,;18.73,-61.16,;18.72,-59.63,;20.05,-58.85,;21.39,-59.62,;22.86,-59.14,;23.49,-57.74,;25.02,-57.58,;25.93,-58.83,;25.3,-60.24,;23.77,-60.39,;22.86,-61.64,;23.33,-63.11,;24.84,-63.42,;25.31,-64.9,;24.27,-66.04,;24.74,-67.5,;22.76,-65.71,;22.3,-64.25,;21.39,-61.16,;20.07,-61.93,;16.05,-64.22,;16.03,-65.75,)|","IC50"," 3.0"
"538","affinities",NA,"50001579","C[C@H]1CC[C@@H](CC1)n1c2cnccc2c2cnc(Nc3ccc(nn3)N3CCN(CC3)C(=O)CO)nc12 |r,wU:4.7,wD:1.0,(38.73,-67.78,;38.26,-66.31,;39.3,-65.17,;38.83,-63.7,;37.32,-63.38,;36.29,-64.52,;36.76,-65.98,;36.85,-61.92,;37.76,-60.67,;39.29,-60.51,;39.92,-59.1,;39.01,-57.85,;37.48,-58.01,;36.86,-59.41,;35.39,-59.89,;34.04,-59.12,;32.71,-59.9,;32.73,-61.43,;31.4,-62.21,;31.38,-63.74,;32.69,-64.51,;32.68,-66.04,;31.35,-66.8,;30.03,-66.02,;30.04,-64.49,;31.33,-68.34,;29.99,-69.09,;29.97,-70.62,;31.3,-71.41,;32.64,-70.65,;32.66,-69.11,;31.28,-72.95,;29.93,-73.7,;32.6,-73.73,;33.94,-72.98,;34.06,-62.2,;35.38,-61.43,)|","IC50"," 3.0"
"539","affinities",NA,"50001580","C[C@H]1CC[C@@H](CC1)n1c2cnccc2c2cnc(Nc3ccc(nn3)N3CCC(CS(C)(=O)=O)CC3)nc12 |r,wU:4.7,wD:1.0,(9.65,-57.17,;9.18,-55.71,;10.22,-54.56,;9.75,-53.09,;8.24,-52.78,;7.21,-53.92,;7.68,-55.38,;7.77,-51.31,;8.68,-50.06,;10.21,-49.91,;10.84,-48.5,;9.93,-47.25,;8.4,-47.41,;7.78,-48.81,;6.31,-49.28,;4.96,-48.52,;3.64,-49.3,;3.65,-50.83,;2.32,-51.6,;2.3,-53.14,;3.62,-53.91,;3.61,-55.44,;2.27,-56.2,;.95,-55.42,;.97,-53.89,;2.26,-57.75,;.92,-58.5,;.9,-60.03,;2.23,-60.82,;2.21,-62.36,;3.53,-63.15,;4.87,-62.4,;2.75,-64.47,;4.29,-64.47,;3.57,-60.07,;3.59,-58.52,;4.98,-51.6,;6.3,-50.83,)|","IC50"," 9.0"
"540","affinities",NA,"50001581","C[C@H]1CC[C@@H](CC1)n1c2cnccc2c2cnc(Nc3ccc(nn3)N3CCC4(CCS(=O)(=O)C4)CC3)nc12 |r,wU:4.7,wD:1.0,(21.52,-57.68,;21.05,-56.21,;22.09,-55.07,;21.62,-53.6,;20.11,-53.29,;19.08,-54.43,;19.55,-55.88,;19.64,-51.83,;20.55,-50.58,;22.08,-50.42,;22.71,-49.01,;21.8,-47.76,;20.27,-47.93,;19.65,-49.33,;18.18,-49.8,;16.83,-49.03,;15.51,-49.81,;15.52,-51.34,;14.19,-52.11,;14.18,-53.65,;15.49,-54.42,;15.48,-55.94,;14.14,-56.7,;12.82,-55.92,;12.84,-54.39,;14.13,-58.23,;12.79,-58.99,;12.77,-60.52,;14.09,-61.31,;12.83,-62.2,;13.28,-63.67,;14.83,-63.7,;14.81,-65.24,;16.31,-64.09,;15.33,-62.24,;15.44,-60.55,;15.46,-59.01,;16.85,-52.11,;18.17,-51.34,)|","IC50"," 4.0"
"541","affinities",NA,"50001582","C[C@H]1CC[C@@H](CC1)n1c2cnccc2c2cnc(Nc3ccc(cn3)N3CCC4(CCC(=O)N4)CC3)nc12 |r,wU:4.7,wD:1.0,(34.23,-57.43,;33.76,-55.97,;34.8,-54.83,;34.33,-53.35,;32.82,-53.04,;31.79,-54.18,;32.26,-55.64,;32.35,-51.57,;33.26,-50.32,;34.79,-50.17,;35.42,-48.76,;34.51,-47.51,;32.98,-47.67,;32.36,-49.07,;30.88,-49.55,;29.54,-48.78,;28.21,-49.56,;28.23,-51.09,;26.89,-51.86,;26.88,-53.4,;28.19,-54.17,;28.18,-55.7,;26.84,-56.46,;25.52,-55.68,;25.54,-54.15,;26.83,-57.99,;25.49,-58.74,;25.47,-60.28,;26.8,-61.07,;25.55,-61.97,;26.03,-63.44,;27.57,-63.44,;28.47,-64.69,;28.04,-61.97,;28.14,-60.31,;28.16,-58.77,;29.56,-51.86,;30.88,-51.09,)|","IC50"," 3.0"
"542","affinities",NA,"50001583","COc1nc(Nc2ncc3c4ccncc4n([C@H]4CC[C@H](C)CC4)c3n2)ccc1N1CCC2(CCC(=O)N2)CC1 |r,wU:17.17,wD:20.21,(36.2,-55.73,;37.53,-56.52,;38.87,-55.76,;38.89,-54.23,;40.23,-53.48,;40.24,-51.95,;41.57,-51.18,;41.56,-49.64,;42.89,-48.87,;44.23,-49.63,;45.7,-49.16,;46.33,-47.76,;47.86,-47.59,;48.77,-48.84,;48.14,-50.25,;46.6,-50.41,;45.7,-51.66,;46.17,-53.12,;47.67,-53.44,;48.14,-54.91,;47.11,-56.05,;47.58,-57.52,;45.6,-55.72,;45.13,-54.26,;44.23,-51.18,;42.9,-51.95,;41.54,-54.25,;41.53,-55.78,;40.19,-56.54,;40.18,-58.07,;38.84,-58.83,;38.82,-60.36,;40.14,-61.15,;38.9,-62.06,;39.37,-63.52,;40.91,-63.52,;41.82,-64.77,;41.39,-62.06,;41.49,-60.4,;41.51,-58.85,)|","IC50"," 13"
"543","affinities",NA,"50001584","C1CCC(C1)n1c2cnccc2c2cnc(Nc3ccc(cn3)N3CCNCC3)nc12","IC50"," 2.0"
"544","affinities",NA,"50001585","Fc1nccc2c3cnc(Nc4ccc(cn4)N4CCNCC4)nc3n(C3CCCC3)c12","IC50"," 3.0"
"545","affinities",NA,"50001586","Clc1nccc2c3cnc(Nc4ccc(cn4)N4CCNCC4)nc3n(C3CCCC3)c12","IC50"," 4.0"
"546","affinities",NA,"50001587","Cc1nccc2c3cnc(Nc4ccc(cn4)N4CCNCC4)nc3n(C3CCCC3)c12","IC50"," 20"
"547","affinities",NA,"50059889","CN[C@@H]1CC2O[C@@](C)([C@@H]1OC)n1c3ccccc3c3c4CNC(=O)c4c4c5ccccc5n2c4c13","IC50"," 2.9"
"548","affinities",NA,"50110183","CCN1CCN(Cc2ccc(Nc3ncc(F)c(n3)-c3cc(F)c4nc(C)n(C(C)C)c4c3)nc2)CC1","Ki"," 10.0"
"549","affinities",NA,"50110183","CCN1CCN(Cc2ccc(Nc3ncc(F)c(n3)-c3cc(F)c4nc(C)n(C(C)C)c4c3)nc2)CC1","Ki"," 2.0"
"550","affinities",NA,"50113281","Clc1cccc(Cl)c1C(=O)Nc1c[nH]nc1C(=O)NC1CCNCC1","Ki"," 67"
"551","affinities",NA,"50193085","C[C@H](O)[C@@H](C)Oc1nc(Nc2ccc(cc2)S(=N)(=O)C2CC2)ncc1C(F)(F)F |r|","IC50"," 11"
"552","affinities",NA,"50193086","CN1CC[C@H]([C@@H]1CO)c1c(O)cc(O)c2c1oc(cc2=O)-c1ccccc1Cl |r|","IC50"," 63"
"553","affinities",NA,"50193093","COCCN1CCN(Cc2ccc(cc2)-c2n[nH]c3-c4cccc(NC(=O)NN5CCOCC5)c4C(=O)c23)CC1","IC50"," 2.0"
"554","affinities",NA,"50193104","CN1CC[C@H]([C@@H]1CO)c1c(O)cc(O)c2c1oc(cc2=O)-c1ccc(cc1Cl)C(F)(F)F |r|","IC50"," 90"
"555","affinities",NA,"50263013","CN1CC[C@@H]([C@H](O)C1)c1c(O)cc(O)c2c1oc(\C=C\c1c(Cl)cccc1Cl)cc2=O |r|","IC50"," 45"
"556","affinities",NA,"50267480","CCCOc1cnc(CNC=C2C(=O)NC(=O)c3ccc(I)cc23)cc1O |w:10.9|","IC50"," 38"
"557","affinities",NA,"50270298","CN1CCN(Cc2ccc(NC(=O)c3n[nH]cc3Nc3ncnc4sccc34)cc2)CC1","IC50"," 3.3"
"558","affinities",NA,"50270298","CN1CCN(Cc2ccc(NC(=O)c3n[nH]cc3Nc3ncnc4sccc34)cc2)CC1","IC50"," 4.2"
"559","affinities",NA,"50270303","CN1CCN(Cc2ccc(NC(=O)c3n[nH]cc3Nc3ncnc4ccsc34)cc2)CC1","IC50"," 3.1"
"560","affinities",NA,"50270303","CN1CCN(Cc2ccc(NC(=O)c3n[nH]cc3Nc3ncnc4ccsc34)cc2)CC1","IC50"," 4.1"
"561","affinities",NA,"50270304","CN1CCN(Cc2ccc(NC(=O)c3n[nH]cc3Nc3ncnc4[nH]ccc34)cc2)CC1","IC50"," 0.850000"
"562","affinities",NA,"50270304","CN1CCN(Cc2ccc(NC(=O)c3n[nH]cc3Nc3ncnc4[nH]ccc34)cc2)CC1","IC50"," 2.0"
"563","affinities",NA,"50270305","CN1CCN(Cc2ccc(NC(=O)c3n[nH]cc3Nc3ncnc4occc34)cc2)CC1","IC50"," 5.1"
"564","affinities",NA,"50270305","CN1CCN(Cc2ccc(NC(=O)c3n[nH]cc3Nc3ncnc4occc34)cc2)CC1","IC50"," 5.7"
"565","affinities",NA,"50270306","O=C(Nc1ccc(CN2CCOCC2)cc1)c1n[nH]cc1Nc1ncnc2sccc12","IC50"," 2.4"
"566","affinities",NA,"50270306","O=C(Nc1ccc(CN2CCOCC2)cc1)c1n[nH]cc1Nc1ncnc2sccc12","IC50"," 3.9"
"567","affinities",NA,"50276157","COc1cc(O)c2c(c1)c1c(C)cc(O)cc1oc2=O","IC50"," 2.1"
"568","affinities",NA,"50329427","NC(=O)c1cc([nH]c1-c1ccccc1)-c1ccnc(N)n1","IC50",">1"
"569","affinities",NA,"50330260","CC(C)c1n[nH]c(Cl)c1-c1ccnc(Nc2ccc(CN3CCN[C@H](C)C3)cn2)n1 |r|","IC50"," 39"
"570","affinities",NA,"50330261","CC(C)c1n[nH]c(Cl)c1-c1ccnc(Nc2ccc(cn2)N2CCC(CC2)N(C)C)n1","IC50"," 10"
"571","affinities",NA,"50330262","CC(C)c1[nH]nc(c1-c1ccnc(Nc2ccc(cn2)N2CCC(CC2)N(C)C)n1)C(F)(F)F","IC50"," 79"
"572","affinities",NA,"50330265","CC(C)c1[nH]nc(Br)c1-c1ccnc(NC2CCN(C)CC2)n1","IC50"," 76"
"573","affinities",NA,"50330266","CC(C)c1[nH]ncc1-c1ccnc(Nc2ccc(cn2)N2CCNCC2)n1","IC50"," 25"
"574","affinities",NA,"50330267","CC(C)c1n[nH]c(Cl)c1-c1ccnc(Nc2ccc(cn2)N2CCNCC2)n1","IC50"," 11"
"575","affinities",NA,"50330268","CC(C)c1n[nH]c(Cl)c1-c1ccnc(Nc2ccc(cn2)C2CCNCC2)n1","IC50"," 12"
"576","affinities",NA,"50330269","CC(C)c1[nH]ncc1-c1ccnc(NC2CCN(C)CC2)n1","IC50"," 12"
"577","affinities",NA,"50330271","CC(C)c1[nH]ncc1-c1ccnc(Nc2ccc(cc2)N2CCNCC2)n1","IC50","<5"
"578","affinities",NA,"50330274","FC(F)(F)c1[nH]ncc1-c1ccnc(Nc2ccc(cn2)N2CCNCC2)n1","IC50"," 37"
"579","affinities",NA,"50330275","C1CC1c1[nH]ncc1-c1ccnc(Nc2ccc(cn2)N2CCNCC2)n1","IC50"," 89"
"580","affinities",NA,"50330279","CC(C)c1n[nH]c(Cl)c1-c1ccnc(Nc2ccc(nn2)N2CCNCC2)n1","IC50"," 22"
"581","affinities",NA,"50330280","CC(C)c1n[nH]c(Cl)c1-c1ccnc(Nc2cnc(cn2)N2CCNCC2)n1","IC50"," 58"
"582","affinities",NA,"50330281","CC(C)c1n[nH]c(Cl)c1-c1ccnc(Nc2ccc(cn2)N2CCN(C)CC2)n1","IC50"," 9"
"583","affinities",NA,"50330282","CC(C)c1n[nH]c(Cl)c1-c1ccnc(Nc2ccc(cn2)N2CCN(CCO)CC2)n1","IC50"," 17"
"584","affinities",NA,"50330283","CC(C)c1n[nH]c(Cl)c1-c1ccnc(Nc2ccc(cn2)N2CCN[C@@H](C)C2)n1 |r|","IC50"," 13"
"585","affinities",NA,"50330284","CC(C)c1n[nH]c(Cl)c1-c1ccnc(Nc2ccc(cn2)N2CCN[C@H](C)C2)n1 |r|","IC50"," 11"
"586","affinities",NA,"50330285","CC(C)c1n[nH]c(Cl)c1-c1ccnc(Nc2ccc(cn2)N2CCNC(C)(C)C2)n1","IC50"," 16"
"587","affinities",NA,"50330286","CC(C)c1n[nH]c(Cl)c1-c1ccnc(Nc2ccc(cn2)N2CC(C)NC(C)C2)n1","IC50"," 13"
"588","affinities",NA,"50330287","CC(C)c1n[nH]c(Cl)c1-c1ccnc(Nc2ccc(CN3CCN[C@@H](C)C3)cn2)n1 |r|","IC50"," 40"
"589","affinities",NA,"50330290","CC(C)c1[nH]ncc1-c1ccnc(NC2CCCCC2)n1","IC50"," 22"
"590","affinities",NA,"50330291","CC(C)c1[nH]ncc1-c1ccnc(NC2CCNCC2)n1","IC50"," 23"
"591","affinities",NA,"50375300","COc1cc2c(C(=O)OC22C(C)CC(=O)C2=O)c(O)c1","IC50",">1.000000"
"592","affinities",NA,"50378657","CC(C)CC(=O)Nc1[nH]nc2c1CN(C(=O)C1CCN(C)CC1)C2(C)C","IC50"," 62"
"593","affinities",NA,"50433369","Nc1nc(Nc2ccc(cc2)S(N)(=O)=O)sc1C(=O)c1ccccc1[N+]([O-])=O","IC50"," 4.0"
"594","affinities",NA,"50433369","Nc1nc(Nc2ccc(cc2)S(N)(=O)=O)sc1C(=O)c1ccccc1[N+]([O-])=O","IC50"," 6.6"
"595","affinities",NA,"50447511","Clc1ccc2C[C@@H](Cc2c1)NCc1cc(NC(=O)Nc2cccc3C(=O)N4CCCC4c23)[nH]n1 |r|","IC50"," 2.3"
"596","affinities",NA,"50447512","CN1CCN(CC1)c1ccc(Nc2ncc3cc(C#N)c(=O)n(C4CCCC4)c3n2)cc1","IC50"," 3.8"
"597","affinities",NA,"50447512","CN1CCN(CC1)c1ccc(Nc2ncc3cc(C#N)c(=O)n(C4CCCC4)c3n2)cc1","IC50"," 9.8"
"598","affinities",NA,"50451834","O=C1NC(=O)c2c1c1c3ccccc3[nH]c1c1ccc3cnccc3c21","IC50"," 69"
"599","affinities",NA,"50454182","CC(C)c1n[nH]c2c(NCc3ccccc3)nc(NC3CCCCC3N)nc12","IC50"," 1.5"
"600","affinities",NA,"50454182","CC(C)c1n[nH]c2c(NCc3ccccc3)nc(NC3CCCCC3N)nc12","IC50",">1.000000"
"601","affinities",NA,"50454184","CC(C)c1n[nH]c2c(NCc3ccccc3)nc(NC3CCC(N)CC3)nc12 |(32.15,-14.56,;33.17,-13.41,;34.68,-13.72,;32.68,-11.95,;33.59,-10.69,;32.67,-9.44,;31.2,-9.93,;29.86,-9.16,;29.86,-7.62,;31.19,-6.85,;31.18,-5.31,;32.52,-4.54,;32.52,-3,;31.18,-2.24,;29.84,-3.02,;29.85,-4.55,;28.53,-9.93,;28.53,-11.48,;27.2,-12.25,;25.86,-11.47,;25.86,-9.93,;24.54,-9.16,;23.2,-9.93,;21.87,-9.15,;23.2,-11.47,;24.53,-12.25,;29.87,-12.25,;31.21,-11.48,)|","IC50"," 6.6"
"602","affinities",NA,"50454184","CC(C)c1n[nH]c2c(NCc3ccccc3)nc(NC3CCC(N)CC3)nc12 |(32.15,-14.56,;33.17,-13.41,;34.68,-13.72,;32.68,-11.95,;33.59,-10.69,;32.67,-9.44,;31.2,-9.93,;29.86,-9.16,;29.86,-7.62,;31.19,-6.85,;31.18,-5.31,;32.52,-4.54,;32.52,-3,;31.18,-2.24,;29.84,-3.02,;29.85,-4.55,;28.53,-9.93,;28.53,-11.48,;27.2,-12.25,;25.86,-11.47,;25.86,-9.93,;24.54,-9.16,;23.2,-9.93,;21.87,-9.15,;23.2,-11.47,;24.53,-12.25,;29.87,-12.25,;31.21,-11.48,)|","IC50"," 9.1"
"603","affinities",NA,"50464604","CC(C)N1CCN(CC1)c1ccc(Nc2ncc(F)c(n2)-c2cc3c(N=C(C)C33CCCC3)c(F)c2)nc1 |t:27|","IC50"," 78"
"604","affinities",NA,"50464605","CCN1CCC(CC1)c1ccc(Nc2ncc(F)c(n2)-c2ccc3N=C(C)C(C)(CC)c3c2)nc1 |t:26|","IC50"," 42"
"605","affinities",NA,"50464606","CN1CCC(CC1)c1ccc(Nc2ncc(F)c(n2)-c2cc3c(N=C(C)C33CCCC3)c(F)c2)nc1 |t:25|","IC50"," 3.0"
"606","affinities",NA,"50464610","CCC1(C)C(C)=Nc2ccc(cc12)-c1nc(Nc2ccc(cn2)C2CCN(C)CC2)ncc1F |c:5|","IC50"," 18"
"607","affinities",NA,"50464611","CCN1CCC(CC1)c1ccc(Nc2ncc(F)c(n2)-c2cc3c(N=C(C)C3(C)CC)c(F)c2)nc1 |t:26|","IC50"," 16"
"608","affinities",NA,"50464612","CN1CCC(CC1)c1ccc(Nc2ncc(F)c(n2)-c2ccc3N=C(C)C4(CCCC4)c3c2)nc1 |t:25|","IC50"," 8.0"
"609","affinities",NA,"50464613","CCN1CCC(CC1)c1ccc(Nc2ncc(F)c(n2)-c2cc3c(N=C(C)C33CCCC3)c(F)c2)nc1 |t:26|","IC50"," 6.0"
"610","affinities",NA,"50464614","CC1=Nc2c(cc(cc2F)-c2nc(Nc3ccc(cn3)N3CCNCC3)ncc2F)C11CCCC1 |t:1|","IC50"," 8.0"
"611","affinities",NA,"50464615","CCN1CCN(Cc2ccc(Nc3ncc(F)c(n3)-c3cc4c(N=C(C)C44CCCC4)c(F)c3)nc2)CC1 |t:24|","IC50"," 12"
"612","affinities",NA,"50464617","CCC1(C)C(C)=Nc2ccc(cc12)-c1nc(Nc2ccc(cn2)N2CCN(C)CC2)ncc1F |c:5|","IC50"," 35"
"613","affinities",NA,"50464618","CN1CCN(CC1)c1ccc(Nc2ncc(F)c(n2)-c2ccc3N=C(C)C4(CCCC4)c3c2)nc1 |t:25|","IC50"," 15"
"614","affinities",NA,"50464619","CCC1(CC)C(C)=Nc2c1cc(cc2F)-c1nc(Nc2ccc(cn2)N2CCN(C)CC2)ncc1F |c:6|","IC50"," 10.0"
"615","affinities",NA,"50464620","CC1=Nc2ccc(cc2C11CCCC1)-c1nc(Nc2ccc(cn2)C2CCNCC2)ncc1F |t:1|","IC50"," 4.0"
"616","affinities",NA,"50464621","CC1=Nc2ccc(cc2C11CCCC1)-c1nc(Nc2ccc(cn2)N2CCNCC2)ncc1F |t:1|","IC50"," 4.0"
"617","affinities",NA,"50464622","CCC1(C)C(C)=Nc2c1cc(cc2F)-c1nc(Nc2ccc(cn2)N2CCNCC2)ncc1F |c:5|","IC50"," 44"
"618","affinities",NA,"50464623","CC1=Nc2c(cc(cc2F)-c2nc(Nc3ccc(cn3)N3CCN(CCO)CC3)ncc2F)C11CCCC1 |t:1|","IC50"," 17"
"619","affinities",NA,"50464624","CCN1CCN(Cc2ccc(Nc3ncc(F)c(n3)-c3ccc4N=C(C)C5(CCCC5)c4c3)nc2)CC1 |t:24|","IC50"," 13"
"620","affinities",NA,"50464625","CCN1CCN(Cc2ccc(Nc3ncc(F)c(n3)-c3cc4c(N=C(C)C4(C)CC)c(F)c3)nc2)CC1 |t:24|","IC50"," 33"
"621","affinities",NA,"50464626","CCC1(C)C(C)=Nc2ccc(cc12)-c1nc(Nc2ccc(cn2)N2CCNCC2)ncc1F |c:5|","IC50"," 28"
"622","affinities",NA,"50464628","CCC1(C)C(C)=Nc2c1cc(cc2F)-c1nc(Nc2ccc(cn2)C2CCN(C)CC2)ncc1F |c:5|","IC50"," 16"
"623","affinities",NA,"50464630","CCC1(C)C(C)=Nc2c1cc(cc2F)-c1nc(Nc2ccc(cn2)N2CCN(C)CC2)ncc1F |c:5|","IC50"," 6.0"
"624","affinities",NA,"50464631","CCC1(CC)C(C)=Nc2c1cc(cc2F)-c1nc(Nc2ccc(cn2)N2CCNCC2)ncc1F |c:6|","IC50"," 3.0"
"625","affinities",NA,"50464633","CC1=Nc2c(cc(cc2F)-c2nc(Nc3ccc(cn3)C3CCNCC3)ncc2F)C11CCCC1 |t:1|","IC50"," 8.0"
"626","affinities",NA,"50464634","CCN1CCN(CC1)c1ccc(Nc2ncc(F)c(n2)-c2cc3c(N=C(C)C33CCCC3)c(F)c2)nc1 |t:26|","IC50"," 18"
"627","affinities",NA,"50479261","[H][C@]12[C@@H](O)CC(=O)c3c(O)ccc(-c4ccc(O)c5C(=O)CC[C@]1(O)c45)c23 |r|","IC50"," 6.4"
"628","affinities",NA,"50479262","COc1cc(O)c2c(c1)-c1cc(O)c(O)cc1COC2=O","IC50",">1.000000"
"629","affinities",NA,"50479263","Cc1cc(O)c(O)cc1-c1cc(O)cc(O)c1C(O)=O","IC50"," 4.4"
"630","affinities",NA,"50479264","Cc1cc(O)cc2oc(=O)c3c(O)cc(OS(O)(=O)=O)cc3c12","IC50"," 2.7"
"631","affinities",NA,"50479265","COc1cc(O)c(C(O)=O)c(c1)C1=C(C)C[C@@H](O)C1=O |r,wD:16.17,c:13,(10.48,-22.79,;11.26,-21.46,;10.49,-20.12,;11.26,-18.8,;10.49,-17.47,;11.26,-16.14,;8.97,-17.47,;8.2,-16.14,;8.96,-14.8,;6.65,-16.13,;8.21,-18.79,;8.97,-20.12,;6.66,-18.79,;5.76,-17.54,;4.98,-16.2,;4.29,-18.01,;4.29,-19.55,;3.04,-20.45,;5.75,-20.03,;6.22,-21.5,)|","IC50",">1.000000"
"632","affinities",NA,"50479266","COc1cc(O)c2c(c1)c1c(C)cc(O)c(O)c1oc2=O","IC50"," 1.7"
"633","affinities",NA,"50479267","Cc1cc(O)cc2oc(=O)c3c(O)cc(O)cc3c12","IC50"," 2.4"
"634","affinities",NA,"50481281","CN(CCO)Cc1ccc(\C=N\Nc2ncnc3sc(cc23)C(C)(C)C)cc1","IC50"," 70.4"
"635","affinities",NA,"50481285","CN(C)Cc1cccc(\C=N\Nc2ncnc3sc(cc23)C(C)(C)C)c1","IC50"," 70.7"
"636","affinities",NA,"50481292","CC(C)(C)c1cc2c(N\N=C\c3ccc4CCNCc4c3)ncnc2s1","IC50"," 93.0"
"637","affinities",NA,"50481296","CC(C)(C)c1cc2c(N\N=C\c3ccc(CN)cc3)ncnc2s1","IC50"," 61.9"
"638","affinities",NA,"50501577","Cc1nc(NC2CCCC2)sc1-c1ccnc(Nc2ccc(cn2)N2CCNCC2)n1","Ki"," 1.000000"
"639","affinities",NA,"50501578","Cc1nc(NC2CCCC2)sc1-c1ccnc(Nc2ccc(cn2)N2CCCNCC2)n1","Ki"," 1.000000"
"640","affinities",NA,"50501579","Cc1nc(NC2CCCC2)sc1-c1nc(Nc2ccc(cn2)N2CCNCC2)ncc1F","Ki"," 3.0"
"641","affinities",NA,"50501580","Cc1nc(NC2CCCC2)sc1-c1nc(Nc2ccc(cn2)N2CCCNCC2)ncc1F","Ki"," 14"
"642","affinities",NA,"50501581","CN1CCN(CC1)c1ccc(Nc2ncc(F)c(n2)-c2sc(NC3CCCC3)nc2C)nc1","Ki"," 1.000000"
"643","affinities",NA,"50501582","CCN1CCN(CC1)c1ccc(Nc2ncc(F)c(n2)-c2sc(NC3CCCC3)nc2C)nc1","Ki"," 2.0"
"644","affinities",NA,"50501583","CC(=O)N1CCN(CC1)c1ccc(Nc2ncc(F)c(n2)-c2sc(NC3CCCC3)nc2C)nc1","Ki"," 34"
"645","affinities",NA,"50501584","Cc1nc(NC2CCCC2)sc1-c1nc(Nc2ccc(cn2)N2CCOCC2)ncc1F","Ki"," 6.0"
"646","affinities",NA,"50501585","FC(F)(F)c1nc(NC2CCCC2)sc1-c1ccnc(Nc2ccc(cn2)N2CCOCC2)n1","Ki"," 8.0"
"647","affinities",NA,"50501586","CC(=O)N1CCN(CC1)c1ccc(Nc2nccc(n2)-c2sc(NC3CCCC3)nc2C(F)(F)F)nc1","Ki"," 4.0"
"648","affinities",NA,"50501587","CN1CCN(CC1)c1ccc(Nc2nccc(n2)-c2sc(NC3CCCC3)nc2C(F)(F)F)nc1","Ki"," 1.000000"
"649","affinities",NA,"50501588","FC(F)(F)c1nc(NC2CCCC2)sc1-c1ccnc(Nc2ccc(cn2)N2CCNCC2)n1","Ki"," 8.0"
"650","affinities",NA,"50501589","CC(C)Nc1nc(C)c(s1)-c1ccnc(Nc2ccc(cn2)N2CCOCC2)n1","Ki"," 41"
"651","affinities",NA,"50501590","CC(C)Nc1nc(C)c(s1)-c1ccnc(Nc2ccc(cn2)N2CCN(CC2)C(C)=O)n1","Ki"," 21"
"652","affinities",NA,"50501591","CC(C)Nc1nc(C)c(s1)-c1ccnc(Nc2ccc(cn2)N2CCN(C)CC2)n1","Ki"," 3.0"
"653","affinities",NA,"50501592","CC(C)Nc1nc(C)c(s1)-c1ccnc(Nc2ccc(cn2)N2CCCNCC2)n1","Ki"," 16"
"654","affinities",NA,"50501593","CC(C)Nc1nc(C)c(s1)-c1ccnc(Nc2ccc(cn2)N2CCNCC2)n1","Ki"," 5.0"
"655","affinities",NA,"50501594","CN(c1nc(C)c(s1)-c1ccnc(Nc2ccc(cn2)N2CCN(C)CC2)n1)c1ccccc1","Ki"," 26"
"656","affinities",NA,"50501595","CN(C)C1CCN(CC1)c1ccc(Nc2ncc(F)c(n2)-c2sc(NC3CCCC3)nc2C)nc1","Ki"," 1.000000"
"657","affinities",NA,"50501596","Cc1nc(NC2CCCC2)sc1-c1nc(Nc2ccc(cn2)N2CCN(CC2)S(C)(=O)=O)ncc1F","Ki"," 39"
"658","affinities",NA,"50501597","CCN1CCN(Cc2ccc(Nc3ncc(F)c(n3)-c3sc(NC4CCCC4)nc3C)nc2)CC1","Ki"," 3.0"
"659","affinities",NA,"50501598","CCN1CCN(Cc2ccc(Nc3nccc(n3)-c3sc(NC4CCCC4)nc3C)nc2)CC1","Ki"," 6.0"
"660","affinities",NA,"50501599","FC(F)(F)c1nc(NC2CCCC2)sc1-c1ccnc(Nc2ccc(cn2)N2CCN(CC2)C=O)n1","Ki"," 11"
"661","affinities",NA,"50501600","CN1CCN(CC1)c1ccc(Nc2nccc(n2)-c2sc(Nc3ccccc3)nc2C)nc1","Ki"," 19"
"662","affinities",NA,"50501601","Cc1nc(Nc2ccccc2)sc1-c1ccnc(Nc2ccc(cn2)N2CCNCC2)n1","Ki"," 5.0"
"663","affinities",NA,"50501602","Cc1nc(sc1-c1ccnc(Nc2ccc(cn2)N2CCNCC2)n1)N(C1CCCC1)C1CCCC1","Ki"," 71"
"664","affinities",NA,"50501603","CN(C1CCCC1)c1nc(C)c(s1)-c1ccnc(Nc2ccc(cn2)N2CCN(CC2)C(C)=O)n1","Ki"," 10.0"
"665","affinities",NA,"50501604","CN(C1CCCC1)c1nc(C)c(s1)-c1ccnc(Nc2ccc(cn2)N2CCN(C)CC2)n1","Ki"," 2.0"
"666","affinities",NA,"50501605","CN(C1CCCC1)c1nc(C)c(s1)-c1ccnc(Nc2ccc(cn2)N2CCNCC2)n1","Ki"," 2.0"
"667","affinities",NA,"50501606","Cc1nc(NC2CCCC2)sc1-c1ccnc(Nc2ccc(cn2)N2CCN(CC2)S(C)(=O)=O)n1","Ki"," 7.0"
"668","affinities",NA,"50501607","Cc1nc(NC2CCCC2)sc1-c1ccnc(Nc2ccc(cn2)N2CCCCC2)n1","Ki"," 70"
"669","affinities",NA,"50501608","Cc1nc(NC2CCCC2)sc1-c1ccnc(Nc2ccc(cn2)N2CCC(N)CC2)n1","Ki"," 3.0"
"670","affinities",NA,"50501609","Cc1nc(NC2CCCC2)sc1-c1ccnc(Nc2ccc(cn2)N2CCOCC2)n1","Ki"," 4.0"
"671","affinities",NA,"50501610","CC(=O)N1CCN(CC1)c1ccc(Nc2nccc(n2)-c2sc(NC3CCCC3)nc2C)nc1","Ki"," 6.0"
"672","affinities",NA,"50501611","CCN1CCN(CC1)c1ccc(Nc2nccc(n2)-c2sc(NC3CCCC3)nc2C)nc1","Ki"," 2.0"
"673","affinities",NA,"50501612","CN1CCN(CC1)c1ccc(Nc2nccc(n2)-c2sc(NC3CCCC3)nc2C)nc1","Ki"," 2.0"
"674","affinities",NA,"50503350","CCCCOc1c(c[nH]c2nncc12)C(=O)c1c(F)cc(C)cc1F","IC50"," 23"
"675","affinities",NA,"50510874","CC(N)c1csc(\C=N\Nc2ncnc3sc(cc23)C(C)(C)CF)n1","IC50"," 46"
"676","affinities",NA,"50510882","CCC(C)c1cc2c(N\N=C\c3nc(CNC)cs3)ncnc2s1","IC50"," 29"
"677","affinities",NA,"50510883","CNCc1csc(\C=N\Nc2ncnc3sc(cc23)C(C)C(C)C)n1","IC50"," 22"
"678","affinities",NA,"50511926","C[C@@H](O)[C@@H](C)Oc1nc(Nc2ccc(cc2)S(=N)(=O)C2CC2)ncc1C(F)(F)F |r|","IC50"," 11"
"679","affinities",NA,"50512262","CN(C)C(=O)c1cc2cnc(Nc3ccc(cc3)N3CCNCC3)nc2n1C1CCCC1","IC50"," 5.0"
"680","affinities",NA,"50545376","C[C@H](NC(=O)[C@@H]1C[C@@H](O)CN1C(=O)[C@@H](NC(=O)CCCCCCCN1CCN(CC1)c1ccc(Nc2ncc3c(C)c(C(C)=O)c(=O)n(C4CCCC4)c3n2)nc1)C(C)(C)C)c1ccc(cc1)-c1scnc1C |r|","IC50"," 32"
"681","affinities",NA,"50545377","C[C@H](NC(=O)[C@@H]1C[C@@H](O)CN1C(=O)[C@@H](NC(=O)COCCOCCOCCN1CCN(CC1)c1ccc(Nc2ncc3c(C)c(C(C)=O)c(=O)n(C4CCCC4)c3n2)nc1)C(C)(C)C)c1ccc(cc1)-c1nc(C)cs1 |r|","IC50"," 40"
"682","affinities",NA,"50545378","C[C@H](NC(=O)[C@@H]1C[C@@H](O)CN1C(=O)[C@@H](NC(=O)CCOCCOCCOCCNC(=O)CN1CCN(CC1)c1ccc(Nc2ncc3c(C)c(C(C)=O)c(=O)n(C4CCCC4)c3n2)nc1)C(C)(C)C)c1ccc(cc1)-c1nc(C)cs1 |r|","IC50"," 32"
"683","affinities",NA,"50545379","CN[C@@H](C)C(=O)N[C@H](C(=O)N1C[C@H](C[C@H]1C(=O)Nc1c(F)cccc1F)NC(=O)CCCCCCCN1CCN(CC1)c1ccc(Nc2ncc3c(C)c(C(C)=O)c(=O)n(C4CCCC4)c3n2)nc1)C(C)(C)C |r|","IC50"," 5.0"
"684","affinities",NA,"50545380","CN[C@@H](C)C(=O)N[C@H](C(=O)N1C[C@H](C[C@H]1C(=O)Nc1c(F)cccc1F)NC(=O)COCCOCCOCCN1CCN(CC1)c1ccc(Nc2ncc3c(C)c(C(C)=O)c(=O)n(C4CCCC4)c3n2)nc1)C(C)(C)C |r|","IC50"," 6.3"
"685","affinities",NA,"50545381","CN[C@@H](C)C(=O)N[C@H](C(=O)N1C[C@H](C[C@H]1C(=O)Nc1c(F)cccc1F)NC(=O)CCOCCOCCOCCNC(=O)CN1CCN(CC1)c1ccc(Nc2ncc3c(C)c(C(C)=O)c(=O)n(C4CCCC4)c3n2)nc1)C(C)(C)C |r|","IC50"," 16"
"686","affinities",NA,"50545382","CC(=O)c1c(C)c2cnc(Nc3ccc(cn3)N3CCN(CCCCNC(=O)CNc4cccc5C(=O)N(C6CCC(=O)NC6=O)C(=O)c45)CC3)nc2n(C2CCCC2)c1=O","IC50"," 3.2"
"687","affinities",NA,"50545383","CC(=O)c1c(C)c2cnc(Nc3ccc(cn3)N3CCN(CCOCCOCCNC(=O)CNc4cccc5C(=O)N(C6CCC(=O)NC6=O)C(=O)c45)CC3)nc2n(C2CCCC2)c1=O","IC50"," 6.3"
"688","affinities",NA,"50545384","CC(=O)c1c(C)c2cnc(Nc3ccc(cn3)N3CCN(CC(=O)NCCOCCOCCOCCNc4cccc5C(=O)N(C6CCC(=O)NC6=O)C(=O)c45)CC3)nc2n(C2CCCC2)c1=O","IC50"," 20"
