"",".id","X..i..","monomerid","smiles","affinity_type","affinity"
"1","hit","58",NA,NA,NA,NA
"2","length","402",NA,NA,NA,NA
"3","uniprot_length","NA",NA,NA,NA,NA
"4","primary","P04278",NA,NA,NA,NA
"5","alternative","B0FWH4",NA,NA,NA,NA
"6","alternative","E9PGW1",NA,NA,NA,NA
"7","alternative","F5H5Z8",NA,NA,NA,NA
"8","alternative","I3L1N7",NA,NA,NA,NA
"9","alternative","P14689",NA,NA,NA,NA
"10","alternative","Q16616",NA,NA,NA,NA
"11","alternative","Q3MIL0",NA,NA,NA,NA
"12","alternative","Q6ISD2",NA,NA,NA,NA
"13","affinities",NA,"8582","[H][C@@]12CC[C@H](C(=O)CO)[C@@]1(C)CC[C@@]1([H])[C@@]2([H])CCC2=CC(=O)CC[C@]12C |r,t:21|","Kd"," 42"
"14","affinities",NA,"8885","[H][C@@]12CC[C@H](O)[C@@]1(C)CC[C@@]1([H])[C@@]2([H])CCC2=CC(=O)CC[C@]12C |r,t:18|","Kd"," 0.631000"
"15","affinities",NA,"17289","[H][C@@]12CCC(=O)[C@@]1(C)CC[C@]1([H])c3ccc(O)cc3CC[C@@]21[H]","Kd"," 6.6"
"16","affinities",NA,"17292","[H][C@@]12CC[C@H](O)[C@@]1(C)CC[C@]1([H])c3ccc(O)cc3CC[C@@]21[H]","Kd"," 1.5"
"17","affinities",NA,"17639","[H][C@@]12CCC(=O)[C@@]1(C)CC[C@@]1([H])[C@@]2([H])CC[C@@]2([H])C[C@H](O)CC[C@]12C","Kd"," 71"
"18","affinities",NA,"18161","[H][C@@]12CC[C@H](O)[C@@]1(C)CC[C@@]1([H])[C@@]2([H])CC[C@@]2([H])CC(=O)CC[C@]12C |r|","Kd"," 0.182000"
"19","affinities",NA,"91713","C[C@]12CC[C@H]3[C@@H](CCC4=CC(=O)CC[C@]34C)[C@@H]1CCC2=O |t:8|","Kd"," 35"
"20","affinities",NA,"50060957","COc1cc2[C@H]3CC[C@]4(C)[C@@H](O)CC[C@H]4[C@@H]3CCc2cc1O |r|","Kd"," 0.832000"
"21","affinities",NA,"50093445","C[C@]12CC[C@H]3[C@@H](CC[C@H]4C[C@H](O)CC[C@]34C)[C@@H]1CC[C@@H]2O |r|","Kd"," 0.776000"
"22","affinities",NA,"50148732","C[C@]12CC[C@H]3[C@@H](CCC4=CC(=O)CC[C@H]34)[C@@H]1CC[C@@]2(O)C#C |t:8|","Kd"," 11"
"23","affinities",NA,"50198711","C[C@]12CC[C@H]3[C@@H](CCC4=CC(=O)CC[C@]34C)[C@@H]1CC[C@@]2(O)C#C |t:8|","Kd"," 1.7"
"24","affinities",NA,"50223237","C[C@]12CC[C@H]3[C@@H](CC=C4C[C@@H](O)CC[C@]34C)[C@@H]1CC[C@@H]2O |t:7|","Kd"," 0.676000"
"25","affinities",NA,"50223368","C[C@]12CC[C@H]3[C@@H](CC=C4C[C@@H](O)CC[C@]34C)[C@@H]1CCC2=O |r,t:7|","Kd"," 14"
"26","affinities",NA,"50300786","C[C@]12CC[C@H]3[C@@H](CC[C@H]4CC(=O)CC[C@]34C)[C@@H]1CC[C@@H]2OC(=O)CCC(=O)O[C@H]1C[C@@H](O[C@@H]1COP(O)(O)=O)n1cc(I)c(=O)[nH]c1=O |r|","Kd"," 17.2"
"27","affinities",NA,"50368998","C[C@]12CC[C@H]3[C@@H](CCc4cc(O)c(I)cc34)[C@@H]1CC[C@@H]2O","Kd"," 0.479000"
"28","affinities",NA,"50375319","CC(=O)[C@H]1CC[C@H]2[C@@H]3CC=C4C[C@@H](O)CC[C@]4(C)[C@H]3CC[C@]12C |r,t:9|","Kd"," 71"
"29","affinities",NA,"50410522","CC[C@]12CC[C@H]3[C@@H](CCC4=CC(=O)CC[C@H]34)[C@@H]1CC[C@@]2(O)C#C |r,t:9|","Kd"," 1.2"
"30","affinities",NA,"50410523","C[C@@]12CCC[C@H]1[C@@H]1CCc3cc(O)ccc3[C@H]1CC2","Kd"," 5.0"
"31","affinities",NA,"50410526","C[C@]12CC[C@H]3[C@@H](CCC4=C[C@@H](O)CC[C@]34C)[C@@H]1CC[C@@H]2O |r,t:8|","Kd"," 1.000000"
"32","affinities",NA,"50410531","C[C@]1(O)CC[C@H]2[C@@H]3CCC4=CC(=O)CC[C@]4(C)[C@H]3CC[C@]12C |r,t:9|","Kd"," 3.7"
"33","affinities",NA,"50423512","C[C@]12CC[C@H]3[C@@H](CC[C@H]4CC(=O)C[C@H](CCCCCCN)[C@]34C)[C@@H]1CC[C@@H]2O","Kd"," 30"
"34","affinities",NA,"50423513","CC[C@]12CC(=C)C3[C@@H](CCC4=C[C@@H](O)CC[C@]34C)[C@@H]1CC[C@@]2(O)C#C |t:10|","Kd"," 13"
"35","affinities",NA,"50423514","C[C@]12CC[C@H]3[C@@H](CCC4=CC(=O)CC[C@]34C)[C@@H]1C[C@@H](O)[C@@H]2O |t:8|","Kd"," 12"
"36","affinities",NA,"50423515","CC[C@]12C=CC3=C4CCC(=O)C=C4CC[C@H]3[C@@H]1CC[C@@]2(O)C#C |c:3,5,11|","Kd"," 7.8"
"37","affinities",NA,"50423516","CC[C@]12CC(=C)[C@H]3[C@@H](CCC4=CC(=O)CC[C@H]34)[C@@H]1CC[C@@]2(O)C#C |t:10|","Kd"," 5.9"
"38","affinities",NA,"50423517","C[C@]1(O)CC[C@H]2[C@@H]3CCC4=CC(=O)CC[C@]4(C)[C@@]3(F)C(=O)C[C@]12C |t:9|","Kd"," 5.9"
"39","affinities",NA,"50423518","CC1(O)CC[C@H]2[C@@H]3CC=C4CC(O)CC[C@]4(C)[C@H]3CC[C@]12C |t:8|","Kd"," 4.4"
"40","affinities",NA,"50423519","C[C@@H]1CC2=CC(=O)C=C[C@]2(C)[C@H]2CC[C@]3(C)[C@@H](O)CC[C@H]3[C@H]12 |c:7,t:3|","Kd"," 4.4"
"41","affinities",NA,"50423520","C[C@H]1C[C@H]2[C@@H]3CC[C@H](O)[C@@]3(C)CC[C@@H]2[C@@]2(C)CCC(=O)C=C12 |t:22|","Kd"," 4.4"
"42","affinities",NA,"50423521","C[C@]12CC[C@H]3[C@@H](CC[C@H]4CC(F)(F)CC[C@]34C)[C@@H]1CC[C@@]2(O)C#C","Kd"," 4.4"
"43","affinities",NA,"50423522","C[C@@H]1CC2CC(=O)CC[C@@H]2[C@H]2CC[C@]3(C)[C@@H](O)CC[C@H]3[C@H]12","Kd"," 3.5"
"44","affinities",NA,"50423523","C[C@@H]1C[C@H]2C[C@@H](O)CC[C@]2(C)[C@H]2CC[C@@]3(C)[C@@H](CC[C@]3(C)O)[C@H]12","Kd"," 3.5"
"45","affinities",NA,"50423524","C[C@@H]1CC2=CC(=O)CC[C@]2(C)[C@@]2(F)CC[C@]3(C)[C@@H](O)CC[C@H]3[C@H]12 |t:3|","Kd"," 3.1"
"46","affinities",NA,"50423525","C[C@@H]1CC2=CC(=O)C=C[C@]2(C)[C@H]2CC[C@@]3(C)[C@@H](CC[C@]3(C)O)[C@H]12 |c:7,t:3|","Kd"," 2.7"
"47","affinities",NA,"50423526","C[C@]12CC[C@H]3C(=CCc4cc(O)ccc34)[C@@H]1CC[C@@H]2O |r,c:5|","Kd"," 2.4"
"48","affinities",NA,"50423527","C[C@@H]1CC2=CC(=O)CC[C@]2(C)[C@H]2CC[C@]3(C)[C@@H](O)CC[C@H]3[C@H]12 |r,t:3|","Kd"," 2.0"
"49","affinities",NA,"50423528","C[C@]12CC[C@H]3[C@@H](C=Cc4cc(O)ccc34)[C@@H]1CC[C@@H]2O |c:6|","Kd"," 1.7"
"50","affinities",NA,"50423529","CC[C@]12CC(=C)[C@H]3[C@@H](CC[C@H]4CC(=O)CC[C@H]34)[C@@H]1CC[C@@]2(O)C#C","Kd"," 1.6"
"51","affinities",NA,"50423530","C[C@@H]1C[C@H]2C[C@@H](O)CC[C@]2(C)[C@H]2CC[C@]3(C)[C@@H](O)CC[C@H]3[C@H]12","Kd"," 1.000000"
"52","affinities",NA,"50423531","C[C@@H]1C[C@H]2CC(=O)CC[C@]2(C)[C@H]2CC[C@@]3(C)[C@@H](CC[C@]3(C)O)[C@H]12","Kd"," 0.891000"
"53","affinities",NA,"50423532","C[C@@H]1CC2=CC(=O)CC[C@@H]2[C@H]2CC[C@]3(C)[C@@H](O)CC=C3[C@H]12 |c:19,t:3|","Kd"," 0.851000"
"54","affinities",NA,"50423533","C[C@]12CCc3c(ccc4ccc(O)cc34)[C@@H]1CC[C@@H]2O","Kd"," 0.759000"
"55","affinities",NA,"50423534","CC1=C2CC[C@H]3[C@@H]4CC[C@H](O)[C@@]4(C)CC[C@@H]3[C@@]2(C)CCC1=O |c:1|","Kd"," 0.490000"
"56","affinities",NA,"50423535","C[C@@H]1C[C@H]2CC(=O)CC[C@]2(C)[C@H]2CC[C@]3(C)[C@@H](O)CC[C@H]3[C@H]12","Kd"," 0.417000"
"57","affinities",NA,"50423536","C[C@]12CC[C@H]3[C@@H](CC[C@H]4CC(=O)CC[C@]34C)[C@@H]1CC[C@@]2(O)C#C","Kd"," 0.182000"
"58","affinities",NA,"50423539","C[C@]12CC[C@H]3[C@@H](CCC4=CC(=O)CC[C@]34C)[C@@H]1CC[C@]2(O)C(=O)CO |r,t:8|","Kd"," 36"
"59","affinities",NA,"50423540","CC[C@]12CC(=C)C3[C@@H](CCC4=C[C@H](O)CC[C@]34C)[C@@H]1CC[C@@]2(O)C#C |t:10|","Kd"," 21"
"60","affinities",NA,"50423541","C[C@]12CC[C@H]3[C@@H](CCC4=Cc5oncc5C[C@]34C)[C@@H]1CC[C@@]2(O)C#C |r,t:8|","Kd"," 6.3"
"61","affinities",NA,"50423542","CC[C@]12CC(=C)[C@@H]3[C@H]4CC[C@@H](O)C[C@@H]4C[C@@H](C)[C@H]3[C@@H]1CC[C@@]2(O)C#C","Kd"," 5.4"
"62","affinities",NA,"50423543","C[C@]12CC[C@H]3[C@@H](CCC4CC(=O)CC[C@H]34)[C@@H]1CC[C@@H]2O","Kd"," 4.4"
"63","affinities",NA,"50423544","C[C@]12CC[C@H]3C(=CCc4cc(O)ccc34)[C@@H]1CCC2=O |r,c:5|","Kd"," 3.1"
"64","affinities",NA,"50423545","C[C@]12CCc3c(ccc4cc(O)ccc34)[C@@H]1CCC2=O |r|","Kd"," 2.4"
"65","affinities",NA,"50423546","C[C@@H]1CC2=CC(=O)CC[C@]2(C)[C@H]2CC[C@@]3(C)[C@@H](CC[C@]3(C)O)[C@H]12 |r,t:3|","Kd"," 1.7"
"66","affinities",NA,"50423547","C[C@]1(O)CC[C@H]2[C@@H]3CC[C@H]4CC(=O)CC[C@]4(C)[C@H]3CC[C@]12C |r|","Kd"," 1.6"
"67","affinities",NA,"50423548","C[C@]12CC[C@H]3[C@@H](CC=C4C[C@@H](O)CC[C@]34C)[C@@H]1CC[C@@]2(O)C#C |r,t:7|","Kd"," 1.2"
"68","affinities",NA,"50423549","C[C@]12CC[C@H]3[C@@H](C[C@H](F)[C@H]4CC(=O)CC[C@]34C)[C@@H]1CC[C@@H]2O","Kd"," 0.891000"
"69","affinities",NA,"50423550","C[C@]12CC[C@H]3[C@@H](CC=C4C[C@@H](O)CC[C@H]34)[C@@H]1CC[C@@H]2O |t:7|","Kd"," 0.288000"
"70","affinities",NA,"50423551","C[C@H]1CC(=O)C[C@@H]2CC[C@H]3[C@@H]4CC[C@H](O)[C@@]4(C)CC[C@@H]3[C@@]12C","Kd"," 0.251000"
