"",".id","X..i..","monomerid","smiles","affinity_type","affinity"
"1","hit","144",NA,NA,NA,NA
"2","length","758",NA,NA,NA,NA
"3","uniprot_length","NA",NA,NA,NA,NA
"4","primary","P10636",NA,NA,NA,NA
"5","alternative","P18518",NA,NA,NA,NA
"6","alternative","Q14799",NA,NA,NA,NA
"7","alternative","Q15549",NA,NA,NA,NA
"8","alternative","Q15550",NA,NA,NA,NA
"9","alternative","Q15551",NA,NA,NA,NA
"10","alternative","Q1RMF6",NA,NA,NA,NA
"11","alternative","Q53YB1",NA,NA,NA,NA
"12","alternative","Q5CZI7",NA,NA,NA,NA
"13","alternative","Q5XWF0",NA,NA,NA,NA
"14","alternative","Q6QT54",NA,NA,NA,NA
"15","alternative","Q9UDJ3",NA,NA,NA,NA
"16","alternative","Q9UMH0",NA,NA,NA,NA
"17","alternative","Q9UQ96",NA,NA,NA,NA
"18","affinities",NA,"47032","Cc1c(OCC(F)(F)F)ccnc1CS(=O)c1nc2ccccc2[nH]1","Ki"," 2.5"
"19","affinities",NA,"247402","Nc1ccc(cc1)-c1ccc2cc(OCC(O)CF)ccc2n1","Ki"," 36.0"
"20","affinities",NA,"247403","CNc1ccc(cc1)-c1ccc2cc(OCC(O)CF)ccc2n1","Ki"," 10.5"
"21","affinities",NA,"247404","CCN(CC)c1ccc(cc1)-c1ccc2cc(OCC(O)CF)ccc2n1","Ki"," 34.9"
"22","affinities",NA,"247405","CCNc1ccc(cc1)-c1ccc2cc(OCC(O)CF)ccc2n1","Ki"," 9.2"
"23","affinities",NA,"247406","CNc1ccc(cn1)-c1ccc2cc(OCC(O)CF)ccc2n1","Ki"," 40.1"
"24","affinities",NA,"247407","CN(C)c1ccc(cn1)-c1ccc2cc(OCC(O)CF)ccc2n1","Ki"," 21.4"
"25","affinities",NA,"247408","Nc1ccc(cc1)-c1ccc2cc(OCCF)ccc2n1","Ki"," 59.3"
"26","affinities",NA,"281555","c1cc2ccncc2n1-c1cc2ccccc2cn1","Ki"," 0.540"
"27","affinities",NA,"281556","FCC#Cc1ccc(nc1)-n1ccc2ccncc12","Ki"," 1.65"
"28","affinities",NA,"281557","c1cc2cc(ncc2[nH]1)-n1ccc2ccncc12","Ki"," 0.480"
"29","affinities",NA,"281558","Fc1ccc2cnc(cc2c1)-n1ccc2ccncc12","Ki"," 0.220"
"30","affinities",NA,"281559","Nc1cccc2cnc(cc12)-n1ccc2ccncc12","Ki"," 0.400"
"31","affinities",NA,"281560","Nc1ccc2cc(ncc2c1)-n1ccc2ccncc12","Ki"," 0.290"
"32","affinities",NA,"281561","COc1ccc2cc(ncc2c1)-n1ccc2ccncc12","Ki"," 0.290"
"33","affinities",NA,"281562","CN(CCF)c1ccc2cnc(cc2c1)-n1ccc2ccncc12","Ki"," 2.28"
"34","affinities",NA,"281563","CNc1ccc2cnc(cc2c1)-n1ccc2ccncc12","Ki"," 0.330"
"35","affinities",NA,"281564","Oc1ccc2cc(ncc2c1)-n1ccc2ccncc12","Ki"," 0.530"
"36","affinities",NA,"281565","FCCOc1ccc2cc(ncc2c1)-n1ccc2ccncc12","Ki"," 0.410"
"37","affinities",NA,"281566","FCOc1ccc2cc(ncc2c1)-n1ccc2ccncc12","Ki"," 0.430"
"38","affinities",NA,"281567","Nc1c(F)ccc2cnc(cc12)-n1ccc2ccncc12","Ki"," 0.430"
"39","affinities",NA,"281568","Cn1ccc2cc(ncc12)-n1ccc2ccncc12","Ki"," 0.620"
"40","affinities",NA,"281569","Ic1ccc2cnc(cc2c1)-n1ccc2ccncc12","Ki"," 0.750"
"41","affinities",NA,"281570","CC#Cc1cnc(cc1CF)-n1ccc2ccncc12","Ki"," 4.10"
"42","affinities",NA,"281571","CC#Cc1cnc(cc1CO)-n1ccc2ccncc12","Ki"," 3.35"
"43","affinities",NA,"281572","CC#Cc1cnc(cc1F)-n1ccc2ccncc12","Ki"," 1.43"
"44","affinities",NA,"281573","Cc1cc2cnc(cc2o1)-n1ccc2ccncc12","Ki"," 2.10"
"45","affinities",NA,"281574","FCOc1ccc2nc(ncc2c1)-n1ccc2ccncc12","Ki"," 12.8"
"46","affinities",NA,"281575","COc1ccc2nc(ncc2c1)-n1ccc2ccncc12","Ki"," 1.55"
"47","affinities",NA,"281576","Oc1ccc2nc(ncc2c1)-n1ccc2ccncc12","Ki"," 11.1"
"48","affinities",NA,"281577","Fc1nccc2cnc(cc12)-n1ccc2ccncc12","Ki"," 14.1"
"49","affinities",NA,"281578","c1cc2ccncc2n1-c1cc2cnccc2cn1","Ki"," 2.27"
"50","affinities",NA,"281579","Nc1nccc2cnc(cc12)-n1ccc2ccncc12","Ki"," 2.31"
"51","affinities",NA,"281581","FCCn1ccc(n1)-c1cnc(nc1)-n1ccc2ccncc12","Ki"," 2.41"
"52","affinities",NA,"281582","FCC#Cc1cnc(cc1C=C)-n1ccc2ccncc12","Ki"," 2.44"
"53","affinities",NA,"281583","ClCCC1CCN(CC1)c1ccc(nc1)-n1ccc2ccncc12","Ki"," 2.88"
"54","affinities",NA,"281584","OCCC1CCN(CC1)c1ccc(nc1)-n1ccc2ccncc12","Ki"," 3.54"
"55","affinities",NA,"281585","Cc1cc(ncc1OCCF)-n1ccc2ccncc12","Ki"," 2.98"
"56","affinities",NA,"281586","COc1cc(ncc1C#CC)-n1ccc2ccncc12","Ki"," 3.34"
"57","affinities",NA,"281587","COc1ccc(NC(=O)c2ccc(nc2)-n2ccc3ccncc23)cc1","Ki"," 3.83"
"58","affinities",NA,"281588","FCCCNc1ccc(nc1)-n1ccc2ccncc12","Ki"," 3.19"
"59","affinities",NA,"281589","FCCNc1ccc(nc1)-n1ccc2ccncc12","Ki"," 4.96"
"60","affinities",NA,"281590","Fc1nc(ccc1-c1cccnc1)-n1ccc2ccncc12","Ki"," 19.7"
"61","affinities",NA,"281591","Fc1cc2ccn(-c3cc4ccccc4cn3)c2cn1","Ki"," 52.3"
"62","affinities",NA,"281592","C1CNc2cc(ncc2C1)-n1ccc2ccncc12","Ki"," 10.8"
"63","affinities",NA,"281593","Fc1ccc2cnc(cc2n1)-n1ccc2ccncc12","Ki"," 52.7"
"64","affinities",NA,"281594","c1nc(n[nH]1)-c1ccc(nc1)-n1ccc2ccncc12","Ki"," 8.80"
"65","affinities",NA,"281595","OC1CCN(CC1)c1ccc(nc1)-n1ccc2ccncc12","Ki"," 71.1"
"66","affinities",NA,"281596","FC1CCN(CC1)c1ccc(nc1)-n1ccc2ccncc12","Ki"," 10.00"
"67","affinities",NA,"281597","Fc1cc(ccn1)-c1ccc(nc1)-n1ccc2ccncc12","Ki"," 1.13"
"68","affinities",NA,"281598","c1cc2ccncc2n1-c1ccc(cn1)-c1ccncn1","Ki"," 2.19"
"69","affinities",NA,"281599","Oc1cccc2cnc(cc12)-n1ccc2ccncc12","Ki"," 0.670"
"70","affinities",NA,"281600","Cc1cc(ncc1C#C)-n1ccc2ccncc12","Ki"," 0.750"
"71","affinities",NA,"281601","Cc1cc(ncc1C#CCF)-n1ccc2ccncc12","Ki"," 0.870"
"72","affinities",NA,"281602","CC#Cc1ccc(nc1)-n1ccc2ccncc12","Ki"," 0.980"
"73","affinities",NA,"281603","c1ncc(s1)-c1ccc(nc1)-n1ccc2ccncc12","Ki"," 1.02"
"74","affinities",NA,"281604","Fc1cccc2cnc(cc12)-n1ccc2ccncc12","Ki"," 1.05"
"75","affinities",NA,"281605","FCOc1cccc2cc(ncc12)-n1ccc2ccncc12","Ki"," 1.14"
"76","affinities",NA,"281606","Oc1cccc2cc(ncc12)-n1ccc2ccncc12","Ki"," 1.16"
"77","affinities",NA,"281607","FCOc1ccc2cnc(cc2c1)-n1ccc2ccncc12","Ki"," 1.23"
"78","affinities",NA,"281608","Cn1cc(cn1)-c1ccc(nc1)-n1ccc2ccncc12","Ki"," 1.32"
"79","affinities",NA,"281609","Nc1cccc2cc(ncc12)-n1ccc2ccncc12","Ki"," 0.330"
"80","affinities",NA,"281610","Fc1ccc(cn1)-c1ccc(nc1)-n1ccc2ccncc12","Ki"," 2.04"
"81","affinities",NA,"281611","CN(C)c1ccc2cnc(cc2c1)-n1ccc2ccncc12","Ki"," 2.23"
"82","affinities",NA,"281612","Fc1ccc2nc(ncc2c1)-n1ccc2ccncc12","Ki"," 2.55"
"83","affinities",NA,"281613","Cn1ccc(n1)-c1ccc(nc1)-n1ccc2ccncc12","Ki"," 2.84"
"84","affinities",NA,"281614","c1cc2ccncc2n1-c1ccc(cn1)-c1cnccn1","Ki"," 3.17"
"85","affinities",NA,"281615","Cn1cnc(c1)-c1ccc(nc1)-n1ccc2ccncc12","Ki"," 3.42"
"86","affinities",NA,"281616","CN(CCO)c1ccc2cnc(cc2c1)-n1ccc2ccncc12","Ki"," 4.07"
"87","affinities",NA,"281617","FCCOc1cccc2cc(ncc12)-n1ccc2ccncc12","Ki"," 6.75"
"88","affinities",NA,"281618","Fc1ccc2cnc(nc2c1)-n1ccc2ccncc12","Ki"," 8.45"
"89","affinities",NA,"281619","FCCOc1ccc2nc(ncc2c1)-n1ccc2ccncc12","Ki"," 9.33"
"90","affinities",NA,"281620","COc1cccc2cnc(cc12)-n1ccc2ccncc12","Ki"," 44.4"
"91","affinities",NA,"281622","CNc1cccc(c1)-c1ccc(nc1)-n1ccc2ccncc12","Ki"," 0.760"
"92","affinities",NA,"281623","Oc1ccc2cnc(cc2c1)-n1ccc2ccncc12","Ki"," 0.480"
"93","affinities",NA,"281624","CNc1ccc(cn1)-c1ccc(nc1)-n1ccc2ccncc12","Ki"," 0.690"
"94","affinities",NA,"281625","Fc1cccc(n1)-c1ccc(nc1)-n1ccc2ccncc12","Ki"," 1.41"
"95","affinities",NA,"281626","CNc1cc(ccn1)-c1ccc(nc1)-n1ccc2ccncc12","Ki"," 0.530"
"96","affinities",NA,"281627","CCNc1cc(ccn1)-c1ccc(nc1)-n1ccc2ccncc12","Ki"," 1.40"
"97","affinities",NA,"281628","CN(C)c1ccc(cn1)-c1ccc(nc1)-n1ccc2ccncc12","Ki"," 0.960"
"98","affinities",NA,"281629","c1cc([nH]n1)-c1ccc(nc1)-n1ccc2ccncc12","Ki"," 1.13"
"99","affinities",NA,"281630","Nc1cc(ccn1)-c1ccc(nc1)-n1ccc2ccncc12","Ki"," 0.550"
"100","affinities",NA,"281631","Nc1ccc(cn1)-c1ccc(nc1)-n1ccc2ccncc12","Ki"," 1.06"
"101","affinities",NA,"281632","c1cc2ccncc2n1-c1ccc(cn1)-c1ccccn1","Ki"," 1.14"
"102","affinities",NA,"281633","COc1cccc2cc(ncc12)-n1ccc2ccncc12","Ki"," 0.320"
"103","affinities",NA,"281634","FCCn1ccc(n1)-c1ccc(nc1)-n1ccc2ccncc12","Ki"," 1.71"
"104","affinities",NA,"281635","Nc1cc2cnc(cc2cc1F)-n1ccc2ccncc12","Ki"," 0.383"
"105","affinities",NA,"281638","Nc1ccc2cc(ncc2c1F)-n1ccc2ccncc12","Ki"," 0.677"
"106","affinities",NA,"281639","Nc1cc2cc(ncc2cc1F)-n1ccc2ccncc12","Ki"," 0.423"
"107","affinities",NA,"281640","Nc1c(F)ccc2cc(ncc12)-n1ccc2ccncc12","Ki"," 2.15"
"108","affinities",NA,"281641","Nc1ccc2cnc(cc2c1F)-n1ccc2ccncc12","Ki"," 1.09"
"109","affinities",NA,"281642","Nc1cc(F)cc2cc(ncc12)-n1ccc2ccncc12","Ki"," 0.672"
"110","affinities",NA,"281643","Nc1cc(F)c2cnc(cc2c1)-n1ccc2ccncc12","Ki"," 0.784"
"111","affinities",NA,"281644","Nc1cc(F)c2cc(ncc2c1)-n1ccc2ccncc12","Ki"," 0.494"
"112","affinities",NA,"281645","Nc1cc(F)cc2cnc(cc12)-n1ccc2ccncc12","Ki"," 0.224"
"113","affinities",NA,"281646","Nc1ccc(F)c2cnc(cc12)-n1ccc2ccncc12","Ki"," 1.28"
"114","affinities",NA,"281647","Nc1ccc(F)c2cc(ncc12)-n1ccc2ccncc12","Ki"," 2.00"
"115","affinities",NA,"281648","Nc1ccc2cnc(cc2c1I)-n1ccc2ccncc12","Ki"," 24.5"
"116","affinities",NA,"281649","Nc1c(I)ccc2cnc(cc12)-n1ccc2ccncc12","Ki"," 0.438"
"117","affinities",NA,"281650","Nc1ccc(I)c2cc(ncc12)-n1ccc2ccncc12","Ki"," 93.8"
"118","affinities",NA,"281651","Nc1c(I)ccc2cc(ncc12)-n1ccc2ccncc12","Ki"," 0.512"
"119","affinities",NA,"281652","Nc1ccc2cc(ncc2c1I)-n1ccc2ccncc12","Ki"," 1.77"
"120","affinities",NA,"281654","Nc1cc(I)cc2cc(ncc12)-n1ccc2ccncc12","Ki"," 1.07"
"121","affinities",NA,"281655","Nc1cc(I)c2cnc(cc2c1)-n1ccc2ccncc12","Ki"," 18.6"
"122","affinities",NA,"281656","Nc1cc2cc(ncc2cc1I)-n1ccc2ccncc12","Ki"," 0.180"
"123","affinities",NA,"281657","Nc1cc(I)cc2cnc(cc12)-n1ccc2ccncc12","Ki"," 1.17"
"124","affinities",NA,"281658","Nc1cc(I)c2cc(ncc2c1)-n1ccc2ccncc12","Ki"," 6.21"
"125","affinities",NA,"281659","COc1cc2ccn(-c3cc4cc(F)ccc4cn3)c2cn1","Ki"," 4.03"
"126","affinities",NA,"50020858","COc1cc(\C=c2/sc3nc(cn3c2=O)-c2ccncc2)cc(OC)c1O","IC50"," 5.0"
"127","affinities",NA,"50020859","COc1cc(\C=c2/sc3nc(cn3c2=O)-c2ccc(Cl)cc2)cc(OC)c1O","IC50"," 2.0"
"128","affinities",NA,"50020860","COc1cc(\C=c2/sc3nc(cn3c2=O)-c2ccc(Cl)cc2)cc(Cl)c1O","IC50"," 2.0"
"129","affinities",NA,"50020861","COc1cc(\C=c2/sc3nc(cn3c2=O)-c2ccc(Cl)cc2)cc(Br)c1O","IC50"," 2.0"
"130","affinities",NA,"50020862","COc1cc(\C=c2/sc3nc(cn3c2=O)-c2ccc(Cl)cc2)cc(O)c1O","IC50"," 5.0"
"131","affinities",NA,"50020863","COc1cc(\C=c2/sc3nc(cn3c2=O)-c2ccncc2C)ccc1O","IC50"," 79"
"132","affinities",NA,"50020864","COc1cc(\C=c2/sc3nc(cn3c2=O)-c2ccncc2C)cc(OC)c1O","IC50"," 8.0"
"133","affinities",NA,"50020865","COc1cc(\C=c2/sc3nc(cn3c2=O)-c2cccc(Cl)c2)cc(OC)c1O","IC50"," 1.000000"
"134","affinities",NA,"50020867","COc1cc(\C=c2/sc3nc(cn3c2=O)-c2cccc(c2)C(F)(F)F)cc(Cl)c1O","IC50"," 3.0"
"135","affinities",NA,"50020869","COc1cc(\C=c2/sc3nc(cn3c2=O)-c2cccc(OC(F)(F)F)c2)cc(F)c1O","IC50"," 13"
"136","affinities",NA,"50103927","CN(C)c1ccc(\C=C\C=C2/C(=O)Nc3ccccc23)cc1","Ki"," 54"
"137","affinities",NA,"50103934","COc1ccc(CN2C(=O)\C(=C/C=C/c3ccc(cc3)[N+]([O-])=O)c3ccccc23)cc1","Ki"," 72"
"138","affinities",NA,"50103964","[O-][N+](=O)c1ccc(\C=C\C=C2/C(=O)N(Cc3ccc(OCCF)cc3)c3ccccc23)cc1","Kd"," 50"
"139","affinities",NA,"50103979","CN(C)c1ccc(\C=C\C=C2/C(=O)Nc3ncccc23)cc1","Ki"," 35"
"140","affinities",NA,"50103980","CN(C)c1ccc(\C=C\C=C2/C(=O)Nc3ccc(O)cc23)cc1","Ki"," 48"
"141","affinities",NA,"50104103","CN(C)c1ccc(\C=C\C=C2/C(=O)N(Cc3ccc(cc3)[N+]([O-])=O)c3ccccc23)cc1","Ki"," 90"
"142","affinities",NA,"50104109","[O-][N+](=O)c1ccc(\C=C\C=C2/C(=O)Nc3ccccc23)cc1","Ki"," 27"
"143","affinities",NA,"50104116","Nc1ccc(\C=C\C=C2/C(=O)Nc3ccccc23)cc1","Ki"," 38"
"144","affinities",NA,"50384537","CN(C)c1ccc(cc1)\N=N\c1nc2ccc(I)cc2s1","Ki"," 0.48"
"145","affinities",NA,"50384538","CN(C)c1ccc(cc1)\N=N\c1nc2ccc(OCCOCCOCCF)cc2s1","Kd"," 44.8"
"146","affinities",NA,"50390102","CN(C)c1ccc(\C=C2/Nc3ccc(I)cc3C2=O)cc1","Ki"," 17"
"147","affinities",NA,"50393082","Clc1ccc2[nH]cc(CCNC(=O)c3ccc(cc3)-c3cccc(c3)C#N)c2c1","EC50"," 24"
"148","affinities",NA,"50398203","CN(C)c1ccc(\C=C\C=C\c2cc(\C=C\C=C\c3ccc(cc3)N(C)C)ncn2)cc1","IC50"," 2"
"149","affinities",NA,"50398204","C1CCN(C1)c1ccc(\C=C\c2cc(\C=C\c3ccc(cc3)N3CCCC3)ncn2)cc1","IC50"," 2"
"150","affinities",NA,"50398205","C1CCN(CC1)c1ccc(\C=C\c2cc(\C=C\c3ccc(cc3)N3CCCCC3)ncn2)cc1","IC50"," 17"
"151","affinities",NA,"50398207","CN(C)c1ccc(\C=C\c2cc(\C=C\c3ccc(cc3)N(C)C)ncn2)cc1","IC50"," 4"
"152","affinities",NA,"50398208","CN1CCN(CC1)c1ccc(\C=C\c2cnc(\C=C\c3ccc(cc3)N3CCN(C)CC3)cn2)cc1","IC50"," 42"
"153","affinities",NA,"50398209","C1CN(CCO1)c1ccc(\C=C\c2cnc(\C=C\c3ccc(cc3)N3CCOCC3)cn2)cc1","IC50"," 6"
"154","affinities",NA,"50398210","COc1ccc(\C=C\c2cnc(\C=C\c3ccc(OC)cc3)cn2)cc1","IC50"," 13"
"155","affinities",NA,"50400616","Cc1c(OCC(F)(F)F)ccnc1CS(=O)c1nc2ccccc2n1C","Kd"," 0.7"
"156","affinities",NA,"50402407","C[N+]1=C(\C=C\c2ccc(cc2)N2CCCC2)C(C)(C)c2ccccc12 |c:1|","IC50"," 5.1"
"157","affinities",NA,"50402408","CCCC[N+]1=C(\C=C\c2ccc(cc2)N(CC)CC)C(C)(C)c2ccccc12 |c:4|","IC50"," 1.41"
"158","affinities",NA,"50430742","Cc1cc2nc3ccc(cc3sc2cc1N)=[N+](C)C |(19,-12.67,;17.67,-11.9,;16.33,-12.67,;15,-11.9,;13.67,-12.67,;12.34,-11.9,;11,-12.67,;9.67,-11.9,;9.67,-10.36,;11,-9.59,;12.34,-10.36,;13.67,-9.59,;15,-10.36,;16.33,-9.59,;17.67,-10.36,;19,-9.59,;8.33,-9.59,;7,-10.36,;8.33,-8.05,)|","Ki"," 69"
"159","affinities",NA,"50434366","C1CCN2\C(Sc3ccccc23)=C\C=C\c2sc3ccccc3[n+]2CCCCCN2\C(Sc3ccccc23)=C\C=C\c2sc3ccccc3[n+]2CC1 |t:13,15,43,45|","IC50"," 80"
"160","affinities",NA,"50434370","Nc1ccc2nc3ccc(=[NH2+])cc3sc2c1","IC50"," 69"
"161","affinities",NA,"50434371","C[N+](C)=c1ccc2nc3ccc(N)cc3sc2c1 |(14.23,-9.19,;14.24,-7.65,;15.58,-6.89,;12.91,-6.88,;12.92,-5.34,;11.59,-4.55,;10.26,-5.32,;8.92,-4.54,;7.58,-5.32,;6.25,-4.56,;4.92,-5.33,;4.92,-6.87,;3.59,-7.64,;6.25,-7.64,;7.58,-6.86,;8.91,-7.64,;10.25,-6.86,;11.57,-7.64,)|","IC50"," 69"
