"",".id","X..i..","monomerid","smiles","affinity_type","affinity"
"1","hit","457",NA,NA,NA,NA
"2","length","1011",NA,NA,NA,NA
"3","uniprot_length","NA",NA,NA,NA,NA
"4","primary","Q9UKV0",NA,NA,NA,NA
"5","alternative","A7E2F3",NA,NA,NA,NA
"6","alternative","B7Z4I4",NA,NA,NA,NA
"7","alternative","B7Z917",NA,NA,NA,NA
"8","alternative","B7Z928",NA,NA,NA,NA
"9","alternative","B7Z940",NA,NA,NA,NA
"10","alternative","C9JS87",NA,NA,NA,NA
"11","alternative","E7EX34",NA,NA,NA,NA
"12","alternative","F8W9E0",NA,NA,NA,NA
"13","alternative","O94845",NA,NA,NA,NA
"14","alternative","O95028",NA,NA,NA,NA
"15","alternative","Q2M2R6",NA,NA,NA,NA
"16","alternative","Q86SL1",NA,NA,NA,NA
"17","alternative","Q86US3",NA,NA,NA,NA
"18","affinities",NA,"16430","OC(=O)\C=C\c1ccccc1","Ki"," 8.2"
"19","affinities",NA,"19130","CC(C=CC(=O)NO)C=C(C)C(=O)c1ccc(cc1)N(C)C |w:8.7,2.1|","IC50"," 20"
"20","affinities",NA,"19131","SCCCCCCC(=O)Nc1nc(cs1)-c1ccccc1","IC50"," 82"
"21","affinities",NA,"19149","ONC(=O)CCCCCCC(=O)Nc1ccccc1","Ki"," 49"
"22","affinities",NA,"19428","OCCN(CCc1c[nH]c2ccccc12)Cc1ccc(\C=C\C(=O)NO)cc1","IC50"," 32"
"23","affinities",NA,"25150","ONC(=O)\C=C\c1cccc(c1)S(=O)(=O)Nc1ccccc1","IC50"," 10.0"
"24","affinities",NA,"25150","ONC(=O)\C=C\c1cccc(c1)S(=O)(=O)Nc1ccccc1","Ki"," 24"
"25","affinities",NA,"29589","Cc1[nH]c2ccccc2c1CCNCc1ccc(\C=C\C(=O)NO)cc1","IC50"," 0.830000"
"26","affinities",NA,"29589","Cc1[nH]c2ccccc2c1CCNCc1ccc(\C=C\C(=O)NO)cc1","Ki"," 1.2"
"27","affinities",NA,"119440","ONC(=O)c1ccc(CNC(=O)c2[nH]c(cc2-c2ccoc2)-c2ccc(O)cc2)cc1","IC50"," 59"
"28","affinities",NA,"124200","ONC(=O)CCCCCCN(c1ccccn1)c1ccc2ccccc2n1","IC50"," 90"
"29","affinities",NA,"152692","SCCCCCCC(=O)Nc1ccccc1","IC50"," 58"
"30","affinities",NA,"272065","Cc1c(F)cccc1[C@@]1(Cc2cnn(c2C1)-c1ccccc1)C(=O)NO |r|","IC50"," 28.0"
"31","affinities",NA,"272066","Cc1ccccc1-n1ncc2C[C@@](Cc12)(C(=O)NO)c1cccc(F)c1C |r|","IC50"," 23.0"
"32","affinities",NA,"272067","Cc1c(F)cccc1[C@@]1(Cc2cnn(c2C1)-c1ccccc1F)C(=O)NO |r|","IC50"," 17.0"
"33","affinities",NA,"272068","Cc1c(F)cccc1[C@@]1(Cc2cnn(c2C1)-c1cccc(Cl)c1)C(=O)NO |r|","IC50"," 61.0"
"34","affinities",NA,"272069","Cc1c(F)cccc1[C@@]1(Cc2cnn(c2C1)-c1ccc(F)cc1)C(=O)NO |r|","IC50"," 53.0"
"35","affinities",NA,"272070","Cc1c(F)cccc1[C@@]1(Cc2cnn(c2C1)-c1cccc(F)c1)C(=O)NO |r|","IC50"," 44.0"
"36","affinities",NA,"272071","Cc1c(F)cccc1[C@@]1(Cc2cnn(c2C1)-c1ccccc1Cl)C(=O)NO |r|","IC50"," 15.0"
"37","affinities",NA,"272073","Cc1ccc(cc1)-n1ncc2C[C@@](Cc12)(C(=O)NO)c1cccc(F)c1C |r|","IC50"," 39.0"
"38","affinities",NA,"272074","Cc1c(F)cccc1[C@@]1(Cc2cnn(c2C1)-c1cccc(Cl)c1F)C(=O)NO |r|","IC50"," 17.0"
"39","affinities",NA,"272075","Cc1c(F)cccc1[C@@]1(Cc2cnn(c2C1)-c1c(F)cccc1F)C(=O)NO |r,wU:8.27,(-1.7,-2.72,;-.37,-3.49,;-.37,-5.03,;-1.7,-5.8,;.96,-5.8,;2.3,-5.03,;2.3,-3.49,;.96,-2.72,;.96,-1.18,;-.28,-2.09,;-1.53,-1.18,;-3.07,-1.18,;-3.54,.28,;-2.3,1.18,;-1.05,.28,;.49,.28,;-2.3,2.72,;-3.63,3.49,;-4.97,2.72,;-3.63,5.03,;-2.3,5.8,;-.96,5.03,;-.96,3.49,;.37,2.72,;2.3,-.41,;2.3,1.13,;3.63,-1.18,;4.97,-.41,)|","IC50"," 12.0"
"40","affinities",NA,"272076","Cc1ccc(C)c(c1)-n1ncc2C[C@@](Cc12)(C(=O)NO)c1cccc(F)c1C |r|","IC50"," 21.0"
"41","affinities",NA,"272077","Cc1cccc(C)c1-n1ncc2C[C@@](Cc12)(C(=O)NO)c1cccc(F)c1C |r,wD:13.22,(-4.97,2.72,;-3.63,3.49,;-3.63,5.03,;-2.3,5.8,;-.96,5.03,;-.96,3.49,;.37,2.72,;-2.3,2.72,;-2.3,1.18,;-3.54,.28,;-3.07,-1.18,;-1.53,-1.18,;-.28,-2.09,;.96,-1.18,;.49,.28,;-1.05,.28,;2.3,-.41,;2.3,1.13,;3.63,-1.18,;4.97,-.41,;.96,-2.72,;2.3,-3.49,;2.3,-5.03,;.96,-5.8,;-.37,-5.03,;-1.7,-5.8,;-.37,-3.49,;-1.7,-2.72,)|","IC50"," 27.0"
"42","affinities",NA,"272078","Cc1c(F)cccc1[C@@]1(Cc2cnn(c2C1)-c1c(F)cccc1Cl)C(=O)NO |r,wD:8.8,(-.17,-3.49,;1.37,-3.49,;2.14,-4.83,;1.37,-6.16,;3.68,-4.83,;4.45,-3.49,;3.68,-2.16,;2.14,-2.16,;1.37,-.83,;.12,-1.73,;-1.13,-.83,;-2.67,-.83,;-3.14,.64,;-1.9,1.54,;-.65,.64,;.89,.64,;-1.9,3.08,;-.56,3.85,;.77,3.08,;-.56,5.39,;-1.9,6.16,;-3.23,5.39,;-3.23,3.85,;-4.56,3.08,;2.77,-.2,;4.02,-1.11,;2.93,1.33,;4.56,2.27,)|","IC50"," 15.0"
"43","affinities",NA,"272079","Cc1cccc(F)c1-n1ncc2C[C@@](Cc12)(C(=O)NO)c1cccc(F)c1C |r,wD:13.22,(-4.97,2.72,;-3.63,3.49,;-3.63,5.03,;-2.3,5.8,;-.96,5.03,;-.96,3.49,;.37,2.72,;-2.3,2.72,;-2.3,1.18,;-3.54,.28,;-3.07,-1.18,;-1.53,-1.18,;-.28,-2.09,;.96,-1.18,;.49,.28,;-1.05,.28,;2.3,-.41,;2.3,1.13,;3.63,-1.18,;4.97,-.41,;.96,-2.72,;2.3,-3.49,;2.3,-5.03,;.96,-5.8,;-.37,-5.03,;-1.7,-5.8,;-.37,-3.49,;-1.7,-2.72,)|","IC50"," 19.0"
"44","affinities",NA,"272080","Cc1c(F)cccc1[C@@]1(Cc2cnn(c2C1)-c1ccc(F)cn1)C(=O)NO |r|","IC50"," 31.0"
"45","affinities",NA,"272081","Cc1c(F)cccc1[C@@]1(Cc2cnn(c2C1)-c1ccc(F)cc1F)C(=O)NO |r|","IC50"," 29.0"
"46","affinities",NA,"272082","Cc1c(F)cccc1[C@@]1(Cc2cnn(C3CCCC3)c2C1)C(=O)NO |r|","IC50"," 37.0"
"47","affinities",NA,"272083","Cc1c(F)cccc1[C@@]1(Cc2cnn(c2C1)-c1cnccn1)C(=O)NO |r|","IC50"," 38.0"
"48","affinities",NA,"272086","Cc1cc(F)ccc1-n1ncc2C[C@@](Cc12)(C(=O)NO)c1cccc(F)c1C |r|","IC50"," 44.0"
"49","affinities",NA,"272088","Cc1cccc(c1)-n1ncc2C[C@@](Cc12)(C(=O)NO)c1cccc(F)c1C |r|","IC50"," 28.0"
"50","affinities",NA,"272089","Cc1cccc(c1)-n1cc2C[C@@](Cc2n1)(C(=O)NO)c1cccc(F)c1C |r|","IC50"," 76.0"
"51","affinities",NA,"272090","Cc1cnccc1-n1ncc2C[C@@](Cc12)(C(=O)NO)c1cccc(F)c1C |r|","IC50"," 57.0"
"52","affinities",NA,"272091","Cc1cnccc1-n1cc2C[C@@](Cc2n1)(C(=O)NO)c1cccc(F)c1C |r|","IC50"," 53.0"
"53","affinities",NA,"272092","Cc1c(F)cccc1[C@@]1(Cc2cn(nc2C1)-c1ncccc1Cl)C(=O)NO |r|","IC50"," 65.0"
"54","affinities",NA,"272117","CC(C)n1ncc2C[C@@](Cc12)(C(=O)NO)c1cccc(F)c1C |r|","IC50"," 67.0"
"55","affinities",NA,"272118","Cc1c(F)cccc1[C@@]1(CCc2c1cnn2-c1ccccc1)C(=O)NO |r|","IC50"," 72.0"
"56","affinities",NA,"272122","Cc1c(F)cccc1[C@@]1(Cc2cnn(C3CC3)c2C1)C(=O)NO |r|","IC50"," 48.0"
"57","affinities",NA,"272130","Cc1c(F)cccc1[C@]1(Cc2nc(sc2C1)-c1ccc(F)cc1)C(=O)NO |r|","IC50"," 81.0"
"58","affinities",NA,"272133","Cc1c(F)cccc1[C@]1(Cc2nc(sc2C1)-c1ccnn1C)C(=O)NO |r|","IC50"," 44.0"
"59","affinities",NA,"272135","COc1ccc(nc1)-c1nc2C[C@](Cc2s1)(C(=O)NO)c1cccc(F)c1C |r|","IC50"," 95.0"
"60","affinities",NA,"272136","Cc1c(F)cccc1[C@@]1(CCc2nc(sc12)C1CC1)C(=O)NO |r|","IC50"," 94.0"
"61","affinities",NA,"272140","Cc1c(cnn1C)-c1nc2CC(Cc2s1)(C(=O)NO)c1cccc(F)c1C","IC50"," 68.0"
"62","affinities",NA,"272143","Cc1c(F)cccc1[C@@]1(Cc2nn(C)c(c2C1)-c1ccc(F)cc1)C(=O)NO |r|","IC50"," 53.0"
"63","affinities",NA,"272144","Cc1c(F)cccc1[C@@]1(Cc2snc(c2C1)-c1ccccc1)C(=O)NO |r|","IC50"," 79.0"
"64","affinities",NA,"272154","Cc1c(F)cccc1[C@]1(Cc2nc(sc2C1)-c1ccc(F)cn1)C(=O)NO |r|","IC50"," 51.0"
"65","affinities",NA,"272155","Cc1c(F)cccc1[C@@]1(Cc2cnn(c2C1)-c1ccc(F)cc1Cl)C(=O)NO |r|","IC50"," 36.0"
"66","affinities",NA,"272157","Cc1c(F)cccc1[C@@]1(Cc2cnn(Cc3ccccc3)c2C1)C(=O)NO |r|","IC50"," 48.0"
"67","affinities",NA,"272158","Cc1c(F)cccc1[C@@]1(CCc2c1cnn2Cc1ccccc1)C(=O)NO |r|","IC50"," 27.0"
"68","affinities",NA,"323704","Cn1cc(CCNCc2ccc(\C=C\C(=O)NO)cc2)c2ccccc12","IC50"," 23"
"69","affinities",NA,"50020161","Fc1cccc(c1)-c1csc(NC(=O)CCCCCCS)n1","IC50"," 78"
"70","affinities",NA,"50020162","Cc1ccc(cc1F)-c1csc(NC(=O)CCCCCCS)n1","IC50"," 62"
"71","affinities",NA,"50020163","Fc1ccc(cc1)-c1csc(NC(=O)CCCCCCS)n1","IC50"," 57"
"72","affinities",NA,"50020164","Cc1ccc(cc1)-c1csc(NC(=O)CCCCCCS)n1","IC50"," 42"
"73","affinities",NA,"50027652","CC(=O)SCCCCC[C@H](NC(=O)[C@H]1CCC(=O)N1)C(=O)Nc1ccccc1 |r|","IC50"," 5.0"
"74","affinities",NA,"50027653","CC(=O)SCCCCC[C@H](NC(=O)[C@@H]1CC(=O)N1)C(=O)Nc1ccccc1 |r|","IC50"," 31"
"75","affinities",NA,"50038729","COc1ccccc1C(=O)N[C@H](COc1cccc(\C=C\C(=O)NO)c1)Cc1c[nH]c2ccccc12 |r|","IC50"," 39"
"76","affinities",NA,"50038730","COc1cccc(c1)C(=O)N[C@H](COc1cccc(\C=C\C(=O)NO)c1)Cc1c[nH]c2ccccc12 |r|","IC50"," 67"
"77","affinities",NA,"50038745","ONC(=O)\C=C\c1cccc(OC[C@H](Cc2c[nH]c3ccccc23)NC(=O)c2ccccc2Cl)c1 |r|","IC50"," 82"
"78","affinities",NA,"50044635","CC1(C)CC(=O)Nc2ccc(cc12)C(=O)NCc1ccc(\C=C\C(=O)NO)cc1","IC50"," 37"
"79","affinities",NA,"50044636","CC1(C)CC(=O)Nc2ccc(cc12)C(=O)NC[C@H]1CC[C@@H](CC1)\C=C\C(=O)NO |r,wU:17.18,wD:20.25,(21.24,-20.14,;22.02,-21.48,;22.78,-20.14,;23.36,-22.25,;23.36,-23.79,;24.69,-24.56,;22.02,-24.56,;20.69,-23.79,;19.36,-24.56,;18.02,-23.79,;18.02,-22.25,;19.36,-21.48,;20.69,-22.25,;16.7,-21.48,;16.7,-19.94,;15.36,-22.25,;14.02,-21.48,;12.69,-22.25,;12.69,-23.8,;11.35,-24.56,;10.01,-23.79,;10.02,-22.25,;11.35,-21.48,;8.67,-24.55,;7.34,-23.78,;6.01,-24.54,;6,-26.08,;4.68,-23.76,;3.34,-24.53,)|","IC50"," 5.2"
"80","affinities",NA,"50044637","CC1(C)CC(=O)Nc2ccc(cc12)C(=O)NC[C@H]1CC[C@H](CCC(=O)NO)CC1 |r,wU:17.18,wD:20.22,(21.54,-26.71,;22.32,-28.05,;23.08,-26.71,;23.66,-28.82,;23.66,-30.36,;24.99,-31.13,;22.32,-31.13,;20.98,-30.36,;19.66,-31.13,;18.32,-30.36,;18.32,-28.82,;19.66,-28.05,;20.98,-28.82,;16.99,-28.05,;16.99,-26.51,;15.65,-28.82,;14.32,-28.05,;12.98,-28.82,;12.99,-30.37,;11.64,-31.14,;10.31,-30.36,;8.97,-31.12,;7.64,-30.35,;6.3,-31.11,;6.3,-32.65,;4.97,-30.34,;3.64,-31.1,;10.32,-28.82,;11.65,-28.05,)|","IC50"," 57"
"81","affinities",NA,"50044638","CC1(C)CC(=O)Nc2ccc(cc12)C(=O)NC[C@H]1CC[C@H](CC1)\C=C\C(=O)NO |r,wU:17.18,20.25,(21.18,-34.58,;21.96,-35.93,;22.72,-34.58,;23.3,-36.7,;23.3,-38.24,;24.63,-39.01,;21.96,-39.01,;20.62,-38.24,;19.3,-39.01,;17.96,-38.24,;17.96,-36.7,;19.3,-35.93,;20.62,-36.7,;16.63,-35.93,;16.63,-34.39,;15.3,-36.7,;13.96,-35.93,;12.62,-36.7,;12.63,-38.24,;11.28,-39.01,;9.95,-38.24,;9.96,-36.69,;11.29,-35.93,;8.61,-39,;7.28,-38.22,;5.94,-38.99,;5.94,-40.53,;4.61,-38.21,;3.28,-38.97,)|","IC50"," 91"
"82","affinities",NA,"50044639","CC1(C)CC(=O)Nc2ccc(cc12)C(=O)NC[C@@H]1CC[C@H](CCC(=O)NO)CC1 |r,wU:17.18,20.22,(45.27,-32.85,;46.06,-34.2,;46.81,-32.85,;47.39,-34.97,;47.39,-36.51,;48.73,-37.28,;46.06,-37.28,;44.72,-36.51,;43.39,-37.28,;42.06,-36.51,;42.06,-34.97,;43.39,-34.2,;44.72,-34.97,;40.73,-34.2,;40.73,-32.66,;39.39,-34.97,;38.06,-34.2,;36.72,-34.97,;35.39,-34.2,;34.05,-34.96,;34.04,-36.5,;32.71,-37.27,;31.38,-36.49,;30.04,-37.26,;30.03,-38.8,;28.71,-36.48,;27.37,-37.24,;35.38,-37.28,;36.72,-36.51,)|","IC50"," 50"
"83","affinities",NA,"50044640","ONC(=O)CCCCCCC(=O)Nc1ccc2[nH]c(=O)ccc2c1","IC50"," 58"
"84","affinities",NA,"50044641","ONC(=O)CCCCCCC(=O)Nc1ccc2NC(=O)CCc2c1","IC50"," 25"
"85","affinities",NA,"50044642","CC1(C)CC(=O)Nc2ccc(NC(=O)CCCCCCC(=O)NO)cc12","IC50"," 45"
"86","affinities",NA,"50044643","ONC(=O)CCCCCCNC(=O)c1ccc2[nH]c(=O)ccc2c1","IC50"," 46"
"87","affinities",NA,"50044644","ONC(=O)CCCCCCNC(=O)c1ccc2NC(=O)CCc2c1","IC50"," 35"
"88","affinities",NA,"50044645","CC1(C)CC(=O)Nc2ccc(cc12)C(=O)NCCCCCCC(=O)NO","IC50"," 39"
"89","affinities",NA,"50044646","Cn1c2ccc(cc2ccc1=O)C(=O)NCCCCCCC(=O)NO","IC50"," 41"
"90","affinities",NA,"50044648","COc1ccc2cc(ccc2n1)C(=O)NCCCCCCC(=O)NO","IC50"," 34"
"91","affinities",NA,"50048864","[H][C@@]12CC(=O)N[C@H](C(C)C)C(=O)N[C@]([H])(CSSCC\C=C\1)C(=O)N\C(=C/C)C(=O)N[C@@H](C(C)C)C(=O)O2 |r,t:20|","IC50"," 1.000000"
"92","affinities",NA,"50049427","[H][C@]1(CO1)C(=O)CCCCC[C@@H]1NC(=O)[C@@]2([H])CCCN2C(=O)[C@H](Cc2ccccc2)NC(=O)[C@H](C)NC1=O |r|","IC50"," 6.4"
"93","affinities",NA,"50056974","ONC(=O)\C=C\c1ccc(cc1)S(=O)(=O)NCCc1c[nH]c2ccccc12","IC50"," 6.6"
"94","affinities",NA,"50056975","Cn1cc(CCNS(=O)(=O)c2ccc(\C=C\C(=O)NO)cc2)c2ccccc12","IC50"," 5.7"
"95","affinities",NA,"50056976","ONC(=O)\C=C\c1ccc(cc1)S(=O)(=O)N1CCc2c(C1)[nH]c1ccccc21","IC50"," 44"
"96","affinities",NA,"50056978","Cl.Cc1[nH]c2ccccc2c1CCNCc1ccc(\C=C\CNO)cc1","IC50"," 7.5"
"97","affinities",NA,"50056979","CC(C)N(CCc1c(C)[nH]c2ccccc12)S(=O)(=O)c1ccc(\C=C\C(=O)NO)cc1","IC50"," 9.2"
"98","affinities",NA,"50056980","CCN(CCc1c(C)[nH]c2ccccc12)S(=O)(=O)c1ccc(\C=C\C(=O)NO)cc1","IC50"," 30"
"99","affinities",NA,"50056981","CN(CCc1c(C)[nH]c2ccccc12)S(=O)(=O)c1ccc(\C=C\C(=O)NO)cc1","IC50"," 47"
"100","affinities",NA,"50056982","CCN(CC)CCn1c(C)c(CCNS(=O)(=O)c2ccc(\C=C\C(=O)NO)cc2)c2ccccc12","IC50"," 7.3"
"101","affinities",NA,"50056983","CCn1c(C)c(CCNS(=O)(=O)c2ccc(\C=C\C(=O)NO)cc2)c2ccccc12","IC50"," 3.4"
"102","affinities",NA,"50056984","Cc1c(CCNS(=O)(=O)c2ccc(\C=C\C(=O)NO)cc2)c2ccccc2n1C","IC50"," 3.3"
"103","affinities",NA,"50056985","Cc1[nH]c2ccccc2c1CCNS(=O)(=O)c1ccc(\C=C\C(=O)NO)cc1","IC50"," 2.8"
"104","affinities",NA,"50056986","Cc1[nH]c2ccccc2c1CCNS(=O)(=O)c1cccc(\C=C\C(=O)NO)c1","IC50"," 7.9"
"105","affinities",NA,"50079398","ONC(=O)CCCCCCN1C\C=C\CCOc2cccc(c2)-c2ccnc(Nc3cccc(C1)c3)n2 |t:12|","IC50"," 87"
"106","affinities",NA,"50079798","CNCC(=O)[C@@H](Cc1ccccc1)NC(=O)CCCCCCC(=O)NO","IC50"," 1.4"
"107","affinities",NA,"50079808","CC(C)C[C@H]1C(=O)N([C@@H](Cc2ccccc2)C(=O)NCCCCCC(=O)NO)C(=O)C11CCCC1","IC50"," 66"
"108","affinities",NA,"50082325","[H][C@]12CCCN1C(=O)[C@H](Cc1ccccc1)NC(=O)[C@H](Cc1ccccc1)NC(=O)[C@H](CCCCCC(=O)NO)NC2=O","IC50"," 2.0"
"109","affinities",NA,"50082665","CN(C)c1ccc(cc1)C(=O)NCCCCCCC(=O)NO","IC50"," 46"
"110","affinities",NA,"50084002","CCC[C@@H]1[C@@H](CC(C)C)C(=O)N([C@@H](Cc2ccc(OC)cc2)C(=O)NCCCCCC(=O)NO)C1=O","IC50"," 38"
"111","affinities",NA,"50085133","CCOc1ccc(CCn2cccc(\C=C\C(=O)NO)c2=O)cc1","IC50"," 70"
"112","affinities",NA,"50085242","COc1cccc(CCn2cccc(\C=C\C(=O)NO)c2=O)c1","IC50"," 70"
"113","affinities",NA,"50085315","CCc1ccc(CCn2cccc(\C=C\C(=O)NO)c2=O)cc1","IC50"," 70"
"114","affinities",NA,"50085318","ONC(=O)\C=C\c1cccn(Cc2ccc3ccccc3n2)c1=O","IC50"," 30"
"115","affinities",NA,"50085325","CC(C)(C)c1ccc(Cn2cccc(\C=C\C(=O)NO)c2=O)cc1","IC50"," 90"
"116","affinities",NA,"50085442","COc1cccc(CCCn2cccc(\C=C\C(=O)NO)c2=O)c1","IC50"," 30"
"117","affinities",NA,"50085444","CCOc1ccccc1CCCn1cccc(\C=C\C(=O)NO)c1=O","IC50"," 50"
"118","affinities",NA,"50092612","NS(=O)(=O)CCNC(=O)C(\Cc1ccc(O)c(Br)c1)=N\O","IC50",">40"
"119","affinities",NA,"50093769","[H][C@@]12CN([C@@H](Cc3ccc(OCCCCC1)cc3)C(=O)NCCCCCC(=O)NO)C(=O)[C@@H]2CC(C)C","IC50"," 38"
"120","affinities",NA,"50096737","CC(C)C[C@@H]1CC(=O)N([C@@H](Cc2ccccc2)C(=O)NCCCCCC(=O)NO)C1=O","IC50"," 99"
"121","affinities",NA,"50096743","CCC[C@@H]1[C@@H](CC(C)C)C(=O)N([C@@H](Cc2ccccc2)C(=O)NCCCCCC(=O)NO)C1=O","IC50"," 51"
"122","affinities",NA,"50099379","CC(C)C[C@H]1CN[C@@H](Cc2ccc(OCCCCC[C@H]1C(=O)OC(C)(C)C)cc2)C(=O)NCCCCCC(=O)NO","IC50"," 2.1"
"123","affinities",NA,"50105327","Cn1cc(CNCC2CCN(CC2)c2ncc(cn2)C(=O)NO)c2ccccc12","Ki"," 3.8"
"124","affinities",NA,"50105330","CCCCc1nc2cc(\C=C\C(=O)NO)ccc2n1CCN(CC)CC","Ki"," 24"
"125","affinities",NA,"50117090","Oc1ccc(CC(N=O)C(=O)NCCSSCCNC(=O)C(Cc2ccc(O)c(Br)c2)N=O)cc1Br","IC50"," 50"
"126","affinities",NA,"50132344","COc1cc2ncnc(Nc3cccc(Cl)c3)c2cc1OCCCCC(=O)NO","IC50"," 17"
"127","affinities",NA,"50132345","COc1cc2ncnc(Nc3cccc(Cl)c3)c2cc1OCCCCCC(=O)NO","IC50"," 5.4"
"128","affinities",NA,"50132347","COc1cc2ncnc(Nc3cccc(Br)c3)c2cc1OCCCC(=O)NO","IC50"," 97"
"129","affinities",NA,"50132389","COc1cc2ncnc(Nc3cccc(Br)c3)c2cc1OCCCCC(=O)NO","IC50"," 15"
"130","affinities",NA,"50132403","COc1cc2ncnc(Nc3cccc(Br)c3)c2cc1OCCCCCC(=O)NO","IC50"," 4.5"
"131","affinities",NA,"50132480","COc1cc2ncnc(Nc3ccc(Cl)cc3Cl)c2cc1OCCCC(=O)NO","IC50"," 86"
"132","affinities",NA,"50132482","COc1cc2ncnc(Nc3ccc(Cl)cc3Cl)c2cc1OCCCCC(=O)NO","IC50"," 14"
"133","affinities",NA,"50132484","COc1cc2ncnc(Nc3ccc(Cl)cc3Cl)c2cc1OCCCCCC(=O)NO","IC50"," 2.8"
"134","affinities",NA,"50132486","COc1cc2ncnc(Nc3cc(Cl)ccc3Cl)c2cc1OCCCC(=O)NO","IC50"," 57"
"135","affinities",NA,"50132487","COc1cc2ncnc(Nc3cc(Cl)ccc3Cl)c2cc1OCCCCC(=O)NO","IC50"," 21"
"136","affinities",NA,"50132488","COc1cc2ncnc(Nc3cc(Cl)ccc3Cl)c2cc1OCCCCCC(=O)NO","IC50"," 8.4"
"137","affinities",NA,"50134227","CC(C)N(CCc1c[nH]c2ccccc12)Cc1ccc(\C=C\C(=O)NO)cc1","IC50"," 23"
"138","affinities",NA,"50134232","ONC(=O)\C=C\c1ccc(CNCCc2c[nH]c3ccccc23)cc1","IC50"," 63"
"139","affinities",NA,"50141111","ONC(=O)\C=C\c1ccc2OC3(CCN(Cc4ccccc4)C3)CC(=O)c2c1","IC50"," 26"
"140","affinities",NA,"50141139","ONC(=O)\C=C\c1ccc2OC3(CC(=O)c2c1)CCCN(Cc1ccccc1)CC3","IC50"," 73"
"141","affinities",NA,"50141144","ONC(=O)\C=C\c1ccc2OC3(CN(Cc4ccccc4)C3)CC(=O)c2c1","IC50"," 67"
"142","affinities",NA,"50141176","Cn1cc(CN2CC3(C2)CC(=O)c2cc(\C=C\C(=O)NO)ccc2O3)c2ccccc12","IC50"," 62"
"143","affinities",NA,"50141178","ONC(=O)\C=C\c1ccc2OC3(CN(C3)C(=O)c3ccccc3)CC(=O)c2c1","IC50"," 81"
"144","affinities",NA,"50141184","Cn1cc(CN2CCC3(C2)CC(=O)c2cc(\C=C\C(=O)NO)ccc2O3)c2ccccc12","IC50"," 85"
"145","affinities",NA,"50141185","ONC(=O)\C=C\c1ccc2OC3(CCN(CCc4ccccc4)C3)CC(=O)c2c1","IC50"," 27"
"146","affinities",NA,"50141241","ONC(=O)\C=C\c1ccc2OC3(CCCN(Cc4ccccc4)C3)CC(=O)c2c1","IC50"," 56"
"147","affinities",NA,"50141361","ONC(=O)\C=C\c1ccc2OC3(CCCN(Cc4ccc(F)cc4)C3)CC(=O)c2c1","IC50"," 34"
"148","affinities",NA,"50141381","ONC(=O)\C=C\c1ccc2OC3(CCCN(CCc4ccccc4)C3)CC(=O)c2c1","IC50"," 1.000000"
"149","affinities",NA,"50141608","ONC(=O)\C=C\c1ccc2OC3(CC(=O)c2c1)CCCN(CCc1ccccc1)CC3","IC50"," 56"
"150","affinities",NA,"50142796","COc1cc2ncnc(Nc3ccc(Br)cc3)c2cc1OCCCCCCC(=O)NO","IC50"," 2.2"
"151","affinities",NA,"50142799","COc1cc2ncnc(Nc3ccccc3F)c2cc1OCCCCCCC(=O)NO","IC50"," 32"
"152","affinities",NA,"50142838","COc1cc2ncnc(Nc3ccc(Br)cc3)c2cc1OCCCCCC(=O)NO","IC50"," 12"
"153","affinities",NA,"50142843","COc1cc2ncnc(Nc3ccc(Br)cc3)c2cc1OCCCCC(=O)NO","IC50"," 68"
"154","affinities",NA,"50142845","COc1cc2ncnc(Nc3ccccc3Br)c2cc1OCCCCCCC(=O)NO","IC50"," 8.8"
"155","affinities",NA,"50142849","COc1cc2ncnc(Nc3ccccc3Br)c2cc1OCCCCCC(=O)NO","IC50"," 31"
"156","affinities",NA,"50142851","COc1cc2ncnc(Nc3ccccc3Br)c2cc1OCCCCC(=O)NO","IC50"," 74"
"157","affinities",NA,"50142857","COc1cc2ncnc(Nc3ccc(Cl)cc3)c2cc1OCCCCCCC(=O)NO","IC50"," 3.2"
"158","affinities",NA,"50142859","COc1cc2ncnc(Nc3ccc(Cl)cc3)c2cc1OCCCCCC(=O)NO","IC50"," 11"
"159","affinities",NA,"50142865","COc1cc2ncnc(Nc3ccccc3Cl)c2cc1OCCCCCCC(=O)NO","IC50"," 18"
"160","affinities",NA,"50142881","COc1cc2ncnc(Nc3ccccc3Cl)c2cc1OCCCCCC(=O)NO","IC50"," 29"
"161","affinities",NA,"50142898","COc1cc2ncnc(Nc3ccc(F)cc3)c2cc1OCCCCCCC(=O)NO","IC50"," 8.5"
"162","affinities",NA,"50142899","COc1cc2ncnc(Nc3ccc(F)cc3)c2cc1OCCCCCC(=O)NO","IC50"," 29"
"163","affinities",NA,"50143530","OC(=O)CCCn1nc(cc1C(=O)NCCCCCCS)-c1ccc(F)cc1","IC50"," 80"
"164","affinities",NA,"50143995","SCCCCCCNC(=O)c1cc(n[nH]1)-c1ccccn1","IC50"," 33"
"165","affinities",NA,"50143996","SCCCCCCNC(=O)c1cc(n[nH]1)-c1cccnc1","IC50"," 15"
"166","affinities",NA,"50143997","SCCCCCCNC(=O)c1cc(n[nH]1)-c1ccncc1","IC50"," 8.0"
"167","affinities",NA,"50144207","SCCCCCCNC(=O)c1cc(n[nH]1)-c1ccc(cc1)-c1ccccc1","IC50"," 43"
"168","affinities",NA,"50144209","COc1ccc(cc1OC)-c1cc([nH]n1)C(=O)NCCCCCCS","IC50"," 56"
"169","affinities",NA,"50144210","SCCCCCCNC(=O)c1cc(n[nH]1)-c1ccccc1","IC50"," 23"
"170","affinities",NA,"50144212","SCCCCCCNC(=O)c1ccn[nH]1","IC50"," 81"
"171","affinities",NA,"50144214","SCCCCCCNC(=O)c1cc(n[nH]1)-c1c[nH]c2ccccc12","IC50"," 70"
"172","affinities",NA,"50144216","SCCCCCCNC(=O)c1cc(n[nH]1)-c1cnccn1","IC50"," 18"
"173","affinities",NA,"50188637","CN(Cc1nc2c(nc(nc2n1C)-c1ccc(N)cc1)N1CCOCC1)c1ncc(cn1)C(=O)NO","IC50"," 3.2"
"174","affinities",NA,"50188891","COc1ccc(cc1)-c1nc(N2CCOCC2)c2nc(CN(C)c3ncc(cn3)C(=O)NO)n(C)c2n1","IC50"," 3.4"
"175","affinities",NA,"50188897","COc1ccc(cn1)-c1nc(N2CCOCC2)c2nc(CN(C)c3ncc(cn3)C(=O)NO)n(C)c2n1","IC50"," 6.1"
"176","affinities",NA,"50188899","CN(Cc1nc2c(nc(nc2n1C)-c1ccncc1)N1CCOCC1)c1ncc(cn1)C(=O)NO","IC50"," 6.3"
"177","affinities",NA,"50188959","CN(Cc1nc2c(nc(nc2n1C)-c1cnc(N)nc1)N1CCOCC1)c1ncc(cn1)C(=O)NO","IC50"," 3.3"
"178","affinities",NA,"50188961","COc1ccc(cn1)-c1nc(N2CCOCC2)c2sc(CN(C)c3ncc(cn3)C(=O)NO)cc2n1","IC50"," 6.8"
"179","affinities",NA,"50214441","N[C@@H](Cc1ccccc1)C(=O)Nc1ccccc1-c1ccc(NC(=O)CCCCCCC(=O)NO)cc1","IC50"," 80"
"180","affinities",NA,"50218867","[H][C@](C)(CC)[C@]1([H])NC(=O)[C@]([H])(Cc2cn(OC)c3ccccc23)NC(=O)[C@]([H])(CCCCCC2(CC)CO2)NC(=O)[C@@]2([H])CCCCN2CC1=O","IC50"," 60"
"181","affinities",NA,"50218869","[H][C@](C)(CC)[C@]1([H])NC(=O)[C@]([H])(Cc2cn(OC)c3ccccc23)NC(=O)[C@]([H])(CCCCCC(C)=O)NC(=O)[C@@]2([H])CCCCN2CC1=O","IC50"," 2"
"182","affinities",NA,"50218871","[H][C@](C)(CC)[C@]1([H])NC(=O)[C@]([H])(Cc2cn(OC)c3ccccc23)NC(=O)[C@]([H])(CCCCCC=O)NC(=O)[C@@]2([H])CCCCN2CC1=O","IC50"," 6"
"183","affinities",NA,"50218872","[H][C@](C)(CC)[C@]1([H])NC(=O)[C@]([H])(Cc2cn(OC)c3ccccc23)NC(=O)[C@]([H])(CCCCC(=O)OC)NC(=O)[C@@]2([H])CCCCN2CC1=O","IC50"," 74"
"184","affinities",NA,"50218874","[H][C@](C)(CC)[C@]1([H])NC(=O)[C@]([H])(Cc2cn(OC)c3ccccc23)NC(=O)[C@]([H])(CCCCC(O)C(=O)CC)NC(=O)[C@@]2([H])CCCCN2CC1=O","IC50"," 39"
"185","affinities",NA,"50218875","[H][C@](C)(CC)[C@]1([H])NC(=O)[C@]([H])(Cc2cn(OC)c3ccccc23)NC(=O)[C@]([H])(CCCCCC(=O)C(C)=O)NC(=O)[C@@]2([H])CCCCN2CC1=O","IC50"," 30"
"186","affinities",NA,"50218876","[H][C@](C)(CC)[C@]1([H])NC(=O)[C@]([H])(Cc2cn(OC)c3ccccc23)NC(=O)[C@]([H])(CCCCCSC(C)=O)NC(=O)[C@@]2([H])CCCCN2CC1=O","IC50"," 3"
"187","affinities",NA,"50218877","[H][C@](C)(CC)[C@]1([H])NC(=O)[C@]([H])(Cc2cn(OC)c3ccccc23)NC(=O)[C@]([H])(CCCCCC(=O)C(C)F)NC(=O)[C@@]2([H])CCCCN2CC1=O","IC50"," 1"
"188","affinities",NA,"50218879","[H][C@](C)(CC)[C@]1([H])NC(=O)[C@]([H])(Cc2cn(OC)c3ccccc23)NC(=O)[C@]([H])(CCCCCC(=O)CCC)NC(=O)[C@@]2([H])CCCCN2CC1=O","IC50"," 1"
"189","affinities",NA,"50218884","[H][C@](C)(CC)[C@]1([H])NC(=O)[C@]([H])(Cc2cn(OC)c3ccccc23)NC(=O)[C@]([H])(CCCC2OC2C(=O)CC)NC(=O)[C@@]2([H])CCCCN2CC1=O","IC50"," 5"
"190","affinities",NA,"50218888","[H][C@](C)(CC)[C@]1([H])NC(=O)[C@]([H])(Cc2cn(OC)c3ccccc23)NC(=O)[C@]([H])(CCCCC(=O)C(=O)CC)NC(=O)[C@@]2([H])CCCCN2CC1=O","IC50"," 18"
"191","affinities",NA,"50218893","[H][C@](C)(CC)[C@]1([H])NC(=O)[C@]([H])(Cc2cn(OC)c3ccccc23)NC(=O)[C@]([H])(CCCCCCC(=O)OC)NC(=O)[C@@]2([H])CCCCN2CC1=O","IC50"," 7"
"192","affinities",NA,"50218931","[H][C@](C)(CC)[C@]1([H])NC(=O)[C@]([H])(Cc2cn(CCN)c3ccccc23)NC(=O)[C@]([H])(CCCCCC(=O)CC)NC(=O)[C@@]2([H])CCCCN2C1=O","IC50"," 1.3"
"193","affinities",NA,"50218940","[H][C@](C)(CC)[C@]1([H])NC(=O)[C@]([H])(Cc2cn(CN3CCCC3)c3ccccc23)NC(=O)[C@]([H])(CCCCCC(=O)CC)NC(=O)[C@@]2([H])CCCCN2C1=O","IC50"," 0.200000"
"194","affinities",NA,"50218958","[H][C@](C)(CC)[C@]1([H])NC(=O)[C@]([H])(Cc2c([nH]c3ccccc23)-c2ccccc2)NC(=O)[C@]([H])(CCCCCC(=O)CC)NC(=O)[C@@]2([H])CCCCN2C1=O","IC50"," 4"
"195","affinities",NA,"50220817","COc1cccc2[nH]c(cc12)C(=O)NCCCCCCC(=O)NO","IC50"," 3.1"
"196","affinities",NA,"50222389","O=C(CCCCCCC(=O)c1ncco1)Nc1cccc(c1)-c1ccccc1","IC50"," 60"
"197","affinities",NA,"50222391","COc1ccc(cc1)-c1csc(NC(=O)CCCCCCC(=O)c2ncco2)n1","IC50"," 30"
"198","affinities",NA,"50222393","O=C(CCCCCCNC(=O)c1cc2ccccc2[nH]1)c1ncco1","IC50"," 90"
"199","affinities",NA,"50223405","C\C(\C=C\C(=O)NO)=C/c1ccc(NS(=O)(=O)c2ccc(Cl)cc2)cc1","IC50"," 49"
"200","affinities",NA,"50223410","COc1ccc(cc1)S(=O)(=O)Nc1ccc(\C=C(/C)\C=C\C(=O)NO)cc1","IC50"," 74"
"201","affinities",NA,"50238632","CC[C@H](C)[C@@H]1NC(=O)[C@H](Cc2cn(OC)c3ccccc23)NC(=O)[C@H](CCCCCC(=O)CC)NC(=O)[C@H]2CCCCN2C1=O |r|","IC50"," 1"
"202","affinities",NA,"50248476","ONC(=O)\C=C\c1ccc2n(CCN3CCCC3)c(CCc3ccccc3)nc2c1","Ki"," 19"
"203","affinities",NA,"50248522","ONC(=O)\C=C\c1ccc2n(CCN3CCCCC3)c(CCc3ccccc3)nc2c1","Ki"," 24"
"204","affinities",NA,"50248570","CN(C)CC(C)(C)Cn1c(CCc2ccccc2)nc2cc(\C=C\C(=O)NO)ccc12","Ki"," 21"
"205","affinities",NA,"50252391","Cc1nc2ccccc2n1Cc1ccc(cc1F)C(=O)NO","IC50"," 70"
"206","affinities",NA,"50258645","ONC(=O)CCCCCCC(=O)Nc1nc(cs1)-c1ccccc1","IC50"," 6.6"
"207","affinities",NA,"50258646","Nc1cccc(c1)-c1csc(NC(=O)CCCCCCC(=O)NO)n1","IC50"," 3.9"
"208","affinities",NA,"50258647","ONC(=O)CCCCCCC(=O)Nc1ccc(cc1)-c1ccccc1","IC50"," 50"
"209","affinities",NA,"50259808","COc1ccc2c(cn(Cc3ccc(cc3)C(=O)NO)c2c1)C(=O)c1cc(OC)c(OC)c(OC)c1","IC50"," 1.7"
"210","affinities",NA,"50268042","C\C(\C=C\c1ccccc1)=C/C(=O)NCCCCCC(=O)NO","IC50"," 26"
"211","affinities",NA,"50268042","C\C(\C=C\c1ccccc1)=C/C(=O)NCCCCCC(=O)NO","IC50"," 4.2"
"212","affinities",NA,"50268063","ONC(=O)CCCCCNC(=O)\C=C\c1ccc2cccnc2c1","IC50"," 2.8"
"213","affinities",NA,"50268097","[#8]-[#7]-[#6](=O)-[#6]-[#6]-[#6]-[#6]-[#6]-[#7]-[#6](=O)\[#6]=[#6]-1\c2ccccc2-c2ccccc-12","IC50"," 2.3"
"214","affinities",NA,"50268121","ONC(=O)CCCCCNC(=O)\C=C\c1ccc(Cl)cc1F","IC50"," 3.9"
"215","affinities",NA,"50304782","ONC(=O)c1cnc(nc1)N1CCN(CC1)S(=O)(=O)c1ccc2ccccc2c1","IC50"," 28"
"216","affinities",NA,"50304783","OCC(\C=C\c1ccc(F)cc1)N1CCN(CC1)c1ncc(cn1)C(=O)NO","IC50"," 41"
"217","affinities",NA,"50307768","COc1cc2ncnc(Nc3cccc(c3)C#C)c2cc1OCCCCCCC(=O)NO","IC50"," 4.4"
"218","affinities",NA,"50307768","COc1cc2ncnc(Nc3cccc(c3)C#C)c2cc1OCCCCCCC(=O)NO","IC50"," 67"
"219","affinities",NA,"50319209","ONC(=O)CCCCCNC(=O)NC(=O)c1ccc(Br)cc1","Ki"," 6"
"220","affinities",NA,"50319235","ONC(=O)CCCCCNC(=O)NC(=O)c1ccccc1","Ki"," 55"
"221","affinities",NA,"50333088","COc1cc2COc3ccccc3NC(=O)[C@H](CCCCCC(=O)NO)OC\C=C/c(c2)c1 |r,c:29|","IC50"," 61"
"222","affinities",NA,"50353227","Cl.Cl.CCCCc1nc2cc(\C=C\C(=O)NO)ccc2n1CCN(CC)CC","Ki"," 24"
"223","affinities",NA,"50353228","CCCCc1nc2cc(\C=C\C(=O)NO)ccc2n1CCNC(C)C","Ki"," 30"
"224","affinities",NA,"50353229","CN(C)CC(C)(C)Cn1c(CC(C)(C)C)nc2cc(\C=C\C(=O)NO)ccc12","Ki"," 11"
"225","affinities",NA,"50353230","CCCCCCc1nc2cc(\C=C\C(=O)NO)ccc2n1CCNCC","Ki"," 14"
"226","affinities",NA,"50353231","CCCCCCc1nc2cc(\C=C\C(=O)NO)ccc2n1CCNC(C)C","Ki"," 16"
"227","affinities",NA,"50353232","CCCCCCc1nc2cc(\C=C\C(=O)NO)ccc2n1CCN(C)C","Ki"," 11"
"228","affinities",NA,"50353233","CCNCCn1c(CC\C=C/CC)nc2cc(\C=C\C(=O)NO)ccc12","Ki"," 5.7"
"229","affinities",NA,"50353234","CCCCCc1nc2cc(\C=C\C(=O)NO)ccc2n1CCNC(C)C","Ki"," 4.4"
"230","affinities",NA,"50356634","ONC(=O)CCCCCCNC(=O)c1cc(on1)-c1ccc(NC(=O)c2cc(CN=[N+]=[N-])cc(c2)N=[N+]=[N-])cc1","IC50"," 38"
"231","affinities",NA,"50366691","CCCCCCCC[C@@H]1NC(=O)[C@H]2CCCCN2CC(=O)[C@@H](NC(=O)[C@H](Cc2cn(OC)c3ccccc23)NC1=O)[C@@H](C)CC","IC50"," 61"
"232","affinities",NA,"50366693","CC[C@H](C)[C@@H]1NC(=O)[C@H](Cc2cn(OC)c3ccccc23)NC(=O)[C@H](CCCCCC(=O)C2CO2)NC(=O)[C@H]2CCCCN2CC1=O","IC50","<0.100000"
"233","affinities",NA,"50366694","CC[C@H](C)[C@@H]1NC(=S)[C@H](Cc2cn(OC)c3ccccc23)NC(=S)[C@H](CCCCCC(=O)CC)NC(=O)[C@H]2CCCCN2CC1=O","IC50"," 85"
"234","affinities",NA,"50366696","CC[C@H](C)[C@@H]1NC(=O)[C@H](Cc2cn(OC)c3ccccc23)NC(=O)[C@H](CCCCCC(=O)NO)NC(=O)[C@H]2CCCCN2CC1=O","IC50"," 0.200000"
"235","affinities",NA,"50366698","CCC(CCCCC[C@@H]1NC(=O)[C@H]2CCCCN2CC(=O)[C@@H](NC(=O)[C@H](Cc2cn(OC)c3ccccc23)NC1=O)[C@@H](C)CC)SC(C)=O","IC50"," 73"
"236","affinities",NA,"50366701","CC[C@H](C)[C@@H]1NC(=S)[C@H](Cc2cn(OC)c3ccccc23)NC(=O)[C@H](CCCCCC(=O)CC)NC(=O)[C@H]2CCCCN2CC1=O","IC50"," 85"
"237","affinities",NA,"50366703","CC[C@H](C)[C@@H]1NC(=S)[C@H](Cc2cn(OC)c3ccccc23)NC(=O)[C@H](CCCCCC(=O)CC)NC(=S)[C@H]2CCCCN2CC1=O","IC50"," 85"
"238","affinities",NA,"50366706","CC[C@H](C)[C@@H]1NC(=O)[C@H](Cc2cn(OC)c3ccccc23)NC(=O)[C@H](CCCCCC(=O)CC)NC(=O)[C@H]2CCCCN2CC1=O","IC50"," 1"
"239","affinities",NA,"50366712","CC[C@H](C)[C@@H]1NC(=O)[C@H](Cc2cn(OC)c3ccccc23)NC(=O)[C@H](CCCCCC(=O)C(C)O)NC(=O)[C@H]2CCCCN2CC1=O","IC50"," 0.300000"
"240","affinities",NA,"50366713","CC[C@H](C)[C@@H]1NC(=O)[C@H](Cc2cn(OC)c3ccccc23)NC(=O)[C@H](CCCCCC(=O)OC)NC(=O)[C@H]2CCCCN2CC1=O","IC50"," 0.400000"
"241","affinities",NA,"50366722","CC[C@H](C)[C@@H]1NC(=O)[C@H](Cc2cn(OC)c3ccccc23)NC(=O)[C@H](CCCCCC(O)=O)NC(=O)[C@H]2CCCCN2CC1=O","IC50"," 15"
"242","affinities",NA,"50366726","CC[C@H](C)[C@@H]1NC(=O)[C@H](NC(=O)[C@H](CCCCCC(=O)CC)NC(=O)[C@H]2CCCCN2C1=O)c1cnc2ccccc2c1N1CCCCC1","IC50"," 13"
"243","affinities",NA,"50366731","CCCn1cc(C(O)c2nc(O)c(CCCCCC(=O)CC)[nH]c(O)c3CCCCn3c(O)c([nH]c2=O)[C@@H](C)CC)c2ccccc12","IC50"," 15"
"244","affinities",NA,"50366733","CC[C@H](C)[C@@H]1NC(=O)[C@@H](NC(=O)[C@H](CCCCCC(=O)CC)NC(=O)[C@H]2CCCCN2C1=O)c1cn(OC)c2ccccc2c1=O","IC50"," 86"
"245","affinities",NA,"50366738","CC[C@H](C)[C@@H]1NC(=O)[C@H](Cc2c([nH]c3ccccc23)-c2cc(OC)cc(OC)c2)NC(=O)[C@H](CCCCCC(=O)CC)NC(=O)[C@H]2CCCCN2C1=O","IC50"," 0.200000"
"246","affinities",NA,"50366741","CC[C@H](C)[C@@H]1NC(=O)[C@H](CCOc2ccccc2)NC(=O)[C@H](CCCCCC(=O)CC)NC(=O)[C@H]2CCCCN2C1=O","IC50"," 34"
"247","affinities",NA,"50366743","CC[C@H](C)c1[nH]c(=O)c(CC(O)c2ccccc2[N+]([O-])=O)nc(O)c(CCCCCC(=O)CC)[nH]c(O)c2CCCCn2c1O","IC50"," 91"
"248","affinities",NA,"50366745","CC[C@H](C)[C@@H]1NC(=O)[C@H](Cc2c[nH]c3ccccc23)NC(=O)[C@H](CCCCCC(=O)CC)NC(=O)[C@H]2CCCCN2C1=O","IC50"," 2"
"249","affinities",NA,"50366749","CC[C@H](C)[C@@H]1NC(=O)[C@H](NC(=O)[C@H](CCCCCC(=O)CC)NC(=O)[C@H]2CCCCN2C1=O)c1cnc2ccccc2c1Cl","IC50"," 67"
"250","affinities",NA,"50366958","CC[C@@H](C)[C@@H]1NC(=O)[C@@H](Cc2ccc(OC)cc2)NC(=O)[C@H](CCCCCC(=O)NO)NC(=O)[C@H]2CCCN2C1=O","IC50"," 3.3"
"251","affinities",NA,"50422364","O=C(CCCCC[C@@H]1NC(=O)[C@H]2CCCN2C(=O)[C@H](Cc2ccccc2)NC(=O)[C@H](Cc2ccccc2)NC1=O)[C@@H]1CO1","IC50"," 4.0"
"252","affinities",NA,"50446481","FC(F)(F)c1nc(no1)-c1cccc(c1)C(=O)NCC1(CCOCC1)c1nc(cs1)-c1ccccc1","IC50"," 1.9"
"253","affinities",NA,"50457627","CN(c1ccc2c(C)n(C)nc2c1)c1ccnc(Nc2ccc(cc2)C(=O)NCCCCCCC(=O)NO)n1","IC50"," 3.3"
"254","affinities",NA,"50457633","CN(c1ccc2c(C)n(C)nc2c1)c1ccnc(Nc2ccc(cc2)C(=O)NCCCCCCCC(=O)NO)n1","IC50"," 25"
"255","affinities",NA,"50457643","CN(c1ccc2c(C)n(C)nc2c1)c1ccnc(Nc2ccc(cc2)C(=O)NCCCCCC(=O)NO)n1","IC50"," 17"
"256","affinities",NA,"50458324","Cc1ccc(NC(=O)[C@H](Cc2c[nH]c3ccccc23)NC(=O)c2ccc(cc2)C(=O)NO)cc1 |r|","IC50"," 74"
"257","affinities",NA,"50460395","Cc1cc(-c2ccc(C)cc2)n(Cc2ccc(cc2)C(=O)NO)n1","IC50"," 22"
"258","affinities",NA,"50460397","Cc1cc(nn1Cc1ccc(cc1)C(=O)NO)-c1ccc(F)cc1","IC50"," 40"
"259","affinities",NA,"50460400","ONC(=O)c1ccc(CNC(=O)c2cc([nH]n2)-c2ccc(F)cc2)cc1","IC50"," 22"
"260","affinities",NA,"50460402","ONC(=O)CCCCCNC(=O)c1cc([nH]n1)-c1ccc(F)cc1","IC50"," 58"
"261","affinities",NA,"50460404","Cc1cc(-c2ccc3OCOc3c2)n(Cc2ccc(cc2)C(=O)NO)n1","IC50"," 16"
"262","affinities",NA,"50460405","Cc1cc(nn1Cc1ccc(cc1)C(=O)NO)-c1ccc2OCOc2c1","IC50"," 8"
"263","affinities",NA,"50460406","Cc1cc(nn1Cc1ccc(cc1)C(=O)NO)-c1ccc(C)cc1","IC50"," 13"
"264","affinities",NA,"50460408","Cc1ccc(cc1)-c1cc(n(Cc2ccc(cc2)C(=O)NO)n1)C(F)(F)F","IC50"," 33"
"265","affinities",NA,"50460409","ONC(=O)CCCCCCNC(=O)c1cc([nH]n1)-c1ccc(F)cc1","IC50"," 43"
"266","affinities",NA,"50460414","ONC(=O)c1ccc(\C=C\C(=O)N[C@@H](Cc2c[nH]c3ccccc23)C(=O)Nc2ccccc2)cc1 |r|","IC50"," 7.6"
"267","affinities",NA,"50460416","ONC(=O)c1ccc(\C=C\C(=O)N[C@@H](Cc2c[nH]c3ccccc23)C(=O)Nc2cccc(Cl)c2)cc1 |r|","IC50"," 8.1"
"268","affinities",NA,"50460417","ONC(=O)c1ccc(\C=C\C(=O)N[C@@H](Cc2c[nH]c3ccccc23)C(=O)Nc2cccc3ccccc23)cc1 |r|","IC50"," 60"
"269","affinities",NA,"50460418","ONC(=O)c1ccc(\C=C\C(=O)N[C@@H](Cc2c[nH]c3ccccc23)C(=O)Nc2ccccc2Cl)cc1 |r|","IC50"," 57"
"270","affinities",NA,"50460419","ONC(=O)c1ccc(\C=C\C(=O)N[C@@H](Cc2c[nH]c3ccccc23)C(=O)Nc2ccc(I)cc2)cc1 |r|","IC50"," 30"
"271","affinities",NA,"50460420","ONC(=O)c1ccc(\C=C\C(=O)N[C@@H](Cc2c[nH]c3ccccc23)C(=O)Nc2ccc(Br)cc2)cc1 |r|","IC50"," 2.0"
"272","affinities",NA,"50460421","COc1ccc(NC(=O)[C@H](Cc2c[nH]c3ccccc23)NC(=O)\C=C\c2ccc(cc2)C(=O)NO)cc1 |r|","IC50"," 36"
"273","affinities",NA,"50460422","Cc1cc(C)c(NC(=O)[C@H](Cc2c[nH]c3ccccc23)NC(=O)\C=C\c2ccc(cc2)C(=O)NO)c(C)c1 |r|","IC50"," 22"
"274","affinities",NA,"50460423","ONC(=O)c1ccc(\C=C\C(=O)N[C@@H](Cc2c[nH]c3ccccc23)C(=O)Nc2ccncc2)cc1 |r|","IC50"," 37"
"275","affinities",NA,"50460424","ONC(=O)c1ccc(\C=C\C(=O)N[C@@H](Cc2c[nH]c3ccccc23)C(=O)NCCc2ccccc2)cc1 |r|","IC50"," 22"
"276","affinities",NA,"50460427","CCCCNC(=O)[C@H](Cc1c[nH]c2ccccc12)NC(=O)\C=C\c1ccc(cc1)C(=O)NO |r|","IC50"," 85"
"277","affinities",NA,"50460429","ONC(=O)c1ccc(\C=C\C(=O)N[C@@H](Cc2c[nH]c3ccccc23)C(=O)Nc2ccc(Cl)cc2)cc1 |r|","IC50"," 5.7"
"278","affinities",NA,"50460430","ONC(=O)c1ccc(\C=C\C(=O)N[C@@H](Cc2c[nH]c3ccccc23)C(=O)Nc2ccc(F)cc2)cc1 |r|","IC50"," 2.0"
"279","affinities",NA,"50460431","ONC(=O)c1ccc(\C=C\C(=O)N[C@@H](Cc2c[nH]c3ccccc23)C(=O)NCc2ccccc2)cc1 |r|","IC50"," 37"
"280","affinities",NA,"50460432","Cc1ccc(NC(=O)[C@H](Cc2c[nH]c3ccccc23)NC(=O)\C=C\c2ccc(cc2)C(=O)NO)cc1 |r|","IC50"," 23"
"281","affinities",NA,"50462237","CC(C)c1cc(C(=O)N2CCc3cc(NC(=O)CCCCCCC(=O)NO)ccc23)c(O)cc1O","IC50"," 61"
"282","affinities",NA,"50462239","CC(C)c1cc(C(=O)N2CCc3cc(NC(=O)CCCCCC(=O)NO)ccc23)c(O)cc1O","IC50"," 87"
"283","affinities",NA,"50474333","ONC(=O)\C=C\c1ccc(CNCCc2c[nH]c3ccc(F)cc23)cc1","IC50"," 14"
"284","affinities",NA,"50474334","Cc1nc2ccccc2n1CCNCc1ccc(\C=C\C(=O)NO)cc1","IC50"," 38"
"285","affinities",NA,"50474337","COc1ccc2[nH]cc(CCNCc3ccc(\C=C\C(=O)NO)cc3)c2c1","IC50"," 14"
"286","affinities",NA,"50474338","OC[C@H](Cc1c[nH]c2ccccc12)NCc1ccc(\C=C\C(=O)NO)cc1","IC50"," 27"
"287","affinities",NA,"50474339","ONC(=O)\C=C\c1ccc(CNCCc2cn(CC3CC3)c3ccccc23)cc1","IC50"," 84"
"288","affinities",NA,"50474340","ONC(=O)\C=C\c1ccc(CNCCn2c3ccccc3c3ccccc23)cc1","IC50"," 66"
"289","affinities",NA,"50474341","ONC(=O)\C=C\c1ccc(CNCCCn2c3ccccc3c3ccccc23)cc1","IC50"," 79"
"290","affinities",NA,"50474343","ONC(=O)\C=C\c1ccc(CNCCc2cnc3ccccc3c2)cc1","IC50"," 67"
"291","affinities",NA,"50474344","ONC(=O)\C=C\c1ccc(CN2CCC(CC2)c2c[nH]c3ccccc23)cc1","IC50"," 53"
"292","affinities",NA,"50474346","CC(NCCc1c[nH]c2ccccc12)c1ccc(\C=C\C(=O)NO)cc1","IC50"," 23"
"293","affinities",NA,"50474347","ONC(=O)\C=C\c1ccc(CNCc2cc3ccccc3[nH]2)cc1","IC50"," 51"
"294","affinities",NA,"50474348","CC(Cc1c[nH]c2ccccc12)NCc1ccc(\C=C\C(=O)NO)cc1","IC50"," 24"
"295","affinities",NA,"50474349","ONC(=O)\C=C\c1ccc(CNCCOc2ccccc2)cc1","IC50"," 69"
"296","affinities",NA,"50474351","ONC(=O)\C=C\c1ccc(CNCCc2coc3ccccc23)cc1","IC50"," 16"
"297","affinities",NA,"50474352","ONC(=O)\C=C\c1ccc(CN(CCc2c[nH]c3ccccc23)Cc2ccccc2)cc1","IC50"," 85"
"298","affinities",NA,"50474353","ONC(=O)\C=C\c1ccc(CNCCc2c[nH]c3ccc(OCc4ccccc4)cc23)cc1","IC50"," 30"
"299","affinities",NA,"50474354","ONC(=O)\C=C\c1ccc(CNCc2c[nH]c3ccccc23)cc1","IC50"," 59"
"300","affinities",NA,"50474355","ONC(=O)\C=C\c1ccc(CNCCc2cc3ccccc3[nH]2)cc1","IC50"," 46"
"301","affinities",NA,"50474357","ONC(=O)\C=C\c1ccc(CNCCc2ccc3OCOc3c2)cc1","IC50"," 30"
"302","affinities",NA,"50474358","ONC(=O)\C=C\c1ccc(CNCCCc2c[nH]c3ccccc23)cc1","IC50"," 53"
"303","affinities",NA,"50474359","ONC(=O)\C=C\c1ccc(CN(CCc2c[nH]c3ccccc23)C2CCCCC2)cc1","IC50"," 20"
"304","affinities",NA,"50474360","ONC(=O)\C=C\c1ccc(CN(CCc2c[nH]c3ccccc23)C2CCOCC2)cc1","IC50"," 10.0"
"305","affinities",NA,"50474361","OCCN(CCc1cnc2ccccc2c1)Cc1ccc(\C=C\C(=O)NO)cc1","IC50"," 24"
"306","affinities",NA,"50474362","ONC(=O)\C=C\c1ccc(CNCCCCc2c[nH]c3ccccc23)cc1","IC50"," 37"
"307","affinities",NA,"50474363","OCC(CO)N(CCc1c[nH]c2ccccc12)Cc1ccc(\C=C\C(=O)NO)cc1","IC50"," 52"
"308","affinities",NA,"50474364","OC[C@@H](Cc1c[nH]c2ccccc12)NCc1ccc(\C=C\C(=O)NO)cc1","IC50"," 40"
"309","affinities",NA,"50474688","ONC(=O)c1ccc(NC(=O)CCCc2ccccc2)cc1","IC50"," 44"
"310","affinities",NA,"50475225","CC(C)[C@H](C(=O)Nc1ccc(cc1)C(=O)NO)c1ccccc1","IC50"," 16"
"311","affinities",NA,"50475226","CC(C)(C(=O)Nc1ccc(cc1)C(=O)NO)c1ccccc1","IC50"," 98"
"312","affinities",NA,"50475228","CC(C)[C@@H](C(=O)Nc1ccc(cc1)C(=O)NO)c1ccccc1","IC50"," 84"
"313","affinities",NA,"50475229","CC[C@@H](C(=O)Nc1ccc(cc1)C(=O)NO)c1ccccc1","IC50"," 68"
"314","affinities",NA,"50475230","CC(C)(CCc1ccccc1)C(=O)Nc1ccc(cc1)C(=O)NO","IC50"," 25"
"315","affinities",NA,"50475231","CCC(C(=O)Nc1ccc(cc1)C(=O)NO)c1ccccc1","IC50"," 54"
"316","affinities",NA,"50475232","CC[C@H](C(=O)Nc1ccc(cc1)C(=O)NO)c1ccccc1","IC50"," 34"
"317","affinities",NA,"50475233","CC(C)C(C(=O)Nc1ccc(cc1)C(=O)NO)c1ccccc1","IC50"," 30"
"318","affinities",NA,"50475237","SCCCCCCNC(=O)c1cc2ccccc2o1","IC50"," 79"
"319","affinities",NA,"50475239","SCCCCCCC(=O)Nc1cnc2ccccc2c1","IC50"," 72"
"320","affinities",NA,"50475246","SCCCCCCC(=O)Nc1cccc(c1)-c1ccccc1","IC50"," 75"
"321","affinities",NA,"50475250","SCCCCCCNC(=O)c1ccc2ccccc2c1","IC50"," 85"
"322","affinities",NA,"50477647","COc1ccc(cc1OC)S(=O)(=O)N1CCN(CC1)c1ncc(s1)C(=O)NO","IC50"," 70"
"323","affinities",NA,"50477652","Cc1ccc(cc1)S(=O)(=O)N1CCN(CC1)c1ncc(s1)C(=O)NO","IC50"," 90"
"324","affinities",NA,"50477664","ONC(=O)\C=C\c1cnc(s1)N1CCN(CC1)S(=O)(=O)c1ccc2ccccc2c1","IC50"," 50"
"325","affinities",NA,"50477734","ONC(=O)CCC1=CCCN(CCCc2ccc3ccccc3c2)C1=O |t:6|","IC50"," 30"
"326","affinities",NA,"50477744","ONC(=O)CCC1=CCCN(CCc2ccc3ccccc3c2)C1=O |t:6|","IC50"," 37"
"327","affinities",NA,"50478808","COc1ccc2cc(ccc2c1)-c1cn(CCCCCCC(=O)NO)nn1","IC50"," 15"
"328","affinities",NA,"50478810","ONC(=O)CCCCCCn1cc(nn1)-c1cccc(c1)-c1ccccc1","IC50"," 5.4"
"329","affinities",NA,"50478811","ONC(=O)CCCCCn1cc(nn1)-c1cccc(c1)-c1ccccc1","IC50"," 1.9"
"330","affinities",NA,"50478812","ONC(=O)CCCCCn1cc(nn1)-c1cccs1","IC50"," 32"
"331","affinities",NA,"50478814","COc1ccc(cc1)-c1cn(CCCCCC(=O)NO)nn1","IC50"," 2.1"
"332","affinities",NA,"50478815","Cc1ccccc1-c1cn(CCCCCC(=O)NO)nn1","IC50"," 17"
"333","affinities",NA,"50478816","Cc1cccc(c1)-c1cn(CCCCCC(=O)NO)nn1","IC50"," 32"
"334","affinities",NA,"50478817","ONC(=O)CCCCCn1cc(nn1)-c1ccccn1","IC50"," 68"
"335","affinities",NA,"50478819","CN(C)c1ccc(cc1)-c1cn(CCCCCC(=O)NO)nn1","IC50"," 4.3"
"336","affinities",NA,"50478820","ONC(=O)CCCCCCn1cc(nn1)-c1ccccc1","IC50"," 9.6"
"337","affinities",NA,"50478821","COc1ccccc1-c1cn(CCCCCC(=O)NO)nn1","IC50"," 76"
"338","affinities",NA,"50478823","ONC(=O)CCCCCn1cc(nn1)-c1ccc2ccccc2n1","IC50"," 2.1"
"339","affinities",NA,"50478824","ONC(=O)CCCCCn1cc(nn1)-c1ccc(cc1)-c1ccccc1","IC50"," 52"
"340","affinities",NA,"50478825","COc1cccc(c1)-c1cn(CCCCCC(=O)NO)nn1","IC50"," 14"
"341","affinities",NA,"50478826","Cc1ccc(cc1)-c1cn(CCCCCC(=O)NO)nn1","IC50"," 43"
"342","affinities",NA,"50478828","ONC(=O)CCCCCn1cc(nn1)-c1ccccc1","IC50"," 14"
"343","affinities",NA,"50478829","COc1ccc2cc(ccc2c1)-c1cn(CCCCCC(=O)NO)nn1","IC50"," 1.8"
"344","affinities",NA,"50478830","ONC(=O)CCCCCCn1cc(nn1)-c1ccc(cc1)-c1ccncc1","IC50"," 17"
"345","affinities",NA,"50478831","ONC(=O)CCCCCCn1cc(nn1)-c1ccccn1","IC50"," 24"
"346","affinities",NA,"50478832","ONC(=O)CCCCCn1cc(nn1)-c1ccc(cc1)-c1ccncc1","IC50"," 2.3"
"347","affinities",NA,"50479643","CC(=O)SCC(=O)c1ccc(NS(=O)(=O)c2ccc3OCCc3c2)cc1","EC50"," 82"
"348","affinities",NA,"50479644","CC(=O)SCC(=O)c1ccc(NS(=O)(=O)c2ccc3n(C)cnc3c2)cc1","EC50"," 38"
"349","affinities",NA,"50479645","CC(=O)SCC(=O)c1ccc(NS(=O)(=O)c2ccc3[nH]ccc3c2)cc1","EC50"," 59"
"350","affinities",NA,"50479646","CC(=O)SCC(=O)c1ccc(NS(=O)(=O)c2ccc3CCNc3c2)cc1","EC50"," 47"
"351","affinities",NA,"50479647","CC(=O)SCC(=O)c1ccc(NS(=O)(=O)c2ccc3OCCOc3c2)cc1","EC50"," 26"
"352","affinities",NA,"50479655","CC(=O)SCC(=O)c1ccc(NS(=O)(=O)c2ccc3OCOc3c2)cc1","EC50"," 88"
"353","affinities",NA,"50479656","CC(=O)SCC(=O)c1ccc(NS(=O)(=O)c2ccc3ccccc3c2)cc1","EC50"," 29"
"354","affinities",NA,"50479661","CC(=O)SCC(=O)c1ccc(NS(=O)(=O)c2ccc3CCN(C(C)=O)c3c2)cc1","EC50"," 91"
"355","affinities",NA,"50479662","COc1ccc(cc1)S(=O)(=O)Nc1ccc(cc1)C(=O)CSC(C)=O","EC50"," 50"
"356","affinities",NA,"50479666","CC(=O)SCC(=O)c1ccc(NS(=O)(=O)c2ccc3OCCc3c2)nc1","EC50"," 95"
"357","affinities",NA,"50479668","CC(=O)SCC(=O)c1ccc(NS(=O)(=O)c2ccc3cc[nH]c3c2)cc1","EC50"," 44"
"358","affinities",NA,"50479670","CC(=O)SCC(=O)c1ccc(NS(=O)(=O)c2ccc3ccccc3c2)nc1","EC50"," 42"
"359","affinities",NA,"50481180","CN1CCN(Cc2ccccc2C(=O)\C=C\c2cccc(\C=C\C(=O)NO)c2)CC1","IC50"," 74"
"360","affinities",NA,"50481181","CN1CCN(Cc2ccccc2C(=O)\C=C\c2cccc(\C=C\C(=O)NO)n2)CC1","IC50"," 53"
"361","affinities",NA,"50481182","CN1CCN(Cc2cccc(c2)C(=O)\C=C\c2ccc(\C=C\C(=O)NO)nc2)CC1","IC50"," 53"
"362","affinities",NA,"50481183","CN1CCN(Cc2ccc(cc2)C(=O)\C=C\c2cccc(\C=C\C(=O)NO)n2)CC1","IC50"," 41"
"363","affinities",NA,"50481184","CN1CCN(CC1)c1cccc(c1)C(=O)\C=C\c1ccc(\C=C\C(=O)NO)nc1","IC50"," 30"
"364","affinities",NA,"50481185","CN1CCN(CC1)c1ccc(cc1)C(=O)\C=C\c1cccc(\C=C\C(=O)NO)c1","IC50"," 27"
"365","affinities",NA,"50481186","CN1CCN(Cc2cccc(c2)C(=O)\C=C\c2cccc(\C=C\C(=O)NO)c2)CC1","IC50"," 24"
"366","affinities",NA,"50481187","ONC(=O)\C=C\c1ccc(\C=C\C(=O)c2ccccc2)cn1","IC50"," 22"
"367","affinities",NA,"50481188","CN1CCN(CC1)c1cccc(c1)C(=O)\C=C\c1cccc(\C=C\C(=O)NO)c1","IC50"," 20"
"368","affinities",NA,"50481189","CN1CCN(Cc2ccc(cc2)C(=O)\C=C\c2cccc(\C=C\C(=O)NO)c2)CC1","IC50"," 17"
"369","affinities",NA,"50481190","ONC(=O)\C=C\c1cccc(\C=C\C(=O)c2ccccc2)c1","IC50"," 85"
"370","affinities",NA,"50481192","CN1CCN(CC1)c1cccc(c1)C(=O)\C=C\c1cccc(\C=C\C(=O)NO)n1","IC50"," 32"
"371","affinities",NA,"50481193","CN1CCN(CC1)c1ccc(cc1)C(=O)\C=C\c1cccc(\C=C\C(=O)NO)n1","IC50"," 15"
"372","affinities",NA,"50481197","CN1CCN(Cc2cccc(c2)C(=O)\C=C\c2cccc(\C=C\C(=O)NO)n2)CC1","IC50"," 56"
"373","affinities",NA,"50481198","CN1CCN(CC1)c1ccccc1C(=O)\C=C\c1cccc(\C=C\C(=O)NO)n1","IC50"," 33"
"374","affinities",NA,"50481199","CN1CCN(Cc2ccc(cc2)C(=O)\C=C\c2ccc(\C=C\C(=O)NO)nc2)CC1","IC50"," 27"
"375","affinities",NA,"50481200","ONC(=O)\C=C\c1cccc(\C=C\C(=O)c2ccccc2)n1","IC50"," 20"
"376","affinities",NA,"50481203","CN1CCN(Cc2ccccc2C(=O)\C=C\c2ccc(\C=C\C(=O)NO)nc2)CC1","IC50"," 12"
"377","affinities",NA,"50481204","CN1CCN(CC1)c1ccccc1C(=O)\C=C\c1cccc(\C=C\C(=O)NO)c1","IC50"," 87"
"378","affinities",NA,"50481551","CN(C)c1ccc(cc1)-c1cn(CCCCCCCC(=O)NO)nn1","IC50"," 16"
"379","affinities",NA,"50481553","Cc1ccccc1-c1cn(CCCCCCC(=O)NO)nn1","IC50"," 2.8"
"380","affinities",NA,"50481556","ONC(=O)CCCCCCCCn1cc(nn1)-c1ccccc1","IC50"," 55"
"381","affinities",NA,"50481946","O=[#6](-[#6]-[#6]-[#6]-[#6]-[#6][Se;v2]C#N)-[#7]-c1ccccc1","IC50"," 8.9"
"382","affinities",NA,"50482232","ONC(=O)CCCCOc1ccc(cc1)-c1cc(=S)ss1","IC50"," 80"
"383","affinities",NA,"50482233","ONC(=O)CCCCCCOc1ccc(cc1)-c1cc(=S)ss1","IC50"," 10.0"
"384","affinities",NA,"50483197","SNC(=O)CCCCCC(=O)Nc1cccc2cccnc12","IC50"," 44"
"385","affinities",NA,"50483539","ONC(=O)CCCCCN1c2cc(Cl)ccc2S(=O)(=O)c2ccccc2C1=O","EC50"," 30"
"386","affinities",NA,"50483550","COc1ccc2c(c1)N(CCCCCC(=O)NO)C(=O)c1ccccc1S2(=O)=O","EC50"," 30"
"387","affinities",NA,"50483618","ONC(=O)CCCC1CCN(CC1)C(=O)NCc1ccccc1","IC50"," 90"
"388","affinities",NA,"50484046","CC(\C=C\c1ccccc1)n1cc(\C=C\C(=O)NO)nn1","IC50"," 62"
"389","affinities",NA,"50484048","CC(C)C(\C=C\c1ccccc1)n1cc(\C=C\C(=O)NO)nn1","IC50"," 22"
"390","affinities",NA,"50484049","ONC(=O)\C=C\c1cn(nn1)C(\C=C\c1ccccc1)C1CCC1","IC50"," 54"
"391","affinities",NA,"50484055","CC(C)(C)C(\C=C\c1ccccc1)n1cc(\C=C\C(=O)NO)nn1","IC50"," 18"
"392","affinities",NA,"50484056","CCC(\C=C\c1ccccc1)n1cc(\C=C\C(=O)NO)nn1","IC50"," 55"
"393","affinities",NA,"50484057","ONC(=O)\C=C\c1cn(nn1)C(Cc1ccc2ccccc2c1)\C=C\c1ccccc1","IC50"," 94"
"394","affinities",NA,"50484058","ONC(=O)\C=C\c1cn(nn1)C(CC=C)\C=C\c1ccccc1","IC50"," 90"
"395","affinities",NA,"50484060","ONC(=O)\C=C\c1cn(nn1)C(Cc1ccccc1)\C=C\c1ccccc1","IC50"," 77"
"396","affinities",NA,"50484750","ONC(=O)\C=C\c1cccc(c1)S(=O)(=O)N1CCN(CC1)c1ccccc1Cl","IC50"," 68"
"397","affinities",NA,"50484751","ONC(=O)\C=C\c1cccc(c1)S(=O)(=O)N1CCN(CC1)c1ncccn1","IC50"," 84"
"398","affinities",NA,"50484755","ONC(=O)\C=C\c1ccc2ccccc2n1","IC50"," 22"
"399","affinities",NA,"50484756","COc1cccc(NS(=O)(=O)c2cccc(\C=C\C(=O)NO)c2)c1","IC50"," 22"
"400","affinities",NA,"50484757","ONC(=O)\C=C\c1cccc(c1)S(=O)(=O)Nc1cccc(F)c1","IC50"," 20"
"401","affinities",NA,"50484758","COc1ccc(NS(=O)(=O)c2cccc(\C=C\C(=O)NO)c2)cc1","IC50"," 13"
"402","affinities",NA,"50484760","ONC(=O)\C=C\c1cccc(c1)S(=O)(=O)Nc1ccc(Cl)cc1","IC50"," 42"
"403","affinities",NA,"50484761","COc1ccccc1N1CCN(CC1)S(=O)(=O)c1cccc(\C=C\C(=O)NO)c1","IC50"," 22"
"404","affinities",NA,"50484762","COc1ccc(NS(=O)(=O)c2cccc(\C=C\C(=O)NO)c2)cc1OC","IC50"," 23"
"405","affinities",NA,"50484764","ONC(=O)CCCCCNC(=O)\C=C\c1ccccc1","IC50"," 20"
"406","affinities",NA,"50484765","ONC(=O)CCCCCNC(=O)\C=C\c1ccc2OCOc2c1","IC50"," 29"
"407","affinities",NA,"50484768","ONC(=O)\C=C\c1nc2ccccc2o1","IC50"," 48"
"408","affinities",NA,"50484769","ONC(=O)\C=C\c1cccc(c1)S(=O)(=O)Nc1ccc(OC(F)F)cc1","IC50"," 10.0"
"409","affinities",NA,"50484770","COc1ccc2nc(\C=C\C(=O)NO)ccc2c1","IC50"," 28"
"410","affinities",NA,"50485167","NC(=O)CCC(c1nc2ccccc2o1)n1cc(\C=C\C(=O)NO)nn1","IC50"," 49"
"411","affinities",NA,"50485168","CC(c1nc2ccccc2o1)n1cc(\C=C\C(=O)NO)nn1","IC50"," 86"
"412","affinities",NA,"50485172","CC(C)[C@@H](c1nc2ccccc2o1)n1cc(\C=C\C(=O)NO)nn1 |r|","IC50"," 7.0"
"413","affinities",NA,"50485173","ONC(=O)\C=C\c1cn(Cc2nc3ccccc3s2)nn1","IC50"," 41"
"414","affinities",NA,"50485174","CC(C)CC(c1nc2ccccc2o1)n1cc(\C=C\C(=O)NO)nn1","IC50"," 19"
"415","affinities",NA,"50485176","CC(C)C(c1nc2ccccc2o1)n1cc(\C=C\C(=O)NO)nn1","IC50"," 23"
"416","affinities",NA,"50485177","CCC(C)C(c1nc2ccccc2o1)n1cc(\C=C\C(=O)NO)nn1","IC50"," 4.0"
"417","affinities",NA,"50485178","CC(C)[C@H](c1nc2ccccc2o1)n1cc(\C=C\C(=O)NO)nn1 |r|","IC50"," 31"
"418","affinities",NA,"50485179","CC(C)C(c1nc2ccccc2s1)n1cc(\C=C\C(=O)NO)nn1","IC50"," 5.0"
"419","affinities",NA,"50485499","ONC(=O)CCCCCN1c2ccccc2Cc2ccccc2C1=O","IC50"," 42"
"420","affinities",NA,"50485500","ONC(=O)CCCCCN1c2ccccc2C(F)c2ccccc2C1=O","IC50"," 53"
"421","affinities",NA,"50485501","ONC(=O)CCCCCN1c2ccccc2C(O)c2ccccc2C1=O","IC50"," 60"
"422","affinities",NA,"50491817","CC[C@@]1(O)C(=O)OCc2c1cc1-c3nc4ccc(OCc5cn(CCCCCCC(=O)NO)nn5)cc4cc3Cn1c2=O |r|","IC50"," 56"
"423","affinities",NA,"50491819","CCc1c2Cn3c(cc4c(COC(=O)[C@]4(O)CC)c3=O)-c2nc2ccc(OCc3cn(CCCCCCC(=O)NO)nn3)cc12 |r|","IC50"," 65"
"424","affinities",NA,"50492268","Cc1cc2c(cc1C(=C)c1ccc(cc1)C(=O)NO)C(C)(C)CCC2(C)C","IC50"," 6.7"
"425","affinities",NA,"50492859","OCCN(Cc1ccc(\C=C\C(=O)NO)o1)Cc1ccc(cc1)-c1ccccc1","IC50"," 89"
"426","affinities",NA,"50503690","ONC(=O)C(c1ccc(cc1)-c1ncc(cn1)C(F)(F)F)c1ccccc1F","IC50"," 50"
"427","affinities",NA,"50503692","Cc1ncc(cn1)-c1ccc(cc1)C(C(=O)NO)c1ccccc1F","IC50"," 30"
"428","affinities",NA,"50512064","ONC(=O)CCCCCCn1cc(Nc2ncc(Cl)c(Nc3ccccc3Cl)n2)cn1","IC50"," 10.0"
"429","affinities",NA,"50512065","ONC(=O)CCCCCn1cc(Nc2ncc(Cl)c(Nc3cccc(Cl)c3)n2)cn1","IC50"," 4.0"
"430","affinities",NA,"50512068","ONC(=O)CCCCCn1cc(Nc2ncc(Cl)c(Nc3ccc(Cl)cc3)n2)cn1","IC50"," 2.0"
"431","affinities",NA,"50512069","CNc1nc(Nc2cnn(CCCCCCC(=O)NO)c2)ncc1C(F)(F)F","IC50"," 37"
"432","affinities",NA,"50512070","ONC(=O)CCCCCCn1cc(Nc2ncc(Cl)c(Nc3ccccc3)n2)cn1","IC50"," 19"
"433","affinities",NA,"50512071","ONC(=O)CCCCCn1cc(Nc2ncc(Cl)c(Nc3ccccc3Cl)n2)cn1","IC50"," 18"
"434","affinities",NA,"50512072","ONC(=O)CCCCCCn1cc(Nc2ncc(Cl)c(Nc3cccc(Cl)c3)n2)cn1","IC50"," 20"
"435","affinities",NA,"50512073","CNc1nc(Nc2cnn(CCCCCCC(=O)NO)c2)ncc1Cl","IC50"," 15"
"436","affinities",NA,"50512074","ONC(=O)CCCCCCn1cc(Nc2ncc(Cl)c(Nc3ccc(Cl)cc3)n2)cn1","IC50"," 2.0"
"437","affinities",NA,"50512075","COc1ccc(Nc2nc(Nc3cnn(CCCCCCC(=O)NO)c3)ncc2Cl)cc1","IC50"," 3.0"
"438","affinities",NA,"50512076","ONC(=O)CCCCCCn1cc(Nc2ncc(Cl)c(Nc3ccc(F)cc3)n2)cn1","IC50"," 3.0"
"439","affinities",NA,"50512077","ONC(=O)CCCCCCn1cc(Nc2ncc(Cl)c(n2)N2CCOCC2)cn1","IC50"," 37"
"440","affinities",NA,"50512078","CCCNc1nc(Nc2cnn(CCCCCCC(=O)NO)c2)ncc1Cl","IC50"," 26"
"441","affinities",NA,"50512080","ONC(=O)CCCCCn1cc(Nc2ncc(Cl)c(Nc3ccc(F)cc3)n2)cn1","IC50"," 26"
"442","affinities",NA,"50512081","ONC(=O)CCCCCCn1cc(Nc2nccc(Nc3ccc(F)cc3)n2)cn1","IC50"," 18"
"443","affinities",NA,"50512082","ONC(=O)CCCCCCn1cc(Nc2ncc(F)c(Nc3ccc(F)cc3)n2)cn1","IC50"," 3.0"
"444","affinities",NA,"50512083","ONC(=O)CCCCCCCn1cc(Nc2ncc(Cl)c(Nc3ccc(F)cc3)n2)cn1","IC50"," 38"
"445","affinities",NA,"50512084","ONC(=O)c1ccc(Cn2cc(Nc3ncc(Cl)c(Nc4ccc(F)cc4)n3)cn2)cc1","IC50"," 62"
"446","affinities",NA,"50512086","ONC(=O)CCCCCCn1cc(Nc2ncc(Cl)c(NC3CC3)n2)cn1","IC50"," 13"
"447","affinities",NA,"50512088","ONC(=O)CCCCCCn1cc(Nc2ncc(Cl)c(n2)N2CCCCC2)cn1","IC50"," 40"
"448","affinities",NA,"50512090","ONC(=O)CCCCCCn1cc(Nc2ncc(c(Nc3ccc(F)cc3)n2)C(F)(F)F)cn1","IC50"," 41"
"449","affinities",NA,"50517218","CN1CCC(CNC(=O)c2cccc(c2)-c2noc(n2)C(F)(F)F)(CC1)c1nc(cs1)-c1ccccc1","Ki"," 8.0"
"450","affinities",NA,"50524832","COc1ccc(\C=C(/C)C(=O)c2cc(OC)c(OC)c(OC)c2)cc1OCCCCCCCC(=O)NO","IC50"," 72"
"451","affinities",NA,"50531327","COc1ccc(cc1)-c1nc(cc2c3ccccc3[nH]c12)C(=O)N(CCN(C)C)Cc1ccc(cc1)C(=O)NO","IC50"," 92"
"452","affinities",NA,"50531334","[H][C@]12CCCN1C(=O)[C@H](Cc1ccccc1)NC(=O)[C@](C)(CC)NC(=O)[C@H](CCCCCC(=O)[C@@H](C)O)NC2=O |r|","IC50"," 22"
"453","affinities",NA,"50531353","CCn1cnc(c1-c1ccc(\C=C\C(=O)NO)cc1)-c1ccc(OC)cc1","IC50"," 36"
"454","affinities",NA,"50531374","[H][C@]12CCCCN1C(=O)[C@@]([H])(NC(=O)[C@H](Cc1cc3ccccc3n1OC)CC(=O)[C@H](CCCCCC(=O)CC)NC2=O)[C@@H](C)CC |r|","IC50"," 1.000000"
"455","affinities",NA,"50531375","C[C@H]1NC(=O)[C@H](CCCCCC(=O)[C@@H]2CO2)NC(=O)[C@H]2CCCN2C(=O)[C@H](C)NC1=O","IC50"," 30"
"456","affinities",NA,"50531377","[H][C@]12C[C@H](C)CN1C(=O)[C@H](Cc1ccccc1)NC(=O)[C@](C)(CC)NC(=O)[C@H](CCCCCC(=O)[C@@H](C)O)NC2=O |r|","IC50"," 17"
"457","affinities",NA,"50533206","COc1ccc(C\C(=N/O)C(=O)NCCSSCCNC(=O)C(\Cc2ccc(OC)c(O)c2)=N\O)cc1O","IC50"," 30"
"458","affinities",NA,"50533218","COc1cc(C\C(=N/O)C(=O)NCCSSCCNC(=O)C(\Cc2ccc(O)c(OC)c2)=N\O)ccc1O","IC50"," 40"
"459","affinities",NA,"50537473","ONC(=O)\C=C\c1ccc(cc1)C(=O)NC(Cc1c[nH]c2ccccc12)C(=O)Nc1ccncc1","IC50"," 73"
"460","affinities",NA,"50537474","ONC(=O)\C=C\c1ccc(cc1)C(=O)NC(Cc1c[nH]c2ccccc12)C(=O)Nc1ccc(Br)cc1","IC50"," 19"
"461","affinities",NA,"50537475","ONC(=O)\C=C\c1ccc(cc1)C(=O)NC(Cc1c[nH]c2ccccc12)C(=O)Nc1ccc(I)cc1","IC50"," 52"
"462","affinities",NA,"50537478","ONC(=O)\C=C\c1ccc(cc1)C(=O)NC(Cc1c[nH]c2ccccc12)C(=O)Nc1ccc(Cl)cc1","IC50"," 35"
"463","affinities",NA,"50537479","ONC(=O)\C=C\c1ccc(cc1)C(=O)NC(Cc1c[nH]c2ccccc12)C(=O)Nc1cccc(Br)c1","IC50"," 77"
"464","affinities",NA,"50537480","ONC(=O)\C=C\c1ccc(cc1)C(=O)NC(Cc1c[nH]c2ccccc12)C(=O)Nc1ccc2ccccc2c1","IC50"," 62"
"465","affinities",NA,"50537486","COc1ccc(NC(=O)C(Cc2c[nH]c3ccccc23)NC(=O)c2ccc(\C=C\C(=O)NO)cc2)cc1","IC50"," 90"
"466","affinities",NA,"50537487","Cc1cc(C)c(NC(=O)C(Cc2c[nH]c3ccccc23)NC(=O)c2ccc(\C=C\C(=O)NO)cc2)c(C)c1","IC50"," 46"
"467","affinities",NA,"50537490","ONC(=O)\C=C\c1cccc(c1)C(=O)NC(Cc1c[nH]c2ccccc12)C(=O)Nc1ccc(Cl)cc1","IC50"," 10.0"
"468","affinities",NA,"50537491","CCCCNC(=O)C(Cc1c[nH]c2ccccc12)NC(=O)c1ccc(\C=C\C(=O)NO)cc1","IC50"," 80"
"469","affinities",NA,"50540094","C[C@H]1COc2c(N3CCN(C)CC3)c(F)cc3c2n1cc(C(=O)OCc1cn(CCCCCC(=O)NO)nn1)c3=O |r|","IC50"," 21"
"470","affinities",NA,"50540095","C[C@H]1COc2c(N3CCN(C)CC3)c(F)cc3c2n1cc(C(=O)OCc1cn(CCCCCCC(=O)NO)nn1)c3=O |r|","IC50"," 21"
"471","affinities",NA,"50540096","C[C@H]1COc2c(N3CCN(C)CC3)c(F)cc3c2n1cc(C(=O)OCc1cn(CCCCCCCC(=O)NO)nn1)c3=O |r|","IC50"," 21"
"472","affinities",NA,"50540097","C[C@H]1COc2c(N3CCN(C)CC3)c(F)cc3c2n1cc(C(=O)NCc1cn(CCCCCC(=O)NO)nn1)c3=O |r|","IC50"," 21"
"473","affinities",NA,"50540098","C[C@H]1COc2c(N3CCN(C)CC3)c(F)cc3c2n1cc(C(=O)NCc1cn(CCCCCCC(=O)NO)nn1)c3=O |r|","IC50"," 21"
"474","affinities",NA,"50540099","C[C@H]1COc2c(N3CCN(C)CC3)c(F)cc3c2n1cc(C(=O)NCc1cn(CCCCCCCC(=O)NO)nn1)c3=O |r|","IC50"," 21"
