"",".id","X..i..","monomerid","smiles","affinity_type","affinity"
"1","hit","8",NA,NA,NA,NA
"2","length","344",NA,NA,NA,NA
"3","uniprot_length","NA",NA,NA,NA,NA
"4","primary","P43657",NA,NA,NA,NA
"5","alternative","A4FTW9",NA,NA,NA,NA
"6","alternative","B3KVF2",NA,NA,NA,NA
"7","alternative","F2YGU4",NA,NA,NA,NA
"8","alternative","O15133",NA,NA,NA,NA
"9","alternative","Q3KPF5",NA,NA,NA,NA
"10","alternative","Q53FA0",NA,NA,NA,NA
"11","alternative","Q5VW44",NA,NA,NA,NA
"12","alternative","Q7Z3S0",NA,NA,NA,NA
"13","alternative","Q7Z3S6",NA,NA,NA,NA
"14","affinities",NA,"50381022","CCCCCCCCCCCCCCCCCC(=O)OCC(COP(O)(S)=O)OC","EC50"," 86"
"15","affinities",NA,"50430006","CCCCCCCCCCCCCCCCCCOC[C@H](COP(O)(O)=S)OC |r|","EC50"," 39"
"16","affinities",NA,"50430007","CCCCCCCCCCCCCCCCCC(=O)OC(COC)COP(O)([O-])=S","EC50"," 76"
"17","affinities",NA,"50430008","CCCCCCCCCCCCCCCCCOC(COC)COP(O)([O-])=S","EC50"," 78"
"18","affinities",NA,"50430009","CCCCCCCCCCCCCCCCOC(COC)COP(O)([O-])=S","EC50"," 66"
"19","affinities",NA,"50430010","CCCCCCCCCCCCCCCCCCOC[C@@H](COP(O)(O)=S)OC |r|","EC50"," 90"
"20","affinities",NA,"50430011","CCCCCCCCCCCCCCCCCC(=O)OC[C@H](COP(O)(O)=S)OC","EC50"," 58"
"21","affinities",NA,"50430012","CCCCCCCCCCCCCCCCCC(=O)OC[C@@H](COP(O)(O)=S)OC","EC50"," 79"
