"",".id","X..i..","monomerid","smiles","affinity_type","affinity"
"1","hit","75",NA,NA,NA,NA
"2","length","732",NA,NA,NA,NA
"3","uniprot_length","NA",NA,NA,NA,NA
"4","primary","P48449",NA,NA,NA,NA
"5","alternative","B4DJZ9",NA,NA,NA,NA
"6","alternative","D3DSN0",NA,NA,NA,NA
"7","alternative","E9PEI9",NA,NA,NA,NA
"8","alternative","G5E9Q9",NA,NA,NA,NA
"9","alternative","Q8IYL6",NA,NA,NA,NA
"10","alternative","Q9UEZ1",NA,NA,NA,NA
"11","affinities",NA,"19267","CCc1nc(N)c2ncn([C@@H]3O[C@H](COP(O)(=O)CP(O)(=O)OCCc4c(O)c5C(=O)OCc5c(C)c4OC)[C@@H](O)[C@H]3O)c2n1 |r|","Ki"," 16"
"12","affinities",NA,"50055641","[#6]-[#6](-[#6]-[#6]\[#6]=[#6](\[#6])-[#6])-[#16]-[#6]-[#6]\[#6](-[#6])=[#6]\[#6]-[#6]\[#6]=[#6](/[#6])-[#6]-[#6]\[#6]=[#6](/[#6])-[#6]-[#6]-[#6]1-[#8]C1([#6])[#6]","IC50"," 0.22"
"13","affinities",NA,"50055642","[#6]\[#6](-[#6])=[#6]\[#6]-[#6]-[#16]-[#6]-[#6]-[#6]\[#6](-[#6])=[#6]\[#6]-[#6]\[#6]=[#6](/[#6])-[#6]-[#6]\[#6]=[#6](/[#6])-[#6]-[#6]-[#6]1-[#8]C1([#6])[#6]","IC50"," 2.3"
"14","affinities",NA,"50095598","Brc1ccc(cc1)S(=O)(=O)N1CCN(CC1)C(=O)C1CCN(CC1)c1ccncn1","IC50"," 37"
"15","affinities",NA,"50095601","Clc1ccc(cc1)C(=O)c1ccc(OC2CN3CCC2CC3)cc1 |THB:13:14:20.21:18.17,(8.94,-7.02,;7.44,-6.62,;7.03,-5.14,;5.55,-4.75,;4.47,-5.85,;4.87,-7.34,;6.36,-7.72,;2.98,-5.45,;1.89,-6.55,;2.57,-3.96,;1.08,-3.58,;.68,-2.09,;1.76,-.99,;1.36,.49,;-.13,.89,;-1.37,.23,;-2.35,1.8,;-4.22,1.75,;-2.98,2.49,;-1.1,2.42,;-.62,3.39,;-1.73,3.01,;3.25,-1.38,;3.65,-2.86,)|","IC50"," 22"
"16","affinities",NA,"50128046","CN(CC=C)C\C=C\COc1ccc2c(noc2c1)-c1ccc(Br)cc1","IC50"," 28.84"
"17","affinities",NA,"50128048","CN(CCCCCCOc1ccc(C(=O)c2ccc(Br)cc2)c(F)c1)C1CC1","IC50"," 97.72"
"18","affinities",NA,"50128050","CN(CCCCCCOc1ccc(cc1)C(=O)c1ccc(Br)cc1)CC=C","IC50"," 5.37"
"19","affinities",NA,"50128051","CN(CCCCCCOc1ccc2c(n[nH]c2c1)-c1ccc(Br)cc1)CC=C","IC50"," 38.9"
"20","affinities",NA,"50128054","CN(CCCCCCOc1ccc2c(nccc2c1)-c1ccc(Br)cc1)CC=C","IC50"," 3.47"
"21","affinities",NA,"50128055","CN(CCCCCCOc1ccc2C(=NOCc2c1)c1ccc(Br)cc1)CC=C |c:13|","IC50"," 4.07"
"22","affinities",NA,"50128057","CN(CCCCCCOC1CCN(CC1)C(=O)c1ccc(F)cc1)C1CC1","IC50"," 47.86"
"23","affinities",NA,"50128058","CN(CCCCCCOc1ccc2c(nn(C)c2c1)-c1ccc(Br)cc1)CC=C","IC50"," 19"
"24","affinities",NA,"50128059","CN(CCCCCCOC1CCN(CC1)C(=O)c1ccc(F)cc1)CC=C","IC50"," 70.79"
"25","affinities",NA,"50128060","CN(CC=C)C\C=C\COc1ccc(cc1)C(=O)c1ccc(Br)cc1","IC50"," 3"
"26","affinities",NA,"50128061","CN(C[C@H]1C[C@@H]1COc1ccc(cc1)C(=O)c1ccc(Br)cc1)C1CC1","IC50"," 21.88"
"27","affinities",NA,"50128062","CN(C\C=C\COc1ccc(cc1)C(=O)c1ccc(Br)cc1)C1CC1","IC50"," 19"
"28","affinities",NA,"50128063","CN(CCCCCCOc1ccc2c(nsc2c1)-c1ccc(Br)cc1)CC=C","IC50"," 2.88"
"29","affinities",NA,"50128064","CN(CC=C)C\C=C\COc1ccc2c(csc2c1)-c1ccc(Br)cc1","IC50"," 13"
"30","affinities",NA,"50128065","CN(CCCCCCOc1ccc(C(=O)c2ccc(Br)cc2)c(F)c1)CC=C","IC50"," 5.7"
"31","affinities",NA,"50128066","CN([C@H]1CC[C@@H](CC1)c1ccc(CN2CCCCC2)cc1)C(=O)Oc1ccc(Cl)cc1 |wU:2.1,wD:5.8,(5.42,2.82,;5.42,1.28,;4.09,.51,;4.09,-1.03,;2.75,-1.8,;1.42,-1.03,;1.43,.51,;2.76,1.28,;.08,-1.78,;.09,-3.32,;-1.24,-4.09,;-2.58,-3.31,;-3.91,-4.08,;-5.25,-3.3,;-6.58,-4.08,;-7.91,-3.3,;-7.9,-1.76,;-6.57,-1,;-5.24,-1.77,;-2.58,-1.77,;-1.24,-1.01,;6.75,.51,;6.75,-1.03,;8.1,1.28,;9.43,.51,;9.43,-1.03,;10.76,-1.8,;12.09,-1.03,;13.42,-1.8,;12.09,.51,;10.76,1.28,)|","IC50"," 11.3"
"32","affinities",NA,"50128067","CN(CC=C)C\C=C\COc1cc2n(C)nc(-c3ccc(Br)cc3)c2cc1F","IC50"," 29"
"33","affinities",NA,"50128070","CN(CC=C)Cc1ccc(cc1)-c1ccc(cc1)C(=O)c1ccc(Br)cc1","IC50"," 8"
"34","affinities",NA,"50128071","Clc1ccc(cc1)-[#6](=O)-[#7]-1-[#6]-[#6]\[#6](-[#6]-[#6]-1)=[#6]\c1ccc(cc1)-[#6]-1=[#7]-[#6]-[#6]-[#8]-1 |t:25|","IC50"," 36"
"35","affinities",NA,"50128072","Brc1ccc(cc1)C(=O)c1ccc(OC[C@H]2C[C@@H]2CN(CC=C)C2CC2)cc1","IC50"," 6.46"
"36","affinities",NA,"50130771","CN(CCCCCCOc1ccc(cc1)C(=O)c1ccc(Br)cc1)CC1CC1","IC50"," 31.8"
"37","affinities",NA,"50130772","CN(CCCCCCOc1ccc2C(=NS(=O)(=O)c2c1)c1ccc(Br)cc1)CC=C |c:13|","IC50"," 7.8"
"38","affinities",NA,"50130774","CN(CCCCCCOc1ccc(C(=O)c2ccc(Br)cc2)c(O)c1)CC=C","IC50"," 6.3"
"39","affinities",NA,"50130775","CN(CCCCCCOc1ccc(cc1)C(=O)c1ccc(F)cc1)CC=C","IC50"," 6.7"
"40","affinities",NA,"50130776","CN(CCCCCCOc1ccc2C(=CCOc2c1)c1ccc(Br)cc1)CC=C |c:13|","IC50"," 11"
"41","affinities",NA,"50130777","CN(CCCO)CCCCCCOc1ccc(cc1)C(=O)c1ccc(Br)cc1","IC50"," 15.7"
"42","affinities",NA,"50130778","CN(CCCCCCOc1ccc(cc1)C(=O)c1ccc(Br)cc1)C1CC1","IC50"," 35"
"43","affinities",NA,"50130779","CN(CCCCCCOc1ccc(cc1)C(=O)c1ccccc1)CC=C","IC50"," 22"
"44","affinities",NA,"50130781","CN(CCCCCCOc1ccc2c(ncnc2c1)-c1ccc(Br)cc1)CC=C","IC50"," 12"
"45","affinities",NA,"50130783","COc1cc(OCCCCCCN(C)CC=C)ccc1C(=O)c1ccc(Br)cc1","IC50"," 4.6"
"46","affinities",NA,"50130784","CN(CCCCCCOc1ccc2C(=NCCc2c1)c1ccc(Br)cc1)CC=C |c:13|","IC50"," 7.9"
"47","affinities",NA,"50130785","CN(CCCCCCOc1ccc(cc1)C(=O)c1ccc(cc1)[N+]([O-])=O)CC=C","IC50"," 1.9"
"48","affinities",NA,"50130786","CSc1cc(OCCCCCCN(C)CC=C)ccc1C(=O)c1ccc(Br)cc1","IC50"," 6.2"
"49","affinities",NA,"50130787","CN(CCCCCCOc1ccc(cn1)C(=O)c1ccc(Br)cc1)CC=C","IC50"," 8.70"
"50","affinities",NA,"50130788","CNc1cc(OCCCCCCN(C)CC=C)ccc1C(=O)c1ccc(Br)cc1","IC50"," 4.1"
"51","affinities",NA,"50130789","CN(CCCCCCOc1ccc2c(csc2c1)-c1ccc(Br)cc1)CC=C","IC50"," 5.6"
"52","affinities",NA,"50133285","C[NH+](CCCCCCOc1ccc(C(=O)c2ccc(Cl)cc2)c(F)c1)CC=C","IC50"," 4.3"
"53","affinities",NA,"50255431","CN(CCCCC[C@H]1CC[C@@H](CC1)N(C)C(=O)Oc1ccc(cc1)C(F)(F)F)CC=C |r,wU:10.13,wD:7.6,(-5.96,-29.96,;-5.96,-31.5,;-4.63,-32.27,;-3.29,-31.5,;-1.96,-32.27,;-.63,-31.5,;.71,-32.27,;2.04,-31.5,;3.36,-32.27,;4.69,-31.51,;4.7,-29.97,;3.37,-29.19,;2.03,-29.96,;6.04,-29.2,;6.04,-27.66,;7.37,-29.98,;7.36,-31.52,;8.71,-29.21,;10.04,-29.99,;10,-31.53,;11.32,-32.32,;12.67,-31.58,;12.7,-30.03,;11.38,-29.24,;13.99,-32.38,;15.32,-33.15,;13.2,-33.7,;14.77,-31.05,;-7.3,-32.27,;-8.63,-31.5,;-9.96,-32.27,)|","IC50"," 5"
"54","affinities",NA,"50255473","CCN(CCO)CCCCOc1ccc2c(nsc2c1)-c1ccc(Br)cc1","IC50"," 17.8"
"55","affinities",NA,"50271529","CN(C)Cc1ccc(cc1)-c1ccc(CCNS(=O)(=O)c2ccc(cc2)C#N)cc1","IC50"," 28"
"56","affinities",NA,"50271530","Clc1ccc(cc1)S(=O)(=O)NCCc1ccc(cc1)-c1ccc(CN2CCCC2)cc1","IC50"," 63"
"57","affinities",NA,"50271571","Clc1ccc(cc1)S(=O)(=O)N1CCN(Cc2ccc(cc2)-c2ccncc2)CC1","IC50"," 13"
"58","affinities",NA,"50271572","Clc1ccc(cc1)C(=O)N1CCN(Cc2ccc(cc2)-c2ccncc2)CC1","IC50"," 3"
"59","affinities",NA,"50271619","CN(C)Cc1ccc(CN2CCN(CC2)C(=O)c2ccc(Cl)cc2)cc1","IC50"," 40"
"60","affinities",NA,"50271620","CN(C)Cc1ccc(CN2CCN(CC2)S(=O)(=O)c2ccc(Cl)cc2)cc1","IC50"," 32"
"61","affinities",NA,"50271621","CN(C)Cc1ccc(CN2CCN(CC2)C(=O)c2ccc(OC(F)(F)F)cc2)cc1","IC50"," 20"
"62","affinities",NA,"50271622","CN1CCN(CC1)c1ccc(CN2CCN(CC2)S(=O)(=O)c2ccc(Cl)cc2)cc1","IC50"," 6"
"63","affinities",NA,"50271623","Clc1ccc(cc1)C(=O)N1CCN(Cc2ccc(cc2)-n2ccnc2)CC1","IC50"," 32"
"64","affinities",NA,"50394832","CN(CC[C@H]1CC[C@@H](CC1)C(=O)N1CCC(O)CC1)C(=O)Oc1ccc(Cl)cc1 |r,wU:7.10,wD:4.3,(42.05,-39.41,;42.04,-40.95,;40.7,-41.71,;39.38,-40.93,;38.04,-41.69,;36.71,-40.92,;35.36,-41.68,;35.37,-43.22,;36.7,-44,;38.03,-43.23,;34.04,-43.99,;34.03,-45.53,;32.7,-43.21,;31.37,-43.98,;30.05,-43.21,;30.05,-41.67,;28.71,-40.91,;31.37,-40.9,;32.7,-41.67,;43.37,-41.72,;43.36,-43.26,;44.71,-40.96,;46.04,-41.74,;46.02,-43.28,;47.35,-44.05,;48.69,-43.29,;50.02,-44.07,;48.69,-41.74,;47.36,-40.97,)|","IC50"," 28.7"
"65","affinities",NA,"50394833","CN(CCO)CCCCC[C@H]1CC[C@@H](CC1)N(C)S(=O)(=O)c1ccc(cc1)C(F)(F)F |r,wU:10.9,wD:13.16,(5.65,-46.1,;5.65,-47.64,;4.32,-48.41,;2.99,-47.63,;1.65,-48.4,;6.99,-48.41,;8.32,-47.64,;9.65,-48.41,;10.99,-47.64,;12.32,-48.41,;13.66,-47.64,;13.66,-46.1,;14.99,-45.33,;16.32,-46.11,;16.33,-47.64,;14.99,-48.41,;17.65,-45.33,;18.99,-46.1,;17.64,-43.79,;16.1,-43.8,;16.87,-42.45,;18.98,-43.02,;20.32,-43.8,;21.66,-43.03,;21.67,-41.48,;20.32,-40.7,;18.98,-41.48,;23.01,-40.7,;24.34,-41.47,;23,-39.16,;24.33,-39.93,)|","IC50"," 11.2"
"66","affinities",NA,"50394834","CCN(CCO)C[C@H]1CC[C@H](CCN(C)C(=O)Oc2ccc(cc2)C(F)(F)F)CC1 |r,wU:7.6,wD:10.10,(3.56,-33.3,;4.88,-34.07,;4.87,-35.61,;3.54,-36.38,;2.21,-35.6,;.87,-36.36,;6.2,-36.4,;7.54,-35.63,;7.55,-34.09,;8.88,-33.34,;10.2,-34.11,;11.54,-33.35,;12.87,-34.12,;14.21,-33.36,;14.21,-31.82,;15.53,-34.13,;15.53,-35.67,;16.87,-33.37,;18.2,-34.13,;18.19,-35.68,;19.52,-36.45,;20.86,-35.68,;20.86,-34.14,;19.53,-33.37,;22.19,-36.46,;23.53,-35.69,;22.19,-38,;23.52,-37.22,;10.21,-35.65,;8.87,-36.41,)|","IC50"," 12.7"
"67","affinities",NA,"50394835","CCCN(C)CCCC#C[C@H]1CC[C@@H](CC1)N(C)C(=O)Oc1ccc(Cl)cc1 |r,wU:10.9,wD:13.16,(22.91,-26.91,;24.24,-26.14,;24.24,-24.6,;25.57,-23.83,;25.57,-22.29,;26.9,-24.59,;28.23,-23.82,;29.57,-24.58,;30.9,-23.81,;32.24,-23.03,;33.57,-22.26,;33.57,-20.72,;34.9,-19.94,;36.23,-20.72,;36.23,-22.26,;34.9,-23.02,;37.56,-19.95,;37.57,-18.41,;38.89,-20.73,;38.89,-22.27,;40.23,-19.96,;41.56,-20.74,;41.56,-22.28,;42.89,-23.05,;44.23,-22.29,;45.56,-23.06,;44.23,-20.74,;42.89,-19.97,)|","IC50"," 7.8"
"68","affinities",NA,"50394836","CCN(CCO)CCCC#C[C@H]1CC[C@@H](CC1)N(C)C(=O)Oc1ccc(Cl)cc1 |r,wU:11.10,wD:14.17,(4.58,-22.45,;3.25,-23.23,;3.25,-24.77,;1.92,-25.54,;1.92,-27.08,;.59,-27.86,;4.58,-25.53,;5.92,-24.76,;7.25,-25.52,;8.59,-24.75,;9.92,-23.97,;11.26,-23.2,;11.26,-21.66,;12.59,-20.88,;13.91,-21.66,;13.91,-23.2,;12.59,-23.96,;15.25,-20.89,;15.25,-19.35,;16.58,-21.67,;16.58,-23.21,;17.92,-20.9,;19.25,-21.68,;19.25,-23.22,;20.58,-23.99,;21.92,-23.23,;23.25,-24,;21.92,-21.68,;20.58,-20.91,)|","IC50"," 10"
"69","affinities",NA,"50412870","CN(CCCCCCOc1ccc2n(C)nc(C)c2c1)CC=C","IC50"," 19.5"
"70","affinities",NA,"50423108","CN(CCCCCCOc1ccc2C(=CS(=O)(=O)c2c1)c1ccc(Br)cc1)CC=C |c:13|","IC50"," 7.8"
"71","affinities",NA,"50423111","CN(C\C=C\COc1ccc(cn1)C(=O)c1ccc(Br)cc1)C1CC1","IC50"," 19"
"72","affinities",NA,"50456340","Cl.Cl.CN(CC=C)Cc1ccc(cc1)N1CCC(CC1)N(C)S(=O)(=O)c1ccc(Cl)cc1","IC50"," 16"
"73","affinities",NA,"50494906","COc1c(C)c2COC(=O)c2c(O)c1CCOP(O)(=O)CP(O)(=O)OC[C@H]1O[C@H]([C@H](O)[C@@H]1O)n1cnc2c(N)nc(nc12)-c1cccs1 |r|","Ki"," 82"
"74","affinities",NA,"50494909","COc1c(C)c2COC(=O)c2c(O)c1C\C=C(/C)CCC(=O)N[C@@H](C(C)C)C(=O)NC[C@H]1O[C@H]([C@H](O)[C@@H]1O)n1cnc2c(N)ncnc12 |r|","Ki"," 19"
"75","affinities",NA,"50494911","COc1c(C)c2COC(=O)c2c(O)c1CCOP(O)(=O)CP(O)(=O)OC[C@H]1O[C@H]([C@H](O)[C@@H]1O)n1cnc2c(N)nc(nc12)-c1ccco1 |r|","Ki"," 63"
"76","affinities",NA,"50494912","COc1c(C)c2COC(=O)c2c(O)c1CCOP(O)(=O)CP(O)(=O)OC[C@H]1O[C@H]([C@H](O)[C@@H]1O)n1cnc2c(N)nc(COCc3ccccc3)nc12 |r|","Ki"," 70"
"77","affinities",NA,"50494913","COc1c(C)c2COC(=O)c2c(O)c1CCOP(O)(=O)CP(O)(=O)OC[C@H]1O[C@H]([C@H](O)[C@@H]1O)n1c(Br)nc2c(N)ncnc12 |r|","Ki"," 39"
"78","affinities",NA,"50494927","COc1c(C)c2COC(=O)c2c(O)c1C\C=C(/C)CCC(=O)N[C@@H](Cc1c[nH]c2ccccc12)C(O)=O |r|","Ki"," 56"
"79","affinities",NA,"50494929","COc1c(C)c2COC(=O)c2c(O)c1C\C=C(/C)CCC(=O)N[C@H](C(C)C)C(=O)NC[C@H]1O[C@H]([C@H](O)[C@@H]1O)n1cnc2c(N)ncnc12 |r|","Ki"," 3.0"
"80","affinities",NA,"50494933","COc1c(C)c2COC(=O)c2c(O)c1C\C=C(/C)CCC(=O)N[C@H](Cc1c[nH]c2ccccc12)C(O)=O |r|","Ki"," 32"
"81","affinities",NA,"50494940","COc1c(C)c2COC(=O)c2c(O)c1CCOP(O)(=O)CP(O)(=O)OC[C@H]1O[C@H]([C@H](O)[C@@H]1O)n1cnc2c(N)nc(nc12)-c1ccncc1 |r|","Ki"," 0.600000"
"82","affinities",NA,"50494941","CCc1nc(N)c2ncn([C@@H]3O[C@H](COP(O)(=O)C(F)(F)P(O)(=O)OCCc4c(O)c5C(=O)OCc5c(C)c4OC)[C@@H](O)[C@H]3O)c2n1 |r|","Ki"," 5.6"
"83","affinities",NA,"50494942","COc1c(C)c2COC(=O)c2c(O)c1C\C=C(/C)CCC(=O)N[C@H](Cc1c[nH]c2ccccc12)C(=O)NC[C@H]1O[C@H]([C@H](O)[C@@H]1O)n1cnc2c(N)ncnc12 |r|","Ki"," 56"
"84","affinities",NA,"50494943","COc1c(C)c2COC(=O)c2c(O)c1CCOP(O)(=O)CP(O)(=O)OC[C@H]1O[C@H]([C@H](O)[C@@H]1O)n1cnc2c(N)nc(nc12)C(F)(F)F |r|","Ki"," 13"
"85","affinities",NA,"50494944","COc1c(C)c2COC(=O)c2c(O)c1C\C=C(/C)CCC(=O)N[C@H](Cc1ccccc1)C(=O)NC[C@H]1O[C@H]([C@H](O)[C@@H]1O)n1cnc2c(N)ncnc12 |r|","Ki"," 38"
