"",".id","X..i..","monomerid","smiles","affinity_type","affinity"
"1","hit","33",NA,NA,NA,NA
"2","length","968,358",NA,NA,NA,NA
"3","uniprot_length","NA",NA,NA,NA,NA
"4","primary","P19838",NA,NA,NA,NA
"5","alternative","A8K5Y5",NA,NA,NA,NA
"6","alternative","B3KVE8",NA,NA,NA,NA
"7","alternative","Q68D84",NA,NA,NA,NA
"8","alternative","Q86V43",NA,NA,NA,NA
"9","alternative","Q8N4X7",NA,NA,NA,NA
"10","alternative","Q9NZC0",NA,NA,NA,NA
"11","affinities",NA,"176676","O=S(=O)(OC1CS(=O)(=O)C=C1)c1ccccc1 |c:9|","Kd"," 90"
"12","affinities",NA,"446448","Cc1nc(Nc2cccc(c2C)-c2cccc(-c3nc4cc(CN5CCC(CC5)C(O)=O)cc(C#N)c4o3)c2C)c2ncc(CN3CC[C@@H](O)C3)cc2n1 |r|","EC50"," 55"
"13","affinities",NA,"446449","Cc1nc(Nc2cccc(c2C)-c2cccc(-c3nc4cc(CN5CCC(CC5)C(O)=O)cc(C#N)c4o3)c2C)c2ncc(CN3CC[C@@](C)(O)C3)cc2n1 |r|","EC50"," 55"
"14","affinities",NA,"446450","Cc1nc(Nc2cccc(c2C)-c2cccc(-c3nc4cc(CN5CCC(CC5)C(O)=O)cc(C#N)c4o3)c2C)c2ncc(CN3CC[C@](C)(O)C3)cc2n1 |r|","EC50"," 55"
"15","affinities",NA,"446451","C[C@@H](CO)NCc1cnc2c(Nc3cccc(c3C)-c3cccc(-c4nc5cc(CN6CCC(CC6)C(O)=O)cc(C#N)c5o4)c3C)nc(C)nc2c1 |r|","EC50"," 55"
"16","affinities",NA,"446452","C[C@H](O)CNCc1cnc2c(Nc3cccc(c3C)-c3cccc(-c4nc5cc(CN6CCC(CC6)C(O)=O)cc(C#N)c5o4)c3C)nc(C)nc2c1 |r|","EC50"," 55"
"17","affinities",NA,"446453","Cc1nc(Nc2cccc(c2C)-c2cccc(-c3nc4cc(CN5CC[C@H](C5)C(O)=O)cc(C#N)c4o3)c2C)c2ncc(CN3CC[C@@H](O)C3)cc2n1 |r|","EC50","<10"
"18","affinities",NA,"446454","Cc1nc(Nc2cccc(c2C)-c2cccc(-c3nc4cc(CN5CC[C@H](C5)C(O)=O)cc(C#N)c4o3)c2C)c2ncc(CN3CC[C@@](C)(O)C3)cc2n1 |r|","EC50"," 55"
"19","affinities",NA,"446455","Cc1nc(Nc2cccc(c2C)-c2cccc(-c3nc4cc(CN5CC[C@H](C5)C(O)=O)cc(C#N)c4o3)c2C)c2ncc(CN3CC[C@](C)(O)C3)cc2n1 |r|","EC50"," 55"
"20","affinities",NA,"446456","C[C@@H](CO)NCc1cnc2c(Nc3cccc(c3C)-c3cccc(-c4nc5cc(CN6CC[C@H](C6)C(O)=O)cc(C#N)c5o4)c3C)nc(C)nc2c1 |r|","EC50"," 55"
"21","affinities",NA,"446457","C[C@H](O)CNCc1cnc2c(Nc3cccc(c3C)-c3cccc(-c4nc5cc(CN6CC[C@H](C6)C(O)=O)cc(C#N)c5o4)c3C)nc(C)nc2c1 |r|","EC50"," 55"
"22","affinities",NA,"446458","Cc1nc(Nc2cccc(c2C)-c2cccc(-c3nc4cc(CN5CC[C@](C)(C5)C(O)=O)cc(C#N)c4o3)c2C)c2ncc(CN3CC[C@@H](O)C3)cc2n1 |r|","EC50"," 55"
"23","affinities",NA,"446459","Cc1nc(Nc2cccc(c2C)-c2cccc(-c3nc4cc(CN5CC[C@](C)(C5)C(O)=O)cc(C#N)c4o3)c2C)c2ncc(CN3CC[C@@](C)(O)C3)cc2n1 |r|","EC50"," 55"
"24","affinities",NA,"446460","Cc1nc(Nc2cccc(c2C)-c2cccc(-c3nc4cc(CN5CC[C@](C)(C5)C(O)=O)cc(C#N)c4o3)c2C)c2ncc(CN3CC[C@](C)(O)C3)cc2n1 |r|","EC50"," 55"
"25","affinities",NA,"446461","C[C@@H](CO)NCc1cnc2c(Nc3cccc(c3C)-c3cccc(-c4nc5cc(CN6CC[C@](C)(C6)C(O)=O)cc(C#N)c5o4)c3C)nc(C)nc2c1 |r|","EC50"," 55"
"26","affinities",NA,"446462","C[C@H](O)CNCc1cnc2c(Nc3cccc(c3C)-c3cccc(-c4nc5cc(CN6CC[C@](C)(C6)C(O)=O)cc(C#N)c5o4)c3C)nc(C)nc2c1 |r|","EC50"," 55"
"27","affinities",NA,"446463","Cc1c(Nc2nc(nc3cc(CN4CC[C@@H](O)C4)cnc23)C(F)F)cccc1-c1cccc(-c2nc3cc(CN4CCC(CC4)C(O)=O)cc(C#N)c3o2)c1C |r|","EC50","<10"
"28","affinities",NA,"446464","Cc1c(Nc2nc(nc3cc(CN4CC[C@@H](O)C4)cnc23)C(F)F)cccc1-c1cccc(-c2nc3cc(CN4CC[C@H](C4)C(O)=O)cc(C#N)c3o2)c1C |r|","EC50"," 55"
"29","affinities",NA,"446465","Cc1c(Nc2nc(nc3cc(CN4CC[C@@H](O)C4)cnc23)C(F)F)cccc1-c1cccc(-c2nc3cc(CN4CC[C@](C)(C4)C(O)=O)cc(C#N)c3o2)c1C |r|","EC50"," 55"
"30","affinities",NA,"446469","Cc1c(Nc2nc(nc3cc(CN4CC[C@@H](O)C4)cnc23)C(F)F)cccc1-c1cccc(-c2nc3cc(CN4CC[C@@H](C4)C(O)=O)cc(C#N)c3o2)c1C |r|","EC50"," 55"
"31","affinities",NA,"446470","Cc1c(Nc2nc(nc3cc(CN4CC[C@@H](O)C4)cnc23)C(F)F)cccc1-c1cccc(-c2nc3cc(CN4CC[C@@](C)(C4)C(O)=O)cc(C#N)c3o2)c1C |r|","EC50","<10"
"32","affinities",NA,"446471","Cc1c(Nc2nc(nc3cc(CN4CC[C@@H](O)C4)cnc23)C(F)F)cccc1-c1cccc(-c2nc3cc(CN4CCC(C)(CC4)C(O)=O)cc(C#N)c3o2)c1C |r|","EC50"," 55"
"33","affinities",NA,"446472","CN(C)C(=O)C1CCN(Cc2cc(C#N)c3oc(nc3c2)-c2cccc(c2C)-c2cccc(Nc3nc(nc4cc(CN5CC[C@@H](O)C5)cnc34)C(F)F)c2C)CC1 |r|","EC50"," 55"
"34","affinities",NA,"446473","CNC(=O)C1CCN(Cc2cc(C#N)c3oc(nc3c2)-c2cccc(c2C)-c2cccc(Nc3nc(nc4cc(CN5CC[C@@H](O)C5)cnc34)C(F)F)c2C)CC1 |r|","EC50","<10"
"35","affinities",NA,"446474","Cc1c(Nc2nc(nc3cc(CN4CC[C@@H](O)C4)cnc23)C(F)F)cccc1-c1cccc(-c2nc3cc(CN4CCC(CC4)C(=O)NCCC(O)=O)cc(C#N)c3o2)c1C |r|","EC50"," 55"
"36","affinities",NA,"446475","Cc1c(Nc2nc(nc3cc(CN4CC[C@@H](O)C4)cnc23)C2CC2)cccc1-c1cccc(-c2nc3cc(CN4CC[C@H](C4)C(O)=O)cc(C#N)c3o2)c1C |r|","EC50"," 55"
"37","affinities",NA,"446476","Cc1c(Nc2nc(N)nc3cc(CN4CC[C@@H](O)C4)cnc23)cccc1-c1cccc(-c2nc3cc(CN4CCC(CC4)C(O)=O)cc(C#N)c3o2)c1C |r|","EC50"," 55"
"38","affinities",NA,"446477","Cc1c(Nc2nc(nc3cc(CN4CC[C@@](C)(O)C4)cnc23)C(F)F)cccc1-c1cccc(-c2nc3cc(CN4CCC(CC4)C(O)=O)cc(C#N)c3o2)c1C |r|","EC50","<10"
"39","affinities",NA,"446478","Cc1c(Nc2nc(nc3cc(CN4CC[C@](C)(O)C4)cnc23)C(F)F)cccc1-c1cccc(-c2nc3cc(CN4CCC(CC4)C(O)=O)cc(C#N)c3o2)c1C |r|","EC50","<10"
"40","affinities",NA,"446479","Cc1c(Nc2nc(CO)nc3cc(CN4CC[C@@H](O)C4)cnc23)cccc1-c1cccc(-c2nc3cc(CN4CCC(CC4)C(O)=O)cc(C#N)c3o2)c1C |r|","EC50"," 55"
"41","affinities",NA,"446481","Cc1c(Nc2nc(cc3cc(CN4CC[C@@H](O)C4)cnc23)C(F)F)cccc1-c1cccc(-c2nc3cc(CN4CC[C@](C)(C4)C(O)=O)cc(C#N)c3o2)c1C |r|","EC50","<10"
"42","affinities",NA,"50062648","FC(F)(F)c1cc(NC(=O)c2cnc(Cl)nc2C(F)(F)F)cc(c1)C(F)(F)F","IC50"," 50"
"43","affinities",NA,"50196926","COc1ccc(cc1)[C@@]12Oc3cc(OC)cc(OC)c3[C@]1(O)[C@H](O)[C@@H]([C@H]2c1ccccc1)C(=O)N(C)C |r|","IC50"," 75"
