"",".id","X..i..","monomerid","smiles","affinity_type","affinity"
"1","hit","82",NA,NA,NA,NA
"2","length","2555",NA,NA,NA,NA
"3","uniprot_length","NA",NA,NA,NA,NA
"4","primary","P46531",NA,NA,NA,NA
"5","alternative","Q59ED8",NA,NA,NA,NA
"6","alternative","Q5SXM3",NA,NA,NA,NA
"7","affinities",NA,"209870","Cc1cccc2c1NC(=O)[C@@H](NC(=O)[C@H](CCC(F)(F)F)[C@H](CCC(F)(F)F)C(N)=O)N=C2c1cccc(F)c1 |r,c:32|","IC50"," 7.8"
"8","affinities",NA,"209871","CCc1cccc2c1NC(=O)[C@@H](NC(=O)[C@H](CCC(F)(F)F)[C@H](CCC(F)(F)F)C(N)=O)N=C2c1cccc(Cl)c1 |r,c:33|","IC50"," 4.9"
"9","affinities",NA,"209874","CC(C)c1cccc2c1NC(=O)[C@@H](NC(=O)[C@H](CCC(F)(F)F)[C@H](CCC(F)(F)F)C(N)=O)N=C2c1cccc(Cl)c1 |r,c:34|","IC50"," 1.8"
"10","affinities",NA,"209875","Cc1ccc(cc1C)C1=N[C@H](NC(=O)[C@H](CCC(F)(F)F)[C@H](CCCC(F)(F)F)C(N)=O)C(=O)Nc2c(Cl)cccc12 |r,t:9|","IC50"," 8.5"
"11","affinities",NA,"209876","Cc1cc(C)cc(c1)C1=N[C@H](NC(=O)[C@H](CCC(F)(F)F)[C@H](CCCC(F)(F)F)C(N)=O)C(=O)Nc2c(Cl)cccc12 |r,t:9|","IC50"," 2.3"
"12","affinities",NA,"209877","CCc1cccc2c1NC(=O)[C@@H](NC(=O)[C@H](CCC(F)(F)F)[C@H](CCC(F)(F)F)C(N)=O)N=C2c1cccc(C)c1 |r,c:33|","IC50"," 7.2"
"13","affinities",NA,"209878","Cc1cccc2c1NC(=O)[C@@H](NC(=O)[C@H](CCC(F)(F)F)[C@H](CCC(F)(F)F)C(N)=O)N=C2c1cccc(Cl)c1 |r,c:32|","IC50"," 4.4"
"14","affinities",NA,"209879","Cc1cccc2c1NC(=O)[C@@H](NC(=O)[C@H](CCC(F)(F)F)[C@H](CCCC(F)(F)F)C(N)=O)N=C2c1cccc(Cl)c1 |r,c:33|","IC50"," 6"
"15","affinities",NA,"209880","Cc1cccc(c1)C1=N[C@H](NC(=O)[C@H](CCC(F)(F)F)[C@H](CCC(F)(F)F)C(N)=O)C(=O)Nc2c1cccc2C(F)(F)F |r,t:8|","IC50"," 3"
"16","affinities",NA,"209881","Cc1cc(C)cc(c1)C1=N[C@H](NC(=O)[C@H](CCC(F)(F)F)[C@H](CCC(F)(F)F)C(N)=O)C(=O)Nc2c(Cl)cccc12 |r,t:9|","IC50"," 2.5"
"17","affinities",NA,"209883","CC(C)c1cccc2c1NC(=O)[C@@H](NC(=O)[C@H](CCC(F)(F)F)[C@H](CCC(F)(F)F)C(N)=O)N=C2c1cccc(C)c1 |r,c:34|","IC50"," 3"
"18","affinities",NA,"209884","CC(C)c1cccc2c1NC(=O)[C@@H](NC(=O)[C@H](CCC(F)(F)F)[C@H](CCC(F)(F)F)C(N)=O)N=C2c1ccccc1 |r,c:34|","IC50"," 3.4"
"19","affinities",NA,"209885","Cc1cccc(c1)C1=N[C@H](NC(=O)[C@H](CCC(F)(F)F)[C@H](CCCC(F)(F)F)C(N)=O)C(=O)Nc2c(OC3CC3)cccc12 |r,t:8|","IC50"," 7.7"
"20","affinities",NA,"209886","Cc1cccc(c1)C1=N[C@H](NC(=O)[C@H](CCC(F)(F)F)[C@H](CCC(F)(F)F)C(N)=O)C(=O)Nc2c(OC3CC3)cccc12 |r,t:8|","IC50"," 4.4"
"21","affinities",NA,"209887","NC(=O)[C@@H](CCCC(F)(F)F)[C@@H](CCC(F)(F)F)C(=O)N[C@H]1N=C(c2ccccc2)c2cccc(OC3CC3)c2NC1=O |r,t:22|","IC50"," 5.8"
"22","affinities",NA,"209888","Cc1cccc(c1)C1=N[C@H](NC(=O)[C@H](CCC(F)(F)F)[C@H](CCCC(F)(F)F)C(N)=O)C(=O)Nc2c(Cl)cccc12 |r,t:8|","IC50"," 5.7"
"23","affinities",NA,"209889","Cc1cccc2c1NC(=O)[C@@H](NC(=O)[C@H](CCC(F)(F)F)[C@H](CCCC(F)(F)F)C(N)=O)N=C2c1cccc(c1)C(F)(F)F |r,c:33|","IC50"," 4.6"
"24","affinities",NA,"209890","NC(=O)[C@@H](CCC(F)(F)F)[C@@H](CCC(F)(F)F)C(=O)N[C@H]1N=C(c2ccccc2)c2cccc(OC3CC3)c2NC1=O |r,t:21|","IC50"," 4.8"
"25","affinities",NA,"209891","Cc1cccc2c1NC(=O)[C@@H](NC(=O)[C@H](CCC(F)(F)F)[C@H](CCC(F)(F)F)C(N)=O)N=C2c1cccc(c1)C(F)(F)F |r,c:32|","IC50"," 1.6"
"26","affinities",NA,"209892","Cc1ccccc1C1=N[C@H](NC(=O)[C@H](CCC(F)(F)F)[C@H](CCC(F)(F)F)C(N)=O)C(=O)Nc2c(Cl)cccc12 |r,t:8|","IC50"," 3.3"
"27","affinities",NA,"209893","Cc1cccc2c1NC(=O)[C@@H](NC(=O)[C@H](CCC(F)(F)F)[C@H](CCC(F)(F)F)C(N)=O)N=C2c1ccc(F)cc1 |r,c:32|","IC50"," 3.1"
"28","affinities",NA,"209894","Cc1cccc2c1NC(=O)[C@@H](NC(=O)[C@H](CCC(F)(F)F)[C@H](CCC(F)(F)F)C(N)=O)N=C2c1ccccc1 |r,c:32|","IC50"," 4.7"
"29","affinities",NA,"209895","NC(=O)[C@@H](CCC(F)(F)F)[C@@H](CCC(F)(F)F)C(=O)N[C@H]1N=C(c2ccccc2)c2cccc(C3CC3)c2NC1=O |r,t:21|","IC50"," 1.4"
"30","affinities",NA,"209896","NC(=O)[C@@H](CCC(F)(F)F)[C@@H](CCC(F)(F)F)C(=O)N[C@H]1N=C(c2cccc(c2)C2CC2)c2cccc(Cl)c2NC1=O |r,t:21|","IC50"," 1.7"
"31","affinities",NA,"209897","COc1cccc2c1NC(=O)[C@@H](NC(=O)[C@H](CCC(F)(F)F)[C@H](CCC(F)(F)F)C(N)=O)N=C2c1cccc(Cl)c1 |r,c:33|","IC50"," 3.7"
"32","affinities",NA,"209898","COc1cccc2c1NC(=O)[C@@H](NC(=O)[C@H](CCC(F)(F)F)[C@H](CCC(F)(F)F)C(N)=O)N=C2c1ccc(Cl)cc1 |r,c:33|","IC50"," 2.8"
"33","affinities",NA,"209899","Cc1cccc(c1)C1=N[C@H](NC(=O)[C@H](CCC(F)(F)F)[C@H](CCC(F)(F)F)C(N)=O)C(=O)Nc2c(Cl)cccc12 |r,t:8|","IC50"," 4.8"
"34","affinities",NA,"209900","COc1cccc2c1NC(=O)[C@@H](NC(=O)[C@H](CCC(F)(F)F)[C@H](CCC(F)(F)F)C(N)=O)N=C2c1cccc(C)c1 |r,c:33|","IC50"," 3.9"
"35","affinities",NA,"209901","NC(=O)[C@@H](CCC(F)(F)F)[C@@H](CCC(F)(F)F)C(=O)N[C@H]1N=C(c2ccc(CO)cc2)c2ccccc2NC1=O |r,t:21|","IC50"," 4.3"
"36","affinities",NA,"209902","Cc1ccccc1C1=N[C@H](NC(=O)[C@H](CCC(F)(F)F)[C@H](CCC(F)(F)F)C(N)=O)C(=O)Nc2ccccc12 |r,t:8|","IC50"," 2.8"
"37","affinities",NA,"209903","Cc1cccc(c1)C1=N[C@H](NC(=O)[C@H](CCC(F)(F)F)[C@H](CCC(F)(F)F)C(N)=O)C(=O)Nc2ccccc12 |r,t:8|","IC50"," 6.4"
"38","affinities",NA,"209904","COc1cccc2c1NC(=O)[C@@H](NC(=O)[C@H](CCC(F)(F)F)[C@H](CCC(F)(F)F)C(N)=O)N=C2c1ccc(cn1)C(F)(F)F |r,c:33|","IC50"," 4.3"
"39","affinities",NA,"209905","COc1cccc2c1NC(=O)[C@@H](NC(=O)[C@H](CCC(F)(F)F)[C@H](CCC(F)(F)F)C(N)=O)N=C2c1ccc(Cl)cn1 |r,c:33|","IC50"," 4.8"
"40","affinities",NA,"209907","Cc1ccc(cc1)C1=N[C@H](NC(=O)[C@H](CCC(F)(F)F)[C@H](CCC(F)(F)F)C(N)=O)C(=O)Nc2ccccc12 |r,t:8|","IC50"," 12.2"
"41","affinities",NA,"209908","NC(=O)[C@@H](CCC(F)(F)F)[C@@H](CCC(F)(F)F)C(=O)N[C@H]1N=C(c2cccc(F)c2)c2cccc(CO)c2NC1=O |r,t:21|","IC50"," 6.2"
"42","affinities",NA,"209909","CCC[C@@H]([C@@H](CC(C)C)C(=O)N[C@H]1N=C(c2ccccc2)c2ccccc2N(C)C1=O)C(N)=O |r,t:13|","IC50"," 64.1"
"43","affinities",NA,"209910","CC(C)C[C@H]([C@H](CC=C)C(N)=O)C(=O)N[C@H]1N=C(c2ccccc2)c2cc(Cl)ccc2N(C)C1=O |r,t:16|","IC50"," 42.4"
"44","affinities",NA,"209911","CCCC[C@@H]([C@@H](CC(C)C)C(=O)N[C@H]1N=C(c2ccc(Cl)cc2)c2ccccc2N(C)C1=O)C(N)=O |r,t:14|","IC50"," 5.1"
"45","affinities",NA,"209912","CCCN1c2ccccc2C(=N[C@H](NC(=O)[C@H](CC(C)C)[C@H](CC=C)C(N)=O)C1=O)c1ccccc1 |r,c:11|","IC50"," 12.3"
"46","affinities",NA,"242873","Cc1cccc2c1NC(=O)[C@@H](NC(=O)[C@H](CCC(F)(F)F)[C@H](CC1CC(F)(F)C1)C(N)=O)N=C2c1ccccc1 |r,c:34|","IC50"," 3.0"
"47","affinities",NA,"242874","COc1cccc2c1NC(=O)[C@@H](NC(=O)[C@H](CCC(F)(F)F)[C@H](C1CCC(F)(F)CC1)C(N)=O)N=C2c1ccccc1 |r,c:36|","IC50"," 7.0"
"48","affinities",NA,"242875","NC(=O)[C@H]([C@@H](CCC(F)(F)F)C(=O)N[C@H]1N=C(c2cccc(F)c2)c2cccc(OC3CC3)c2NC1=O)C1CCC(F)(F)CC1 |r,t:15|","IC50"," 4.2"
"49","affinities",NA,"242876","NC(=O)[C@H]([C@@H](CCC(F)(F)F)C(=O)N[C@H]1N=C(c2ccccc2)c2cccc(Cl)c2NC1=O)C1CCC(CC1)C(F)(F)F |r,wU:14.13,4.10,wD:3.2,t:15,(7.12,-.37,;5.79,-1.14,;5.79,-2.68,;4.46,-.37,;3.12,-1.14,;3.12,-2.68,;1.79,-3.45,;1.79,-4.99,;.25,-4.99,;3.33,-4.99,;1.79,-6.53,;1.79,-.37,;1.79,1.17,;.46,-1.14,;-1.08,-1.14,;-1.75,-2.53,;-3.25,-2.87,;-3.65,-4.36,;-5.14,-4.75,;-5.54,-6.24,;-4.45,-7.33,;-2.96,-6.93,;-2.56,-5.45,;-4.46,-1.91,;-5.79,-2.68,;-7.12,-1.91,;-7.12,-.37,;-5.79,.4,;-5.79,1.94,;-4.46,-.37,;-3.25,.59,;-1.75,.25,;-.98,1.58,;4.46,1.17,;5.79,1.94,;5.79,3.48,;4.46,4.31,;3.12,3.48,;3.12,1.94,;4.46,5.85,;4.46,7.39,;6,5.85,;2.92,5.85,)|","IC50"," 11.9"
"50","affinities",NA,"242877","NC(=O)[C@H]([C@@H](CCC(F)(F)F)C(=O)N[C@H]1N=C(c2ccccc2)c2cccc(Cl)c2NC1=O)C1CCC(F)(F)CC1 |r,t:15|","IC50"," 4.4"
"51","affinities",NA,"242878","NC(=O)[C@H]([C@@H](CCC(F)(F)F)C(=O)N[C@H]1N=C(c2ccccc2)c2ccccc2NC1=O)C1CC(F)(F)C1 |r,t:15|","IC50"," 14.0"
"52","affinities",NA,"242879","NC(=O)[C@@H](CC1CC(F)(F)C1)[C@@H](CCC(F)(F)F)C(=O)N[C@H]1N=C(c2ccccc2)c2cccc(OC3CC3)c2NC1=O |r,t:23|","IC50"," 3.9"
"53","affinities",NA,"242880","COc1cccc2c1NC(=O)[C@@H](NC(=O)[C@H](CCC(F)(F)F)[C@H](CC1CC(F)(F)C1)C(N)=O)N=C2c1ccccc1 |r,c:35|","IC50"," 2.9"
"54","affinities",NA,"242881","Cc1cccc2c1NC(=O)[C@@H](NC(=O)[C@H](CCC(F)(F)F)[C@H](CC1CC(F)(F)C1)C(N)=O)N=C2c1cccc(F)c1 |r,c:34|","IC50"," 3.5"
"55","affinities",NA,"242882","Cc1cccc(c1)C1=N[C@H](NC(=O)[C@H](CCC(F)(F)F)[C@H](CC2CC(F)(F)C2)C(N)=O)C(=O)Nc2c(Cl)cccc12 |r,t:8|","IC50"," 1.7"
"56","affinities",NA,"242883","Cc1cccc(c1)C1=N[C@H](NC(=O)[C@H](CCC(F)(F)F)[C@H](CC2CC(F)(F)C2)C(N)=O)C(=O)Nc2c(F)cccc12 |r,t:8|","IC50"," 2.1"
"57","affinities",NA,"242884","NC(=O)[C@@H](CC1CC(F)(F)C1)[C@@H](CCC(F)(F)F)C(=O)N[C@H]1N=C(c2ccccc2)c2cccc(C3CC3)c2NC1=O |r,t:23|","IC50"," 5.6"
"58","affinities",NA,"242885","NC(=O)[C@@H](CC1CC(F)(F)C1)[C@@H](CCC(F)(F)F)C(=O)N[C@H]1N=C(c2ccccc2)c2cccc(Cl)c2NC1=O |r,t:23|","IC50"," 2.8"
"59","affinities",NA,"242886","NC(=O)[C@@H](CC1CC(F)(F)C1)[C@@H](CCC(F)(F)F)C(=O)N[C@H]1N=C(c2ccccc2)c2cccc(F)c2NC1=O |r,t:23|","IC50"," 4.5"
"60","affinities",NA,"242887","NC(=O)[C@@H](CC1CC(F)(F)C1)[C@@H](CCC(F)(F)F)C(=O)N[C@H]1N=C(c2ccccc2)c2ccccc2NC1=O |r,t:23|","IC50"," 4.4"
"61","affinities",NA,"242888","NOc1cccc2c1NC(=O)[C@@H](NC(=O)[C@H](CCC(F)(F)F)[C@H](CCCF)C(N)=O)N=C2c1ccccc1 |r,c:31|","IC50"," 7.0"
"62","affinities",NA,"242889","COc1ccc2c(NC(=O)[C@@H](NC(=O)[C@H](CCC(F)(F)F)[C@H](CCCF)C(N)=O)N=C2c2ccccc2)c1 |r,c:29|","IC50"," 5.8"
"63","affinities",NA,"242890","CC(F)(F)C[C@@H]([C@@H](CCC(F)(F)F)C(=O)N[C@H]1N=C(c2ccccc2)c2ccccc2NC1=O)C(N)=O |r,t:17|","IC50"," 2.7"
"64","affinities",NA,"242891","C[C@@H](C[C@@H]([C@@H](CCC(F)(F)F)C(=O)N[C@H]1N=C(c2ccccc2)c2cccc(F)c2NC1=O)C(N)=O)C(F)(F)F |r,t:15|","IC50"," 2.9"
"65","affinities",NA,"242892","NC(=O)[C@@H](CCCF)[C@@H](CCC(F)(F)F)C(=O)N[C@H]1N=C(c2ccccc2)c2cccc(Cl)c2NC1=O |r,t:19|","IC50"," 10.8"
"66","affinities",NA,"242893","COc1cccc2c1NC(=O)[C@@H](NC(=O)[C@H](CCC(F)(F)F)[C@H](CCC(C)(F)F)C(N)=O)N=C2c1ccccc1 |r,c:33|","IC50"," 7.5"
"67","affinities",NA,"242894","C[C@H](C[C@@H]([C@@H](CCC(F)(F)F)C(=O)N[C@H]1N=C(c2ccccc2)c2cccc(Cl)c2NC1=O)C(N)=O)C(F)(F)F |r,t:15|","IC50"," 3.2"
"68","affinities",NA,"242895","C[C@@H](C[C@@H]([C@@H](CCC(F)(F)F)C(=O)N[C@H]1N=C(c2ccccc2)c2cccc(Cl)c2NC1=O)C(N)=O)C(F)(F)F |r,t:15|","IC50"," 5.1"
"69","affinities",NA,"242896","CC(F)(F)CC[C@@H]([C@@H](CCC(F)(F)F)C(=O)N[C@H]1N=C(c2ccccc2)c2cccc(Cl)c2NC1=O)C(N)=O |r,t:18|","IC50"," 3.9"
"70","affinities",NA,"242897","Cc1cccc2c1NC(=O)[C@@H](NC(=O)[C@H](CCC(F)(F)F)[C@H](CC1(F)CCC1)C(N)=O)N=C2c1ccccc1 |r,c:33|","IC50"," 3.8"
"71","affinities",NA,"50074693","CN1c2ccccc2C(=N[C@H](NC(=O)[C@H](CCC(F)(F)F)[C@@H](C(N)=O)c2cccc(C)c2)C1=O)c1ccccc1 |r,c:9|","IC50"," 3.0"
"72","affinities",NA,"50074694","CN1c2ccccc2C(=N[C@H](NC(=O)[C@H](CCC(F)(F)F)[C@@H](C(N)=O)c2ccccc2)C1=O)c1ccccc1 |r,c:9|","IC50"," 4.0"
"73","affinities",NA,"50074695","CN1c2ccccc2C(=N[C@H](NC(=O)[C@H](CCC(F)(F)F)[C@@H](C(N)=O)c2conc2C)C1=O)c1ccccc1 |r,c:9|","IC50"," 3.0"
"74","affinities",NA,"50074696","CN1c2ccccc2C(=N[C@H](NC(=O)[C@H](CCC(F)(F)F)[C@@H](C(N)=O)c2cc(C)on2)C1=O)c1ccccc1 |r,c:9|","IC50"," 54"
"75","affinities",NA,"50074698","NC(=O)[C@H]([C@@H](CCC(F)(F)F)C(=O)N[C@H]1N=C(c2ccccc2)c2ccccc2NC1=O)c1cnoc1 |r,t:15|","IC50"," 32"
"76","affinities",NA,"50074702","CCC[C@@H]([C@@H](CC(F)(F)F)C(=O)N[C@H]1N=C(c2ccccc2)c2ccccc2N(C)C1=O)C(N)=O |r,t:14|","IC50"," 13"
"77","affinities",NA,"50074771","CCC(CC)[C@@H]([C@@H](CCC(F)(F)F)C(=O)N[C@H]1N=C(c2ccccc2)c2ccccc2N(C)C1=O)C(N)=O |r,t:17|","IC50"," 1.000000"
"78","affinities",NA,"50074777","CCC(CC)[C@@H]([C@@H](CC(C)(C)C)C(=O)N[C@H]1N=C(c2ccccc2)c2ccccc2N(C)C1=O)C(N)=O |r,t:16|","IC50"," 3.0"
"79","affinities",NA,"50074784","CCC(CC)[C@@H]([C@@H](CC(C)C)C(=O)N[C@H]1N=C(c2ccccc2)c2ccccc2N(C)C1=O)C(N)=O |r,t:15|","IC50"," 2.0"
"80","affinities",NA,"50074795","CN1c2ccccc2C(=N[C@H](NC(=O)[C@H](CCC(F)(F)F)[C@@H](C(N)=O)c2cc(F)cc(F)c2)C1=O)c1ccccc1 |r,c:9|","IC50"," 2.0"
"81","affinities",NA,"50074796","CN1c2ccccc2C(=N[C@H](NC(=O)[C@H](CCC(F)(F)F)[C@@H](C(N)=O)c2ccc(F)cc2F)C1=O)c1ccccc1 |r,c:9|","IC50"," 1.000000"
"82","affinities",NA,"50074798","CN1c2ccccc2C(=N[C@H](NC(=O)[C@H](CCC(F)(F)F)[C@@H](C(N)=O)c2ccc(F)c(F)c2)C1=O)c1ccccc1 |r,c:9|","IC50"," 2.0"
"83","affinities",NA,"50074799","CN1c2ccccc2C(=N[C@H](NC(=O)[C@H](CCC(F)(F)F)[C@@H](C(N)=O)c2ccc(F)cc2)C1=O)c1ccccc1 |r,c:9|","IC50"," 2.0"
"84","affinities",NA,"50074804","COc1ccc(cc1)[C@@H]([C@@H](CCC(F)(F)F)C(=O)N[C@H]1N=C(c2ccccc2)c2ccccc2N(C)C1=O)C(N)=O |r,t:21|","IC50"," 9.0"
"85","affinities",NA,"50074813","CN1c2ccccc2C(=N[C@H](NC(=O)[C@H](CCC(F)(F)F)[C@@H](C(N)=O)c2cccc(OC(F)(F)F)c2)C1=O)c1ccccc1 |r,c:9|","IC50"," 3.0"
"86","affinities",NA,"50074818","CN1c2ccccc2C(=N[C@H](NC(=O)[C@H](CCC(F)(F)F)[C@@H](C(N)=O)c2cccc(c2)C(F)(F)F)C1=O)c1ccccc1 |r,c:9|","IC50"," 1.000000"
"87","affinities",NA,"50541988","[H][C@]12CC[C@]([H])(CN(C1)c1cc(C)ncn1)[C@H]2Nc1nc2N(CCCn2n1)c1cc(F)cc(F)c1 |r,TLB:9:7:16:3.2|","IC50"," 3.0"
"88","affinities",NA,"50541992","[H][C@]12CC[C@]([H])(CN(C1)c1cc(C)ncn1)[C@H]2Nc1nc2[C@@H](CCCCn2n1)c1ccc(F)c(F)c1F |r,TLB:9:7:16:3.2|","IC50"," 2.0"
