"",".id","X..i..","monomerid","smiles","affinity_type","affinity"
"1","hit","269",NA,NA,NA,NA
"2","length","254",NA,NA,NA,NA
"3","uniprot_length","NA",NA,NA,NA,NA
"4","primary","P31213",NA,NA,NA,NA
"5","alternative","B2RE87",NA,NA,NA,NA
"6","alternative","Q2M1R4",NA,NA,NA,NA
"7","alternative","Q9BYE6",NA,NA,NA,NA
"8","affinities",NA,"91713","C[C@]12CC[C@H]3[C@@H](CCC4=CC(=O)CC[C@]34C)[C@@H]1CCC2=O |t:8|","IC50"," 84"
"9","affinities",NA,"92326","CC(C)(C)NC(=O)[C@H]1CCC2C3CCC4NC(=O)C=C[C@]4(C)C3CC[C@]12C |c:18|","IC50"," 8.5"
"10","affinities",NA,"92329","CC(=O)[C@]1(CCC2C3CC[C@@]45O[C@@H]4C(=O)CC[C@]5(C)C3CC[C@]12C)OC(=O)c1ccccc1","IC50"," 13"
"11","affinities",NA,"92330","CC(=O)[C@]1(CCC2C3CC[C@@]45O[C@@H]4C(=O)CC[C@]5(C)C3CC[C@]12C)OC(=O)c1ccc(Br)cc1","IC50"," 4.9"
"12","affinities",NA,"243079","C[C@]12CCC3C(CC=C4C[C@H](CC[C@]34C)OC(=O)c3ccc(F)cc3)C1CCC2=O |r,t:7|","IC50"," 3.58"
"13","affinities",NA,"50009101","OC(=O)c1cc2c(OCc3ccccc3)cccc2[nH]1","Ki"," 10"
"14","affinities",NA,"50025356","CC(C)(C)NC(=O)C1CCC2C3CCC4NC(=O)C=CC4(C)C3CCC12C |c:18|","IC50"," 0.18"
"15","affinities",NA,"50031874","C[C@]12CCC3C(CCC4NC(=O)C=C[C@]34C)C1CC[C@@H]2C(=O)Nc1c(Cl)cccc1C(F)(F)F |c:12|","IC50"," 0.27"
"16","affinities",NA,"50031876","C[C@]12CCC3C(CCC4NC(=O)C=C[C@]34C)C1CC[C@@H]2C(=O)NC1(CCCC1)c1ccc(Cl)cc1 |c:12|","IC50"," 0.18"
"17","affinities",NA,"50031883","CC1C(=O)CC[C@]2(C)C3CC[C@@]4(C)C(CC[C@@H]4C(=O)Nc4c(cccc4C(F)(F)F)C(F)(F)F)C3CN=C12 |t:39|","IC50"," 0.10"
"18","affinities",NA,"50031890","[H][C@@]12CC[C@H](C(=O)NC(C)(C)C)[C@@]1(C)CC[C@@]1([H])[C@@]2([H])CC=C2C=C(CC[C@]12C)C(O)=O |r,c:25,t:23|","IC50"," 8"
"19","affinities",NA,"50031891","CC(C)(C)c1ccccc1NC(=O)[C@H]1CCC2C3CN=C4CC(=O)CC[C@]4(C)C3CC[C@]12C |t:20|","IC50"," 0.20"
"20","affinities",NA,"50031892","C[C@]12CCC3C(CN=C4CC(=O)CC[C@]34C)C1CC[C@@H]2C(=O)Nc1ccccc1 |t:7|","IC50"," 1.4"
"21","affinities",NA,"50031900","CC(C)(C)c1ccc(cc1)-c1ccc(cc1NC(=O)[C@H]1CCC2C3CN=C4CC(=O)CC[C@]4(C)C3CC[C@]12C)C(F)(F)F |t:27|","IC50"," 0.50"
"22","affinities",NA,"50031901","C[C@]12CCC3C(CN=C4CC(=O)CC[C@]34C)C1CC[C@@H]2C(=O)Nc1cc(cc(c1)C(F)(F)F)C(F)(F)F |t:7|","IC50"," 0.20"
"23","affinities",NA,"50032758","C[C@]12CCC3C(CCC4NC(=O)C=C[C@]34C)C1CCC2C(=O)Nc1ccc(cc1)C(F)(F)F |c:12|","IC50"," 0.40"
"24","affinities",NA,"50032760","C[C@]12CCC3C(CCC4NC(=O)C=C[C@]34C)C1CCC2C(=O)Nc1ccc(cc1)C(=O)c1ccccc1 |c:12|","IC50"," 1.6"
"25","affinities",NA,"50032761","CCN(C(=O)C1CCC2C3CCC4NC(=O)C=C[C@]4(C)C3CC[C@]12C)c1ccccc1 |c:16|","IC50"," 7.9"
"26","affinities",NA,"50032763","C[C@]12CCC3C(CCC4NC(=O)C=C[C@]34C)C1CCC2C(=O)Nc1cccc(Br)c1 |c:12|","IC50"," 0.20"
"27","affinities",NA,"50032764","CN(C(=O)C1CCC2C3CCC4NC(=O)C=C[C@]4(C)C3CC[C@]12C)c1ccccc1 |c:15|","IC50"," 25"
"28","affinities",NA,"50032769","C[C@]12CCC3C(CCC4NC(=O)C=C[C@]34C)C1CCC2C(=O)N(c1ccccc1)c1ccccc1 |c:12|","IC50"," 25"
"29","affinities",NA,"50032773","Cc1ccc(NC(=O)C2CCC3C4CCC5NC(=O)C=C[C@]5(C)C4CC[C@]23C)cc1 |c:19|","IC50"," 0.10"
"30","affinities",NA,"50032774","C[C@]12CCC3C(CCC4NC(=O)C=C[C@]34C)C1CCC2C(=O)Nc1cccc(F)c1 |c:12|","IC50"," 0.20"
"31","affinities",NA,"50032775","C[C@]12CCC3C(CCC4NC(=O)C=C[C@]34C)C1CCC2C(=O)N1CCCCc2ccccc12 |c:12|","IC50"," 10"
"32","affinities",NA,"50032778","C[C@]12CCC3C(CCC4NC(=O)C=C[C@]34C)C1CCC2C(=O)Nc1ccccc1 |c:12|","IC50"," 0.20"
"33","affinities",NA,"50032779","C[C@]12CCC3C(CCC4NC(=O)C=C[C@]34C)C1CCC2C(=O)Nc1ccc(cc1)-c1ccccc1 |c:12|","IC50"," 2.2"
"34","affinities",NA,"50032781","C[C@]12CCC3C(CCC4NC(=O)C=C[C@]34C)C1CCC2C(=O)Nc1ccc(F)cc1 |c:12|","IC50"," 0.20"
"35","affinities",NA,"50032782","C[C@]12CCC3C(CCC4NC(=O)C=C[C@]34C)C1CCC2C(=O)Nc1cccc(c1)C(F)(F)F |c:12|","IC50"," 0.10"
"36","affinities",NA,"50032783","Cc1cccc(NC(=O)C2CCC3C4CCC5NC(=O)C=C[C@]5(C)C4CC[C@]23C)c1 |c:20|","IC50"," 0.30"
"37","affinities",NA,"50032785","C[C@]12CCC3C(CCC4NC(=O)C=C[C@]34C)C1CCC2C(=O)Nc1cccc2ccccc12 |c:12|","IC50"," 0.20"
"38","affinities",NA,"50032786","C[C@]12CCC3C(CCC4NC(=O)C=C[C@]34C)C1CCC2C(=O)Nc1ccc2ccccc2c1 |c:12|","IC50"," 0.20"
"39","affinities",NA,"50032787","C[C@]12CCC3C(CCC4NC(=O)C=C[C@]34C)C1CCC2C(=O)Nc1ccc(Cl)cc1 |c:12|","IC50"," 0.20"
"40","affinities",NA,"50032789","C[C@]12CCC3C(CCC4NC(=O)C=C[C@]34C)C1CCC2C(=O)Nc1cccc(Cl)c1 |c:12|","IC50"," 0.10"
"41","affinities",NA,"50032795","C[C@]12CCC3C(CCC4NC(=O)C=C[C@]34C)C1CCC2C(=O)n1ccc2ccccc12 |c:12|","IC50"," 0.40"
"42","affinities",NA,"50032798","C[C@]12CCC3C(CCC4NC(=O)C=C[C@]34C)C1CCC2C(=O)N1CCCc2ccccc12 |c:12|","IC50"," 1.4"
"43","affinities",NA,"50034133","CCCCCCCN(C=O)[C@H]1CCC2C3CC[C@H]4N(C)C(=O)CC[C@]4(C)C3CC[C@]12C","IC50"," 14"
"44","affinities",NA,"50034146","CCCCCCCCN(C=O)[C@H]1CCC2C3CC[C@H]4N(C)C(=O)CC[C@]4(C)C3CC[C@]12C","IC50"," 18"
"45","affinities",NA,"50034147","CCN(CC)C(=O)[C@H]1CCC2C3CC[C@H]4N(C)C(=O)CC[C@]4(C)C3CC[C@]12C","IC50"," 7.5"
"46","affinities",NA,"50034157","CN1[C@@H]2CCC3C4CC[C@H](N(C(=O)c5ccccc5)c5ccccc5)[C@@]4(C)CCC3[C@@]2(C)CCC1=O","IC50"," 3.8"
"47","affinities",NA,"50037927","CCC[C@H]1C=C2N(C)C(=O)CC[C@]2(C)C2CC[C@]3(C)C(CCC3C12)C(C)CCCC(C)C |t:4|","IC50"," 5.4"
"48","affinities",NA,"50039256","CN1CC2C3CC[C@H](C(=O)NC45CC6CC(CC(C6)C4)C5)[C@@]3(C)CCC2[C@@]2(C)CCC(=O)C(Br)=C12 |t:38,TLB:14:15:19:13.12.18,18:17:20:13.12.14,18:13:20:17.19.16,THB:14:13:19:15.20.16|","IC50"," 1.7"
"49","affinities",NA,"50039257","CC(C)CC(=O)[C@H]1CCC2C3CN=C4CC(=O)CC[C@]4(C)C3CC[C@]12C |t:12|","Ki"," 0.080000"
"50","affinities",NA,"50039258","CCN(CC)C(=O)[C@H]1CCC2C3CN(C)C4=CC(=O)C=C[C@]4(C)C3CC[C@]12C |c:19,t:15|","IC50"," 5.7"
"51","affinities",NA,"50039259","C[C@]12CCC3C(CN=C4CC(=O)CC[C@]34C)C1CC[C@@H]2C(=O)NC(c1ccc(Cl)cc1)c1ccc(Cl)cc1 |t:7|","IC50"," 0.12"
"52","affinities",NA,"50039260","C[C@]12CCC3C(CN=C4CC(=O)CC[C@]34C)C1CC[C@@H]2C(=O)N1CCNCC1 |t:7|","IC50"," 33"
"53","affinities",NA,"50039261","CN1CC2C3CC[C@H](C(=O)NC(C)(C)C)[C@@]3(C)CCC2[C@@]2(C)CCC(=O)C=C12 |t:28|","IC50"," 1.7"
"54","affinities",NA,"50039262","CCN(CC)C(=O)[C@H]1CCC2C3CN(Cc4ccccc4)C4=CC(=O)CC[C@]4(C)C3CC[C@]12C |t:22|","IC50"," 40"
"55","affinities",NA,"50039263","CCN(CC)C(=O)[C@H]1CCC2C3CN=C4CC(=O)C5CC5[C@]4(C)C3CC[C@]12C |t:13|","IC50"," 1.8"
"56","affinities",NA,"50039264","CCN(CC)C(=O)[C@H]1CCC2C3CN(CC)C4=CC(=O)CC[C@]4(C)C3CC[C@]12C |t:16|","IC50"," 3.5"
"57","affinities",NA,"50039266","COC(=O)[C@H]1CCC2C3CN=C4CC(=O)CC[C@]4(C)C3CC[C@]12C |t:10|","IC50"," 3.2"
"58","affinities",NA,"50039267","CCN(CC)C(=O)[C@H]1CCC2C3CCN=C4CC(=O)CC[C@]4(C)C3CC[C@]12C |t:14|","IC50"," 3.8"
"59","affinities",NA,"50039268","C[C@]12CCC3C(CN=C4CC(=O)CC[C@]34C)C1CC[C@@H]2C(=O)NC(c1ccccc1)(c1ccccc1)c1ccccc1 |t:7|","IC50"," 0.09"
"60","affinities",NA,"50039269","CC(C)(C)NC(=O)[C@H]1CCC2C3CN=C4CC(=O)C5CC5[C@]4(C)C3CC[C@]12C |t:13|","IC50"," 4.4"
"61","affinities",NA,"50039270","CCN(CC)C(=O)[C@H]1CCC2C3CN=C4CC(=O)C(C)C[C@]4(C)C3CC[C@]12C |t:13|","IC50"," 3.4"
"62","affinities",NA,"50039271","CCN(CC)C(=O)[C@H]1CCC2C3CN(C)C4=CC(=O)CC[C@]4(C)C3CC[C@]12C |t:15|","IC50"," 2.3"
"63","affinities",NA,"50039273","CC(C)CC(=O)[C@H]1CCC2C3CN=C4C(Br)C(=O)CC[C@]4(C)C3CC[C@]12C |t:12|","IC50"," 0.40"
"64","affinities",NA,"50039274","CCN(CC)C(=O)[C@H]1CCC2C3CN(C#N)C4=CC(=O)CC[C@]4(C)C3CC[C@]12C |t:16|","IC50"," 42"
"65","affinities",NA,"50039275","CC(C)(C)N(O)C(=O)[C@H]1CCC2C3CN=C4CC(=O)CC[C@]4(C)C3CC[C@]12C |t:14|","IC50"," 0.60"
"66","affinities",NA,"50039278","CN1CC2C3CC[C@H](C(=O)NC45CC6CC(CC(C6)C4)C5)[C@@]3(C)CCC2[C@@]2(C)C=CC(=O)C=C12 |c:33,t:37,TLB:18:17:20:13.12.14,18:13:20:17.19.16,THB:16:15:12:17.19.18,16:17:12:15.20.14|","IC50"," 0.30"
"67","affinities",NA,"50039279","CCCN1CC2C3CC[C@H](C(=O)N(CC)CC)[C@@]3(C)CCC2[C@@]2(C)CCC(=O)C=C12 |t:30|","IC50"," 4.2"
"68","affinities",NA,"50039282","CC(C)c1cc(C(C)C)c(C(=O)[C@H]2CCC3C4CN=C5CC(=O)CC[C@]5(C)C4CC[C@]23C)c(c1)C(C)C |t:18|","IC50"," 0.50"
"69","affinities",NA,"50039283","CC(C)(C)NC(=O)[C@H]1CCC2C3CN=C4CC(=O)C=C[C@]4(C)C3CC[C@]12C |c:18,t:13|","IC50"," 1.8"
"70","affinities",NA,"50039284","C[C@]12CCC3C(CN=C4CC(=O)CC[C@]34C)C1CC[C@@H]2C(=O)N1CCSCC1 |t:7|","IC50"," 1.3"
"71","affinities",NA,"50039285","CC(C)(C)NC(=O)[C@H]1CCC2C3CN=C4CC(=O)CC[C@]4(C)C3CC[C@]12C |t:13|","Ki"," 0.890000"
"72","affinities",NA,"50039287","CON(C)C(=O)[C@H]1CCC2C3CN=C4CC(=O)CC[C@]4(C)C3CC[C@]12C |t:12|","IC50"," 2.4"
"73","affinities",NA,"50039288","CN1CC2C3CC[C@H](C(=O)NC(c4ccccc4)c4ccccc4)[C@@]3(C)CCC2[C@@]2(C)CCC(=O)C=C12 |t:39|","IC50"," 0.20"
"74","affinities",NA,"50039289","CN1CC2C3CC[C@H](C(=O)NC(C)(C)C)[C@@]3(C)CCC2[C@@]2(C)CCC(=O)C(C)=C12 |t:29|","IC50"," 8.6"
"75","affinities",NA,"50039290","CCCCCCN1CC2C3CC[C@H](C(=O)N(CC)CC)[C@@]3(C)CCC2[C@@]2(C)CCC(=O)C=C12 |t:33|","IC50"," 12"
"76","affinities",NA,"50039291","CCN(CC)C(=O)[C@H]1CCC2C3CN=C4C(Cl)C(=O)CC[C@]4(C)C3CC[C@]12C |t:13|","IC50"," 1.9"
"77","affinities",NA,"50039292","CCN(CC)C(=O)[C@H]1CCC2C3CN=C4C(I)C(=O)CC[C@]4(C)C3CC[C@]12C |t:13|","IC50"," 6"
"78","affinities",NA,"50039293","C[C@]12CCC3C(CN=C4CC(=O)CC[C@]34C)C1CC[C@@H]2C(=O)N1CCOCC1 |t:7|","IC50"," 7.1"
"79","affinities",NA,"50039294","C[C@]12CCC3C(CN=C4CC(=O)CC[C@]34C)C1CC[C@@H]2C(=O)NC(c1ccc(F)cc1)c1ccc(F)cc1 |t:7|","IC50"," 0.16"
"80","affinities",NA,"50039295","C[C@]12CCC3C(CN=C4CC(=O)CC[C@]34C)C1CC[C@@H]2C(=O)NN(c1ccccc1)c1ccccc1 |t:7|","IC50"," 0.23"
"81","affinities",NA,"50039296","C[C@]12CCC3C(CN=C4CC(=O)CC[C@]34C)C1CC[C@@H]2C(=O)N1CCCCC1 |t:7|","IC50"," 0.50"
"82","affinities",NA,"50039297","CCN(CC)C(=O)[C@H]1CCC2C3CN=C4C(C)C(=O)C=C[C@]4(C)C3CC[C@]12C |c:19,t:13|","IC50"," 8.1"
"83","affinities",NA,"50039298","C[C@]12CCC3C(CN=C4CC(=O)CC[C@]34C)C1CC[C@@H]2C(=O)NC(c1ccccc1)c1ccccc1 |t:7|","IC50"," 0.09"
"84","affinities",NA,"50039300","CCCCN1CC2C3CC[C@H](C(=O)N(CC)CC)[C@@]3(C)CCC2[C@@]2(C)CCC(=O)C=C12 |t:31|","IC50"," 29"
"85","affinities",NA,"50039302","C[C@]12CCC3C(CN=C4CC(=O)CC[C@]34C)C1CC[C@@H]2C(=O)NC(C1CCCCC1)C1CCCCC1 |t:7|","IC50"," 0.40"
"86","affinities",NA,"50039304","CC1C(=O)CC[C@]2(C)C3CC[C@@]4(C)C(CC[C@@H]4C(=O)NC(C)(C)C)C3CN=C12 |t:28|","IC50"," 1.4"
"87","affinities",NA,"50039305","CCCN1CC2C3CC[C@H](C(=O)NC(c4ccccc4)c4ccccc4)[C@@]3(C)CCC2[C@@]2(C)C=CC(=O)C=C12 |c:37,t:41|","IC50"," 1.3"
"88","affinities",NA,"50039306","CCN(CC)C(=O)[C@H]1CCC2C3CN=C4C(Br)C(=O)CC[C@]4(C)C3CC[C@]12C |t:13|","IC50"," 2.1"
"89","affinities",NA,"50039307","CCN(CC)C(=O)[C@H]1CCC2C3CN(C)C4=CC(=O)C5CC5[C@]4(C)C3CC[C@]12C |t:15|","IC50"," 5"
"90","affinities",NA,"50039308","CCN(CC)C(=O)[C@H]1CCC2C3CN=C4CC(=O)CC[C@]4(C)C3CC[C@]12C |t:13|","IC50"," 1.5"
"91","affinities",NA,"50039309","CN1CC2C3CC[C@H](C(=O)NC(C)(C)C)[C@@]3(C)CCC2[C@@]2(C)C=CC(=O)C=C12 |c:24,t:28|","IC50"," 6.7"
"92","affinities",NA,"50039310","CCN(CC)C(=O)[C@H]1CCC2C3CN(C(C)C)C4=CC(=O)CC[C@]4(C)C3CC[C@]12C |t:17|","IC50"," 4.9"
"93","affinities",NA,"50039312","CN1CC2C3CC[C@H](C(=O)NC45CC6CC(CC(C6)C4)C5)[C@@]3(C)CCC2[C@@]2(C)CCC(=O)C(C)=C12 |t:38,TLB:18:13:20:17.19.16,18:17:20:13.12.14,THB:16:15:12:17.19.18,16:17:12:15.20.14|","IC50"," 0.40"
"94","affinities",NA,"50039315","CC(C)CC(=O)[C@H]1CCC2C3CN(C)C4=CC(=O)CC[C@]4(C)C3CC[C@]12C |t:14|","IC50"," 0.10"
"95","affinities",NA,"50039318","CCCC(=O)[C@H]1CCC2C3CN=C4CC(=O)CC[C@]4(C)C3CC[C@]12C |t:11|","IC50"," 0.30"
"96","affinities",NA,"50039319","CCN(CC)C(=O)[C@H]1CCC2C3CN(C)C4=C(C)C(=O)CC[C@]4(C)C3CC[C@]12C |c:15|","IC50"," 4.5"
"97","affinities",NA,"50039320","CCN(CC)C(=O)[C@H]1CCC2C3CCC4N(C)C(=O)CC[C@]4(C)C3CC[C@]12C","IC50"," 0.23"
"98","affinities",NA,"50039322","CCN(CC)C(=O)[C@H]1CCC2C3CN=C4CC(=O)C=C[C@]4(C)C3CC[C@]12C |c:18,t:13|","IC50"," 3.5"
"99","affinities",NA,"50039323","CCN(CC)C(=O)[C@H]1CCC2C3CN=C4C(C)C(=O)CC[C@]4(C)C3CC[C@]12C |t:13|","IC50"," 3.9"
"100","affinities",NA,"50043604","CC(C)(C)NC(=O)[C@H]1CC[C@H]2[C@@H]3CC=C4C=C(CC[C@]4(C)[C@H]3CC[C@]12C)C(O)=O |c:15,t:13|","Ki"," 0.200000"
"101","affinities",NA,"50043605","C[C@]12CCC3C(CN=C4CC(=O)CC[C@]34C)C1CC[C@@H]2C(=O)N(Cc1ccccc1)Cc1ccccc1 |t:7|","IC50"," 0.13"
"102","affinities",NA,"50043606","CCN(C)C(=O)[C@H]1CCC2C3CN=C4CC(=O)CC[C@]4(C)C3CC[C@]12C |t:12|","IC50"," 2.8"
"103","affinities",NA,"50043607","C[C@]12CCC3C(CN=C4CC(=O)CC[C@]34C)C1CC[C@@H]2C(=O)C1[C@H]2C[C@@H]3C[C@@H](C[C@H]1C3)C2 |wU:19.23,27.31,1.0,14.16,wD:25.35,29.32,23.27,t:7,THB:28:27:24:22.29.30,26:27:22:25.24.30,26:25:22:27.28.31,(3.55,-4.37,;3.55,-5.91,;2.22,-5.13,;.87,-5.89,;.85,-7.43,;2.18,-8.22,;2.18,-9.75,;.85,-10.51,;-.48,-9.74,;-1.81,-10.51,;-3.13,-9.74,;-4.47,-10.51,;-3.13,-8.2,;-1.81,-7.43,;-.48,-8.2,;-.48,-6.66,;3.52,-7.47,;4.98,-7.96,;5.91,-6.73,;5.02,-5.47,;5.51,-4,;4.49,-2.85,;7.03,-3.69,;7.68,-2.32,;9.26,-2.41,;10.44,-3.52,;10.04,-2.15,;8.55,-2.06,;7.98,-3.37,;8.24,-4.78,;9.78,-4.88,;7.35,-.8,)|","IC50"," 0.04"
"104","affinities",NA,"50043608","C[C@]12CCC3C(CN=C4CC(=O)CC[C@]34C)C1CC[C@@H]2C(=O)NC12C[C@H]3C[C@H](C[C@H](C3)C1)C2 |t:7,TLB:30:29:32:25.24.26,30:25:32:29.31.28|","IC50"," 0.07"
"105","affinities",NA,"50043610","CC(C)NC(=O)[C@H]1CCC2C3CN=C4CC(=O)CC[C@]4(C)C3CC[C@]12C |t:12|","IC50"," 6.7"
"106","affinities",NA,"50043611","C[C@]12CCC3C(CN=C4CC(=O)CC[C@]34C)C1CC[C@@H]2C(=O)NCc1ccccc1 |t:7|","IC50"," 0.58"
"107","affinities",NA,"50043612","CC(C)N(C(C)C)C(=O)[C@H]1CCC2C3CN=C4CC(=O)CC[C@]4(C)C3CC[C@]12C |t:15|","IC50"," 0.36"
"108","affinities",NA,"50044879","CN1[C@@H]2CCc3cc(Cl)ccc3[C@@]2(C)CCC1=O","Ki"," 9"
"109","affinities",NA,"50057289","C[C@]12CC[C@H]3[C@@H](CC[C@H]4CC(=O)CCN34)[C@@H]1CCC2=O","IC50"," 2.9"
"110","affinities",NA,"50057290","C[C@]12CC[C@H]3[C@@H](CCC4CC(=O)C=CN34)[C@@H]1CCC2=O |c:12|","IC50"," 2.4"
"111","affinities",NA,"50057292","C[C@]12CC[C@H]3[C@@H](CCC4=CC(=O)CCN34)[C@@H]1CCC2=O |t:8|","IC50"," 3.5"
"112","affinities",NA,"50057295","CC(C)(C)NC(=O)[C@H]1CC[C@H]2[C@@H]3CCC4=CC(=O)CCN4[C@H]3CC[C@]12C |t:14|","IC50"," 5.5"
"113","affinities",NA,"50057297","C[C@]12CC[C@H]3[C@@H](CCC4=CC(=O)CCN34)[C@@H]1CC[C@@H]2O |t:8|","IC50"," 2.7"
"114","affinities",NA,"50057447","CC(C)Cc1ccc(cc1)[C@H](C)Oc1ccc(cc1)C(=O)c1cn(CCCC(O)=O)c2ccccc12","IC50"," 4"
"115","affinities",NA,"50057448","CC(C)N(C(C)C)C(=O)[C@H]1CCC2C3CC=C4C=C(CC[C@]4(C)C3CC[C@]12C)C(O)=O |c:17,t:15|","Ki"," 7"
"116","affinities",NA,"50057457","CN1C2CCC3C4CC[C@H](C(=O)N(C5CCCCC5)C(=O)NC5CCCCC5)[C@@]4(C)CCC3[C@@]2(C)CCC1=O","IC50"," 41"
"117","affinities",NA,"50057459","CC(C)(C)NC(=O)[C@H]1CCC2C3CCC4=C(C#N)C(=O)CC[C@]4(C)C3CC[C@]12C |c:14|","IC50"," 2.9"
"118","affinities",NA,"50057460","CC(C)Cc1ccc(cc1)[C@@H](C)Oc1ccc(cc1)C(=O)c1cn(CCCC(O)=O)c2ccccc12","IC50"," 69"
"119","affinities",NA,"50057467","Cc1ccc(cc1)C(=O)c1ccc(cc1)C(=O)c1ccc(cc1)C(O)=O","Ki"," 10"
"120","affinities",NA,"50057468","CC(C)N(C(C)C)C(=O)[C@H]1CCC2C3C=CC4=CC(=CC[C@]4(C)C3CC[C@]12C)C(O)=O |c:14,18,t:16|","Ki"," 7"
"121","affinities",NA,"50057469","CC(C)N(C(C)C)C(=O)[C@H]1CCC2C3CC=C4C(C)=C(CC[C@]4(C)C3CC[C@]12C)C(O)=O |c:18,t:15|","Ki"," 35"
"122","affinities",NA,"50057473","CC(C)Cc1ccc(cc1)[C@]1(C)Oc2ccc(cc2O1)C(=O)c1cn(CCCC(O)=O)c2ccccc12","IC50"," 23"
"123","affinities",NA,"50057475","C[C@]12CCC3C(CCC4NC(=O)C=C[C@]34C)C1CC[C@@H]2C(=O)Nc1cccc2ccccc12 |c:12|","IC50"," 0.20"
"124","affinities",NA,"50057476","CN(C(=O)[C@H]1CCC2C3CCC4NC(=O)C=C[C@]4(C)C3CC[C@]12C)c1ccccc1 |c:15|","IC50"," 0.20"
"125","affinities",NA,"50057477","CC(C)Cc1ccc(cc1)C(Nc1cccc(c1)C(=O)c1cn(CCCC(O)=O)c2ccccc12)c1ccc(CC(C)C)cc1","IC50"," 11"
"126","affinities",NA,"50057483","CCCc1ccc(OC(C)c2ccc(cc2)C(=O)c2cn(CCCC(O)=O)c3ccccc23)cc1","IC50"," 10"
"127","affinities",NA,"50057487","C[C@]12CCC3C(CCC4NC(=O)C=C[C@]34C)C1CC[C@@H]2C(=O)Nc1cc(ccc1C(F)(F)F)C(F)(F)F |c:12|","IC50"," 0.50"
"128","affinities",NA,"50057490","C[C@]12CCC3C(CCC4NC(=O)C=C[C@]34C)C1CC[C@@H]2C(=O)N(c1ccccc1)c1ccccc1 |c:12|","IC50"," 25"
"129","affinities",NA,"50057492","C[C@]12CCC3C(CCC4NC(=O)C=C[C@]34C)C1CC[C@@H]2C(=O)n1ccc2ccccc12 |c:12|","IC50"," 0.40"
"130","affinities",NA,"50057498","OC(=O)c1cc2cc(OCc3ccccc3)ccc2[nH]1","Ki"," 40"
"131","affinities",NA,"50070054","CN1[C@@H]2CCc3cc(ccc3[C@@]2(C)CCC1=O)C#Cc1ccccc1","IC50"," 52.0"
"132","affinities",NA,"50101143","CC(C)N(C(C)C)C(=O)COc1c(F)cc(cc1[N+]([O-])=O)-c1ccc(cc1)C(O)=O","IC50"," 9.80"
"133","affinities",NA,"50101145","CC(C)N(C(C)C)C(=O)[C@H]1CCC2C3CC[C@H]4NC(=O)CC[C@]4(C)C3CC[C@]12C","IC50"," 41"
"134","affinities",NA,"50101154","OC(=O)c1ccc(cc1)-c1cc(F)c(OCC(=O)NC(c2ccccc2)(c2ccccc2)c2ccccc2)c(c1)[N+]([O-])=O","IC50"," 92"
"135","affinities",NA,"50101155","CC(C)N(C(C)C)C(=O)COc1c(cc(cc1C(C)C)-c1ccc(cc1)C(O)=O)C(C)C","IC50"," 71"
"136","affinities",NA,"50102599","[H][C@@]12CC(C=O)=C(Cl)[C@@]1(C)CC[C@@]1([H])[C@@]2([H])CC=C2C[C@H](CC[C@]12C)OC(=O)C1CC1 |r,t:5,19|","IC50"," 3.2"
"137","affinities",NA,"50102601","[H][C@@]12CC(C=O)=C(Cl)[C@@]1(C)CC[C@@]1([H])[C@@]2([H])CC=C2C[C@H](CC[C@]12C)OC(=O)C1CCC1 |r,t:5,19|","IC50"," 13"
"138","affinities",NA,"50102602","[H][C@@]12CC(C=O)=C(Cl)[C@@]1(C)CC[C@@]1([H])[C@@]2([H])CC=C2C[C@H](CC[C@]12C)OC(=O)C1CCCC1 |r,t:5,19|","IC50"," 50"
"139","affinities",NA,"50102603","[H][C@@]12CC(C=O)=C(Cl)[C@@]1(C)CC[C@@]1([H])[C@@]2([H])CC=C2C[C@H](CC[C@]12C)OC(=O)C1CCCCC1 |r,t:5,19|","IC50"," 8.0"
"140","affinities",NA,"50102605","[H][C@@]12CC(C=O)=C(Cl)[C@@]1(C)CC[C@@]1([H])[C@@]2([H])CC=C2C[C@H](CC[C@]12C)OC(=O)C1CCCCCC1 |r,t:5,19|","IC50"," 15"
"141","affinities",NA,"50102606","[H][C@@]12CC(C=O)=C(Cl)[C@@]1(C)CC[C@@]1([H])[C@@]2([H])CC=C2C[C@H](CC[C@]12C)OC(C)=O |r,t:5,19|","IC50"," 50"
"142","affinities",NA,"50103876","CC(C)(Oc1ccc2ccc(=O)oc2c1)C=C","IC50"," 0.300000"
"143","affinities",NA,"50103879","C=CCc1c(OC(=O)Nc2ccccc2)ccc2ccc(=O)oc12","IC50"," 0.200000"
"144","affinities",NA,"50116419","[#8]-[#6](=O)-c1ccc(\[#6]=[#6]-2\[#6]-[#6]-[#7](-[#6]-[#6]-2)-[#6](=O)-[#6](-[#6]-2-[#6]-[#6]-[#6]-[#6]-[#6]-2)-[#6]-2-[#6]-[#6]-[#6]-[#6]-[#6]-2)c(F)c1","IC50"," 11"
"145","affinities",NA,"50116424","[#8]-[#6](=O)-[#6]-c1ccc(\[#6]=[#6]-2\[#6]-[#6]-[#7](-[#6]-[#6]-2)-[#6](=O)-[#6](-[#6]-2-[#6]-[#6]-[#6]-[#6]-[#6]-2)-[#6]-2-[#6]-[#6]-[#6]-[#6]-[#6]-2)c(F)c1","IC50"," 7"
"146","affinities",NA,"50116429","[#8]-[#6](=O)-c1ccc(\[#6]=[#6]-2\[#6]-[#6]-[#7](-[#6]-[#6]-2)-[#6](=O)-[#6](-[#6]-2-[#6]-[#6]-[#6]-[#6]-[#6]-2)-[#6]-2-[#6]-[#6]-[#6]-[#6]-[#6]-2)cc1","IC50"," 60"
"147","affinities",NA,"50116431","[#8]-[#6](=O)-[#6]-c1ccc(\[#6]=[#6]-2\[#6]-[#6]-[#7](-[#6]-[#6]-2)-[#6](=O)-[#6](-[#6]-2-[#6]-[#6]-[#6]-[#6]-[#6]-2)-[#6]-2-[#6]-[#6]-[#6]-[#6]-[#6]-2)cc1","IC50"," 6"
"148","affinities",NA,"50141068","[H][C@@]12CCC(=O)[C@@]1(C)CC[C@@]1([H])[C@@]2([H])CC=C2C=C(CC[C@]12C)c1nnn[nH]1 |r,c:19,t:17|","IC50"," 84"
"149","affinities",NA,"50141090","[H][C@@]12CCC(C(C)=O)[C@@]1(C)CC[C@@]1([H])[C@@]2([H])CC=C2C=C(CC[C@]12C)c1nnn[nH]1 |r,c:21,t:19|","IC50"," 16"
"150","affinities",NA,"50143207","O=c1ccc2ccc(OCC#C)cc2o1","IC50",">20"
"151","affinities",NA,"50174558","Oc1ccc2ccc(=O)oc2c1","IC50",">20"
"152","affinities",NA,"50180893","Cc1cc(CC(O)=O)ccc1C(=O)c1ccc(Oc2ccccc2)cc1","IC50"," 27"
"153","affinities",NA,"50180894","OC(=O)c1ccc(cc1)C(=O)c1ccc(Oc2ccccc2)cc1","Ki"," 5"
"154","affinities",NA,"50180895","OC(=O)Cc1ccc(cc1)C(=O)c1ccc(Oc2ccccc2)cc1","IC50"," 23"
"155","affinities",NA,"50180898","OC(=O)Cc1ccc(C(=O)c2ccc(Oc3ccccc3)cc2)c(F)c1","IC50"," 45"
"156","affinities",NA,"50180899","OC(=O)Cc1ccc(cc1)C(=O)c1ccc(Oc2ccc(Br)cc2)cc1","IC50"," 5"
"157","affinities",NA,"50213061","CCN(CC)C(=O)[C@H]1CC[C@H]2[C@@H]3CC[C@H]4N(C)C(=O)CC[C@]4(C)[C@H]3CC[C@]12C |r|","Ki"," 2"
"158","affinities",NA,"50218783","C=CCc1c(OCc2ccccc2)ccc2ccc(=O)oc12","IC50",">4"
"159","affinities",NA,"50218784","COc1ccc2ccc(=O)oc2c1CC=C","IC50",">4"
"160","affinities",NA,"50218785","CC(C)(Oc1ccc2ccc(=O)oc2c1CC=C)C#C","IC50",">4"
"161","affinities",NA,"50218787","CC(=O)COc1ccc2ccc(=O)oc2c1CC=C","IC50",">20"
"162","affinities",NA,"50218788","CC(C)(Oc1ccc2ccc(=O)oc2c1)C#C","IC50",">20"
"163","affinities",NA,"50218789","OCCOc1ccc2ccc(=O)oc2c1CC=C","IC50",">20"
"164","affinities",NA,"50234463","[H][C@@]12CC=C(C(=O)Cn3ccnc3)[C@@]1(C)CC[C@@]1([H])[C@@]2([H])CC=C2C[C@H](CC[C@]12C)OC(=O)C1CCCCC1 |r,t:3,25|","IC50"," 29"
"165","affinities",NA,"50234464","[H][C@@]12CC=C(C(=O)Cn3ccnc3)[C@@]1(C)CC[C@@]1([H])[C@@]2([H])CC=C2C[C@H](CC[C@]12C)OC(=O)C1CCCC1 |r,t:3,25|","IC50"," 35"
"166","affinities",NA,"50234466","[H][C@@]12CC=C(C(=O)Cn3ccnc3)[C@@]1(C)CC[C@@]1([H])[C@@]2([H])CC=C2C[C@H](CC[C@]12C)OC(=O)C1CCC1 |r,t:3,25|","IC50"," 76"
"167","affinities",NA,"50269785","[H][C@@]12CC[C@H](C(=O)Nc3ccccc3)[C@@]1(C)CC[C@@]1([H])[C@@]2([H])CC[C@@]2([H])NC(=O)CC[C@]12C |r|","IC50"," 15"
"168","affinities",NA,"50334788","CC(C)(C)NC(=O)[C@H]1CC[C@H]2[C@@H]3CC[C@H]4NC(=O)C=C[C@]4(C)[C@H]3CC[C@]12C |r,c:18|","Ki"," 2"
"169","affinities",NA,"50334789","C[C@]12CC[C@H]3[C@@H](CC=C4C=C(CC[C@]34C)C(O)=O)[C@@H]1CCC(=O)N2 |r,c:9,t:7|","IC50"," 71"
"170","affinities",NA,"50340473","CC(C)(C)NC(=O)[C@H]1CC[C@H]2[C@@H]3CN=C4CC(=O)C=C[C@]4(C)[C@H]3CC[C@]12C |r,c:18,t:13|","IC50"," 1.8"
"171","affinities",NA,"50340474","CCN(CC)C(=O)[C@H]1CC[C@H]2[C@@H]3CN=C4C(C)C(=O)CC[C@]4(C)[C@H]3CC[C@]12C |r,t:13|","IC50"," 3.9"
"172","affinities",NA,"50340475","CCN(CC)C(=O)[C@H]1CC[C@H]2[C@@H]3CN(C)C4=CC(=O)CC[C@]4(C)[C@H]3CC[C@]12C |r,t:15|","IC50"," 2.3"
"173","affinities",NA,"50340477","CCCCCCN1C[C@H]2[C@@H]3CC[C@H](C(=O)N(CC)CC)[C@@]3(C)CC[C@@H]2[C@@]2(C)CCC(=O)C=C12 |r,t:33|","IC50"," 12"
"174","affinities",NA,"50340478","CCCN1C[C@H]2[C@@H]3CC[C@H](C(=O)N(CC)CC)[C@@]3(C)CC[C@@H]2[C@@]2(C)CCC(=O)C=C12 |r,t:30|","IC50"," 4.2"
"175","affinities",NA,"50340479","CCCCN1C[C@H]2[C@@H]3CC[C@H](C(=O)N(CC)CC)[C@@]3(C)CC[C@@H]2[C@@]2(C)CCC(=O)C=C12 |r,t:31|","IC50"," 29"
"176","affinities",NA,"50340481","C[C@]12CC[C@H]3[C@@H](CC[C@H]4NC(=O)C=C[C@]34C)[C@@H]1CC[C@@H]2C(=O)Nc1cc(ccc1C(F)(F)F)C(F)(F)F |r,c:12|","IC50","<0.100000"
"177","affinities",NA,"50366103","C=CCOc1ccc2ccc(=O)oc2c1","IC50",">20"
"178","affinities",NA,"50366682","CC(C)N(C(C)C)C(=O)[C@H]1CC[C@H]2[C@@H]3CCc4cc(ccc4[C@H]3CC[C@]12C)C(O)=O","Ki"," 20"
"179","affinities",NA,"50369334","C[C@]12CCC3=C4C(=O)CCN=C4CCC3[C@@H]1CCC2=O |r,c:4,10|","IC50"," 6.1"
"180","affinities",NA,"50369335","CC(C)(C)NC(=O)[C@H]1CC[C@H]2C3CCC4=CC(=O)CCN4C3=CC[C@]12C |r,c:23,t:14|","IC50"," 2.2"
"181","affinities",NA,"50369336","C[C@]12CC=C3[C@@H](CCC4=CC(=O)CCN34)C1CCC2=O |r,c:3,t:8|","IC50"," 4.1"
"182","affinities",NA,"50369337","C[C@]12CCC3=NC(CC(=O)C=C)=CCC3[C@@H]1CCC2=O |c:11,t:4|","IC50"," 6.1"
"183","affinities",NA,"50369338","C[C@]12CC=C3[C@@H](CCC4=CC(=O)CCN34)C1CC[C@@H]2O |r,c:3,t:8|","IC50"," 3"
"184","affinities",NA,"50369339","CC(C)NC(=O)N(C(C)C)C(=O)[C@H]1CC[C@H]2[C@@H]3CC[C@H]4N(C)C(=O)CC[C@]4(C)[C@H]3CC[C@]12C","IC50"," 55"
"185","affinities",NA,"50391268","CC(C)N(C(C)C)C(=O)[C@H]1CCC2C3CC[C@H]4C=C(CC[C@]4(C)C3CC[C@]12C)[N+]([O-])=O |c:17|","Ki"," 30"
"186","affinities",NA,"50391269","CC(C)N(C(C)C)C(=O)[C@H]1CCC2C3CC[C@H]4C=C(CC[C@]4(C)C3CC[C@]12C)C(O)=O |c:17|","Ki"," 30"
"187","affinities",NA,"50396329","CCOC(=O)CCN1C(=O)CC[C@H]2[C@@H]3CC=C4C=C(CC[C@]4(C)[C@H]3CC[C@]12C)C(O)=O |r,c:17,t:15|","IC50"," 26.5"
"188","affinities",NA,"50396330","C[C@]12CC[C@H]3[C@@H](CC=C4C=C(CC[C@]34C)C(O)=O)[C@@H]1CCC(=O)N2CC=C |r,c:9,t:7|","IC50"," 72.8"
"189","affinities",NA,"50396331","CCN1C(=O)CC[C@H]2[C@@H]3CC=C4C=C(CC[C@]4(C)[C@H]3CC[C@]12C)C(O)=O |r,c:12,t:10|","IC50"," 22.1"
"190","affinities",NA,"50396332","CN1C(=O)CC[C@H]2[C@@H]3CC=C4C=C(CC[C@]4(C)[C@H]3CC[C@]12C)C(O)=O |r,c:11,t:9|","IC50"," 54.1"
"191","affinities",NA,"50403324","CC(C)N(C(C)C)C(=O)[C@H]1CCC2C3CC=C4C=C(CC[C@]4(C)C3CC[C@]12C)P(O)O |c:17,t:15|","Ki"," 0.800000"
"192","affinities",NA,"50403606","CC(C)(C)NC(=O)[C@H]1CC[C@H]2[C@@H]3CCc4cc(ccc4[C@H]3CC[C@]12C)C(O)=O","Ki"," 0.400000"
"193","affinities",NA,"50403610","CC(C)(C)NC(=O)[C@H]1CCC2C3CCC4C=C(CC[C@]4(C)C3CC[C@]12C)P(=O)=O |c:15|","Ki"," 1.3"
"194","affinities",NA,"50406351","CC(C)N(C(C)C)C(=O)[C@H]1CCC2C3CC=C4C=C(C=C[C@]4(C)C3CC[C@]12C)C(O)=O |c:17,19,t:15|","Ki"," 60"
"195","affinities",NA,"50406353","CC(C)N(C(C)C)C(=O)[C@H]1CCC2C3CCC4=CC(=CC[C@]4(C)C3CC[C@]12C)C(O)=O |c:18,t:16|","Ki"," 52"
"196","affinities",NA,"50406356","CC(C)N(C(C)C)C(=O)[C@H]1CCC2C3CC=C4C=C(CC[C@]4(C)C3C=C[C@]12C)C(O)=O |c:17,26,t:15|","Ki"," 7"
"197","affinities",NA,"50406357","CC(C)N(C(C)C)C(=O)[C@H]1CCC2C3CC(F)=C4C=C(CC[C@]4(C)C3CC[C@]12C)C(O)=O |c:18,t:16|","Ki"," 32"
"198","affinities",NA,"50406358","CC(C)N(C(C)C)C(=O)[C@H]1CCC2C3CC=C4C=C(CC[C@@H]4C3CC[C@]12C)C(O)=O |c:17,t:15|","Ki"," 50"
"199","affinities",NA,"50406359","CC(C)N(C(C)C)C(=O)[C@H]1CCC2C3CC[C@H]4C=C(C=C[C@]4(C)C3CC[C@]12C)C(O)=O |c:17,19|","Ki"," 62"
"200","affinities",NA,"50406361","CC(C)N(C(C)C)C(=O)[C@H]1CCC2C3CC[C@H]4CC(=CC[C@]4(C)C3CC[C@]12C)C(O)=O |c:18|","Ki"," 85"
"201","affinities",NA,"50407303","OC(=O)c1ccc(cc1)C(=O)c1ccc(Cc2ccc(cc2)C(F)(F)F)cc1","Ki"," 30"
"202","affinities",NA,"50407304","Cc1ccc(Cc2ccc(cc2)C(=O)c2ccc(cc2)C(O)=O)cc1","Ki"," 15"
"203","affinities",NA,"50407305","COc1cc2cc(C(O)=O)n(C)c2cc1OCc1ccccc1","Ki"," 10"
"204","affinities",NA,"50407307","OC(=O)c1ccc(cc1)C(=O)c1ccc(Oc2ccc(cc2)[N+]([O-])=O)cc1","Ki"," 20"
"205","affinities",NA,"50407308","OC(=O)c1ccc(cc1)C(=O)c1ccc(cc1)C(=O)c1ccc(cc1)C(F)(F)F","Ki"," 30"
"206","affinities",NA,"50407310","COc1cc2cc([nH]c2cc1OCc1ccccc1)C(O)=O","Ki"," 30"
"207","affinities",NA,"50407311","OC(=O)c1ccc(cc1)C(=O)c1ccc(cc1)C(=O)C1CCCCC1","Ki"," 30"
"208","affinities",NA,"50407312","OC(c1ccc(Oc2ccccc2)cc1)c1ccc(cc1)C(O)=O","Ki"," 60"
"209","affinities",NA,"50407313","OC(=O)c1ccc(cc1)C(=O)c1ccc(cc1)C(=O)c1ccc(Cl)c(Cl)c1","Ki"," 35"
"210","affinities",NA,"50407314","OC(=O)c1ccc(cc1)C(=O)c1ccc(cc1)-c1ccc(Cl)cc1Cl","Ki"," 85"
"211","affinities",NA,"50407315","OC(=O)c1ccc(cc1)C(=O)c1ccc(cc1)C(=O)c1ccccc1","Ki"," 40"
"212","affinities",NA,"50407316","OC(=O)c1ccc(cc1)C(=O)c1ccc(cc1)C(=O)c1ccc(O)cc1","Ki"," 22"
"213","affinities",NA,"50407317","OC(=O)c1ccc(cc1)C(=O)c1ccc(cc1)C(=O)c1cccc(c1)C(F)(F)F","Ki"," 38"
"214","affinities",NA,"50407320","OC(=O)c1ccc(Cc2ccc(Oc3ccccc3)cc2)cc1","Ki"," 35"
"215","affinities",NA,"50407321","OC(=O)c1ccc(cc1)C(=O)c1ccc(cc1)C(=O)Cc1ccccc1","Ki"," 40"
"216","affinities",NA,"50407322","OC(=O)c1ccc(cc1)-c1ccc(cc1)C(=O)Cc1ccccc1","Ki"," 60"
"217","affinities",NA,"50407323","OC(=O)c1ccc(cc1)C(=O)c1ccc(cc1)C(=O)c1ccc(Cl)cc1Cl","Ki"," 35"
"218","affinities",NA,"50407324","OC(=O)c1ccc(cc1)C(=O)c1ccc(cc1)C(=O)c1ccc(Cl)cc1","Ki"," 35"
"219","affinities",NA,"50452770","[H][C@@]12CC[C@H](C(=O)N(C(C)C)C(C)C)[C@@]1(C)CC[C@@]1([H])[C@@]2([H])CC[C@@]2([H])C(F)=C(CC[C@]12C)C(O)=O |c:29|","Ki"," 26"
"220","affinities",NA,"50488060","CCN(CC)C(=O)[C@H]1CC[C@H]2[C@@H]3CN(C)C4=CC(=O)[C@@H]5C[C@@H]5[C@]4(C)[C@H]3CC[C@]12C |r,t:15|","IC50"," 5.0"
"221","affinities",NA,"50488061","CCN(CC)C(=O)[C@H]1CC[C@H]2[C@@H]3CN(C#N)C4=CC(=O)CC[C@]4(C)[C@H]3CC[C@]12C |r,t:16|","IC50"," 42"
"222","affinities",NA,"50488062","C[C@]12CC[C@H]3[C@@H](CNC4=CC(=O)CC[C@]34C)[C@@H]1CC[C@@H]2C(=O)Nc1ccccc1 |r,t:8|","IC50"," 1.4"
"223","affinities",NA,"50488063","C[C@]12CC[C@H]3[C@@H](CNC4=CC(=O)CC[C@]34C)[C@@H]1CC[C@@H]2C(=O)NC(c1ccc(F)cc1)c1ccc(F)cc1 |r,t:8|","IC50"," 0.160000"
"224","affinities",NA,"50488064","C[C@]12CC[C@H]3[C@@H](CNC4=CC(=O)CC[C@]34C)[C@@H]1CC[C@@H]2C(=O)NC12CC3CC(CC(C3)C1)C2 |r,t:8,TLB:26:27:24.25.30:31,THB:26:25:31:32.27.28,28:27:24:30.29.31,28:29:24:32.26.27|","IC50"," 0.070000"
"225","affinities",NA,"50488065","CN1C[C@H]2[C@@H]3CC[C@H](C(=O)NC4C5CC6CC(C5)CC4C6)[C@@]3(C)CC[C@@H]2[C@@]2(C)CCC(=O)C(C)=C12 |r,wU:25.28,4.4,21.25,7.7,26.31,wD:3.2,t:38,TLB:10:11:17:13.14.15,20:19:17:13.14.15,THB:10:11:13.20.14:18.16.17,20:14:11.19.18:17,15:14:11:18.16.17,15:16:11:13.20.14,(23.05,-27.5,;23.05,-25.96,;24.38,-25.2,;24.38,-23.66,;25.72,-22.91,;27.18,-23.4,;28.11,-22.16,;27.21,-20.89,;27.7,-19.43,;26.68,-18.28,;29.21,-19.13,;29.7,-17.67,;31.3,-16.98,;32.33,-17.95,;33.75,-18.19,;34.37,-16.79,;33.31,-15.71,;31.89,-15.61,;31.87,-16.42,;31.24,-17.88,;32.31,-18.96,;25.73,-21.36,;25.72,-19.82,;24.4,-20.58,;23.05,-21.34,;23.05,-22.88,;21.72,-23.66,;21.71,-22.12,;20.39,-22.88,;19.06,-23.66,;19.06,-25.2,;17.73,-25.97,;20.39,-25.96,;20.39,-27.5,;21.72,-25.2,)|","IC50"," 0.400000"
"226","affinities",NA,"50488066","CN1C[C@H]2[C@@H]3CC[C@H](C(=O)NC(C)(C)C)[C@@]3(C)CC[C@@H]2[C@@]2(C)C=CC(=O)C=C12 |r,c:24,t:28|","IC50"," 6.7"
"227","affinities",NA,"50488067","CCN(CC)C(=O)[C@H]1CC[C@H]2[C@@H]3CN(CC)C4=CC(=O)CC[C@]4(C)[C@H]3CC[C@]12C |r,t:16|","IC50"," 3.5"
"228","affinities",NA,"50488068","C[C@]12CC[C@H]3[C@@H](CNC4=CC(=O)CC[C@]34C)[C@@H]1CC[C@@H]2C(=O)N(Cc1ccccc1)Cc1ccccc1 |r,t:8|","IC50"," 0.130000"
"229","affinities",NA,"50488069","CCN(CC)C(=O)[C@H]1CC[C@H]2[C@@H]3CNC4=C(I)C(=O)CC[C@]4(C)[C@H]3CC[C@]12C |r,c:14|","IC50"," 6.0"
"230","affinities",NA,"50488070","C[C@]12CC[C@H]3[C@@H](CNC4=CC(=O)CC[C@]34C)[C@@H]1CC[C@@H]2C(=O)N1CCOCC1 |r,t:8|","IC50"," 7.1"
"231","affinities",NA,"50488071","CCN(CC)C(=O)[C@H]1CC[C@H]2[C@@H]3CN(C)C4=C(C)C(=O)CC[C@]4(C)[C@H]3CC[C@]12C |r,c:15|","IC50"," 4.5"
"232","affinities",NA,"50488072","CCN(CC)C(=O)[C@H]1CC[C@H]2[C@@H]3CNC4=C(C)C(=O)C=C[C@]4(C)[C@H]3CC[C@]12C |r,c:14,19|","IC50"," 8.1"
"233","affinities",NA,"50488073","CCN(CC)C(=O)[C@H]1CC[C@H]2[C@@H]3CNC4=C(Cl)C(=O)CC[C@]4(C)[C@H]3CC[C@]12C |r,c:14|","IC50"," 1.9"
"234","affinities",NA,"50488074","CCN(CC)C(=O)[C@H]1CC[C@H]2[C@@H]3CN(C(C)C)C4=CC(=O)CC[C@]4(C)[C@H]3CC[C@]12C |r,t:17|","IC50"," 4.9"
"235","affinities",NA,"50488075","CCN(CC)C(=O)[C@H]1CC[C@H]2[C@@H]3CNC4=CC(=O)CC[C@]4(C)[C@H]3CC[C@]12C |r,t:14|","IC50"," 1.5"
"236","affinities",NA,"50488076","C[C@]12CC[C@H]3[C@@H](CNC4=CC(=O)CC[C@]34C)[C@@H]1CC[C@@H]2C(=O)Nc1cc(cc(c1)C(F)(F)F)C(F)(F)F |r,t:8|","IC50"," 0.200000"
"237","affinities",NA,"50488077","CC(C)(C)c1ccc(cc1)-c1ccc(cc1NC(=O)[C@H]1CC[C@H]2[C@@H]3CNC4=CC(=O)CC[C@]4(C)[C@H]3CC[C@]12C)C(F)(F)F |r,t:28|","IC50"," 0.500000"
"238","affinities",NA,"50488078","CC(C)CC(=O)[C@H]1CC[C@H]2[C@@H]3CNC4=CC(=O)CC[C@]4(C)[C@H]3CC[C@]12C |r,t:13|","IC50"," 0.080000"
"239","affinities",NA,"50488079","C[C@]12CC[C@H]3[C@@H](CNC4=CC(=O)CC[C@]34C)[C@@H]1CC[C@@H]2C(=O)N1CCSCC1 |r,t:8|","IC50"," 1.3"
"240","affinities",NA,"50488080","C[C@]12CC[C@H]3[C@@H](CNC4=CC(=O)CC[C@]34C)[C@@H]1CC[C@@H]2C(=O)NN(c1ccccc1)c1ccccc1 |r,t:8|","IC50"," 0.230000"
"241","affinities",NA,"50488081","C[C@]12CC[C@H]3[C@@H](CNC4=CC(=O)CC[C@]34C)[C@@H]1CC[C@@H]2C(=O)NC(C1CCCCC1)C1CCCCC1 |r,t:8|","IC50"," 0.400000"
"242","affinities",NA,"50488082","C[C@]12CC[C@H]3[C@@H](CNC4=CC(=O)CC[C@]34C)[C@@H]1CC[C@@H]2C(=O)NC(c1ccc(Cl)cc1)c1ccc(Cl)cc1 |r,t:8|","IC50"," 0.120000"
"243","affinities",NA,"50488083","C[C@]12CC[C@H]3[C@@H](CNC4=CC(=O)CC[C@]34C)[C@@H]1CC[C@@H]2C(=O)NCc1ccccc1 |r,t:8|","IC50"," 0.580000"
"244","affinities",NA,"50488084","CC(C)NC(=O)[C@H]1CC[C@H]2[C@@H]3CNC4=CC(=O)CC[C@]4(C)[C@H]3CC[C@]12C |r,t:13|","IC50"," 6.7"
"245","affinities",NA,"50488085","CON(C)C(=O)[C@H]1CC[C@H]2[C@@H]3CNC4=CC(=O)CC[C@]4(C)[C@H]3CC[C@]12C |r,t:13|","IC50"," 2.4"
"246","affinities",NA,"50488086","C[C@]12CC[C@H]3[C@@H](CNC4=CC(=O)CC[C@]34C)[C@@H]1CC[C@@H]2C(=O)OC1C2CC3CC(C2)CC1C3 |r,wU:4.3,16.19,1.0,19.23,14.16,wD:5.5,t:8,TLB:32:31:29:25.26.27,22:23:29:25.26.27,THB:32:26:23.31.30:29,27:26:23:30.28.29,27:28:23:25.32.26,22:23:25.32.26:30.28.29,(20.54,-3.16,;20.55,-4.7,;19.22,-3.92,;17.87,-4.68,;17.87,-6.22,;19.2,-7.01,;19.2,-8.54,;17.87,-9.3,;16.54,-8.54,;15.21,-9.3,;13.88,-8.54,;12.55,-9.31,;13.88,-7,;15.21,-6.22,;16.54,-7,;16.53,-5.46,;20.54,-6.25,;22,-6.74,;22.93,-5.5,;22.03,-4.23,;22.52,-2.77,;21.5,-1.62,;24.03,-2.47,;24.5,-1,;26.25,-1.06,;26.76,-2.38,;27.94,-3.2,;29.1,-2.2,;28.61,-.77,;27.36,-.08,;27,-.81,;25.81,-1.86,;26.31,-3.28,)|","IC50"," 0.040000"
"247","affinities",NA,"50488087","CC(C)c1cc(C(C)C)c(C(=O)[C@H]2CC[C@H]3[C@@H]4CNC5=CC(=O)CC[C@]5(C)[C@H]4CC[C@]23C)c(c1)C(C)C |r,t:19|","IC50"," 0.500000"
"248","affinities",NA,"50488088","CC(C)(C)N(O)C(=O)[C@H]1CC[C@H]2[C@@H]3CNC4=CC(=O)CC[C@]4(C)[C@H]3CC[C@]12C |r,t:15|","IC50"," 0.600000"
"249","affinities",NA,"50488089","C[C@]12CC[C@H]3[C@@H](CNC4=CC(=O)CC[C@]34C)[C@@H]1CC[C@@H]2C(=O)N1CCCCC1 |r,t:8|","IC50"," 0.500000"
"250","affinities",NA,"50488090","CCCN1C[C@H]2[C@@H]3CC[C@H](C(=O)NC(c4ccccc4)c4ccccc4)[C@@]3(C)CC[C@@H]2[C@@]2(C)C=CC(=O)C=C12 |r,c:37,t:41|","IC50"," 1.3"
"251","affinities",NA,"50488091","CN1C[C@H]2[C@@H]3CC[C@H](C(=O)NC4C5CC6CC(C5)CC4C6)[C@@]3(C)CC[C@@H]2[C@@]2(C)CCC(=O)C=C12 |r,wU:25.28,4.4,21.25,7.7,26.31,wD:3.2,t:37,TLB:10:11:17:13.14.15,20:19:17:13.14.15,THB:10:11:13.20.14:18.16.17,20:14:11.19.18:17,15:14:11:18.16.17,15:16:11:13.20.14,(5.58,-28.85,;5.58,-27.31,;6.92,-26.54,;6.91,-25.01,;8.25,-24.25,;9.72,-24.74,;10.64,-23.5,;9.74,-22.24,;10.23,-20.78,;9.21,-19.63,;11.74,-20.47,;12.23,-19.02,;13.83,-18.32,;14.86,-19.3,;16.28,-19.54,;16.9,-18.14,;15.85,-17.06,;14.42,-16.95,;14.4,-17.77,;13.77,-19.23,;14.84,-20.3,;8.26,-22.7,;8.25,-21.16,;6.93,-21.92,;5.58,-22.69,;5.58,-24.23,;4.25,-25.01,;4.24,-23.47,;2.92,-24.23,;1.59,-25.01,;1.59,-26.55,;.26,-27.32,;2.92,-27.31,;4.25,-26.55,)|","IC50"," 0.300000"
"252","affinities",NA,"50488092","CN1C[C@H]2[C@@H]3CC[C@H](C(=O)NC(C)(C)C)[C@@]3(C)CC[C@@H]2[C@@]2(C)CCC(=O)C(C)=C12 |r,t:29|","IC50"," 8.6"
"253","affinities",NA,"50488093","CC1=C2NC[C@H]3[C@@H]4CC[C@H](C(=O)NC(C)(C)C)[C@@]4(C)CC[C@@H]3[C@@]2(C)CCC1=O |r,c:1|","IC50"," 1.4"
"254","affinities",NA,"50488094","CN1C[C@H]2[C@@H]3CC[C@H](C(=O)NC(C)(C)C)[C@@]3(C)CC[C@@H]2[C@@]2(C)CCC(=O)C=C12 |r,t:28|","IC50"," 1.7"
"255","affinities",NA,"50488095","CCCC(=O)[C@H]1CC[C@H]2[C@@H]3CNC4=CC(=O)CC[C@]4(C)[C@H]3CC[C@]12C |r,t:12|","IC50"," 0.300000"
"256","affinities",NA,"50488096","CN1C[C@H]2[C@@H]3CC[C@H](C(=O)NC(c4ccccc4)c4ccccc4)[C@@]3(C)CC[C@@H]2[C@@]2(C)CCC(=O)C=C12 |r,t:39|","IC50"," 0.200000"
"257","affinities",NA,"50488097","CC(C)CC(=O)[C@H]1CC[C@H]2[C@@H]3CN(C)C4=CC(=O)CC[C@]4(C)[C@H]3CC[C@]12C |r,t:14|","IC50"," 0.100000"
"258","affinities",NA,"50488098","CC(C)(C)NC(=O)[C@H]1CC[C@H]2[C@@H]3CNC4=CC(=O)[C@@H]5C[C@@H]5[C@]4(C)[C@H]3CC[C@]12C |r,t:14|","IC50"," 4.4"
"259","affinities",NA,"50488099","CC(C)(C)NC(=O)[C@H]1CC[C@H]2[C@@H]3CNC4=CC(=O)CC[C@]4(C)[C@H]3CC[C@]12C |r,t:14|","IC50"," 0.880000"
"260","affinities",NA,"50488100","CCN(CC)C(=O)[C@H]1CC[C@H]2[C@@H]3CNC4=C(Br)C(=O)CC[C@]4(C)[C@H]3CC[C@]12C |r,c:14|","IC50"," 2.1"
"261","affinities",NA,"50488101","CCN(CC)C(=O)[C@H]1CC[C@H]2[C@@H]3CN(Cc4ccccc4)C4=CC(=O)CC[C@]4(C)[C@H]3CC[C@]12C |r,t:22|","IC50"," 40"
"262","affinities",NA,"50488102","CCN(CC)C(=O)[C@H]1CC[C@H]2[C@@H]3CNC4=CC(=O)C=C[C@]4(C)[C@H]3CC[C@]12C |r,c:18,t:14|","IC50"," 3.5"
"263","affinities",NA,"50488103","CC(C)(C)c1ccccc1NC(=O)[C@H]1CC[C@H]2[C@@H]3CNC4=CC(=O)CC[C@]4(C)[C@H]3CC[C@]12C |r,t:21|","IC50"," 0.200000"
"264","affinities",NA,"50488104","C[C@]12CC[C@H]3[C@@H](CNC4=CC(=O)CC[C@]34C)[C@@H]1CC[C@@H]2C(=O)N1CCNCC1 |r,t:8|","IC50"," 33"
"265","affinities",NA,"50488105","CCN(C)C(=O)[C@H]1CC[C@H]2[C@@H]3CNC4=CC(=O)CC[C@]4(C)[C@H]3CC[C@]12C |r,t:13|","IC50"," 2.8"
"266","affinities",NA,"50488106","COC(=O)[C@H]1CC[C@H]2[C@@H]3CNC4=CC(=O)CC[C@]4(C)[C@H]3CC[C@]12C |r,t:11|","IC50"," 3.2"
"267","affinities",NA,"50488107","CCN(CC)C(=O)[C@H]1CC[C@H]2[C@@H]3CNC4=CC(=O)[C@@H]5C[C@@H]5[C@]4(C)[C@H]3CC[C@]12C |r,t:14|","IC50"," 1.8"
"268","affinities",NA,"50488108","CCN(CC)C(=O)[C@H]1CC[C@H]2[C@@H]3CN(C)C4=CC(=O)C=C[C@]4(C)[C@H]3CC[C@]12C |r,c:19,t:15|","IC50"," 5.7"
"269","affinities",NA,"50488109","CCN(CC)C(=O)[C@H]1CC[C@H]2[C@@H]3CNC4=CC(=O)C(C)(C)C[C@]4(C)[C@H]3CC[C@]12C |r,t:14|","IC50"," 3.4"
"270","affinities",NA,"50488110","C[C@]12CC[C@H]3[C@@H](CNC4=CC(=O)CC[C@]34C)[C@@H]1CC[C@@H]2C(=O)NC(c1ccccc1)c1ccccc1 |r,t:8|","IC50"," 0.090000"
"271","affinities",NA,"50488111","CC(C)N(C(C)C)C(=O)[C@H]1CC[C@H]2[C@@H]3CNC4=CC(=O)CC[C@]4(C)[C@H]3CC[C@]12C |r,t:16|","IC50"," 0.360000"
"272","affinities",NA,"50488112","C[C@]12CC[C@H]3[C@@H](CNC4=CC(=O)CC[C@]34C)[C@@H]1CC[C@@H]2C(=O)NC(c1ccccc1)(c1ccccc1)c1ccccc1 |r,t:8|","IC50"," 0.090000"
"273","affinities",NA,"50488113","CC(C)CC(=O)[C@H]1CC[C@H]2[C@@H]3CNC4=C(Br)C(=O)CC[C@]4(C)[C@H]3CC[C@]12C |r,c:13|","IC50"," 0.400000"
"274","affinities",NA,"50488114","CN1C[C@H]2[C@@H]3CC[C@H](C(=O)NC4C5CC6CC(C5)CC4C6)[C@@]3(C)CC[C@@H]2[C@@]2(C)CCC(=O)C(Br)=C12 |r,wU:25.28,4.4,21.25,7.7,26.31,wD:3.2,t:38,TLB:10:11:17:13.14.15,20:19:17:13.14.15,THB:10:11:13.20.14:18.16.17,20:14:11.19.18:17,15:14:11:18.16.17,15:16:11:13.20.14,(13.71,-26.2,;13.71,-24.66,;15.04,-23.89,;15.04,-22.36,;16.37,-21.6,;17.84,-22.09,;18.77,-20.85,;17.87,-19.59,;18.36,-18.13,;17.34,-16.97,;19.87,-17.82,;20.35,-16.36,;21.96,-15.67,;22.99,-16.64,;24.4,-16.88,;25.02,-15.49,;23.97,-14.41,;22.55,-14.3,;22.53,-15.12,;21.9,-16.58,;22.96,-17.65,;16.39,-20.05,;16.38,-18.51,;15.06,-19.27,;13.71,-20.03,;13.71,-21.58,;12.38,-22.35,;12.37,-20.81,;11.05,-21.57,;9.72,-22.35,;9.72,-23.89,;8.39,-24.66,;11.05,-24.65,;11.05,-26.19,;12.38,-23.89,)|","IC50"," 1.7"
"275","affinities",NA,"50517880","[H][C@@]12CC[C@H](C(=O)NC(c3ccccc3)(C(F)(F)F)C(F)(F)F)[C@@]1(C)CC[C@@]1([H])[C@@]2([H])CC[C@@]2([H])NC(=O)C=C[C@]12C |r,c:41|","IC50"," 1.8"
"276","affinities",NA,"50517901","[H][C@@]12CC[C@H](C(=O)NC(C)(c3ccccc3)C(F)(F)F)[C@@]1(C)CC[C@@]1([H])[C@@]2([H])CC[C@@]2([H])NC(=O)C=C[C@]12C |r,c:38|","IC50"," 3.3"
