"",".id","X..i..","monomerid","smiles","affinity_type","affinity"
"1","hit","70",NA,NA,NA,NA
"2","length","781",NA,NA,NA,NA
"3","uniprot_length","NA",NA,NA,NA,NA
"4","primary","P35222",NA,NA,NA,NA
"5","alternative","A8K1L7",NA,NA,NA,NA
"6","alternative","Q8NEW9",NA,NA,NA,NA
"7","alternative","Q8NI94",NA,NA,NA,NA
"8","alternative","Q9H391",NA,NA,NA,NA
"9","affinities",NA,"396284","O=C(CCC(=O)c1ccc2OCCOc2c1)c1ccccc1","IC50"," 28.5"
"10","affinities",NA,"396286","O=C(CCC(=O)c1ccccn1)c1ccc2OCCOc2c1","IC50"," 13.0"
"11","affinities",NA,"396287","O=C(CCC(=O)c1ccc2OCCOc2c1)c1cccs1","IC50"," 38.5"
"12","affinities",NA,"396292","Oc1ccccc1C(=O)CCC(=O)c1ccc2OCCOc2c1","IC50"," 83.0"
"13","affinities",NA,"417391","FC(F)(F)c1ccccc1C(=O)CCC(=O)c1ccc2OCCOc2c1","EC50"," 5.00"
"14","affinities",NA,"417424","Fc1ccccc1C(=O)CCC(=O)c1ccc2OCCOc2c1","EC50"," 2.00"
"15","affinities",NA,"417514","Fc1cccc(c1)C(=O)CCC(=O)c1ccc2OCCOc2c1","EC50"," 13.0"
"16","affinities",NA,"417518","COc1ccccc1C(=O)CCC(=O)c1ccc2OCCOc2c1","EC50"," 5.00"
"17","affinities",NA,"417776","O=C(CCC(=O)c1ccc2OCCOc2c1)c1ccncc1","EC50"," 90.0"
"18","affinities",NA,"417830","FC(F)(F)c1ccccc1C(=O)CCC(=O)c1ccc2OCCSc2c1","EC50"," 7.00"
"19","affinities",NA,"417998","Fc1ccccc1C(=O)CCC(=O)c1ccc2OCCSc2c1","EC50"," 3.00"
"20","affinities",NA,"418005","Fc1ccc(cc1)C(=O)CCC(=O)c1ccc2OCCSc2c1","EC50"," 31.0"
"21","affinities",NA,"418061","O=C(CCC(=O)c1ccc2OCCSc2c1)c1ccccc1","EC50"," 9.00"
"22","affinities",NA,"418321","COc1ccccc1C(=O)CCC(=O)c1ccc2CCCOc2c1","EC50"," 25.0"
"23","affinities",NA,"418322","FC(F)(F)c1ccccc1C(=O)CCC(=O)c1ccc2OCCCc2c1","EC50"," 6.00"
"24","affinities",NA,"418324","Fc1ccccc1C(=O)CCC(=O)c1ccc2OCCCc2c1","EC50"," 2.50"
"25","affinities",NA,"418326","O=C(CCC(=O)c1ccc2OCCCc2c1)c1ccccc1","EC50"," 10.00"
"26","affinities",NA,"418330","FC(F)(F)c1ccccc1C(=O)CCC(=O)c1ccc2OCOc2c1","EC50"," 2.00"
"27","affinities",NA,"418331","Fc1ccccc1C(=O)CCC(=O)c1ccc2OCOc2c1","EC50"," 18.0"
"28","affinities",NA,"418332","Fc1cccc(c1)C(=O)CCC(=O)c1ccc2OCOc2c1","EC50"," 10.00"
"29","affinities",NA,"418333","COc1ccccc1C(=O)CCC(=O)c1ccc2OCOc2c1","EC50"," 11.0"
"30","affinities",NA,"418335","O=C(CCC(=O)c1ccc2OCOc2c1)c1ccccc1","EC50"," 3.00"
"31","affinities",NA,"418342","FC(F)(F)c1ccccc1C(=O)CCC(=O)c1ccc2[nH]ccc2c1","EC50"," 4.00"
"32","affinities",NA,"418343","Fc1ccccc1C(=O)CCC(=O)c1ccc2[nH]ccc2c1","EC50"," 1.000"
"33","affinities",NA,"418344","COc1ccccc1C(=O)CCC(=O)c1ccc2[nH]ccc2c1","EC50"," 17.0"
"34","affinities",NA,"418345","O=C(CCC(=O)c1ccccn1)c1ccc2[nH]ccc2c1","EC50"," 16.0"
"35","affinities",NA,"418346","O=C(CCC(=O)c1ccc2[nH]ccc2c1)c1ccccc1","EC50"," 42.0"
"36","affinities",NA,"418351","FC(F)(F)c1ccccc1C(=O)CCC(=O)c1ccc2occc2c1","EC50"," 9.00"
"37","affinities",NA,"418352","Fc1ccccc1C(=O)CCC(=O)c1ccc2occc2c1","EC50"," 18.0"
"38","affinities",NA,"418353","COc1ccccc1C(=O)CCC(=O)c1ccc2occc2c1","EC50"," 61.0"
"39","affinities",NA,"418354","O=C(CCC(=O)c1ccc2occc2c1)c1ccccc1","EC50"," 87.0"
"40","affinities",NA,"418359","O=C(CCC(=O)c1ccc2ocnc2c1)c1ccccc1","EC50"," 18.0"
"41","affinities",NA,"418360","FC(F)(F)c1ccccc1C(=O)CCC(=O)c1ccc2sccc2c1","EC50"," 39.0"
"42","affinities",NA,"418361","COc1ccccc1C(=O)CCC(=O)c1ccc2sccc2c1","EC50"," 55.0"
"43","affinities",NA,"418362","O=C(CCC(=O)c1ccccn1)c1ccc2sccc2c1","EC50"," 68.0"
"44","affinities",NA,"418363","O=C(CCC(=O)c1ccc2sccc2c1)c1ccccc1","EC50"," 44.0"
"45","affinities",NA,"418364","FC(F)(F)c1ccccc1C(=O)CCC(=O)c1c[nH]c2ccccc12","EC50"," 16.0"
"46","affinities",NA,"418369","O=C(CCC(=O)c1ccccc1)c1c[nH]c2ccccc12","EC50"," 63.0"
"47","affinities",NA,"418371","Fc1ccccc1C(=O)CCC(=O)c1n[nH]c2ccccc12","EC50"," 89.0"
"48","affinities",NA,"418374","O=C(CCC(=O)c1ccccc1)c1n[nH]c2ccccc12","EC50"," 64.0"
"49","affinities",NA,"418375","O=C(CCC(=O)c1ncccn1)c1ccc2OCCOc2c1","EC50"," 9.00"
"50","affinities",NA,"418377","O=C(CCC(=O)c1cccnn1)c1ccc2OCCOc2c1","EC50"," 95.0"
"51","affinities",NA,"418378","Cc1ccccc1C(=O)CCC(=O)c1ccc2OCCOc2c1","EC50"," 9.00"
"52","affinities",NA,"418382","O=C(CCC(=O)c1ccc2OCCOc2c1)c1ccco1","EC50"," 24.0"
"53","affinities",NA,"418383","Cc1ccccc1C(=O)CCC(=O)c1ccc2OCCCc2c1","EC50"," 14.0"
"54","affinities",NA,"418385","O=C(CCC(=O)c1ccc2OCCCc2c1)c1cccs1","EC50"," 13.0"
"55","affinities",NA,"418386","O=C(CCC(=O)c1ccc2OCCCc2c1)c1ccco1","EC50"," 33.0"
"56","affinities",NA,"418387","Cc1ccccc1C(=O)CCC(=O)c1ccc2OCOc2c1","EC50"," 16.0"
"57","affinities",NA,"418388","O=C(CCC(=O)c1ncccn1)c1ccc2OCOc2c1","EC50"," 97.0"
"58","affinities",NA,"418389","O=C(CCC(=O)c1ccc2OCOc2c1)c1cccs1","EC50"," 13.0"
"59","affinities",NA,"418390","O=C(CCC(=O)c1ccc2OCOc2c1)c1ccco1","EC50"," 71.0"
"60","affinities",NA,"418400","Cc1ccccc1C(=O)CCC(=O)c1ccc2[nH]ccc2c1","EC50"," 10.00"
"61","affinities",NA,"418402","O=C(CCC(=O)c1ccc2[nH]ccc2c1)c1cccs1","EC50"," 37.0"
"62","affinities",NA,"418403","Cc1ccccc1C(=O)CCC(=O)c1ccc2occc2c1","EC50"," 32.0"
"63","affinities",NA,"418408","Fc1ccccc1C(=O)CCC(=O)c1ccc2[nH]ncc2c1","EC50"," 8.00"
"64","affinities",NA,"418409","Fc1ccc(cc1)C(=O)CCC(=O)c1ccc2[nH]ncc2c1","EC50"," 48.0"
"65","affinities",NA,"418410","FC(F)(F)c1ccccc1C(=O)CCC(=O)c1ccc2[nH]ncc2c1","EC50"," 12.0"
"66","affinities",NA,"418412","O=C(CCC(=O)c1ccccn1)c1ccc2[nH]ncc2c1","EC50"," 36.0"
"67","affinities",NA,"418413","O=C(CCC(=O)c1ccc2[nH]ncc2c1)c1ccccc1","EC50"," 39.0"
"68","affinities",NA,"418416","O=C(CCC(=O)c1c[nH]c2ccccc12)c1cccs1","EC50"," 88.0"
"69","affinities",NA,"418419","Fc1ccccc1C(=O)CCC(=O)c1ccccn1","EC50"," 63.0"
"70","affinities",NA,"418424","Fc1ccccc1C(=O)CCC(=O)c1cccs1","EC50"," 26.0"
"71","affinities",NA,"418426","Cc1ccccc1C(=O)CCC(=O)c1cccs1","EC50"," 55.0"
"72","affinities",NA,"418428","Fc1cccnc1C(=O)CCC(=O)c1ccc2OCCOc2c1","EC50"," 1.96"
"73","affinities",NA,"418429","FC(F)(F)c1cccnc1C(=O)CCC(=O)c1ccc2OCCOc2c1","EC50"," 26.0"
"74","affinities",NA,"418431","O=C(CCC(=O)c1ncccn1)c1ccc2CCCCc2c1","EC50"," 22.0"
"75","affinities",NA,"418432","Clc1cccnc1C(=O)CCC(=O)c1ccc2OCCOc2c1","EC50"," 2.16"
"76","affinities",NA,"50436054","CC[C@H](C)[C@@H]1NC(=O)[C@](C)(CCC\C=C/CCC[C@](C)(NC(=O)[C@H](CC(O)=O)NC(=O)[C@H](CC(C)C)NC1=O)C(=O)N[C@@H](Cc1cnc[nH]1)C(=O)N[C@@H](C(C)C)C(=O)N[C@@H](CCCN=C(N)N)C(=O)N[C@@H](CCCN=C(N)N)C(=O)N[C@@H](C(C)C)C(=O)N[C@@H](Cc1c[nH]c2ccccc12)C(=O)N[C@@H](CCCN=C(N)N)C(N)=O)NC(=O)[C@H](CCCN=C(N)N)NC(=O)[C@@H]1CCCN1C(=O)[C@H](Cc1c[nH]c2ccccc12)NC(=O)[C@H](CCCN=C(N)N)NC(=O)[C@H](CCCN=C(N)N)NC(C)=O |r,wU:8.8,18.18,2.2,31.31,23.23,42.42,59.60,81.82,102.105,116.127,134.151,148.162,159.173,wD:4.3,18.39,52.53,70.71,88.89,8.116,127.130,c:13,(25.34,-10.98,;23.99,-10.24,;23.95,-8.7,;25.26,-7.9,;22.59,-7.97,;21.26,-8.77,;19.92,-8.05,;19.87,-6.51,;18.58,-8.85,;17.81,-10.16,;19.34,-10.17,;18.57,-11.5,;19.33,-12.83,;31.04,-10.48,;31.81,-9.15,;31.04,-7.82,;31.82,-6.49,;31.05,-5.16,;31.82,-3.84,;32.58,-5.16,;30.46,-3.12,;29.14,-3.92,;29.18,-5.46,;27.77,-3.19,;27.73,-1.65,;29.05,-.83,;30.42,-1.57,;29.01,.71,;26.48,-3.99,;25.11,-3.27,;25.08,-1.73,;23.81,-4.07,;22.47,-3.34,;22.42,-1.8,;21.04,-1.07,;23.72,-.98,;23.86,-5.61,;22.55,-6.43,;21.18,-5.69,;33.14,-3.04,;33.09,-1.5,;34.5,-3.76,;35.81,-2.96,;35.76,-1.42,;37.08,-.6,;37.2,.95,;38.69,1.3,;39.49,-.02,;38.5,-1.19,;37.16,-3.69,;37.22,-5.23,;38.47,-2.88,;39.83,-3.61,;39.87,-5.15,;38.56,-5.96,;41.24,-5.89,;41.14,-2.8,;41.09,-1.26,;42.49,-3.53,;43.81,-2.72,;43.76,-1.18,;45.09,-.37,;45.05,1.18,;46.35,2,;46.31,3.54,;44.96,4.26,;47.62,4.34,;45.18,-3.45,;45.23,-4.99,;46.5,-2.64,;47.84,-3.37,;47.89,-4.92,;49.25,-5.65,;49.29,-7.19,;50.65,-7.93,;50.7,-9.47,;52.06,-10.2,;49.38,-10.28,;49.15,-2.56,;49.12,-1.02,;50.52,-3.3,;51.83,-2.49,;51.79,-.94,;50.43,-.21,;53.11,-.14,;53.19,-3.22,;53.24,-4.76,;54.51,-2.41,;55.87,-3.14,;55.91,-4.69,;57.27,-5.42,;58.65,-4.74,;59.71,-5.87,;58.99,-7.22,;59.5,-8.68,;58.5,-9.85,;56.98,-9.57,;56.47,-8.12,;57.48,-6.94,;57.18,-2.34,;57.13,-.79,;58.52,-3.07,;59.84,-2.26,;59.8,-.72,;61.11,.1,;61.07,1.65,;62.38,2.45,;63.74,1.72,;65.06,2.53,;63.79,.18,;61.2,-2.99,;62.51,-2.18,;61.25,-4.53,;17.24,-8.1,;15.92,-8.88,;15.95,-10.42,;14.59,-8.13,;14.57,-6.6,;15.88,-5.81,;15.86,-4.28,;17.23,-3.46,;17.21,-1.86,;18.58,-1.05,;15.81,-1.09,;13.26,-8.92,;11.93,-8.17,;11.9,-6.64,;10.6,-8.95,;10.47,-10.49,;8.97,-10.83,;8.19,-9.51,;9.2,-8.35,;8.86,-6.86,;9.99,-5.81,;7.39,-6.4,;7.05,-4.91,;8.18,-3.86,;9.67,-4.16,;10.42,-2.83,;9.39,-1.71,;9.53,-.17,;8.27,.72,;6.87,.07,;6.74,-1.46,;7.99,-2.34,;6.26,-7.45,;4.8,-6.99,;4.46,-5.5,;3.67,-8.04,;2.21,-7.58,;1.86,-6.09,;.4,-5.63,;.06,-4.13,;-1.42,-3.68,;-1.77,-2.18,;-2.55,-4.73,;4.01,-9.53,;2.89,-10.57,;1.42,-10.12,;3.22,-12.07,;2.1,-13.11,;.63,-12.66,;-.49,-13.71,;-1.97,-13.25,;-3.09,-14.3,;-4.56,-13.84,;-2.75,-15.79,;4.69,-12.52,;5.03,-14.02,;6.5,-14.48,;3.91,-15.07,)|","Kd"," 53"
"77","affinities",NA,"50436055","CC[C@H](C)[C@@H]1NC(=O)[C@](C)(CCC\C=C/CCC[C@](C)(NC(=O)[C@H](CC(O)=O)NC(=O)[C@H](CC(C)C)NC1=O)C(=O)N[C@@H](Cc1cnc[nH]1)C(=O)N[C@@H](C(C)C)C(=O)N[C@@H](CCCN=C(N)N)C(=O)N[C@@H](CCCN=C(N)N)C(=O)N[C@@H](C(C)C)C(=O)N[C@@H](Cc1c[nH]c2ccccc12)C(=O)N[C@@H](CCCN=C(N)N)C(N)=O)NC(=O)[C@H](CCC(N)=O)NC(=O)[C@@H]1CCCN1C(=O)[C@H](Cc1c[nH]c2ccccc12)NC(=O)[C@H](CCCN=C(N)N)NC(=O)[C@H](CCCN=C(N)N)NC(C)=O |r,wU:8.8,18.18,2.2,31.31,23.23,42.42,59.60,81.82,102.105,116.125,132.149,146.160,157.171,wD:4.3,18.39,52.53,70.71,88.89,8.116,125.128,c:13,(20.12,-51.04,;18.77,-50.3,;18.73,-48.76,;20.04,-47.96,;17.37,-48.03,;16.05,-48.83,;14.7,-48.11,;14.65,-46.57,;13.36,-48.91,;12.59,-50.22,;14.13,-50.23,;13.35,-51.56,;14.12,-52.89,;25.82,-50.54,;26.59,-49.21,;25.83,-47.88,;26.6,-46.55,;25.84,-45.22,;26.6,-43.9,;27.36,-45.22,;25.24,-43.18,;23.93,-43.98,;23.96,-45.52,;22.55,-43.25,;22.51,-41.71,;23.83,-40.89,;25.2,-41.63,;23.79,-39.35,;21.26,-44.05,;19.9,-43.33,;19.86,-41.79,;18.59,-44.13,;17.25,-43.4,;17.2,-41.86,;15.82,-41.13,;18.5,-41.05,;18.64,-45.67,;17.33,-46.49,;15.96,-45.75,;27.92,-43.1,;27.88,-41.56,;29.28,-43.82,;30.59,-43.02,;30.55,-41.48,;31.86,-40.66,;31.98,-39.12,;33.47,-38.76,;34.28,-40.08,;33.28,-41.25,;31.94,-43.75,;32,-45.29,;33.25,-42.94,;34.61,-43.67,;34.65,-45.21,;33.34,-46.02,;36.02,-45.95,;35.92,-42.86,;35.87,-41.32,;37.28,-43.59,;38.59,-42.78,;38.54,-41.24,;39.88,-40.43,;39.83,-38.89,;41.13,-38.08,;41.1,-36.54,;39.74,-35.81,;42.4,-35.73,;39.96,-43.51,;40.01,-45.05,;41.28,-42.7,;42.62,-43.43,;42.67,-44.98,;44.03,-45.71,;44.07,-47.25,;45.43,-47.99,;45.48,-49.53,;46.84,-50.26,;44.16,-50.34,;43.94,-42.62,;43.9,-41.08,;45.3,-43.36,;46.61,-42.55,;46.57,-41,;45.21,-40.27,;47.89,-40.2,;47.97,-43.28,;48.02,-44.82,;49.29,-42.47,;50.65,-43.2,;50.69,-44.75,;52.05,-45.48,;53.43,-44.81,;54.5,-45.93,;53.77,-47.28,;54.28,-48.74,;53.28,-49.92,;51.77,-49.63,;51.25,-48.18,;52.26,-47,;51.96,-42.4,;51.91,-40.85,;53.3,-43.13,;54.62,-42.32,;54.58,-40.78,;55.89,-39.97,;55.85,-38.42,;57.16,-37.61,;58.52,-38.35,;59.84,-37.54,;58.57,-39.89,;55.98,-43.05,;57.29,-42.24,;56.03,-44.59,;12.02,-48.16,;10.71,-48.95,;10.73,-50.48,;9.37,-48.19,;9.35,-46.66,;10.66,-45.87,;10.64,-44.34,;9.3,-43.59,;11.96,-43.56,;8.05,-48.98,;6.71,-48.23,;6.69,-46.7,;5.38,-49.01,;5.25,-50.55,;3.76,-50.89,;2.97,-49.57,;3.98,-48.41,;3.64,-46.92,;4.77,-45.87,;2.18,-46.46,;1.83,-44.97,;2.96,-43.92,;4.45,-44.22,;5.2,-42.89,;4.17,-41.77,;4.31,-40.23,;3.05,-39.35,;1.65,-40,;1.52,-41.52,;2.77,-42.4,;1.04,-47.51,;-.42,-47.05,;-.77,-45.56,;-1.55,-48.1,;-3.02,-47.64,;-3.36,-46.15,;-4.83,-45.69,;-5.18,-44.19,;-6.64,-43.74,;-6.98,-42.24,;-7.76,-44.79,;-1.21,-49.59,;-2.35,-50.63,;-3.81,-50.18,;-2.01,-52.13,;-3.12,-53.17,;-4.59,-52.72,;-5.71,-53.77,;-7.19,-53.31,;-8.31,-54.36,;-9.78,-53.9,;-7.97,-55.85,;-.54,-52.58,;-.2,-54.08,;1.28,-54.54,;-1.32,-55.13,)|","Kd"," 13"
"78","affinities",NA,"50436056","CC[C@H](C)[C@@H]1NC(=O)[C@](C)(CCC\C=C/CCC[C@](C)(NC(=O)[C@H](CC(O)=O)NC(=O)[C@H](CC(C)C)NC1=O)C(=O)N[C@@H](Cc1cnc[nH]1)C(=O)N[C@@H](C(C)C)C(=O)N[C@@H](CCC(N)=O)C(=O)N[C@@H](CCCN=C(N)N)C(=O)N[C@@H](C(C)C)C(=O)N[C@@H](CCSC)C(=O)N[C@@H](CCCCN)C(O)=O)NC(=O)[C@H](CCC(O)=O)NC(=O)[C@@H]1CCCN1C(=O)[C@H](CC(N)=O)NC(=O)[C@H](CCC(O)=O)NC(=O)[C@@H](N)CCC(O)=O |r,wU:18.18,8.8,139.142,122.129,106.113,4.3,23.23,42.42,59.60,79.80,94.95,wD:130.138,115.116,8.104,2.2,31.31,18.19,52.53,68.69,86.87,c:13,(13.27,-42.64,;13.27,-44.18,;14.61,-44.95,;15.94,-44.18,;14.61,-46.49,;13.27,-47.26,;11.94,-46.49,;11.94,-44.95,;10.6,-47.26,;9.83,-48.58,;11.36,-48.59,;10.59,-49.92,;11.35,-51.25,;10.58,-52.59,;11.35,-53.92,;27.36,-51.25,;26.6,-49.92,;27.37,-48.59,;26.61,-47.26,;25.84,-48.58,;25.28,-46.49,;23.94,-47.26,;23.94,-48.8,;22.61,-46.49,;22.61,-44.95,;23.94,-44.18,;25.28,-44.95,;23.94,-42.64,;21.27,-47.26,;19.94,-46.49,;19.94,-44.95,;18.61,-47.26,;18.61,-48.8,;19.94,-49.57,;19.94,-51.11,;21.27,-48.8,;17.27,-46.49,;15.94,-47.26,;15.94,-48.8,;27.94,-46.49,;27.94,-44.95,;29.28,-47.26,;30.61,-46.49,;30.61,-44.95,;31.94,-44.18,;33.35,-44.81,;34.37,-43.67,;33.61,-42.34,;32.1,-42.66,;31.94,-47.26,;31.94,-48.8,;33.28,-46.49,;34.61,-47.26,;34.61,-48.8,;35.94,-49.57,;33.28,-49.57,;35.94,-46.49,;35.94,-44.95,;37.28,-47.26,;38.61,-46.49,;38.61,-44.95,;39.95,-44.18,;39.95,-42.64,;38.61,-41.87,;41.28,-41.87,;39.95,-47.26,;39.95,-48.8,;41.28,-46.49,;42.61,-47.26,;42.61,-48.8,;43.95,-49.57,;43.95,-51.11,;45.28,-51.88,;45.28,-53.42,;43.95,-54.19,;46.61,-54.19,;43.95,-46.49,;43.95,-44.95,;45.28,-47.26,;46.61,-46.49,;46.61,-44.95,;47.95,-44.18,;45.28,-44.18,;47.95,-47.26,;47.95,-48.8,;49.28,-46.49,;50.61,-47.26,;50.61,-48.8,;51.95,-49.57,;51.95,-51.11,;53.28,-51.88,;51.95,-46.49,;51.95,-44.95,;53.28,-47.26,;54.62,-46.49,;54.62,-44.95,;55.95,-44.18,;55.95,-42.64,;57.28,-41.87,;57.28,-40.33,;55.95,-47.26,;57.28,-46.49,;55.95,-48.8,;9.27,-46.49,;7.94,-47.26,;7.94,-48.8,;6.6,-46.49,;6.6,-44.95,;7.94,-44.18,;7.94,-42.64,;6.6,-41.87,;9.27,-41.87,;5.27,-47.26,;3.94,-46.49,;3.94,-44.95,;2.56,-47.19,;2.56,-48.74,;.9,-48.99,;.16,-47.49,;1.35,-46.3,;1.24,-44.77,;2.51,-43.9,;-.16,-44.1,;-.28,-42.56,;1.01,-41.7,;.89,-40.16,;2.39,-42.36,;-1.44,-44.97,;-2.82,-44.3,;-2.94,-42.76,;-4.1,-45.17,;-3.98,-46.7,;-2.58,-47.37,;-2.47,-48.91,;-3.74,-49.77,;-1.08,-49.57,;-5.48,-44.5,;-6.74,-45.37,;-6.64,-46.9,;-8.14,-44.7,;-9.4,-45.57,;-8.26,-43.16,;-6.98,-42.3,;-7.1,-40.76,;-8.48,-40.09,;-5.82,-39.89,)|","Kd"," 60"
